{"type": "FeatureCollection", "name": "TFD urbanism buildings Lom\u00e9 subsample", "features": [{"type": "Feature", "properties": {"building": "church", "name": "\u00c9glise Saint-Antoine de Padoue", "amenity": "place_of_worship"}, "geometry": {"type": "Polygon", "coordinates": [[[1.2159155, 6.1357542], [1.2159254, 6.1357401], [1.2159421, 6.135716], [1.2160125, 6.1356155], [1.2162199, 6.1357529], [1.2161011, 6.1359036], [1.2160937, 6.1360014], [1.2158775, 6.1360057], [1.215829, 6.135811], [1.2159155, 6.1357542]]]}}, {"type": "Feature", "properties": {"building": "church", "name": "Cath\u00e9drale du Sacr\u00e9 C\u0153ur", "amenity": "place_of_worship"}, "geometry": {"type": "Polygon", "coordinates": [[[1.2264628, 6.1247569], [1.2264756, 6.1247718], [1.2264785, 6.1247808], [1.2264745, 6.1248001], [1.2264943, 6.1248065], [1.2265097, 6.1248216], [1.2265045, 6.1248371], [1.2264926, 6.1248425], [1.2263985, 6.1251175], [1.226271, 6.1250733], [1.2263653, 6.1247981], [1.2263602, 6.124784], [1.2263664, 6.1247713], [1.2263829, 6.1247703], [1.2264086, 6.1247786], [1.2264111, 6.1247667], [1.2264211, 6.1247567], [1.2264348, 6.1247511], [1.2264628, 6.1247569]]]}}, {"type": "Feature", "properties": {"building": "yes", "name": "Bloc G\u00e9nie \u00e9lectrique"}, "geometry": {"type": "Polygon", "coordinates": [[[1.1604256, 6.1940121], [1.1608708, 6.1936032], [1.1609725, 6.1937222], [1.1605341, 6.1941244], [1.1604256, 6.1940121]]]}}, {"type": "Feature", "properties": {"building": "yes", "name": "Bloc B"}, "geometry": {"type": "Polygon", "coordinates": [[[1.162468, 6.1924834], [1.1628116, 6.1921712], [1.1629174, 6.1922863], [1.1625738, 6.1925985], [1.162468, 6.1924834]]]}}, {"type": "Feature", "properties": {"building": "yes", "name": "Bloc G\u00e9nie m\u00e9canique"}, "geometry": {"type": "Polygon", "coordinates": [[[1.1612346, 6.1932354], [1.1616798, 6.1928265], [1.1617815, 6.1929456], [1.1613431, 6.1933478], [1.1612346, 6.1932354]]]}}, {"type": "Feature", "properties": {"building": "yes", "name": "Bloc Chaudronnerie"}, "geometry": {"type": "Polygon", "coordinates": [[[1.1610232, 6.1938421], [1.1614684, 6.1934331], [1.1615701, 6.1935522], [1.1611317, 6.1939544], [1.1610232, 6.1938421]]]}}, {"type": "Feature", "properties": {"building": "yes", "name": "Bloc administratif (Chef des Travaux)"}, "geometry": {"type": "Polygon", "coordinates": [[[1.1619263, 6.1925772], [1.1622699, 6.192265], [1.1623757, 6.1923801], [1.1620321, 6.1926923], [1.1619263, 6.1925772]]]}}, {"type": "Feature", "properties": {"building": "yes", "name": "Bloc A"}, "geometry": {"type": "Polygon", "coordinates": [[[1.1626162, 6.1919362], [1.1629598, 6.1916241], [1.1630656, 6.1917391], [1.162722, 6.1920513], [1.1626162, 6.1919362]]]}}, {"type": "Feature", "properties": {"building": "yes", "name": "amphi th\u00e9\u00e2tre"}, "geometry": {"type": "Polygon", "coordinates": [[[1.162101, 6.1912728], [1.1624414, 6.1909635], [1.162542, 6.1910729], [1.1622017, 6.1913822], [1.162101, 6.1912728]]]}}, {"type": "Feature", "properties": {"building": "hotel", "name": "H\u00f4tel Sarakawa"}, "geometry": {"type": "Polygon", "coordinates": [[[1.2648179, 6.1368019], [1.2649162, 6.1366605], [1.2649341, 6.1366699], [1.2649479, 6.1366475], [1.2649573, 6.1366435], [1.2649724, 6.1366321], [1.265079, 6.1367069], [1.2651895, 6.1367746], [1.265295, 6.1368368], [1.2654352, 6.1369122], [1.2654564, 6.1368725], [1.2656375, 6.1369495], [1.2656995, 6.1369719], [1.2657576, 6.1369929], [1.2658226, 6.1370146], [1.2659473, 6.1370524], [1.2659408, 6.1370967], [1.2659703, 6.1371056], [1.2660735, 6.1371287], [1.2661887, 6.1371543], [1.2663088, 6.137172], [1.266412, 6.1371797], [1.2664075, 6.1371959], [1.2664045, 6.1372138], [1.2663909, 6.1373958], [1.2662487, 6.1373883], [1.2661096, 6.1373645], [1.2659718, 6.1373322], [1.2658354, 6.1372979], [1.2658305, 6.1373119], [1.2656185, 6.1372467], [1.2656246, 6.1372291], [1.265526, 6.1371977], [1.2654083, 6.1371482], [1.2652883, 6.1370882], [1.2652839, 6.1370975], [1.2652236, 6.1370629], [1.2652274, 6.1370559], [1.265152, 6.137017], [1.2649873, 6.1369183], [1.2648179, 6.1368019]]]}}, {"type": "Feature", "properties": {"building": "public", "name": "Parlement"}, "geometry": {"type": "Polygon", "coordinates": [[[1.2181016, 6.1305908], [1.2180782, 6.1306614], [1.2180346, 6.1307924], [1.2179596, 6.1307706], [1.2178546, 6.1307487], [1.2177656, 6.1307328], [1.2176766, 6.1307318], [1.2175557, 6.1307467], [1.2174537, 6.1307693], [1.2173737, 6.1307974], [1.2172847, 6.1308421], [1.2172127, 6.1308839], [1.2171407, 6.1309416], [1.2170838, 6.1309982], [1.2170013, 6.1309224], [1.2170484, 6.1308731], [1.2170857, 6.1308279], [1.2171283, 6.1307636], [1.21717, 6.1307013], [1.2172129, 6.1306211], [1.2172375, 6.1305556], [1.2172726, 6.1304806], [1.2172945, 6.1303992], [1.2173152, 6.1303408], [1.2173348, 6.1302505], [1.2173457, 6.1301695], [1.2173484, 6.1300559], [1.2173454, 6.1299517], [1.2173297, 6.1298557], [1.2174664, 6.1298436], [1.2174824, 6.1299236], [1.2174977, 6.1299836], [1.2175185, 6.1300555], [1.2175437, 6.1301142], [1.21757, 6.1301685], [1.2176038, 6.1302194], [1.2176304, 6.1302612], [1.2176662, 6.1303086], [1.217706, 6.1303539], [1.2177455, 6.1303922], [1.2177917, 6.1304279], [1.2178374, 6.1304595], [1.2179278, 6.1305138], [1.2179948, 6.1305451], [1.2181016, 6.1305908]]]}}, {"type": "Feature", "properties": {"building": "convent", "name": "Curie des franciscains"}, "geometry": {"type": "Polygon", "coordinates": [[[1.2163955, 6.135904], [1.2166015, 6.1360486], [1.216546, 6.1361267], [1.2163401, 6.1359821], [1.2163955, 6.135904]]]}}, {"type": "Feature", "properties": {"building": "yes", "name": "Mairie de Lom\u00e9"}, "geometry": {"type": "Polygon", "coordinates": [[[1.2151582, 6.1309198], [1.215246, 6.130973], [1.2152596, 6.1309508], [1.2154971, 6.1310948], [1.2154802, 6.1311225], [1.2155722, 6.1311783], [1.2155174, 6.1312678], [1.2151, 6.1310148], [1.2151582, 6.1309198]]]}}, {"type": "Feature", "properties": {"building": "yes", "name": "Palais de Justice", "amenity": "public_building"}, "geometry": {"type": "Polygon", "coordinates": [[[1.2194891, 6.1221147], [1.2195927, 6.1221494], [1.2194703, 6.1224731], [1.2196977, 6.1223715], [1.2198053, 6.1225908], [1.2195631, 6.1226979], [1.2198187, 6.1227835], [1.2197891, 6.1228717], [1.2194421, 6.1227607], [1.2194004, 6.1227794], [1.2193667, 6.1227112], [1.219325, 6.1227286], [1.2192779, 6.122639], [1.2193196, 6.1226149], [1.2192914, 6.1225628], [1.2193546, 6.1225253], [1.2194891, 6.1221147]]]}}, {"type": "Feature", "properties": {"building": "yes", "name": "SUN Petrol Station", "amenity": "fuel"}, "geometry": {"type": "Polygon", "coordinates": [[[1.2667785, 6.1385049], [1.2668486, 6.1385304], [1.2668046, 6.1386499], [1.2667345, 6.1386244], [1.2667785, 6.1385049]]]}}, {"type": "Feature", "properties": {"building": "yes", "name": "Immeuble Festival des Glaces"}, "geometry": {"type": "Polygon", "coordinates": [[[1.2377216, 6.129526], [1.2375933, 6.1294752], [1.2376967, 6.1291842], [1.2378327, 6.1292359], [1.2377216, 6.129526]]]}}, {"type": "Feature", "properties": {"building": "yes", "name": "Minist\u00e8re de la S\u00e9curit\u00e9 et de la Protection Civile"}, "geometry": {"type": "Polygon", "coordinates": [[[1.2430437, 6.1308952], [1.2429862, 6.1308758], [1.2430236, 6.1307658], [1.2429885, 6.130754], [1.2430058, 6.1307031], [1.2429887, 6.1306973], [1.2430111, 6.1306314], [1.2429933, 6.1306254], [1.2430175, 6.130554], [1.243042, 6.1305622], [1.2430602, 6.1305087], [1.2431164, 6.1305277], [1.2431468, 6.1304384], [1.2424884, 6.130217], [1.2424993, 6.1301851], [1.242536, 6.1301974], [1.2425779, 6.130074], [1.2425616, 6.1300685], [1.2425734, 6.1300337], [1.2425342, 6.1300205], [1.2425552, 6.1299588], [1.2426004, 6.129974], [1.2426089, 6.1299492], [1.2426655, 6.1299683], [1.2426564, 6.1299949], [1.2426999, 6.1300096], [1.2426783, 6.130073], [1.2426317, 6.1300573], [1.2425769, 6.1302183], [1.2428554, 6.1303119], [1.2428994, 6.1301824], [1.2428822, 6.1301767], [1.2428923, 6.1301469], [1.2428488, 6.1301323], [1.2428701, 6.1300698], [1.2429117, 6.1300838], [1.2429215, 6.1300549], [1.2429857, 6.1300765], [1.242974, 6.1301108], [1.2430177, 6.1301255], [1.2429987, 6.1301814], [1.2429519, 6.1301656], [1.2428973, 6.1303261], [1.2434421, 6.1305093], [1.2434867, 6.1303784], [1.2434721, 6.1303734], [1.2434812, 6.1303468], [1.2434364, 6.1303317], [1.2434575, 6.1302696], [1.243493, 6.1302815], [1.2435049, 6.1302467], [1.2435783, 6.1302714], [1.243568, 6.1303017], [1.2436061, 6.1303145], [1.243583, 6.1303824], [1.2435323, 6.1303654], [1.2434795, 6.1305207], [1.2437571, 6.1306141], [1.243799, 6.130491], [1.2437787, 6.1304842], [1.2437896, 6.1304519], [1.2437445, 6.1304367], [1.2437662, 6.1303729], [1.2438139, 6.130389], [1.2438247, 6.1303574], [1.243886, 6.130378], [1.2438756, 6.1304083], [1.2439147, 6.1304215], [1.2438927, 6.1304863], [1.2438542, 6.1304734], [1.2438018, 6.1306274], [1.2438352, 6.1306387], [1.2438263, 6.1306649], [1.2431973, 6.1304534], [1.2431662, 6.1305447], [1.2431977, 6.1305553], [1.2431758, 6.1306197], [1.2432017, 6.1306284], [1.2431812, 6.1306887], [1.2431639, 6.1306829], [1.2431405, 6.1307519], [1.2431243, 6.1307465], [1.2431067, 6.1307984], [1.2430797, 6.1307893], [1.2430437, 6.1308952]]]}}, {"type": "Feature", "properties": {"building": "yes", "name": "Direction des Postes et de la T\u00e9l\u00e9com"}, "geometry": {"type": "Polygon", "coordinates": [[[1.2117325, 6.1289535], [1.2119081, 6.1286591], [1.2120676, 6.1287531], [1.2119813, 6.1288978], [1.2124807, 6.1291922], [1.2123939, 6.1293377], [1.212131, 6.1291828], [1.2120986, 6.1292371], [1.2120661, 6.129218], [1.2119765, 6.1291652], [1.2120064, 6.129115], [1.2117325, 6.1289535]]]}}, {"type": "Feature", "properties": {"building": "yes", "name": "Immeuble Tabac"}, "geometry": {"type": "Polygon", "coordinates": [[[1.222613, 6.1232445], [1.2225705, 6.1233621], [1.222641, 6.1233872], [1.2225409, 6.1236644], [1.2225175, 6.123656], [1.2224711, 6.1236395], [1.2223946, 6.1238512], [1.2220578, 6.1237309], [1.2222143, 6.1232977], [1.2222769, 6.1231244], [1.222613, 6.1232445]]]}}, {"type": "Feature", "properties": {"building": "church", "name": "Eglise des Saints Martyrs de l'Uganda", "amenity": "place_of_worship"}, "geometry": {"type": "Polygon", "coordinates": [[[1.2106041, 6.1486944], [1.2108267, 6.148719], [1.2107874, 6.1490097], [1.210834, 6.1491218], [1.2107671, 6.1491572], [1.2107067, 6.1491681], [1.2106601, 6.1491652], [1.2106056, 6.1491493], [1.2105409, 6.1491218], [1.2104965, 6.1490849], [1.2105801, 6.1489743], [1.2106041, 6.1486944]]]}}, {"type": "Feature", "properties": {"building": "yes", "name": "Temple Baptiste", "amenity": "place_of_worship"}, "geometry": {"type": "Polygon", "coordinates": [[[1.2159945, 6.1341336], [1.2161096, 6.1342119], [1.2159778, 6.1344032], [1.2158627, 6.1343248], [1.2159945, 6.1341336]]]}}, {"type": "Feature", "properties": {"building": "church", "name": "\u00c9glise Saint-Kisito Tokoin Doumassesse"}, "geometry": {"type": "Polygon", "coordinates": [[[1.2194803, 6.1610355], [1.2194864, 6.1609822], [1.2194731, 6.1608914], [1.219518, 6.1608608], [1.2195502, 6.1608685], [1.2195591, 6.1608539], [1.2195791, 6.1608561], [1.2195903, 6.1608324], [1.2196118, 6.1608372], [1.2196173, 6.1608184], [1.2196414, 6.1608224], [1.2196512, 6.160808], [1.2196961, 6.1607857], [1.2197327, 6.1607856], [1.2198066, 6.160814], [1.2198063, 6.1608594], [1.2198017, 6.1608768], [1.2197907, 6.1609536], [1.2197828, 6.1610079], [1.2197721, 6.161055], [1.2197598, 6.1610959], [1.2197473, 6.1611293], [1.2197205, 6.161168], [1.219689, 6.16116], [1.2196474, 6.1611983], [1.2196234, 6.161204], [1.2195971, 6.1611984], [1.2195445, 6.1611918], [1.2194499, 6.1611756], [1.2194697, 6.1610682], [1.2194526, 6.1610582], [1.2194419, 6.1610382], [1.2194803, 6.1610355]]]}}, {"type": "Feature", "properties": {"building": "yes", "name": "Ambassade du Niger"}, "geometry": {"type": "Polygon", "coordinates": [[[1.2081552, 6.1421599], [1.2081661, 6.1420725], [1.2083564, 6.142096], [1.2083455, 6.1421834], [1.2081552, 6.1421599]]]}}, {"type": "Feature", "properties": {"building": "yes", "name": "H\u00f4tel AHODIKPE"}, "geometry": {"type": "Polygon", "coordinates": [[[1.2093935, 6.1252016], [1.2092621, 6.1251456], [1.2093476, 6.1249472], [1.209479, 6.1250032], [1.2093935, 6.1252016]]]}}, {"type": "Feature", "properties": {"building": "public", "name": "Cit\u00e9 A"}, "geometry": {"type": "Polygon", "coordinates": [[[1.2165713, 6.168766], [1.21666, 6.1686381], [1.2166531, 6.1686323], [1.2167323, 6.1685115], [1.2168447, 6.1685157], [1.2168449, 6.1685676], [1.2169153, 6.16857], [1.2169158, 6.1685637], [1.2169487, 6.1685647], [1.2169879, 6.1684964], [1.2169995, 6.168503], [1.2170707, 6.168379], [1.2171762, 6.1684437], [1.2170676, 6.1686285], [1.2171445, 6.1687822], [1.2172323, 6.1687831], [1.2172323, 6.1687793], [1.2172814, 6.1687798], [1.2173293, 6.1687079], [1.2173329, 6.1687102], [1.2173995, 6.1686087], [1.2175054, 6.1686759], [1.2174372, 6.168774], [1.2174489, 6.1687837], [1.2174166, 6.168832], [1.2174994, 6.1689909], [1.2173787, 6.1690562], [1.2172948, 6.1689064], [1.2170494, 6.168895], [1.2169401, 6.1686943], [1.21682, 6.1686943], [1.21682, 6.1687054], [1.2167888, 6.1687054], [1.2166751, 6.1688579], [1.2165639, 6.1687758], [1.2165713, 6.168766]]]}}, {"type": "Feature", "properties": {"building": "retail", "name": "Restaurant Universitaire"}, "geometry": {"type": "Polygon", "coordinates": [[[1.2154073, 6.1702846], [1.2152216, 6.1699373], [1.2146523, 6.1699089], [1.2146677, 6.1696033], [1.2152401, 6.1696359], [1.215271, 6.169591], [1.2152951, 6.1696073], [1.2154582, 6.1693582], [1.2156595, 6.16949], [1.2154994, 6.1697554], [1.2155146, 6.1697705], [1.2154907, 6.1698012], [1.2156757, 6.1701672], [1.2154073, 6.1702846]]]}}, {"type": "Feature", "properties": {"building": "couvent", "name": "Noviciat des Franciscains"}, "geometry": {"type": "Polygon", "coordinates": [[[1.1753544, 6.1832644], [1.1756007, 6.183075], [1.1756524, 6.1831415], [1.1754645, 6.183286], [1.175643, 6.1835155], [1.1758355, 6.1833675], [1.1757994, 6.1833209], [1.1758535, 6.1832793], [1.1759401, 6.1833906], [1.1756351, 6.1836251], [1.1753544, 6.1832644]]]}}, {"type": "Feature", "properties": {"building": "temple", "name": "\u00c9glise \u00e9vang\u00e9lique presbyt\u00e9rienne du Togo", "amenity": "place_of_worship"}, "geometry": {"type": "Polygon", "coordinates": [[[1.1752677, 6.1946932], [1.1752461, 6.1946771], [1.1752588, 6.1946471], [1.1752769, 6.1946031], [1.1753091, 6.1945565], [1.1753554, 6.1944905], [1.1753909, 6.1944585], [1.1754204, 6.1944211], [1.1754419, 6.1944185], [1.175611, 6.1945135], [1.1756095, 6.1945345], [1.175637, 6.1945598], [1.1756015, 6.1946011], [1.1755975, 6.1946225], [1.1755934, 6.1946778], [1.1755753, 6.1947178], [1.1755532, 6.1947585], [1.175508, 6.1948007], [1.1754945, 6.1947945], [1.1754779, 6.1948196], [1.1754435, 6.1948549], [1.1754136, 6.1948657], [1.1753716, 6.1948557], [1.1753449, 6.1948618], [1.1753175, 6.1948602], [1.1752917, 6.1948511], [1.1752683, 6.194834], [1.175251, 6.1948108], [1.1752414, 6.1947836], [1.1752404, 6.1947547], [1.1752481, 6.1947268], [1.1752677, 6.1946932]]]}}, {"type": "Feature", "properties": {"building": "yes", "name": "Chapelle du Petit Seminaire", "amenity": "place_of_worship"}, "geometry": {"type": "Polygon", "coordinates": [[[1.2029988, 6.2251274], [1.2029687, 6.2250954], [1.2029404, 6.225048], [1.2029288, 6.2249835], [1.202926, 6.224924], [1.2029252, 6.2248699], [1.202946, 6.224823], [1.2030108, 6.2247894], [1.2030074, 6.2247765], [1.2030527, 6.2247669], [1.2030549, 6.2247787], [1.2031053, 6.224777], [1.2031336, 6.224808], [1.2031635, 6.2248501], [1.2031856, 6.2249007], [1.2031924, 6.224962], [1.2031924, 6.2250317], [1.2031794, 6.2250857], [1.2031234, 6.2250891], [1.2031211, 6.2251071], [1.2030623, 6.2251234], [1.2030549, 6.2251065], [1.2029988, 6.2251274]]]}}, {"type": "Feature", "properties": {"building": "yes", "name": "Amphis C et D Flesh"}, "geometry": {"type": "Polygon", "coordinates": [[[1.2142002, 6.1726494], [1.2146693, 6.1726704], [1.2146589, 6.1727886], [1.2141912, 6.1727651], [1.2142002, 6.1726494]]]}}, {"type": "Feature", "properties": {"building": "temple", "name": "\u00c9glise des Assembl\u00e9es Chr\u00e9tiennes", "amenity": "place_of_worship"}, "geometry": {"type": "Polygon", "coordinates": [[[1.1749558, 6.1830896], [1.1750575, 6.1832187], [1.1748, 6.1834192], [1.1746983, 6.1832901], [1.1749558, 6.1830896]]]}}, {"type": "Feature", "properties": {"building": "yes", "name": "Amphis A et B Flesh"}, "geometry": {"type": "Polygon", "coordinates": [[[1.2137353, 6.1718047], [1.2142044, 6.1718258], [1.214194, 6.1719439], [1.2137263, 6.1719205], [1.2137353, 6.1718047]]]}}, {"type": "Feature", "properties": {"building": "chapel", "name": "Chapelle Saint-Fran\u00e7ois", "amenity": "place_of_worship"}, "geometry": {"type": "Polygon", "coordinates": [[[1.1759118, 6.1829892], [1.1759828, 6.1829355], [1.1760494, 6.1828851], [1.1760972, 6.1829475], [1.1761481, 6.1830139], [1.1760105, 6.183118], [1.1759118, 6.1829892]]]}}, {"type": "Feature", "properties": {"building": "yes", "name": "grande salle"}, "geometry": {"type": "Polygon", "coordinates": [[[1.1760234, 6.1827992], [1.1762711, 6.1826054], [1.1763414, 6.1826941], [1.176241, 6.1827726], [1.1760937, 6.1828879], [1.1760234, 6.1827992]]]}}, {"type": "Feature", "properties": {"building": "mosque", "name": "Mosqu\u00e9e Campus UL", "amenity": "place_of_worship"}, "geometry": {"type": "Polygon", "coordinates": [[[1.2115464, 6.1717209], [1.2115473, 6.1717081], [1.211645, 6.1717153], [1.2116441, 6.1717278], [1.2116574, 6.1717288], [1.2116552, 6.1717589], [1.2116703, 6.17176], [1.2116668, 6.1718072], [1.2116519, 6.1718061], [1.2116496, 6.1718366], [1.2116371, 6.1718357], [1.2116359, 6.1718515], [1.2115867, 6.1718478], [1.2115382, 6.1718443], [1.2115394, 6.1718289], [1.211495, 6.1718256], [1.2114975, 6.1717916], [1.2114861, 6.1717908], [1.2114896, 6.1717436], [1.2115008, 6.1717444], [1.2115028, 6.1717177], [1.2115464, 6.1717209]]]}}, {"type": "Feature", "properties": {"building": "government", "name": "Departement de G\u00e9ographie, Histoire, Anglais"}, "geometry": {"type": "Polygon", "coordinates": [[[1.2157224, 6.1710055], [1.2157374, 6.1706821], [1.2159446, 6.1706947], [1.2159376, 6.1708365], [1.2159288, 6.1710133], [1.215892, 6.1710117], [1.2157619, 6.1710059], [1.2157224, 6.1710055]]]}}, {"type": "Feature", "properties": {"building": "yes", "name": "\u00c9cole Nationale pour la Formation Sociale"}, "geometry": {"type": "Polygon", "coordinates": [[[1.2127281, 6.1711466], [1.2127344, 6.1710453], [1.2129893, 6.1710608], [1.212995, 6.1709679], [1.2127365, 6.1709522], [1.2127431, 6.1708442], [1.2131989, 6.170872], [1.2131923, 6.1709788], [1.2130369, 6.1709693], [1.2130311, 6.1710633], [1.2130567, 6.1710649], [1.2130504, 6.1711662], [1.2129981, 6.171163], [1.2130023, 6.1710943], [1.2130291, 6.1710959], [1.21303, 6.1710819], [1.2129832, 6.171079], [1.2129781, 6.1711618], [1.2127281, 6.1711466]]]}}, {"type": "Feature", "properties": {"building": "yes", "name": "Espace num\u00e9rique"}, "geometry": {"type": "Polygon", "coordinates": [[[1.1620209, 6.1918653], [1.1620556, 6.1918321], [1.1619905, 6.1917634], [1.1621488, 6.1916151], [1.1622124, 6.1916822], [1.162248, 6.1916481], [1.1623273, 6.1917301], [1.1622908, 6.191765], [1.1623616, 6.1918398], [1.1622033, 6.191988], [1.1621341, 6.191915], [1.1621003, 6.1919473], [1.1620209, 6.1918653]]]}}, {"type": "Feature", "properties": {"building": "yes", "name": "La Concorde"}, "geometry": {"type": "Polygon", "coordinates": [[[1.2023816, 6.1662777], [1.2023562, 6.1660585], [1.2026394, 6.1660555], [1.2026142, 6.1662512], [1.2023816, 6.1662777]]]}}, {"type": "Feature", "properties": {"building": "yes", "name": "Fusion"}, "geometry": {"type": "Polygon", "coordinates": [[[1.1984232, 6.1744741], [1.1983034, 6.1744891], [1.1982952, 6.1744239], [1.198415, 6.174409], [1.1984232, 6.1744741]]]}}, {"type": "Feature", "properties": {"building": "yes", "name": "Mawubedzro", "amenity": "clinic"}, "geometry": {"type": "Polygon", "coordinates": [[[1.2008776, 6.1731963], [1.2009012, 6.1731256], [1.200969, 6.1731481], [1.2009454, 6.1732188], [1.2008776, 6.1731963]]]}}, {"type": "Feature", "properties": {"building": "yes", "name": "College Kouvahey"}, "geometry": {"type": "Polygon", "coordinates": [[[1.1911405, 6.1766316], [1.1916055, 6.1763405], [1.1916615, 6.1764289], [1.1911965, 6.17672], [1.1911405, 6.1766316]]]}}, {"type": "Feature", "properties": {"building": "yes", "name": "ISSEK - Kouvahey"}, "geometry": {"type": "Polygon", "coordinates": [[[1.1907098, 6.1766902], [1.1907413, 6.1766771], [1.1907284, 6.1766576], [1.1907241, 6.1766388], [1.1907274, 6.1766198], [1.1907378, 6.1766035], [1.1907536, 6.1765924], [1.1907725, 6.1765882], [1.1907916, 6.1765915], [1.190808, 6.1766018], [1.1908192, 6.1766175], [1.1908234, 6.1766363], [1.1908201, 6.1766553], [1.1908098, 6.1766716], [1.1908028, 6.1766787], [1.1909068, 6.17702], [1.1908213, 6.1770477], [1.1907127, 6.1766996], [1.1907098, 6.1766902]]]}}, {"type": "Feature", "properties": {"building": "yes", "name": "Batiment ESA"}, "geometry": {"type": "Polygon", "coordinates": [[[1.2126147, 6.1758126], [1.2126161, 6.1757886], [1.2125514, 6.1757851], [1.2125547, 6.1757241], [1.2126145, 6.1757274], [1.2126177, 6.1756684], [1.2131203, 6.1756958], [1.2131167, 6.1757612], [1.2131705, 6.1757641], [1.2131674, 6.1758204], [1.213112, 6.1758174], [1.2131106, 6.1758436], [1.212868, 6.1758303], [1.2128698, 6.1757987], [1.2128602, 6.1757981], [1.2128592, 6.1758167], [1.2128525, 6.1758164], [1.212852, 6.1758255], [1.2128224, 6.1758239], [1.2126147, 6.1758126]]]}}, {"type": "Feature", "properties": {"building": "yes", "name": "Grand Amphi FDS"}, "geometry": {"type": "Polygon", "coordinates": [[[1.2136964, 6.1750996], [1.214047, 6.1751202], [1.2140344, 6.1753327], [1.2139521, 6.1753279], [1.2137628, 6.1753167], [1.2136837, 6.1753121], [1.2136964, 6.1750996]]]}}, {"type": "Feature", "properties": {"building": "yes", "name": "GG BAR", "amenity": "bar"}, "geometry": {"type": "Polygon", "coordinates": [[[1.1998764, 6.1772416], [1.1998937, 6.1773175], [1.1996876, 6.177364], [1.1996703, 6.1772881], [1.1998764, 6.1772416]]]}}, {"type": "Feature", "properties": {"building": "yes", "name": "H\u00f4tel Le Guide"}, "geometry": {"type": "Polygon", "coordinates": [[[1.2021461, 6.1821513], [1.2021129, 6.181822], [1.2023347, 6.1818], [1.2023678, 6.1821293], [1.2021461, 6.1821513]]]}}, {"type": "Feature", "properties": {"building": "yes", "name": "Si\u00e8ge de UNIR"}, "geometry": {"type": "Polygon", "coordinates": [[[1.2039798, 6.1829736], [1.2039834, 6.1827843], [1.2043782, 6.1828387], [1.2043616, 6.1830151], [1.2039798, 6.1829736]]]}}, {"type": "Feature", "properties": {"building": "yes", "name": "Vitraco"}, "geometry": {"type": "Polygon", "coordinates": [[[1.2002247, 6.1694914], [1.2002036, 6.1692998], [1.2003283, 6.1692155], [1.2003834, 6.1694675], [1.2002247, 6.1694914]]]}}, {"type": "Feature", "properties": {"building": "yes", "name": "caisse de retraite du Togo", "amenity": "bureau_de_change"}, "geometry": {"type": "Polygon", "coordinates": [[[1.2041082, 6.1732341], [1.2040683, 6.1730705], [1.2042549, 6.1730255], [1.2042948, 6.1731892], [1.2041082, 6.1732341]]]}}, {"type": "Feature", "properties": {"building": "yes", "name": "ablordeppey"}, "geometry": {"type": "Polygon", "coordinates": [[[1.2001273, 6.1843265], [1.2001114, 6.1842326], [1.200362, 6.1841906], [1.2003779, 6.1842845], [1.2001273, 6.1843265]]]}}, {"type": "Feature", "properties": {"building": "yes", "name": "Eglise de Pentec\u00f4te du Togo Paroisse Aflao-Gakli", "amenity": "place_of_worship"}, "geometry": {"type": "Polygon", "coordinates": [[[1.1995101, 6.1775885], [1.1994538, 6.1773826], [1.1994836, 6.1773746], [1.1994753, 6.1773444], [1.1995816, 6.1773157], [1.1996461, 6.1775517], [1.1995101, 6.1775885]]]}}, {"type": "Feature", "properties": {"building": "yes", "name": "Direction G\u00e9n\u00e9ral de Togo T\u00e9l\u00e9com"}, "geometry": {"type": "Polygon", "coordinates": [[[1.2109162, 6.1941209], [1.2109285, 6.1935571], [1.2110604, 6.19356], [1.211044, 6.1941236], [1.2109162, 6.1941209]]]}}, {"type": "Feature", "properties": {"building": "school", "name": "Amphi 600"}, "geometry": {"type": "Polygon", "coordinates": [[[1.2133951, 6.1736956], [1.2131696, 6.1735512], [1.2132413, 6.1734352], [1.2132489, 6.1734437], [1.2132652, 6.1734152], [1.2132901, 6.1734171], [1.2132869, 6.1733997], [1.2134257, 6.1733656], [1.2134976, 6.1736162], [1.2134465, 6.1736283], [1.2133951, 6.1736956]]]}}, {"type": "Feature", "properties": {"building": "school", "name": "Amphi 20 ans"}, "geometry": {"type": "Polygon", "coordinates": [[[1.2130999, 6.1740046], [1.2130741, 6.1738762], [1.2131152, 6.1737431], [1.2132883, 6.1738002], [1.2132768, 6.1738372], [1.2133103, 6.1738496], [1.2132941, 6.1738924], [1.2133017, 6.1739421], [1.2132807, 6.1739437], [1.2132817, 6.17397], [1.2130999, 6.1740046]]]}}, {"type": "Feature", "properties": {"building": "yes", "name": "Amph C Droit"}, "geometry": {"type": "Polygon", "coordinates": [[[1.2131659, 6.1725376], [1.2134379, 6.1725465], [1.2134334, 6.1726848], [1.2133393, 6.1726817], [1.2133401, 6.1726581], [1.2133041, 6.1726569], [1.2133034, 6.172678], [1.2131614, 6.1726733], [1.2131659, 6.1725376]]]}}, {"type": "Feature", "properties": {"building": "yes", "name": "Institut Nationale des Sciences de l'\u00c9ducation"}, "geometry": {"type": "Polygon", "coordinates": [[[1.2135896, 6.1725956], [1.2135946, 6.17245], [1.2137486, 6.1724553], [1.2137476, 6.1724823], [1.213808, 6.1724844], [1.213809, 6.1724574], [1.2138784, 6.1724598], [1.2138734, 6.1726024], [1.2137203, 6.1725971], [1.2137216, 6.1725605], [1.2137005, 6.1725597], [1.2136991, 6.1725994], [1.2135896, 6.1725956]]]}}, {"type": "Feature", "properties": {"building": "yes", "name": "ENSI"}, "geometry": {"type": "Polygon", "coordinates": [[[1.2125458, 6.1751087], [1.2125491, 6.175058], [1.212464, 6.1750526], [1.2124651, 6.1750355], [1.212446, 6.1750343], [1.2124391, 6.1751412], [1.2122836, 6.1751314], [1.2122898, 6.1750351], [1.2123903, 6.1750415], [1.2123943, 6.1749788], [1.212344, 6.1749757], [1.2123484, 6.1749072], [1.2124546, 6.1749139], [1.2124477, 6.1750216], [1.2124659, 6.1750227], [1.2124677, 6.1749941], [1.2125297, 6.1749981], [1.2125272, 6.1750369], [1.2125504, 6.1750384], [1.2125508, 6.1750318], [1.2125748, 6.1750333], [1.2125787, 6.1749738], [1.2129217, 6.1749956], [1.2129181, 6.175051], [1.212942, 6.1750525], [1.2129411, 6.1750658], [1.2129555, 6.1750667], [1.2129584, 6.175022], [1.2130317, 6.1750266], [1.2130296, 6.1750593], [1.2131083, 6.1750643], [1.2131179, 6.1749144], [1.2132736, 6.1749243], [1.2132674, 6.1750214], [1.2131634, 6.1750148], [1.2131603, 6.1750634], [1.2131584, 6.1750923], [1.2132144, 6.1750959], [1.2132082, 6.1751924], [1.2130433, 6.1751819], [1.2130492, 6.1750911], [1.2129956, 6.1750877], [1.2129399, 6.1750842], [1.2129367, 6.1751341], [1.2127455, 6.175122], [1.2127475, 6.1750909], [1.2127246, 6.1750894], [1.2127226, 6.1751199], [1.2125458, 6.1751087]]]}}, {"type": "Feature", "properties": {"building": "yes", "name": "Agora Faseg"}, "geometry": {"type": "Polygon", "coordinates": [[[1.2123361, 6.1720887], [1.2123437, 6.1719223], [1.2125063, 6.1719271], [1.2125044, 6.1720925], [1.2123361, 6.1720887]]]}}, {"type": "Feature", "properties": {"building": "government", "name": "Departement de Physique"}, "geometry": {"type": "Polygon", "coordinates": [[[1.2140449, 6.175558], [1.2140488, 6.1754879], [1.2140528, 6.1754166], [1.2143678, 6.1754342], [1.214363, 6.1755188], [1.2143598, 6.1755756], [1.2140449, 6.175558]]]}}, {"type": "Feature", "properties": {"building": "university", "name": "Direction des Affaires Acad\u00e9miques et de la Scolarit\u00e9"}, "geometry": {"type": "Polygon", "coordinates": [[[1.2150097, 6.1756595], [1.2150211, 6.1754706], [1.2152321, 6.1754831], [1.2152281, 6.1755506], [1.2151135, 6.1755438], [1.2151129, 6.1755535], [1.2151949, 6.1755584], [1.2151882, 6.1756701], [1.2150097, 6.1756595]]]}}, {"type": "Feature", "properties": {"building": "government", "name": "Amphi FDS(Facult\u00e9 Des Sciences)"}, "geometry": {"type": "Polygon", "coordinates": [[[1.2132463, 6.1754959], [1.2132493, 6.1754422], [1.2132277, 6.175441], [1.2132287, 6.1754238], [1.2132485, 6.1754249], [1.2132511, 6.1753786], [1.2135444, 6.1753949], [1.2135377, 6.1754419], [1.2135378, 6.1755121], [1.2132463, 6.1754959]]]}}, {"type": "Feature", "properties": {"building": "yes", "name": "menuiserie"}, "geometry": {"type": "Polygon", "coordinates": [[[1.2020984, 6.1824696], [1.2020986, 6.18236], [1.2022497, 6.1823603], [1.2022494, 6.1824699], [1.2020984, 6.1824696]]]}}, {"type": "Feature", "properties": {"building": "yes", "name": "Habitation priv\u00e9e (Ex ProCIV/ GiZ)"}, "geometry": {"type": "Polygon", "coordinates": [[[1.1994121, 6.1707842], [1.1994521, 6.1707768], [1.1994543, 6.1707886], [1.1994855, 6.1707828], [1.1994755, 6.1707293], [1.1995881, 6.1707084], [1.1996223, 6.170891], [1.1995609, 6.1709023], [1.1995415, 6.1709059], [1.1993686, 6.1709379], [1.1993586, 6.1708847], [1.1994071, 6.1708757], [1.1994015, 6.1708459], [1.1993885, 6.1708484], [1.1993799, 6.1708024], [1.1994143, 6.170796], [1.1994121, 6.1707842]]]}}, {"type": "Feature", "properties": {"building": "commercial", "name": "AVSF & VSF-Suisse"}, "geometry": {"type": "Polygon", "coordinates": [[[1.199505, 6.1712384], [1.1995009, 6.1711238], [1.1996956, 6.1711168], [1.1996973, 6.1711629], [1.199666, 6.171164], [1.1996685, 6.1712325], [1.199505, 6.1712384]]]}}, {"type": "Feature", "properties": {"building": "yes", "name": "Laboratoire d'Analyse des Sols et des V\u00e9g\u00e9taux ESA"}, "geometry": {"type": "Polygon", "coordinates": [[[1.212909, 6.1761576], [1.2129127, 6.1760677], [1.2129297, 6.1760702], [1.2129322, 6.1760633], [1.2129429, 6.1760627], [1.2129486, 6.1760739], [1.2129505, 6.1760558], [1.2129645, 6.1760567], [1.2129806, 6.1760577], [1.2129819, 6.1760802], [1.2130843, 6.1760827], [1.2130847, 6.1760654], [1.2131032, 6.1760653], [1.2131176, 6.1760652], [1.2131183, 6.1760833], [1.2131465, 6.1760845], [1.213144, 6.1761664], [1.212909, 6.1761576]]]}}, {"type": "Feature", "properties": {"building": "yes", "name": "Centre Catholique Universitaire (CCU)", "amenity": "place_of_worship"}, "geometry": {"type": "Polygon", "coordinates": [[[1.2119307, 6.1743358], [1.2119432, 6.1743408], [1.2119244, 6.1744595], [1.2118087, 6.1744458], [1.2118075, 6.174407], [1.2117936, 6.1743983], [1.2116591, 6.1743908], [1.2116667, 6.1742921], [1.2118012, 6.1743096], [1.2118213, 6.1741621], [1.2118301, 6.1741283], [1.211849, 6.1741158], [1.2118829, 6.1741083], [1.2119181, 6.1741171], [1.2119382, 6.1741371], [1.2119174, 6.1743232], [1.2119307, 6.1743358]]]}}, {"type": "Feature", "properties": {"building": "yes", "name": "Centre Informatique et de Calcul"}, "geometry": {"type": "Polygon", "coordinates": [[[1.2140147, 6.1760346], [1.2140133, 6.1758506], [1.2143225, 6.1758685], [1.2143164, 6.1759631], [1.2143439, 6.1759662], [1.2143439, 6.1759878], [1.2143632, 6.1759884], [1.2143898, 6.1760173], [1.2143857, 6.1760603], [1.2144562, 6.1760695], [1.2144416, 6.1763043], [1.2143715, 6.1763015], [1.2143722, 6.1763446], [1.2142716, 6.1763382], [1.2142718, 6.1762865], [1.2142888, 6.1762863], [1.2142968, 6.1760611], [1.2140147, 6.1760346]]]}}, {"type": "Feature", "properties": {"building": "yes", "name": "Agora Flesh"}, "geometry": {"type": "Polygon", "coordinates": [[[1.2128473, 6.1705261], [1.2128597, 6.1703696], [1.2130268, 6.1703826], [1.2130144, 6.1705392], [1.2128473, 6.1705261]]]}}, {"type": "Feature", "properties": {"building": "yes", "name": "Batiment Exp\u00e9rimental en Parpaings de Beton de balles de riz de l'ENSI"}, "geometry": {"type": "Polygon", "coordinates": [[[1.212315, 6.1752909], [1.2123179, 6.1752374], [1.2123695, 6.1752401], [1.2123666, 6.1752936], [1.212315, 6.1752909]]]}}, {"type": "Feature", "properties": {"building": "yes", "name": "Batiment TP ENSI(Ecole Nationale en Sciences de l'Ing\u00e9nerie))"}, "geometry": {"type": "Polygon", "coordinates": [[[1.2121913, 6.1758614], [1.2120916, 6.1757607], [1.2121929, 6.1756712], [1.2121913, 6.1758614]]]}}, {"type": "Feature", "properties": {"building": "yes", "name": "Equipe de Recherche en Sciences de l'Ing\u00e9nerie"}, "geometry": {"type": "Polygon", "coordinates": [[[1.2124444, 6.1751883], [1.2124457, 6.1751389], [1.2125021, 6.1751404], [1.2125008, 6.1751898], [1.2124444, 6.1751883]]]}}, {"type": "Feature", "properties": {"building": "yes", "name": "Decanat Flesh"}, "geometry": {"type": "Polygon", "coordinates": [[[1.2131927, 6.1702582], [1.2133957, 6.1702675], [1.2133931, 6.1703228], [1.2134206, 6.1703241], [1.2134223, 6.1702884], [1.2134931, 6.1702917], [1.2134881, 6.1704002], [1.2134105, 6.1703966], [1.2134121, 6.1703641], [1.2133851, 6.1703629], [1.2133837, 6.1703946], [1.2131867, 6.1703855], [1.2131927, 6.1702582]]]}}, {"type": "Feature", "properties": {"building": "garage", "name": "Garage de l'ENFS"}, "geometry": {"type": "Polygon", "coordinates": [[[1.2125257, 6.171137], [1.2125279, 6.1710322], [1.2126723, 6.1710351], [1.2126701, 6.17114], [1.2125257, 6.171137]]]}}, {"type": "Feature", "properties": {"building": "yes", "name": "Centre de Formation des Professions de Justice"}, "geometry": {"type": "Polygon", "coordinates": [[[1.2118993, 6.1728261], [1.2119032, 6.1730013], [1.2118003, 6.1730035], [1.2117165, 6.1730054], [1.2117142, 6.1729037], [1.211769, 6.1729025], [1.2117684, 6.1728775], [1.2117683, 6.1728743], [1.2118281, 6.1728729], [1.2118271, 6.1728276], [1.2118993, 6.1728261]]]}}, {"type": "Feature", "properties": {"building": "yes", "name": "Amph D Flesh"}, "geometry": {"type": "Polygon", "coordinates": [[[1.2144015, 6.1707242], [1.2143701, 6.170745], [1.2143267, 6.1707617], [1.2141473, 6.1705538], [1.2141502, 6.1704937], [1.2142496, 6.170497], [1.2142508, 6.1705543], [1.2144015, 6.1707242]]]}}, {"type": "Feature", "properties": {"building": "yes", "name": "CFPJ BAT 2"}, "geometry": {"type": "Polygon", "coordinates": [[[1.2111891, 6.1729889], [1.2111905, 6.1729371], [1.2111808, 6.1729368], [1.2111849, 6.1727773], [1.2113435, 6.1727814], [1.2113425, 6.1728174], [1.2113888, 6.1728187], [1.2113877, 6.1728604], [1.211386, 6.1729218], [1.2113182, 6.1729199], [1.2113161, 6.1729921], [1.2113109, 6.1729919], [1.2111891, 6.1729889]]]}}, {"type": "Feature", "properties": {"building": "yes", "name": "D\u00e9canat de la Facult\u00e9 Des Sciences"}, "geometry": {"type": "Polygon", "coordinates": [[[1.2138581, 6.1762764], [1.2139439, 6.1762633], [1.2139557, 6.1762976], [1.2138703, 6.1763123], [1.2138581, 6.1762764]]]}}, {"type": "Feature", "properties": {"building": "yes", "name": "Centre de Formation Continue"}, "geometry": {"type": "Polygon", "coordinates": [[[1.2117464, 6.1737694], [1.2117533, 6.1736331], [1.211886, 6.1736398], [1.2118917, 6.173527], [1.211696, 6.1735172], [1.2117007, 6.1734245], [1.2117352, 6.1734263], [1.2117378, 6.1733759], [1.211738, 6.1733703], [1.212088, 6.1733878], [1.2120859, 6.1734281], [1.2121553, 6.1734316], [1.2121545, 6.1734469], [1.2121497, 6.1735423], [1.2120892, 6.1735392], [1.2119308, 6.1735313], [1.2119255, 6.1736351], [1.2120138, 6.1736395], [1.2120065, 6.1737824], [1.2117464, 6.1737694]]]}}, {"type": "Feature", "properties": {"building": "yes", "name": "OBUT"}, "geometry": {"type": "Polygon", "coordinates": [[[1.1890009, 6.1816706], [1.1888767, 6.1816787], [1.1888696, 6.1815716], [1.1889938, 6.1815635], [1.1890009, 6.1816706]]]}}, {"type": "Feature", "properties": {"building": "yes", "name": "Nouvelle R\u00e9sidence du Village du B\u00e9nin"}, "geometry": {"type": "Polygon", "coordinates": [[[1.2171, 6.166046], [1.2175223, 6.1660878], [1.2175132, 6.1661793], [1.2175113, 6.1661791], [1.2170909, 6.1661375], [1.2171, 6.166046]]]}}, {"type": "Feature", "properties": {"building": "yes", "name": "Halsa International Togo"}, "geometry": {"type": "Polygon", "coordinates": [[[1.2040419, 6.1728676], [1.2040248, 6.1728053], [1.204082, 6.1727897], [1.2040991, 6.1728521], [1.2040419, 6.1728676]]]}}, {"type": "Feature", "properties": {"building": "church", "name": "Temple Bethlehem Be-Klikam\u00e9", "amenity": "place_of_worship"}, "geometry": {"type": "Polygon", "coordinates": [[[1.2069545, 6.1701597], [1.2069028, 6.170131], [1.2069199, 6.1701007], [1.2069044, 6.1700921], [1.2068874, 6.1701224], [1.2068588, 6.1701065], [1.2069026, 6.1700287], [1.2069562, 6.1700585], [1.206964, 6.1700446], [1.2070061, 6.170068], [1.2069545, 6.1701597]]]}}, {"type": "Feature", "properties": {"building": "yes", "name": "La Pouponi\u00e8re"}, "geometry": {"type": "Polygon", "coordinates": [[[1.2107323, 6.1500316], [1.2107731, 6.1499408], [1.2110082, 6.1500451], [1.2109675, 6.1501359], [1.2107323, 6.1500316]]]}}, {"type": "Feature", "properties": {"building": "yes", "name": "La Pouponni\u00e8re Sainte-Claire"}, "geometry": {"type": "Polygon", "coordinates": [[[1.210324, 6.1504849], [1.2103698, 6.1503853], [1.2106942, 6.150527], [1.2107062, 6.1505659], [1.2106732, 6.1506435], [1.210324, 6.1504849]]]}}, {"type": "Feature", "properties": {"building": "school", "name": "Institut N.D.E.", "amenity": "school"}, "geometry": {"type": "Polygon", "coordinates": [[[1.210355, 6.1493448], [1.2103835, 6.1492487], [1.2107437, 6.1493545], [1.2107151, 6.1494506], [1.210355, 6.1493448]]]}}, {"type": "Feature", "properties": {"building": "yes", "name": "principalis"}, "geometry": {"type": "Polygon", "coordinates": [[[1.191501, 6.1728437], [1.1913482, 6.1729034], [1.1913211, 6.1728315], [1.1914684, 6.1727632], [1.191501, 6.1728437]]]}}, {"type": "Feature", "properties": {"building": "yes", "name": "maison julienne"}, "geometry": {"type": "Polygon", "coordinates": [[[1.1859454, 6.1793792], [1.1859454, 6.1793111], [1.1859614, 6.1793191], [1.1859625, 6.1793701], [1.1859454, 6.1793792]]]}}, {"type": "Feature", "properties": {"building": "yes", "name": "Lonato", "amenity": "gambling"}, "geometry": {"type": "Polygon", "coordinates": [[[1.2045913, 6.1799875], [1.2046228, 6.1799656], [1.204678, 6.1800439], [1.2046465, 6.1800658], [1.2045913, 6.1799875]]]}}, {"type": "Feature", "properties": {"building": "yes", "name": "ACROPOLISE GUEST HOUSE"}, "geometry": {"type": "Polygon", "coordinates": [[[1.1914178, 6.1896704], [1.1915005, 6.1895035], [1.1915531, 6.189511], [1.1915607, 6.1895508], [1.1916333, 6.1895135], [1.1915807, 6.1894985], [1.1915907, 6.1894536], [1.1916434, 6.1894786], [1.1916684, 6.1893714], [1.1919065, 6.1894412], [1.1918464, 6.1895608], [1.1914178, 6.1896704]]]}}, {"type": "Feature", "properties": {"building": "yes", "name": "ALMA"}, "geometry": {"type": "Polygon", "coordinates": [[[1.1861758, 6.1880899], [1.1861595, 6.1880859], [1.1861771, 6.1880143], [1.186196, 6.1880189], [1.1862071, 6.1879741], [1.1863671, 6.1880131], [1.1863386, 6.1881286], [1.1862818, 6.1881147], [1.1862877, 6.1880907], [1.1862635, 6.1880847], [1.1862573, 6.1881098], [1.1861758, 6.1880899]]]}}, {"type": "Feature", "properties": {"building": "yes", "name": "Pharmacie des \u00e9coles", "amenity": "pharmacy"}, "geometry": {"type": "Polygon", "coordinates": [[[1.1583429, 6.1920691], [1.1582776, 6.1919896], [1.1584158, 6.1918773], [1.1584812, 6.1919568], [1.1583429, 6.1920691]]]}}, {"type": "Feature", "properties": {"building": "yes", "name": "gado et fils"}, "geometry": {"type": "Polygon", "coordinates": [[[1.1871621, 6.1907266], [1.1871768, 6.1906794], [1.1871248, 6.1906704], [1.1871304, 6.19063], [1.1872683, 6.1906502], [1.1872378, 6.1907401], [1.1871621, 6.1907266]]]}}, {"type": "Feature", "properties": {"building": "yes", "name": "Ets Famous"}, "geometry": {"type": "Polygon", "coordinates": [[[1.1883056, 6.1903375], [1.1883216, 6.1902869], [1.1883349, 6.1902911], [1.1883547, 6.1902288], [1.1883698, 6.1902335], [1.1883795, 6.1902029], [1.1884783, 6.1902339], [1.1884327, 6.1903774], [1.1883447, 6.1903498], [1.1883056, 6.1903375]]]}}, {"type": "Feature", "properties": {"building": "mosque", "name": "Mosqu\u00e9e Oumar Bno Abdoul Aziz", "amenity": "place_of_worship"}, "geometry": {"type": "Polygon", "coordinates": [[[1.1840706, 6.186578], [1.1839618, 6.186573], [1.1839602, 6.1864216], [1.1841911, 6.1864316], [1.1841895, 6.1865597], [1.184161, 6.1865714], [1.1840706, 6.186578]]]}}, {"type": "Feature", "properties": {"building": "hospital", "name": "Centre Medico-Chirurgical Source de Vie"}, "geometry": {"type": "Polygon", "coordinates": [[[1.177321, 6.1936892], [1.1773684, 6.1936481], [1.1774276, 6.1937198], [1.1774643, 6.1936916], [1.1774879, 6.1937834], [1.177366, 6.1938869], [1.1773116, 6.1938104], [1.1773258, 6.1937963], [1.1772654, 6.1937269], [1.1773116, 6.1936856], [1.177321, 6.1936892]]]}}, {"type": "Feature", "properties": {"building": "yes", "name": "minist\u00e8re de la sant\u00e9"}, "geometry": {"type": "Polygon", "coordinates": [[[1.2185023, 6.1284645], [1.2186946, 6.1283254], [1.2187, 6.1283328], [1.2187494, 6.1284003], [1.218778, 6.1284393], [1.2185856, 6.1285784], [1.2185284, 6.1285002], [1.2185023, 6.1284645]]]}}, {"type": "Feature", "properties": {"building": "yes", "name": "BATIMENT CENTRAL MAGASIN ANSAT"}, "geometry": {"type": "Polygon", "coordinates": [[[1.1606651, 6.1968083], [1.1606836, 6.1968323], [1.160574, 6.1969155], [1.1605549, 6.1968906], [1.1605103, 6.1969245], [1.1603878, 6.1967651], [1.1607449, 6.1964939], [1.1609772, 6.1963176], [1.1611009, 6.1964786], [1.1610653, 6.1965056], [1.1610912, 6.1965393], [1.1609775, 6.1966257], [1.160951, 6.1965912], [1.1606651, 6.1968083]]]}}, {"type": "Feature", "properties": {"building": "yes", "name": "Caf\u00e9taria Kaloum", "amenity": "restaurant"}, "geometry": {"type": "Polygon", "coordinates": [[[1.1965674, 6.1783182], [1.1966395, 6.1783455], [1.19662, 6.1783964], [1.1965479, 6.1783691], [1.1965674, 6.1783182]]]}}, {"type": "Feature", "properties": {"building": "yes", "name": "maison Barandao"}, "geometry": {"type": "Polygon", "coordinates": [[[1.1988126, 6.2227983], [1.1988267, 6.2224268], [1.1990922, 6.2224368], [1.1990781, 6.2228083], [1.1988126, 6.2227983]]]}}, {"type": "Feature", "properties": {"building": "office", "name": "FUCEC"}, "geometry": {"type": "Polygon", "coordinates": [[[1.2026747, 6.1673467], [1.2028051, 6.1672223], [1.202787, 6.1672083], [1.202914, 6.1670819], [1.2029533, 6.1670896], [1.2029879, 6.1670924], [1.2030928, 6.1671636], [1.2031889, 6.1672245], [1.2031223, 6.167339], [1.2031119, 6.1673373], [1.2030696, 6.1673866], [1.203078, 6.167395], [1.2030502, 6.1674373], [1.2030593, 6.167444], [1.2030412, 6.167494], [1.2030154, 6.167502], [1.2027881, 6.1674592], [1.2027885, 6.1674528], [1.2026552, 6.1674309], [1.2026494, 6.16736], [1.202671, 6.1673583], [1.2026747, 6.1673467]]]}}, {"type": "Feature", "properties": {"building": "yes", "name": "Biblioth\u00e8que Tr\u00e9sor", "amenity": "library"}, "geometry": {"type": "Polygon", "coordinates": [[[1.1629718, 6.1877946], [1.1630439, 6.1878754], [1.1630152, 6.1879036], [1.1629415, 6.1878233], [1.1629718, 6.1877946]]]}}, {"type": "Feature", "properties": {"building": "yes", "name": "Salle TV5 MONDE"}, "geometry": {"type": "Polygon", "coordinates": [[[1.1629246, 6.1878046], [1.1629011, 6.1877789], [1.1629675, 6.1877179], [1.1629911, 6.1877436], [1.1629246, 6.1878046]]]}}, {"type": "Feature", "properties": {"building": "yes", "name": "Salle Informatique"}, "geometry": {"type": "Polygon", "coordinates": [[[1.163062, 6.1878656], [1.1631062, 6.187826], [1.1631411, 6.187865], [1.1630969, 6.1879046], [1.163062, 6.1878656]]]}}, {"type": "Feature", "properties": {"building": "yes", "name": "Caf\u00e8t", "amenity": "cafe"}, "geometry": {"type": "Polygon", "coordinates": [[[1.1630617, 6.1878656], [1.1630962, 6.1879047], [1.1630569, 6.1879431], [1.1630214, 6.1879047], [1.1630617, 6.1878656]]]}}, {"type": "Feature", "properties": {"building": "yes", "name": "Bar Show Time D' Art"}, "geometry": {"type": "Polygon", "coordinates": [[[1.1981079, 6.1726456], [1.1981, 6.1726673], [1.198051, 6.1726496], [1.1980752, 6.1725833], [1.1981582, 6.1726133], [1.1981419, 6.1726579], [1.1981079, 6.1726456]]]}}, {"type": "Feature", "properties": {"building": "yes", "name": "Chez Patience poissonerie"}, "geometry": {"type": "Polygon", "coordinates": [[[1.1970721, 6.1733828], [1.1970885, 6.1733162], [1.1971183, 6.1733192], [1.1971004, 6.1733828], [1.1970721, 6.1733828]]]}}, {"type": "Feature", "properties": {"building": "yes", "name": "Ets 2EL"}, "geometry": {"type": "Polygon", "coordinates": [[[1.1988913, 6.1715941], [1.1988921, 6.1715659], [1.1989218, 6.1715667], [1.198921, 6.1715949], [1.1988913, 6.1715941]]]}}, {"type": "Feature", "properties": {"building": "yes", "name": "Ets Sagesse Divine"}, "geometry": {"type": "Polygon", "coordinates": [[[1.1980627, 6.1727786], [1.1980825, 6.1727292], [1.1981125, 6.1727412], [1.1980927, 6.1727906], [1.1980627, 6.1727786]]]}}, {"type": "Feature", "properties": {"building": "yes", "name": "VITRERIE"}, "geometry": {"type": "Polygon", "coordinates": [[[1.1967852, 6.1700309], [1.19678, 6.1699833], [1.1968423, 6.1699766], [1.1968475, 6.1700242], [1.1967852, 6.1700309]]]}}, {"type": "Feature", "properties": {"building": "office", "name": "Tuile AT"}, "geometry": {"type": "Polygon", "coordinates": [[[1.1626844, 6.1881429], [1.1627752, 6.1880508], [1.1628573, 6.1881308], [1.1627664, 6.1882229], [1.1626844, 6.1881429]]]}}, {"type": "Feature", "properties": {"building": "yes", "name": "batiment 4"}, "geometry": {"type": "Polygon", "coordinates": [[[1.1727713, 6.2142624], [1.1726672, 6.2141476], [1.1726953, 6.2141217], [1.1728046, 6.2142345], [1.1727713, 6.2142624]]]}}, {"type": "Feature", "properties": {"building": "school", "name": "Ecole Primaire Public Gakli"}, "geometry": {"type": "Polygon", "coordinates": [[[1.1872802, 6.2031575], [1.1873054, 6.2030619], [1.1872779, 6.2030528], [1.1872871, 6.2030278], [1.1873283, 6.2030233], [1.1873718, 6.2030346], [1.1873512, 6.2030824], [1.1873237, 6.2031711], [1.1872802, 6.2031575]]]}}, {"type": "Feature", "properties": {"building": "yes", "name": "Supermarch\u00e9 Leader Price"}, "geometry": {"type": "Polygon", "coordinates": [[[1.2088611, 6.2216438], [1.2088802, 6.221587], [1.208823, 6.221419], [1.2089159, 6.2214001], [1.2089468, 6.2216201], [1.2089301, 6.2216462], [1.2088611, 6.2216438]]]}}, {"type": "Feature", "properties": {"building": "church", "name": "Paroisse d'Ago\u00e8-Nyiv\u00e9"}, "geometry": {"type": "Polygon", "coordinates": [[[1.2084062, 6.2213162], [1.2083394, 6.2211537], [1.208607, 6.2210451], [1.2086738, 6.2212076], [1.2084062, 6.2213162]]]}}, {"type": "Feature", "properties": {"building": "yes", "name": "EPP Evang\u00e9lique Ago\u00e8-Nyiv\u00e9", "amenity": "school"}, "geometry": {"type": "Polygon", "coordinates": [[[1.2087515, 6.221632], [1.2085983, 6.2212796], [1.2086749, 6.2212467], [1.2088281, 6.2215991], [1.2087515, 6.221632]]]}}, {"type": "Feature", "properties": {"building": "church", "name": "Eglise Catholique Marie Th\u00e9otokos d'Ago\u00e9-Nyiv\u00e9"}, "geometry": {"type": "Polygon", "coordinates": [[[1.2115394, 6.2261192], [1.2113839, 6.2258346], [1.2117441, 6.2256402], [1.2118996, 6.2259248], [1.2115394, 6.2261192]]]}}, {"type": "Feature", "properties": {"building": "yes", "name": "Ets Ma Co DI"}, "geometry": {"type": "Polygon", "coordinates": [[[1.2080521, 6.223372], [1.2081403, 6.2232541], [1.2082256, 6.2233171], [1.2081374, 6.223435], [1.2080521, 6.223372]]]}}, {"type": "Feature", "properties": {"building": "yes", "name": "Mosqu\u00e9e d'Ago\u00e8-Nyiv\u00e9"}, "geometry": {"type": "Polygon", "coordinates": [[[1.2108575, 6.2279173], [1.2108078, 6.2279225], [1.2107685, 6.2278652], [1.2108287, 6.227834], [1.2108654, 6.2278522], [1.2108575, 6.2279173]]]}}, {"type": "Feature", "properties": {"building": "residential", "name": "Maison AKOLI"}, "geometry": {"type": "Polygon", "coordinates": [[[1.2050324, 6.2127448], [1.2050017, 6.2126288], [1.2051736, 6.2125983], [1.2051797, 6.2126899], [1.2050324, 6.2127448]]]}}, {"type": "Feature", "properties": {"building": "yes", "name": "Soci\u00e9te EDZEPROCOM"}, "geometry": {"type": "Polygon", "coordinates": [[[1.2022672, 6.2270127], [1.2022396, 6.2269608], [1.2023071, 6.2269242], [1.2023409, 6.2269791], [1.2022672, 6.2270127]]]}}, {"type": "Feature", "properties": {"building": "church", "name": "\u00c9glise Catholique Paroisse Jesus Bon Pasteur", "amenity": "place_of_worship"}, "geometry": {"type": "Polygon", "coordinates": [[[1.195676, 6.2279306], [1.1956728, 6.2278698], [1.1956882, 6.2278685], [1.1956741, 6.2277058], [1.1956567, 6.2277071], [1.19565, 6.2276589], [1.195764, 6.2276511], [1.1957646, 6.2276378], [1.1959986, 6.2276415], [1.196006, 6.2276631], [1.1960486, 6.2276737], [1.1960832, 6.2276838], [1.196106, 6.2277071], [1.1961216, 6.2277518], [1.1961174, 6.2277911], [1.196106, 6.2278151], [1.1960874, 6.2278366], [1.1960213, 6.2278563], [1.1960208, 6.2278811], [1.1957888, 6.2279211], [1.1957868, 6.2279124], [1.195676, 6.2279306]]]}}, {"type": "Feature", "properties": {"building": "yes", "name": "Etat-Major G\u00e9n\u00e9ral"}, "geometry": {"type": "Polygon", "coordinates": [[[1.2111606, 6.2094], [1.210952, 6.2089456], [1.2111118, 6.2088413], [1.2115602, 6.2088957], [1.2116149, 6.2090479], [1.2113149, 6.2094111], [1.2111606, 6.2094]]]}}, {"type": "Feature", "properties": {"building": "yes", "name": "Fucec Ago\u00e9"}, "geometry": {"type": "Polygon", "coordinates": [[[1.2106262, 6.2252589], [1.2107358, 6.2252421], [1.2108265, 6.2255365], [1.2108227, 6.225596], [1.2107129, 6.2256187], [1.2106262, 6.2252589]]]}}, {"type": "Feature", "properties": {"building": "government", "name": "B\u00e2timent Annexe de la Cit\u00e9 A"}, "geometry": {"type": "Polygon", "coordinates": [[[1.2172903, 6.1683342], [1.2174422, 6.1684469], [1.2174041, 6.1684977], [1.2172522, 6.1683851], [1.2172903, 6.1683342]]]}}, {"type": "Feature", "properties": {"building": "residential", "name": "Albert Salon"}, "geometry": {"type": "Polygon", "coordinates": [[[1.2183583, 6.1669333], [1.2183495, 6.1670294], [1.2180537, 6.1670028], [1.2180625, 6.1669068], [1.2183583, 6.1669333]]]}}, {"type": "Feature", "properties": {"building": "yes", "name": "Maison numero 293"}, "geometry": {"type": "Polygon", "coordinates": [[[1.1833434, 6.1795877], [1.1833478, 6.1796329], [1.1832786, 6.179683], [1.1831582, 6.1796508], [1.1831005, 6.1796286], [1.1831178, 6.1795913], [1.1833434, 6.1795877]]]}}, {"type": "Feature", "properties": {"building": "yes", "name": "NOTRE DAME DU LIBAN", "amenity": "place_of_worship"}, "geometry": {"type": "Polygon", "coordinates": [[[1.2413199, 6.1729084], [1.2413695, 6.1727917], [1.2414507, 6.1727109], [1.2415049, 6.1727042], [1.2415297, 6.1727289], [1.2415816, 6.1728388], [1.2416967, 6.1729129], [1.2417012, 6.1729398], [1.2416087, 6.1730587], [1.2414891, 6.1729981], [1.2413605, 6.1729376], [1.2413244, 6.1729376], [1.2413199, 6.1729084]]]}}, {"type": "Feature", "properties": {"building": "yes", "name": "Maison Mhetr Shang"}, "geometry": {"type": "Polygon", "coordinates": [[[1.146684, 6.2003567], [1.1466469, 6.2003134], [1.1466678, 6.2002861], [1.1467066, 6.2003246], [1.146684, 6.2003567]]]}}, {"type": "Feature", "properties": {"building": "yes", "name": "SALLE DE ROYAUME DES TEMOINS DE JEHOVAH AMADAHOME"}, "geometry": {"type": "Polygon", "coordinates": [[[1.1577848, 6.1965651], [1.1577086, 6.1965997], [1.1576232, 6.1964135], [1.1576994, 6.196379], [1.1577848, 6.1965651]]]}}, {"type": "Feature", "properties": {"building": "yes", "name": "WEMBLEY CITY"}, "geometry": {"type": "Polygon", "coordinates": [[[1.1601617, 6.1985311], [1.1600427, 6.1986303], [1.1599582, 6.1985196], [1.1600734, 6.1984127], [1.1601617, 6.1985311]]]}}, {"type": "Feature", "properties": {"building": "yes", "name": "COSMOS", "amenity": "bar"}, "geometry": {"type": "Polygon", "coordinates": [[[1.1882013, 6.1813261], [1.1881924, 6.1812276], [1.1882453, 6.1812229], [1.1882542, 6.1813214], [1.1882013, 6.1813261]]]}}, {"type": "Feature", "properties": {"building": "yes", "name": "Maison Souka N'Soua"}, "geometry": {"type": "Polygon", "coordinates": [[[1.1541914, 6.2281458], [1.1542018, 6.2280637], [1.1542987, 6.2280668], [1.1543423, 6.2279544], [1.1543377, 6.2278861], [1.1543956, 6.2278832], [1.1545705, 6.227901], [1.1543885, 6.2281549], [1.1541914, 6.2281458]]]}}, {"type": "Feature", "properties": {"building": "yes", "name": "Couture Nouvelle Cr\u00e9ation"}, "geometry": {"type": "Polygon", "coordinates": [[[1.1545259, 6.2274295], [1.1545349, 6.2273666], [1.1545741, 6.22738], [1.1545997, 6.2272887], [1.1547021, 6.2273276], [1.154669, 6.2274055], [1.1547443, 6.227434], [1.1546569, 6.2275687], [1.1545259, 6.2274295]]]}}, {"type": "Feature", "properties": {"building": "yes", "name": "Ets AGBONANIP"}, "geometry": {"type": "Polygon", "coordinates": [[[1.1541512, 6.2264417], [1.1542041, 6.2263956], [1.1542603, 6.2264594], [1.1542074, 6.2265055], [1.1541512, 6.2264417]]]}}, {"type": "Feature", "properties": {"building": "yes", "name": "Eglise des Assembl\u00e9es de Dieu du Togo(TempleSALEM NANEGBE)", "amenity": "place_of_worship"}, "geometry": {"type": "Polygon", "coordinates": [[[1.1540038, 6.2244252], [1.153974, 6.2243133], [1.1541549, 6.2242837], [1.1541818, 6.2243965], [1.1540038, 6.2244252]]]}}, {"type": "Feature", "properties": {"building": "yes", "name": "cOIFFURE ET TRESSE EYRAM"}, "geometry": {"type": "Polygon", "coordinates": [[[1.1545574, 6.2260862], [1.1545016, 6.2260212], [1.154592, 6.2259351], [1.1546295, 6.2259734], [1.1546103, 6.2259925], [1.1546353, 6.2260212], [1.1545574, 6.2260862]]]}}, {"type": "Feature", "properties": {"building": "yes", "name": "Casse AUTO"}, "geometry": {"type": "Polygon", "coordinates": [[[1.1541116, 6.2251485], [1.1540966, 6.2250835], [1.1541361, 6.2250727], [1.1541606, 6.2251404], [1.1541116, 6.2251485]]]}}, {"type": "Feature", "properties": {"building": "yes", "name": "Amphi Prof Sedoh"}, "geometry": {"type": "Polygon", "coordinates": [[[1.2080209, 6.1835792], [1.2080403, 6.1835369], [1.2080809, 6.183497], [1.2081203, 6.1834777], [1.2081631, 6.1834652], [1.2082073, 6.1834629], [1.208251, 6.1834651], [1.2083038, 6.1834886], [1.2083479, 6.1835242], [1.2083906, 6.1835706], [1.2084126, 6.183553], [1.2084411, 6.1835945], [1.2084511, 6.183667], [1.2084398, 6.1837415], [1.2083841, 6.1838074], [1.2083086, 6.1838384], [1.2082867, 6.183837], [1.2082821, 6.1838061], [1.2082436, 6.1838059], [1.2081611, 6.1838036], [1.2081211, 6.1837927], [1.2080999, 6.1837849], [1.208081, 6.1837706], [1.2080403, 6.1837326], [1.2080209, 6.1836725], [1.2080105, 6.1836258], [1.2080209, 6.1835792]]]}}, {"type": "Feature", "properties": {"building": "yes", "name": "CITE D"}, "geometry": {"type": "Polygon", "coordinates": [[[1.2088961, 6.18492], [1.2089269, 6.184857], [1.2089561, 6.1847971], [1.209286, 6.1849563], [1.2093411, 6.1850049], [1.2093241, 6.1850397], [1.2093502, 6.1850523], [1.2092468, 6.1852641], [1.2091696, 6.1852268], [1.2091724, 6.1852211], [1.2091301, 6.1852007], [1.2091837, 6.1850908], [1.2092134, 6.1851051], [1.2092316, 6.1850678], [1.2091737, 6.1850399], [1.2091681, 6.1850513], [1.209013, 6.1849764], [1.2090094, 6.1849836], [1.2089941, 6.1849762], [1.208979, 6.184969], [1.2089825, 6.1849618], [1.2088961, 6.18492]]]}}, {"type": "Feature", "properties": {"building": "university", "name": "Direction de la Recherche"}, "geometry": {"type": "Polygon", "coordinates": [[[1.2105109, 6.1865927], [1.2105524, 6.1865112], [1.2105847, 6.1865275], [1.2106403, 6.1864182], [1.2107583, 6.1864776], [1.2107896, 6.1864159], [1.2108975, 6.1864701], [1.2108658, 6.1865323], [1.2110111, 6.1866049], [1.2110065, 6.186614], [1.2109324, 6.1867502], [1.210714, 6.1866399], [1.2107256, 6.186617], [1.2106529, 6.1865803], [1.210619, 6.1866469], [1.2105109, 6.1865927]]]}}, {"type": "Feature", "properties": {"building": "yes", "name": "Amphi Prof Sedoh"}, "geometry": {"type": "Polygon", "coordinates": [[[1.2106745, 6.1851236], [1.2107704, 6.1849098], [1.211034, 6.1850267], [1.2110073, 6.1850862], [1.2110594, 6.1851093], [1.2110445, 6.1851424], [1.2110667, 6.1851522], [1.2110529, 6.1851829], [1.2110348, 6.1851749], [1.2110231, 6.1852012], [1.2109647, 6.1851752], [1.2109358, 6.1852395], [1.2106745, 6.1851236]]]}}, {"type": "Feature", "properties": {"building": "yes", "name": "Guichet Automatique"}, "geometry": {"type": "Polygon", "coordinates": [[[1.2097864, 6.1871171], [1.2097973, 6.187099], [1.2098233, 6.1871145], [1.2098124, 6.1871326], [1.2097864, 6.1871171]]]}}, {"type": "Feature", "properties": {"building": "construction", "name": "Amphi AMPAH JOHNSON"}, "geometry": {"type": "Polygon", "coordinates": [[[1.210931, 6.1826039], [1.2108463, 6.1825402], [1.2108177, 6.1824443], [1.2108355, 6.1823396], [1.2108916, 6.1822623], [1.2109339, 6.182231], [1.2110117, 6.1822261], [1.2110619, 6.1822486], [1.2111101, 6.1822897], [1.2111495, 6.1823563], [1.2111652, 6.1824453], [1.2111328, 6.1825481], [1.2110845, 6.1825902], [1.2110451, 6.1825716], [1.2109861, 6.1825765], [1.2109693, 6.1825765], [1.210931, 6.1826039]]]}}, {"type": "Feature", "properties": {"building": "yes", "name": "Bo's"}, "geometry": {"type": "Polygon", "coordinates": [[[1.1323592, 6.1903833], [1.132447, 6.190394], [1.1324624, 6.1904185], [1.1324686, 6.1905303], [1.1323576, 6.1905334], [1.1323592, 6.1903833]]]}}, {"type": "Feature", "properties": {"building": "school", "name": "Ecole Primaire Catholique Amandahom\u00e9", "amenity": "school"}, "geometry": {"type": "Polygon", "coordinates": [[[1.1582779, 6.2045244], [1.1582947, 6.2044181], [1.1586466, 6.2044785], [1.1586319, 6.2045806], [1.1582779, 6.2045244]]]}}, {"type": "Feature", "properties": {"building": "residential", "name": "Cit\u00e9 De Souza"}, "geometry": {"type": "Polygon", "coordinates": [[[1.1586525, 6.1886492], [1.1587318, 6.1886527], [1.1587505, 6.1887983], [1.1586677, 6.1887949], [1.1586525, 6.1886492]]]}}, {"type": "Feature", "properties": {"building": "yes", "name": "Bloc administratif"}, "geometry": {"type": "Polygon", "coordinates": [[[1.1615824, 6.1914845], [1.161444, 6.1913369], [1.1615926, 6.1911991], [1.1617311, 6.1913467], [1.1615824, 6.1914845]]]}}, {"type": "Feature", "properties": {"building": "yes", "name": "Salle des professeurs et la cantine"}, "geometry": {"type": "Polygon", "coordinates": [[[1.1615369, 6.1916858], [1.1616277, 6.1916041], [1.1617688, 6.1917559], [1.1616496, 6.1918633], [1.1615108, 6.1917092], [1.1615369, 6.1916858]]]}}, {"type": "Feature", "properties": {"building": "yes", "name": "Maison Edem Kodjo"}, "geometry": {"type": "Polygon", "coordinates": [[[1.2048948, 6.2294893], [1.2048793, 6.2291318], [1.2052506, 6.2291159], [1.2052661, 6.2294734], [1.2048948, 6.2294893]]]}}, {"type": "Feature", "properties": {"building": "yes", "name": "STEJ TOGO", "amenity": "library"}, "geometry": {"type": "Polygon", "coordinates": [[[1.2044943, 6.2380867], [1.2043208, 6.2380086], [1.2043801, 6.2378785], [1.2045536, 6.2379566], [1.2044943, 6.2380867]]]}}, {"type": "Feature", "properties": {"building": "roof", "name": "Parking du MTPT", "amenity": "parking"}, "geometry": {"type": "Polygon", "coordinates": [[[1.2181459, 6.1276672], [1.2181212, 6.1276363], [1.2183889, 6.1274247], [1.2184136, 6.1274556], [1.2181459, 6.1276672]]]}}, {"type": "Feature", "properties": {"building": "yes", "name": "Alice coifure"}, "geometry": {"type": "Polygon", "coordinates": [[[1.2025056, 6.1827848], [1.202508, 6.182834], [1.2024525, 6.1828328], [1.2024561, 6.1827812], [1.2025056, 6.1827848]]]}}, {"type": "Feature", "properties": {"building": "yes", "name": "Resto (com)", "amenity": "food_court"}, "geometry": {"type": "Polygon", "coordinates": [[[1.2025095, 6.1825786], [1.2025103, 6.1826215], [1.20248, 6.1826245], [1.2024787, 6.1825795], [1.2025095, 6.1825786]]]}}, {"type": "Feature", "properties": {"building": "yes", "name": "cafe-resto Dieu donn\u00e9e", "amenity": "cafe"}, "geometry": {"type": "Polygon", "coordinates": [[[1.2024152, 6.182695], [1.2024147, 6.1826532], [1.2024291, 6.1826525], [1.2024286, 6.1826952], [1.2024152, 6.182695]]]}}, {"type": "Feature", "properties": {"building": "yes", "name": "couture la grace"}, "geometry": {"type": "Polygon", "coordinates": [[[1.2039497, 6.183157], [1.2039561, 6.1830825], [1.2039823, 6.1830705], [1.2040092, 6.1830771], [1.2040058, 6.1831553], [1.2039497, 6.183157]]]}}, {"type": "Feature", "properties": {"building": "yes", "name": "herboriste Evaleyi"}, "geometry": {"type": "Polygon", "coordinates": [[[1.204024, 6.1830986], [1.204027, 6.1830601], [1.2040535, 6.1830607], [1.2040529, 6.1831004], [1.204024, 6.1830986]]]}}, {"type": "Feature", "properties": {"building": "yes", "name": "Villa Dora"}, "geometry": {"type": "Polygon", "coordinates": [[[1.1976404, 6.1830481], [1.1976445, 6.1831009], [1.197565, 6.1831069], [1.197561, 6.1830542], [1.1976404, 6.1830481]]]}}, {"type": "Feature", "properties": {"building": "yes", "name": "Villa Maman Jennie"}, "geometry": {"type": "Polygon", "coordinates": [[[1.1975367, 6.1828982], [1.1976182, 6.1828905], [1.197627, 6.1829755], [1.1975522, 6.1829774], [1.1975445, 6.1829706], [1.1975367, 6.1828982]]]}}, {"type": "Feature", "properties": {"building": "yes", "name": "Ephor Togo"}, "geometry": {"type": "Polygon", "coordinates": [[[1.2350603, 6.1821397], [1.2350189, 6.1819998], [1.2351478, 6.1819621], [1.2351376, 6.1819279], [1.2351919, 6.181912], [1.2352434, 6.1820862], [1.2350603, 6.1821397]]]}}, {"type": "Feature", "properties": {"building": "yes", "name": "Cit\u00e9 des Temps"}, "geometry": {"type": "Polygon", "coordinates": [[[1.1994495, 6.1829988], [1.1994591, 6.1828833], [1.1995058, 6.1829202], [1.1995046, 6.1829524], [1.1994926, 6.1829571], [1.1994831, 6.1830059], [1.1994495, 6.1829988]]]}}, {"type": "Feature", "properties": {"building": "yes", "name": "Ets WAFC"}, "geometry": {"type": "Polygon", "coordinates": [[[1.2009005, 6.1824204], [1.2009023, 6.1824724], [1.2008232, 6.1824864], [1.2008107, 6.1824204], [1.2009005, 6.1824204]]]}}, {"type": "Feature", "properties": {"building": "yes", "name": "MISAKS-TOGO"}, "geometry": {"type": "Polygon", "coordinates": [[[1.2002157, 6.1824525], [1.2002097, 6.1825072], [1.2001678, 6.1825072], [1.2001654, 6.1824573], [1.2002157, 6.1824525]]]}}, {"type": "Feature", "properties": {"building": "yes", "name": "Superette", "amenity": "bar"}, "geometry": {"type": "Polygon", "coordinates": [[[1.2006659, 6.1824168], [1.2006527, 6.1824513], [1.2006347, 6.1824668], [1.2006431, 6.1825037], [1.2006072, 6.182512], [1.2006012, 6.1824584], [1.2006252, 6.1824477], [1.2006419, 6.1824168], [1.2006659, 6.1824168]]]}}, {"type": "Feature", "properties": {"building": "yes", "name": "TASLY", "amenity": "pharmacy"}, "geometry": {"type": "Polygon", "coordinates": [[[1.2007133, 6.1829316], [1.2007113, 6.1829205], [1.2007378, 6.1829159], [1.2007465, 6.1829645], [1.2006892, 6.1829746], [1.2006825, 6.182937], [1.2007133, 6.1829316]]]}}, {"type": "Feature", "properties": {"building": "yes", "name": "Villa MIRA-FLORES II"}, "geometry": {"type": "Polygon", "coordinates": [[[1.199234, 6.1830131], [1.199203, 6.1827529], [1.1994412, 6.1827584], [1.1994412, 6.1828381], [1.1994615, 6.1828381], [1.1994591, 6.1828833], [1.1994495, 6.1829988], [1.199234, 6.1830131]]]}}, {"type": "Feature", "properties": {"building": "yes", "name": "Villa SERENA"}, "geometry": {"type": "Polygon", "coordinates": [[[1.1979131, 6.1828386], [1.1979159, 6.1829378], [1.1978238, 6.1829403], [1.1978233, 6.1829209], [1.1977955, 6.1829217], [1.1977939, 6.1828651], [1.1978274, 6.1828642], [1.1978268, 6.182841], [1.1979131, 6.1828386]]]}}, {"type": "Feature", "properties": {"building": "house", "name": "Bar Main de Dieu"}, "geometry": {"type": "Polygon", "coordinates": [[[1.1914354, 6.2384135], [1.1914944, 6.2383548], [1.1915936, 6.2382448], [1.1917345, 6.2382848], [1.1915226, 6.2385208], [1.1914354, 6.2384135]]]}}, {"type": "Feature", "properties": {"building": "yes", "name": "Poste de police d'Agbanlepedogan", "amenity": "police"}, "geometry": {"type": "Polygon", "coordinates": [[[1.20134, 6.1981186], [1.2014438, 6.1980657], [1.2013882, 6.1979577], [1.2014614, 6.1979204], [1.2015215, 6.198037], [1.2015415, 6.1980268], [1.2015706, 6.1980833], [1.20147, 6.1981345], [1.2013735, 6.1981837], [1.20134, 6.1981186]]]}}, {"type": "Feature", "properties": {"building": "yes", "name": "plan Togo"}, "geometry": {"type": "Polygon", "coordinates": [[[1.2274523, 6.1602243], [1.2274103, 6.1602007], [1.2274335, 6.1601317], [1.22747, 6.1601355], [1.2274895, 6.1600629], [1.2275116, 6.1600449], [1.2275364, 6.1600215], [1.2275404, 6.1599982], [1.2275771, 6.1599776], [1.2276021, 6.1600002], [1.2276284, 6.1600052], [1.2276652, 6.1600629], [1.2275793, 6.1601095], [1.2275445, 6.1602115], [1.2275619, 6.1602215], [1.2275773, 6.1602162], [1.2275948, 6.1602322], [1.2276176, 6.1602289], [1.2276276, 6.1602109], [1.2276652, 6.1602149], [1.2276799, 6.1601955], [1.2277564, 6.1602289], [1.2277409, 6.1602655], [1.2277443, 6.1602889], [1.2277228, 6.1603009], [1.2277084, 6.1603277], [1.2274362, 6.160258], [1.2274523, 6.1602243]]]}}, {"type": "Feature", "properties": {"building": "yes", "name": "Cyber forever.com"}, "geometry": {"type": "Polygon", "coordinates": [[[1.2264397, 6.1593284], [1.2264175, 6.1593171], [1.2264512, 6.1592519], [1.2266075, 6.1593317], [1.2265288, 6.1594839], [1.2263704, 6.159403], [1.2263994, 6.159347], [1.2264237, 6.1593594], [1.2264397, 6.1593284]]]}}, {"type": "Feature", "properties": {"building": "yes", "name": "Agence \u00d4'f\u00e9minin"}, "geometry": {"type": "Polygon", "coordinates": [[[1.2265845, 6.1598405], [1.2266133, 6.1597318], [1.2268488, 6.1597934], [1.22682, 6.1599021], [1.2265845, 6.1598405]]]}}, {"type": "Feature", "properties": {"building": "yes", "name": "immeuble Euphrasie"}, "geometry": {"type": "Polygon", "coordinates": [[[1.1917569, 6.1904484], [1.1918313, 6.1902822], [1.1919071, 6.1903157], [1.1918327, 6.1904756], [1.1917569, 6.1904484]]]}}, {"type": "Feature", "properties": {"building": "yes", "name": "ETs la lumi\u00e8re vente de pieces d\u00e9tach\u00e9es"}, "geometry": {"type": "Polygon", "coordinates": [[[1.1895133, 6.1909579], [1.1896249, 6.1909974], [1.1896154, 6.1910538], [1.1894944, 6.1910237], [1.1895133, 6.1909579]]]}}, {"type": "Feature", "properties": {"building": "yes", "name": "Lingerie2Fan Shop Helena Gold"}, "geometry": {"type": "Polygon", "coordinates": [[[1.1911504, 6.1910593], [1.1910971, 6.1910382], [1.1911204, 6.1909799], [1.1911738, 6.191001], [1.1911998, 6.190936], [1.1911518, 6.1909191], [1.1911681, 6.1908775], [1.1912834, 6.190932], [1.1912135, 6.1910899], [1.1911504, 6.1910593]]]}}, {"type": "Feature", "properties": {"building": "yes", "name": "PRADEB"}, "geometry": {"type": "Polygon", "coordinates": [[[1.1872347, 6.1892341], [1.1872725, 6.1891289], [1.187401, 6.1891778], [1.1873405, 6.1892792], [1.1872347, 6.1892341]]]}}, {"type": "Feature", "properties": {"building": "yes", "name": "Mercerie FIAT"}, "geometry": {"type": "Polygon", "coordinates": [[[1.1918035, 6.1897285], [1.1918276, 6.1896661], [1.191869, 6.1896807], [1.191849, 6.1897418], [1.1918035, 6.1897285]]]}}, {"type": "Feature", "properties": {"building": "church", "name": "\u00c9glise Centre de la Mission Chr\u00e9tienne", "amenity": "place_of_worship"}, "geometry": {"type": "Polygon", "coordinates": [[[1.1882157, 6.1879011], [1.1884742, 6.1879963], [1.1883972, 6.1881495], [1.1881437, 6.1880605], [1.1882157, 6.1879011]]]}}, {"type": "Feature", "properties": {"building": "yes", "name": "Cabinet M\u00e9dicale c\u0153ur de gr\u00e2ce", "amenity": "clinic"}, "geometry": {"type": "Polygon", "coordinates": [[[1.1848641, 6.1893677], [1.1848885, 6.1892965], [1.184998, 6.1893336], [1.1849736, 6.1894047], [1.1848641, 6.1893677]]]}}, {"type": "Feature", "properties": {"building": "yes", "name": "La Casa", "amenity": "restaurant"}, "geometry": {"type": "Polygon", "coordinates": [[[1.2198602, 6.1359891], [1.2197462, 6.1359424], [1.219832, 6.1357877], [1.2199393, 6.1358424], [1.2198602, 6.1359891]]]}}, {"type": "Feature", "properties": {"building": "public", "name": "Batiment Annexe du Ministre des Travaux Publics et des Transports"}, "geometry": {"type": "Polygon", "coordinates": [[[1.2182054, 6.1272247], [1.2181836, 6.1272704], [1.2181178, 6.1272727], [1.2180869, 6.1272262], [1.2181153, 6.1271665], [1.2181809, 6.1271655], [1.218202, 6.1271987], [1.2182012, 6.1271922], [1.2181959, 6.1271508], [1.2181906, 6.1271085], [1.2181783, 6.1271082], [1.2181641, 6.1271364], [1.2181173, 6.1270743], [1.2181534, 6.127064], [1.2181487, 6.1270274], [1.2182974, 6.1270087], [1.2183443, 6.1273767], [1.218229, 6.1273909], [1.2181997, 6.1274196], [1.2181591, 6.1274026], [1.2181571, 6.1273658], [1.2181883, 6.1273444], [1.218184, 6.1273118], [1.2182159, 6.1273077], [1.2182054, 6.1272247]]]}}, {"type": "Feature", "properties": {"building": "train_station", "name": "Gare de Lom\u00e9"}, "geometry": {"type": "Polygon", "coordinates": [[[1.2197434, 6.1304838], [1.2197316, 6.1305168], [1.2197446, 6.1305214], [1.2197255, 6.1305752], [1.2196362, 6.1305439], [1.2196553, 6.13049], [1.2196662, 6.1304938], [1.2196779, 6.1304608], [1.2196575, 6.1304537], [1.2197354, 6.1302347], [1.2198487, 6.1302745], [1.2197709, 6.1304935], [1.2197434, 6.1304838]]]}}, {"type": "Feature", "properties": {"building": "yes", "name": "Magasin R\u00e9gional Cagia Et Bureau Dpaep Golfe"}, "geometry": {"type": "Polygon", "coordinates": [[[1.2124716, 6.1253512], [1.2125476, 6.1253789], [1.2124551, 6.1256378], [1.2124263, 6.1257073], [1.2124212, 6.1257211], [1.2123452, 6.1256933], [1.2124716, 6.1253512]]]}}, {"type": "Feature", "properties": {"building": "retail", "name": "Dafrimex"}, "geometry": {"type": "Polygon", "coordinates": [[[1.2097478, 6.1234602], [1.2097665, 6.1233982], [1.2098015, 6.1234087], [1.2098441, 6.1232679], [1.2098852, 6.1232802], [1.2099216, 6.1231599], [1.2100014, 6.1231838], [1.2099038, 6.1235068], [1.2097478, 6.1234602]]]}}, {"type": "Feature", "properties": {"building": "yes", "name": "H\u00f4tel MINBA"}, "geometry": {"type": "Polygon", "coordinates": [[[1.1912942, 6.1733798], [1.1912456, 6.1732782], [1.1914167, 6.1731973], [1.1914512, 6.1733067], [1.1912942, 6.1733798]]]}}, {"type": "Feature", "properties": {"building": "yes", "name": "Institut National d'Hygi\u00e8ne"}, "geometry": {"type": "Polygon", "coordinates": [[[1.2180599, 6.1259447], [1.2181716, 6.1259211], [1.2181749, 6.1259363], [1.2184541, 6.1258659], [1.218473, 6.1259598], [1.2181901, 6.1260185], [1.2181938, 6.126036], [1.2180843, 6.1260591], [1.2180599, 6.1259447]]]}}, {"type": "Feature", "properties": {"building": "yes", "name": "Ecobank", "amenity": "bank"}, "geometry": {"type": "Polygon", "coordinates": [[[1.2260994, 6.123882], [1.2262738, 6.1239699], [1.2262183, 6.1240751], [1.2263249, 6.1241374], [1.2262989, 6.1241784], [1.226281, 6.1241686], [1.2262649, 6.1241927], [1.2262263, 6.1241695], [1.2261623, 6.1242702], [1.2259663, 6.1241428], [1.2259955, 6.1240818], [1.2260012, 6.124051], [1.2260113, 6.1240239], [1.2260373, 6.123998], [1.2260994, 6.123882]]]}}, {"type": "Feature", "properties": {"building": "yes", "name": "Institut National de Formation et de Perfectionnement Professionnel"}, "geometry": {"type": "Polygon", "coordinates": [[[1.2170966, 6.1326723], [1.2173368, 6.1324997], [1.2175654, 6.1328143], [1.2173252, 6.1329868], [1.2170966, 6.1326723]]]}}, {"type": "Feature", "properties": {"building": "yes", "name": "Agence Iimmobili\u00e8re La Satisfaction de Synacito"}, "geometry": {"type": "Polygon", "coordinates": [[[1.2010934, 6.2413943], [1.2010931, 6.2414333], [1.2009668, 6.2414709], [1.2009501, 6.2414349], [1.2010934, 6.2413943]]]}}, {"type": "Feature", "properties": {"building": "yes", "name": "Eb\u00e8nisterie"}, "geometry": {"type": "Polygon", "coordinates": [[[1.2005413, 6.241609], [1.2005306, 6.2415654], [1.2005666, 6.2415567], [1.2005623, 6.2415391], [1.2006131, 6.2415267], [1.2006281, 6.2415879], [1.2005413, 6.241609]]]}}, {"type": "Feature", "properties": {"building": "yes", "name": "Centre R\u00e9gional du Volontariat", "amenity": "college"}, "geometry": {"type": "Polygon", "coordinates": [[[1.2199939, 6.1636566], [1.2200061, 6.1635809], [1.2200983, 6.1636008], [1.2200937, 6.1636218], [1.220171, 6.1636385], [1.2201567, 6.163704], [1.2200137, 6.1636794], [1.2199939, 6.1636566]]]}}, {"type": "Feature", "properties": {"building": "yes", "name": "Laboratoire d'analyse m\u00e9dicale"}, "geometry": {"type": "Polygon", "coordinates": [[[1.2104874, 6.2238231], [1.2104653, 6.2237699], [1.2105301, 6.2237434], [1.2105521, 6.2237966], [1.2104874, 6.2238231]]]}}, {"type": "Feature", "properties": {"building": "yes", "name": "Si\u00e8ge de Orabank"}, "geometry": {"type": "Polygon", "coordinates": [[[1.2137548, 6.1303664], [1.2137406, 6.1302677], [1.2137657, 6.1302641], [1.2137297, 6.1300124], [1.2140113, 6.1299726], [1.2141166, 6.1299577], [1.214162, 6.1302746], [1.2139004, 6.1303116], [1.2139052, 6.1303451], [1.2137548, 6.1303664]]]}}, {"type": "Feature", "properties": {"building": "commercial", "name": "Cyber Cafe Soft Concept", "amenity": "restaurant"}, "geometry": {"type": "Polygon", "coordinates": [[[1.208486, 6.2234166], [1.2085183, 6.2234885], [1.2084055, 6.2235386], [1.2083808, 6.2234835], [1.2084383, 6.223458], [1.2084307, 6.2234411], [1.208486, 6.2234166]]]}}, {"type": "Feature", "properties": {"building": "yes", "name": "Bloc polyvalent"}, "geometry": {"type": "Polygon", "coordinates": [[[1.2098237, 6.1843854], [1.2098941, 6.1842384], [1.2102125, 6.1843891], [1.2102754, 6.1842577], [1.209957, 6.184107], [1.2100224, 6.1839704], [1.210432, 6.1841643], [1.2104043, 6.1842223], [1.2105031, 6.1842691], [1.2104575, 6.1843642], [1.2104295, 6.1843509], [1.2103697, 6.1844758], [1.210397, 6.1844887], [1.2103503, 6.1845863], [1.2102418, 6.1845349], [1.2102229, 6.1845744], [1.2098237, 6.1843854]]]}}, {"type": "Feature", "properties": {"building": "yes", "name": "Maison OLANLO"}, "geometry": {"type": "Polygon", "coordinates": [[[1.1996594, 6.187925], [1.199651, 6.1877973], [1.1997902, 6.18778], [1.1997965, 6.1879119], [1.1996594, 6.187925]]]}}, {"type": "Feature", "properties": {"building": "yes", "name": "IPNET EXPERT"}, "geometry": {"type": "Polygon", "coordinates": [[[1.1942546, 6.2025414], [1.1942461, 6.2025268], [1.1942717, 6.2025121], [1.1942509, 6.2024763], [1.1943044, 6.2024455], [1.1943246, 6.2024803], [1.1943136, 6.2024866], [1.1943646, 6.2025743], [1.1942965, 6.2026134], [1.1942546, 6.2025414]]]}}, {"type": "Feature", "properties": {"building": "yes", "name": "GTA-C2A", "amenity": "public_building"}, "geometry": {"type": "Polygon", "coordinates": [[[1.2090371, 6.1913362], [1.2090371, 6.1913097], [1.2090136, 6.1913081], [1.2090168, 6.19128], [1.2089893, 6.19128], [1.2089942, 6.1912349], [1.2089724, 6.1912148], [1.2089546, 6.1912124], [1.2089344, 6.1911811], [1.208936, 6.1911674], [1.2089796, 6.1911377], [1.2089869, 6.1911449], [1.2090144, 6.1911208], [1.2089999, 6.1911015], [1.2090031, 6.1910613], [1.2090322, 6.1910621], [1.2090322, 6.1910372], [1.2090597, 6.1910372], [1.2090605, 6.1910115], [1.209088, 6.191009], [1.209088, 6.1909897], [1.2092319, 6.1909962], [1.2092424, 6.1910155], [1.2092271, 6.1910315], [1.2092675, 6.191034], [1.2092578, 6.1910589], [1.2092934, 6.1910629], [1.2092764, 6.1910862], [1.2093031, 6.1910951], [1.2093031, 6.191128], [1.2092796, 6.1911473], [1.2093039, 6.1911722], [1.2093112, 6.1911666], [1.2093346, 6.1911955], [1.2093686, 6.1911931], [1.2093686, 6.1912084], [1.2093249, 6.1912446], [1.209291, 6.1912446], [1.209291, 6.191284], [1.2092716, 6.1912824], [1.2092716, 6.1912976], [1.2092586, 6.1913097], [1.2092441, 6.1913065], [1.2092416, 6.1913274], [1.2092158, 6.1913282], [1.2092093, 6.1913571], [1.2091955, 6.1913571], [1.2091955, 6.1913451], [1.2090371, 6.1913362]]]}}, {"type": "Feature", "properties": {"building": "public", "name": "Soci\u00e9t\u00e9 d'administration des zones franches"}, "geometry": {"type": "Polygon", "coordinates": [[[1.2083834, 6.1889568], [1.2083789, 6.1888881], [1.2083727, 6.1887365], [1.2083972, 6.1886781], [1.2083448, 6.1886509], [1.2083739, 6.1885938], [1.2084256, 6.1886195], [1.2084773, 6.1885122], [1.2084972, 6.188522], [1.208509, 6.1884981], [1.2084891, 6.1884883], [1.2085386, 6.1883878], [1.2086701, 6.1884518], [1.2085669, 6.1886613], [1.2086037, 6.1886789], [1.2086561, 6.1886404], [1.2087758, 6.1886999], [1.2087564, 6.1887321], [1.2087609, 6.1887541], [1.2087241, 6.1888304], [1.2086949, 6.188843], [1.2086804, 6.1888671], [1.2085607, 6.1888044], [1.2085657, 6.1887547], [1.2085308, 6.188738], [1.2085115, 6.188777], [1.2085158, 6.1888826], [1.2085317, 6.188882], [1.2085335, 6.1889266], [1.2085342, 6.1889434], [1.2083834, 6.1889568]]]}}, {"type": "Feature", "properties": {"building": "public", "name": "Service des Passeports"}, "geometry": {"type": "Polygon", "coordinates": [[[1.2086533, 6.1894555], [1.2085337, 6.1893507], [1.2085894, 6.1892733], [1.2085766, 6.1892648], [1.2086128, 6.1892175], [1.2087115, 6.1892964], [1.2087184, 6.1892911], [1.2087143, 6.1892477], [1.2088126, 6.1892308], [1.2088219, 6.1892964], [1.2087586, 6.1893121], [1.2087494, 6.1893485], [1.2086533, 6.1894555]]]}}, {"type": "Feature", "properties": {"building": "yes", "name": "SALLE DE TENNIS DE TABLE"}, "geometry": {"type": "Polygon", "coordinates": [[[1.2289062, 6.1523481], [1.2287518, 6.152175], [1.2288314, 6.1521048], [1.2288731, 6.1521516], [1.2289184, 6.1521126], [1.2288581, 6.1520433], [1.2290853, 6.151848], [1.229257, 6.1520453], [1.2290298, 6.1522407], [1.2289701, 6.1521721], [1.2289256, 6.1522104], [1.2289858, 6.1522779], [1.2289062, 6.1523481]]]}}, {"type": "Feature", "properties": {"building": "hotel", "name": "H\u00f4tel 2 F\u00e9vrier"}, "geometry": {"type": "Polygon", "coordinates": [[[1.2150597, 6.1289754], [1.2149363, 6.129107], [1.2147423, 6.1289608], [1.2145987, 6.1287604], [1.2149218, 6.1285397], [1.2148774, 6.1284907], [1.2147946, 6.1285597], [1.214593, 6.1283897], [1.2145062, 6.1281865], [1.2147184, 6.1280238], [1.214919, 6.1281768], [1.2149864, 6.1283866], [1.2149281, 6.1284463], [1.2149745, 6.128499], [1.2151231, 6.1283348], [1.215301, 6.1285048], [1.215323, 6.128488], [1.2153354, 6.1285046], [1.2153523, 6.1284929], [1.2154542, 6.1287109], [1.2152969, 6.1287885], [1.2151946, 6.1288587], [1.2151464, 6.1288997], [1.2150597, 6.1289754]]]}}, {"type": "Feature", "properties": {"building": "yes", "name": "VVIP La Pr\u00e9sidence Snake Bar"}, "geometry": {"type": "Polygon", "coordinates": [[[1.1719001, 6.1821622], [1.1718395, 6.1820224], [1.1718981, 6.1819973], [1.1719174, 6.1820419], [1.1719915, 6.1820101], [1.1720329, 6.1821055], [1.1719872, 6.1821251], [1.171958, 6.1821374], [1.1719001, 6.1821622]]]}}, {"type": "Feature", "properties": {"building": "yes", "name": "K & G Technologie"}, "geometry": {"type": "Polygon", "coordinates": [[[1.1986706, 6.1733026], [1.1986927, 6.1732304], [1.1987409, 6.1732451], [1.1987187, 6.1733172], [1.1986706, 6.1733026]]]}}, {"type": "Feature", "properties": {"building": "yes", "name": "christoms"}, "geometry": {"type": "Polygon", "coordinates": [[[1.1972149, 6.1763711], [1.1970555, 6.1762988], [1.1970962, 6.1762102], [1.1971116, 6.1762173], [1.1971273, 6.1761832], [1.197156, 6.1761962], [1.1971899, 6.1761224], [1.1973051, 6.1761747], [1.1972149, 6.1763711]]]}}, {"type": "Feature", "properties": {"building": "yes", "name": "NTCI"}, "geometry": {"type": "Polygon", "coordinates": [[[1.2055866, 6.1672255], [1.2056404, 6.1671314], [1.2057002, 6.1671652], [1.2056463, 6.1672593], [1.2055866, 6.1672255]]]}}, {"type": "Feature", "properties": {"building": "yes", "name": "Cyber NTIC LAND"}, "geometry": {"type": "Polygon", "coordinates": [[[1.2033797, 6.1824157], [1.2033755, 6.1823521], [1.2034144, 6.182351], [1.2034186, 6.1824157], [1.2033797, 6.1824157]]]}}, {"type": "Feature", "properties": {"building": "yes", "name": "Goodly production"}, "geometry": {"type": "Polygon", "coordinates": [[[1.2023336, 6.1798766], [1.2023408, 6.1799332], [1.2022859, 6.1799395], [1.2022796, 6.1798815], [1.2023336, 6.1798766]]]}}, {"type": "Feature", "properties": {"building": "yes", "name": "ETS Echange de Devise"}, "geometry": {"type": "Polygon", "coordinates": [[[1.1967339, 6.1781264], [1.1968064, 6.1781068], [1.1968243, 6.178277], [1.1967539, 6.1782863], [1.1967441, 6.1781992], [1.1967339, 6.1781264]]]}}, {"type": "Feature", "properties": {"building": "yes", "name": "Salle de Classe"}, "geometry": {"type": "Polygon", "coordinates": [[[1.2747458, 6.174505], [1.2747576, 6.1745845], [1.2744319, 6.1746322], [1.2744201, 6.1745527], [1.2747458, 6.174505]]]}}, {"type": "Feature", "properties": {"building": "yes", "name": "Cybercaf\u00e9 Chez Navi"}, "geometry": {"type": "Polygon", "coordinates": [[[1.2062411, 6.2267771], [1.2063333, 6.2267494], [1.2063592, 6.2268269], [1.2062704, 6.2268477], [1.2062411, 6.2267771]]]}}, {"type": "Feature", "properties": {"building": "yes", "name": "Communaut\u00e9 El\u00e9ctrique du B\u00e9nin"}, "geometry": {"type": "Polygon", "coordinates": [[[1.2113221, 6.125985], [1.2112968, 6.1259748], [1.2113672, 6.1258009], [1.2113828, 6.1257624], [1.2115251, 6.1258194], [1.2115374, 6.1257891], [1.2116307, 6.1258265], [1.2116202, 6.1258525], [1.2117805, 6.1259166], [1.2116927, 6.1261334], [1.2116371, 6.1261111], [1.2113221, 6.125985]]]}}, {"type": "Feature", "properties": {"building": "yes", "name": "Poste 9"}, "geometry": {"type": "Polygon", "coordinates": [[[1.1994919, 6.1234884], [1.199551, 6.1234896], [1.1995495, 6.1235669], [1.1994904, 6.1235658], [1.1994919, 6.1234884]]]}}, {"type": "Feature", "properties": {"building": "yes", "name": "AIPAC"}, "geometry": {"type": "Polygon", "coordinates": [[[1.2053972, 6.1478224], [1.2054316, 6.1477835], [1.2054674, 6.1478147], [1.2054492, 6.1478353], [1.2054337, 6.1478218], [1.2054176, 6.1478401], [1.2053972, 6.1478224]]]}}, {"type": "Feature", "properties": {"building": "yes", "name": "CIFOD ou la passion de l'excellence"}, "geometry": {"type": "Polygon", "coordinates": [[[1.2051463, 6.148094], [1.2051867, 6.1480479], [1.2051974, 6.1480572], [1.2052534, 6.1479936], [1.2052815, 6.148018], [1.2052927, 6.1480053], [1.2053221, 6.1480308], [1.2053109, 6.1480436], [1.2053797, 6.1481033], [1.2052833, 6.148213], [1.2051463, 6.148094]]]}}, {"type": "Feature", "properties": {"building": "yes", "name": "Empreinte BTS et immobilier"}, "geometry": {"type": "Polygon", "coordinates": [[[1.2056105, 6.1475121], [1.2055285, 6.1474409], [1.2055807, 6.1473814], [1.2056627, 6.1474525], [1.2056105, 6.1475121]]]}}, {"type": "Feature", "properties": {"building": "yes", "name": "Optique \u00e0 Dieu la Gloire", "amenity": "doctors"}, "geometry": {"type": "Polygon", "coordinates": [[[1.211044, 6.1483382], [1.2110546, 6.1481698], [1.2112393, 6.1481815], [1.2112282, 6.1483499], [1.211044, 6.1483382]]]}}, {"type": "Feature", "properties": {"building": "yes", "name": "Technosys Afrique"}, "geometry": {"type": "Polygon", "coordinates": [[[1.2058634, 6.1473232], [1.2057876, 6.1474005], [1.2056734, 6.1472896], [1.2057493, 6.1472122], [1.2058634, 6.1473232]]]}}, {"type": "Feature", "properties": {"building": "government", "name": "Cit\u00e9 B"}, "geometry": {"type": "Polygon", "coordinates": [[[1.2154239, 6.1682941], [1.2154149, 6.1682866], [1.2154153, 6.1682703], [1.2154378, 6.168251], [1.2154325, 6.1682434], [1.2154411, 6.1682353], [1.215432, 6.1682207], [1.215479, 6.1681914], [1.2154872, 6.1682059], [1.2154965, 6.1682002], [1.2154885, 6.1681874], [1.2155366, 6.1681556], [1.2155447, 6.1681712], [1.2155527, 6.1681661], [1.2155442, 6.1681515], [1.2155941, 6.1681218], [1.2156042, 6.168135], [1.21561, 6.1681314], [1.2156006, 6.1681163], [1.2156482, 6.1680853], [1.215659, 6.1681001], [1.2156678, 6.168094], [1.2156587, 6.1680798], [1.2156726, 6.1680695], [1.2156638, 6.1680562], [1.2156627, 6.1680447], [1.2156667, 6.1680311], [1.2156792, 6.1680248], [1.2156938, 6.1680262], [1.2157039, 6.1680314], [1.2157121, 6.1680418], [1.2157318, 6.1680318], [1.2157394, 6.1680471], [1.2157492, 6.1680422], [1.2157423, 6.1680279], [1.2157882, 6.1679988], [1.2157972, 6.1680134], [1.2158059, 6.1680077], [1.2157978, 6.1679924], [1.2158429, 6.1679638], [1.2158516, 6.167978], [1.2158628, 6.1679713], [1.2158541, 6.1679563], [1.2159034, 6.1679243], [1.2159133, 6.1679403], [1.2159211, 6.1679351], [1.2159121, 6.1679202], [1.2159479, 6.1678937], [1.2159758, 6.1678966], [1.2159935, 6.1678886], [1.2160033, 6.1678846], [1.2160126, 6.1678786], [1.2160183, 6.1678763], [1.2160301, 6.1678836], [1.2160375, 6.1678863], [1.2160475, 6.1678843], [1.2160589, 6.167897], [1.2160606, 6.1679106], [1.2160455, 6.167927], [1.2160396, 6.1679231], [1.2160313, 6.1679188], [1.2160212, 6.1679835], [1.2157824, 6.1681325], [1.2157876, 6.1681463], [1.2157872, 6.1681513], [1.2157864, 6.1681596], [1.2157806, 6.1681677], [1.2157655, 6.168177], [1.2157545, 6.1681784], [1.2157452, 6.1681775], [1.2157388, 6.1681746], [1.2157292, 6.1681614], [1.2154877, 6.1683118], [1.2154631, 6.1682831], [1.2154427, 6.168293], [1.2154239, 6.1682941]]]}}, {"type": "Feature", "properties": {"building": "yes", "name": "Cit\u00e9 C"}, "geometry": {"type": "Polygon", "coordinates": [[[1.2145991, 6.1687662], [1.2148523, 6.1686017], [1.2148468, 6.1685954], [1.2148427, 6.168585], [1.2148432, 6.1685697], [1.2148563, 6.1685584], [1.2148686, 6.1685584], [1.2148863, 6.1685683], [1.2148931, 6.168576], [1.2149008, 6.168576], [1.2152058, 6.1683911], [1.2152629, 6.1684732], [1.2149599, 6.1686645], [1.2149662, 6.1686726], [1.2149721, 6.1686821], [1.2149703, 6.168692], [1.2149594, 6.1687015], [1.2149467, 6.1687028], [1.214934, 6.1686956], [1.214924, 6.1686857], [1.2146527, 6.168856], [1.2145991, 6.1687662]]]}}, {"type": "Feature", "properties": {"building": "yes", "name": "Total"}, "geometry": {"type": "Polygon", "coordinates": [[[1.207968, 6.2019185], [1.2079645, 6.2020694], [1.2078788, 6.2020674], [1.2078823, 6.2019166], [1.207968, 6.2019185]]]}}, {"type": "Feature", "properties": {"building": "yes", "name": "Agora Senghor"}, "geometry": {"type": "Polygon", "coordinates": [[[1.2345447, 6.1485456], [1.2344668, 6.1487772], [1.234225, 6.1486968], [1.234303, 6.1484652], [1.2345447, 6.1485456]]]}}, {"type": "Feature", "properties": {"building": "yes", "name": "COPMA"}, "geometry": {"type": "Polygon", "coordinates": [[[1.2540878, 6.1580148], [1.2541995, 6.1577582], [1.2542789, 6.1577923], [1.2541672, 6.158049], [1.2540878, 6.1580148]]]}}, {"type": "Feature", "properties": {"building": "yes", "name": "BGB"}, "geometry": {"type": "Polygon", "coordinates": [[[1.2707789, 6.1697687], [1.2707694, 6.1695406], [1.2708432, 6.1695376], [1.2708527, 6.1697657], [1.2707789, 6.1697687]]]}}, {"type": "Feature", "properties": {"building": "church", "name": "Saint Dominique Savio", "amenity": "place_of_worship"}, "geometry": {"type": "Polygon", "coordinates": [[[1.2749516, 6.1604872], [1.2751578, 6.1604701], [1.2751847, 6.1607905], [1.2749784, 6.1608076], [1.2749516, 6.1604872]]]}}, {"type": "Feature", "properties": {"building": "yes", "name": "College chr\u00e9tien La Redemption", "amenity": "school"}, "geometry": {"type": "Polygon", "coordinates": [[[1.2011624, 6.1754196], [1.201156, 6.1753787], [1.2012529, 6.1753637], [1.2012593, 6.1754046], [1.2011624, 6.1754196]]]}}, {"type": "Feature", "properties": {"building": "yes", "name": "Ecole Priv\u00e9e \"Les ANGES\"", "amenity": "school"}, "geometry": {"type": "Polygon", "coordinates": [[[1.2054589, 6.1725976], [1.2054456, 6.172551], [1.2055123, 6.1725322], [1.2055256, 6.1725789], [1.2054589, 6.1725976]]]}}, {"type": "Feature", "properties": {"building": "yes", "name": "Direction technique du Port Autonome de Lom\u00e9"}, "geometry": {"type": "Polygon", "coordinates": [[[1.2783023, 6.142074], [1.2784091, 6.1421613], [1.2776306, 6.1431031], [1.2775237, 6.1430157], [1.2783023, 6.142074]]]}}, {"type": "Feature", "properties": {"building": "yes", "name": "ECOBANK Ago\u00e9-Nyiv\u00e9", "amenity": "bank"}, "geometry": {"type": "Polygon", "coordinates": [[[1.2093288, 6.2171125], [1.2093165, 6.2170318], [1.2093998, 6.2170192], [1.2094122, 6.2170998], [1.2093288, 6.2171125]]]}}, {"type": "Feature", "properties": {"building": "yes", "name": "CNTS", "amenity": "doctors"}, "geometry": {"type": "Polygon", "coordinates": [[[1.2176124, 6.1593356], [1.2177192, 6.1593365], [1.2177227, 6.1594245], [1.2177742, 6.1594501], [1.2177957, 6.1595056], [1.2178669, 6.1595077], [1.2178651, 6.1596201], [1.2176822, 6.1596145], [1.2176686, 6.1595764], [1.2176408, 6.1595411], [1.2176152, 6.1595256], [1.2176124, 6.1593356]]]}}, {"type": "Feature", "properties": {"building": "yes", "name": "La Poste", "amenity": "post_office"}, "geometry": {"type": "Polygon", "coordinates": [[[1.2157679, 6.1632417], [1.2156682, 6.1632172], [1.2157051, 6.1630686], [1.2158049, 6.1630931], [1.2157679, 6.1632417]]]}}, {"type": "Feature", "properties": {"building": "yes", "name": "Utb Agence Campus", "amenity": "bank"}, "geometry": {"type": "Polygon", "coordinates": [[[1.2132442, 6.1628554], [1.213296, 6.1628674], [1.2132613, 6.163016], [1.2132094, 6.163004], [1.2132442, 6.1628554]]]}}, {"type": "Feature", "properties": {"building": "yes", "name": "Cyber caf\u00e9 la Saintete"}, "geometry": {"type": "Polygon", "coordinates": [[[1.2031944, 6.1672288], [1.203224, 6.1671816], [1.2032878, 6.1672212], [1.2032582, 6.1672684], [1.2031944, 6.1672288]]]}}, {"type": "Feature", "properties": {"building": "yes", "name": "Cyber caf\u00e9 Main de Dieu"}, "geometry": {"type": "Polygon", "coordinates": [[[1.2064008, 6.1641259], [1.2063698, 6.1641102], [1.2063905, 6.1640697], [1.2064215, 6.1640854], [1.2064008, 6.1641259]]]}}, {"type": "Feature", "properties": {"building": "yes", "name": "Cyber Caf\u00e9 Mediath\u00e9que"}, "geometry": {"type": "Polygon", "coordinates": [[[1.2167457, 6.1606871], [1.216772, 6.1605543], [1.2169665, 6.1605923], [1.2169402, 6.1607252], [1.2167457, 6.1606871]]]}}, {"type": "Feature", "properties": {"building": "yes", "name": "Chez Yaovi (Portail couleur beige)"}, "geometry": {"type": "Polygon", "coordinates": [[[1.1934177, 6.2212312], [1.1934753, 6.2212356], [1.1934664, 6.2213508], [1.193581, 6.2213596], [1.1935763, 6.2214205], [1.1934041, 6.2214074], [1.1934177, 6.2212312]]]}}, {"type": "Feature", "properties": {"building": "commercial", "name": "ANPE"}, "geometry": {"type": "Polygon", "coordinates": [[[1.2094658, 6.1278825], [1.2094626, 6.1277459], [1.209576, 6.1277433], [1.2095792, 6.1278799], [1.2094658, 6.1278825]]]}}, {"type": "Feature", "properties": {"building": "yes", "name": "\u00d6 Kabou"}, "geometry": {"type": "Polygon", "coordinates": [[[1.2170724, 6.1594863], [1.2170611, 6.1592803], [1.2171782, 6.1592739], [1.2171896, 6.1594799], [1.2170724, 6.1594863]]]}}, {"type": "Feature", "properties": {"building": "yes", "name": "NETIS HOLDING TOGO NHTG", "height": "5"}, "geometry": {"type": "Polygon", "coordinates": [[[1.2937319, 6.1572328], [1.2938565, 6.1572683], [1.2937782, 6.1575506], [1.2938236, 6.1575672], [1.293746, 6.1578281], [1.2935764, 6.1577839], [1.2935888, 6.1577486], [1.2937319, 6.1572328]]]}}, {"type": "Feature", "properties": {"building": "office", "name": "Banque Ouest Africaine de D\u00e9veloppement"}, "geometry": {"type": "Polygon", "coordinates": [[[1.22285, 6.13609], [1.2228977, 6.1360365], [1.2229795, 6.1360392], [1.223065, 6.1361134], [1.2230715, 6.1361238], [1.2230805, 6.1361322], [1.2230885, 6.1361368], [1.2230972, 6.1361398], [1.2231106, 6.1361409], [1.2231237, 6.1361383], [1.2231356, 6.136132], [1.2231435, 6.1361248], [1.2231495, 6.1361161], [1.2231543, 6.1361017], [1.2231543, 6.1360866], [1.2231491, 6.1360716], [1.2231392, 6.1360592], [1.2231272, 6.1360515], [1.2231149, 6.1360437], [1.2231226, 6.1360456], [1.2231305, 6.1360454], [1.2231387, 6.136043], [1.2231458, 6.1360386], [1.2231513, 6.1360324], [1.2231552, 6.1360245], [1.2231567, 6.1360158], [1.2231556, 6.1360072], [1.2231522, 6.1359993], [1.2231467, 6.1359927], [1.2231669, 6.136005], [1.2232187, 6.1359525], [1.2232862, 6.1360183], [1.2232288, 6.1360765], [1.2232446, 6.1360919], [1.2231296, 6.1362084], [1.2230911, 6.1361751], [1.223034, 6.1362287], [1.2230285, 6.1362199], [1.2230205, 6.1362133], [1.2230108, 6.1362094], [1.2230001, 6.1362089], [1.2229897, 6.1362119], [1.222933, 6.1361623], [1.22285, 6.13609]]]}}, {"type": "Feature", "properties": {"building": "parking", "amenity": "parking"}, "geometry": {"type": "Polygon", "coordinates": [[[1.222942, 6.1357093], [1.2227816, 6.1358735], [1.2227488, 6.1358419], [1.2229092, 6.1356776], [1.222942, 6.1357093]]]}}, {"type": "Feature", "properties": {"building": "yes", "name": "Batiment BSIC"}, "geometry": {"type": "Polygon", "coordinates": [[[1.2228384, 6.1350905], [1.2232226, 6.1350988], [1.2232303, 6.1350903], [1.2234028, 6.1352445], [1.2233171, 6.1353208], [1.2232206, 6.1352431], [1.2231935, 6.1352314], [1.2231014, 6.135223], [1.2228343, 6.1352268], [1.2228377, 6.1351153], [1.2228384, 6.1350905]]]}}, {"type": "Feature", "properties": {"building": "yes", "name": "Repr\u00e9sentation du Canton de Sagbado"}, "geometry": {"type": "Polygon", "coordinates": [[[1.136097, 6.1900945], [1.1363226, 6.1900373], [1.1363498, 6.1901431], [1.1361579, 6.1901918], [1.1361633, 6.1902131], [1.1361296, 6.1902216], [1.136097, 6.1900945]]]}}, {"type": "Feature", "properties": {"building": "yes", "name": "EBID / BIDC"}, "geometry": {"type": "Polygon", "coordinates": [[[1.2241298, 6.1363497], [1.2240047, 6.1363049], [1.2240682, 6.1361784], [1.2241682, 6.1360779], [1.2242948, 6.1360135], [1.2243646, 6.135997], [1.2244352, 6.1359915], [1.2245072, 6.1359996], [1.2245755, 6.1360143], [1.2246426, 6.1360445], [1.2247017, 6.1360795], [1.2248011, 6.1361805], [1.2248638, 6.1363074], [1.2247103, 6.1363459], [1.2246474, 6.136369], [1.2246426, 6.1364184], [1.2246207, 6.1364517], [1.2245794, 6.1364748], [1.2245265, 6.1364915], [1.2243665, 6.1364876], [1.2242814, 6.1364568], [1.2242272, 6.1364235], [1.2242079, 6.1364017], [1.2242253, 6.1363715], [1.2243001, 6.1363683], [1.2243001, 6.1363825], [1.2243698, 6.1363773], [1.2243717, 6.1363972], [1.2244131, 6.1363969], [1.2242046, 6.136242], [1.2241952, 6.1362325], [1.2241693, 6.1362604], [1.2241298, 6.1363497]]]}}, {"type": "Feature", "properties": {"building": "church", "name": "\u00c9glise Saint-Augustin"}, "geometry": {"type": "Polygon", "coordinates": [[[1.2296108, 6.1350496], [1.2296184, 6.1350992], [1.2294658, 6.1351222], [1.2294583, 6.1350725], [1.2292431, 6.1351049], [1.2291891, 6.135113], [1.2291797, 6.1350509], [1.229171, 6.1349942], [1.2291635, 6.1349444], [1.229155, 6.1348885], [1.229209, 6.1348804], [1.2294241, 6.134848], [1.2294175, 6.1348041], [1.22957, 6.1347812], [1.2295767, 6.1348251], [1.2297809, 6.1347944], [1.2297897, 6.1348518], [1.2298151, 6.1350189], [1.2296108, 6.1350496]]]}}, {"type": "Feature", "properties": {"building": "yes", "name": "UTB", "amenity": "bank"}, "geometry": {"type": "Polygon", "coordinates": [[[1.2232092, 6.1707677], [1.2231804, 6.1707148], [1.2233055, 6.1706476], [1.2233343, 6.1707006], [1.2232092, 6.1707677]]]}}, {"type": "Feature", "properties": {"building": "yes", "name": "Ecobank"}, "geometry": {"type": "Polygon", "coordinates": [[[1.2144081, 6.1690397], [1.2144083, 6.1690905], [1.2143956, 6.1690905], [1.2143956, 6.1691046], [1.2143957, 6.1691214], [1.2144097, 6.1691213], [1.2144099, 6.1691888], [1.2143323, 6.1691891], [1.214259, 6.1691893], [1.2142588, 6.1691424], [1.2142427, 6.1691424], [1.2142425, 6.1690943], [1.2142594, 6.1690943], [1.2142592, 6.1690409], [1.2142879, 6.1690408], [1.2142879, 6.1690283], [1.2143157, 6.1690282], [1.2143157, 6.1690205], [1.2143157, 6.1690112], [1.2143304, 6.1690112], [1.2143432, 6.1690112], [1.2143432, 6.1690231], [1.2143433, 6.1690399], [1.2144081, 6.1690397]]]}}, {"type": "Feature", "properties": {"building": "roof", "name": "Station service TOTAL"}, "geometry": {"type": "Polygon", "coordinates": [[[1.2090366, 6.1918746], [1.209117, 6.1918833], [1.2091135, 6.1919159], [1.2091077, 6.1919687], [1.2091024, 6.192017], [1.2090991, 6.1920472], [1.2090187, 6.1920385], [1.209022, 6.1920083], [1.2090273, 6.19196], [1.209033, 6.1919072], [1.2090366, 6.1918746]]]}}, {"type": "Feature", "properties": {"building": "yes", "name": "Draep Maritme Dsp"}, "geometry": {"type": "Polygon", "coordinates": [[[1.2125118, 6.125744], [1.2125494, 6.1256346], [1.2125789, 6.125632], [1.2126004, 6.125568], [1.2129316, 6.1257026], [1.2128686, 6.1258773], [1.2125118, 6.125744]]]}}, {"type": "Feature", "properties": {"building": "yes", "name": "Entrepot"}, "geometry": {"type": "Polygon", "coordinates": [[[1.2102578, 6.1228743], [1.2103189, 6.1226685], [1.2103744, 6.1226848], [1.2103133, 6.1228906], [1.2102578, 6.1228743]]]}}, {"type": "Feature", "properties": {"building": "yes", "name": "Direction Cagia"}, "geometry": {"type": "Polygon", "coordinates": [[[1.2120153, 6.1631051], [1.2119359, 6.1630851], [1.2119483, 6.1630366], [1.211877, 6.1630187], [1.211889, 6.1629717], [1.2119126, 6.1629776], [1.2119252, 6.1629284], [1.2120522, 6.1629604], [1.2120481, 6.1629762], [1.2120153, 6.1631051]]]}}, {"type": "Feature", "properties": {"building": "yes", "name": "Cabinet du MAEP"}, "geometry": {"type": "Polygon", "coordinates": [[[1.2143416, 6.1237712], [1.2145753, 6.1236907], [1.2146065, 6.1237802], [1.2145546, 6.1237981], [1.2145607, 6.1238155], [1.2143789, 6.1238781], [1.2143416, 6.1237712]]]}}, {"type": "Feature", "properties": {"building": "yes", "name": "DRH DAF"}, "geometry": {"type": "Polygon", "coordinates": [[[1.2145528, 6.1236539], [1.2145996, 6.123619], [1.2149158, 6.1240383], [1.214846, 6.12408], [1.2148113, 6.1240425], [1.2148208, 6.124034], [1.2148107, 6.1240239], [1.214823, 6.1240127], [1.2145528, 6.1236539]]]}}, {"type": "Feature", "properties": {"building": "yes", "name": "W\u0254\u025bLab Lom\u00e9"}, "geometry": {"type": "Polygon", "coordinates": [[[1.2084109, 6.1647227], [1.2083376, 6.1648476], [1.2082692, 6.1648079], [1.2081667, 6.1647485], [1.2082145, 6.1646671], [1.2082904, 6.1647111], [1.2083159, 6.1646676], [1.2084109, 6.1647227]]]}}, {"type": "Feature", "properties": {"building": "residential", "name": "Maison Agbodjinou"}, "geometry": {"type": "Polygon", "coordinates": [[[1.2033017, 6.1286333], [1.2032945, 6.1287246], [1.2031508, 6.1287134], [1.203158, 6.1286221], [1.2033017, 6.1286333]]]}}, {"type": "Feature", "properties": {"building": "office", "name": "Sg B\u00e2timent Cod"}, "geometry": {"type": "Polygon", "coordinates": [[[1.2133998, 6.1233975], [1.2135193, 6.1232467], [1.2135687, 6.1232912], [1.2135094, 6.1233583], [1.2138556, 6.1235318], [1.2138176, 6.1236069], [1.2133998, 6.1233975]]]}}, {"type": "Feature", "properties": {"building": "yes", "name": "Dppse Dfdtopa"}, "geometry": {"type": "Polygon", "coordinates": [[[1.2138391, 6.1231817], [1.2138062, 6.1231353], [1.214066, 6.1229533], [1.2140988, 6.1229997], [1.2138391, 6.1231817]]]}}, {"type": "Feature", "properties": {"building": "yes", "name": "Secr\u00e9tariat G\u00e9n\u00e9ral Maep"}, "geometry": {"type": "Polygon", "coordinates": [[[1.2137721, 6.1232512], [1.2138178, 6.1232174], [1.2138385, 6.123245], [1.2140214, 6.1231095], [1.2140521, 6.1231505], [1.2138235, 6.1233198], [1.2137721, 6.1232512]]]}}, {"type": "Feature", "properties": {"building": "office", "name": "Secr\u00e9tariat G\u00e9n\u00e9ral MAEP et ProDRA I"}, "geometry": {"type": "Polygon", "coordinates": [[[1.2138338, 6.1234425], [1.2139289, 6.1233702], [1.2139039, 6.1233378], [1.2138919, 6.1233222], [1.213937, 6.1232878], [1.2139742, 6.1233361], [1.2141323, 6.1232157], [1.2141962, 6.1232986], [1.213898, 6.1235258], [1.2138338, 6.1234425]]]}}, {"type": "Feature", "properties": {"building": "yes", "name": "Dppse Maep"}, "geometry": {"type": "Polygon", "coordinates": [[[1.2135344, 6.1233326], [1.2136655, 6.1232388], [1.2137028, 6.1232904], [1.2135717, 6.1233842], [1.2135344, 6.1233326]]]}}, {"type": "Feature", "properties": {"building": "yes", "name": "Eglise Yesu l\u00e9 agb\u00e9", "amenity": "place_of_worship"}, "geometry": {"type": "Polygon", "coordinates": [[[1.2091612, 6.1648797], [1.2091784, 6.1646792], [1.2092663, 6.1646878], [1.2092458, 6.1648878], [1.2092238, 6.1648857], [1.2091612, 6.1648797]]]}}, {"type": "Feature", "properties": {"building": "yes", "name": "Eglise catholique N\u00f4tre Dame de la R\u00e9demption (NDR) de B\u00e8-Klikam\u00e9", "amenity": "place_of_worship"}, "geometry": {"type": "Polygon", "coordinates": [[[1.2046802, 6.1703186], [1.2044958, 6.1703322], [1.2044133, 6.1702817], [1.2043672, 6.1702519], [1.2043491, 6.1702397], [1.2043664, 6.1702064], [1.2043433, 6.170193], [1.204352, 6.1701759], [1.2043184, 6.1701616], [1.2043635, 6.1700701], [1.2043433, 6.1700577], [1.2043655, 6.1700175], [1.2043865, 6.1699795], [1.2044124, 6.169989], [1.2044622, 6.169907], [1.204492, 6.1699223], [1.2045016, 6.1699042], [1.2045274, 6.1699185], [1.204538, 6.1698985], [1.2047173, 6.1699947], [1.2047844, 6.1701473], [1.2046802, 6.1703186]]]}}, {"type": "Feature", "properties": {"building": "house", "name": "Maison FUMEY Eko Joseph"}, "geometry": {"type": "Polygon", "coordinates": [[[1.2197659, 6.1504485], [1.2197961, 6.150191], [1.2198428, 6.1501965], [1.2198498, 6.1501973], [1.2199652, 6.1502106], [1.2199351, 6.1504681], [1.2197659, 6.1504485]]]}}, {"type": "Feature", "properties": {"building": "house", "name": "maisson AMEMASSO.A."}, "geometry": {"type": "Polygon", "coordinates": [[[1.2426263, 6.2178321], [1.2425387, 6.2179358], [1.2424018, 6.2178214], [1.2424894, 6.2177177], [1.2426263, 6.2178321]]]}}, {"type": "Feature", "properties": {"building": "church", "name": "\u00c9glise adventiste du septi\u00e8me jour", "amenity": "place_of_worship"}, "geometry": {"type": "Polygon", "coordinates": [[[1.173158, 6.1796038], [1.1730541, 6.1794143], [1.1730516, 6.1794022], [1.1730485, 6.1793931], [1.1730429, 6.1793835], [1.1730789, 6.1793604], [1.1730734, 6.1793483], [1.1731089, 6.1793256], [1.1731154, 6.1793402], [1.1731499, 6.1793205], [1.1731651, 6.1793437], [1.1731753, 6.1793457], [1.1732832, 6.1795347], [1.1732097, 6.17957], [1.173158, 6.1796038]]]}}, {"type": "Feature", "properties": {"building": "commercial", "name": "Ex Immeuble Air Burkina"}, "geometry": {"type": "Polygon", "coordinates": [[[1.234564, 6.1683307], [1.2345674, 6.168596], [1.2345419, 6.168612], [1.2343696, 6.1685607], [1.2343702, 6.1684634], [1.2343997, 6.1684634], [1.2344004, 6.1684], [1.2344172, 6.1684007], [1.2344172, 6.1683314], [1.234564, 6.1683307]]]}}, {"type": "Feature", "properties": {"building": "school", "name": "Complexe scolaire Le Grand Max"}, "geometry": {"type": "Polygon", "coordinates": [[[1.1749237, 6.1750082], [1.174875, 6.1746461], [1.1749809, 6.174632], [1.1750296, 6.1749941], [1.1749237, 6.1750082]]]}}, {"type": "Feature", "properties": {"building": "yes", "name": "March\u00e9 Av\u00e9ta", "amenity": "marketplace"}, "geometry": {"type": "Polygon", "coordinates": [[[1.28478, 6.2624963], [1.2848434, 6.2626931], [1.2847555, 6.2626864], [1.2846481, 6.2626858], [1.2846002, 6.2625427], [1.28478, 6.2624963]]]}}, {"type": "Feature", "properties": {"building": "roof", "name": "Total"}, "geometry": {"type": "Polygon", "coordinates": [[[1.2365643, 6.1276465], [1.2366015, 6.127497], [1.2366621, 6.1275119], [1.2366249, 6.1276614], [1.2365643, 6.1276465]]]}}, {"type": "Feature", "properties": {"building": "yes", "name": "Star Librairie"}, "geometry": {"type": "Polygon", "coordinates": [[[1.2350242, 6.1276452], [1.2347533, 6.127647], [1.2347869, 6.1274323], [1.2350309, 6.1274892], [1.2350242, 6.1276452]]]}}, {"type": "Feature", "properties": {"building": "yes", "name": "Boutique Peugeot"}, "geometry": {"type": "Polygon", "coordinates": [[[1.2351114, 6.1278057], [1.2350577, 6.1279684], [1.2348364, 6.127891], [1.23487, 6.1277897], [1.2351114, 6.1278057]]]}}, {"type": "Feature", "properties": {"building": "yes", "name": "H\u00f4tel Agni nefa"}, "geometry": {"type": "Polygon", "coordinates": [[[1.2367604, 6.1292695], [1.2368695, 6.1293079], [1.2368058, 6.1294868], [1.2366605, 6.1294356], [1.2366916, 6.1293484], [1.2367278, 6.129361], [1.2367604, 6.1292695]]]}}, {"type": "Feature", "properties": {"building": "yes", "name": "Moto Apsonic"}, "geometry": {"type": "Polygon", "coordinates": [[[1.2370557, 6.1294388], [1.2370765, 6.1293711], [1.2372866, 6.129435], [1.2372658, 6.1295028], [1.2370557, 6.1294388]]]}}, {"type": "Feature", "properties": {"building": "retail", "name": "La Roche Togo"}, "geometry": {"type": "Polygon", "coordinates": [[[1.2377902, 6.1287722], [1.2378487, 6.1285964], [1.2379738, 6.1286374], [1.2379948, 6.1286439], [1.2379822, 6.1286816], [1.2380012, 6.1286874], [1.2380157, 6.128641], [1.2380451, 6.1286501], [1.2379864, 6.128836], [1.2379001, 6.128808], [1.2379098, 6.1287786], [1.2378916, 6.1287727], [1.2378819, 6.128802], [1.2377902, 6.1287722]]]}}, {"type": "Feature", "properties": {"building": "yes", "name": "Golden Crew Restaurant Chinois", "amenity": "restaurant"}, "geometry": {"type": "Polygon", "coordinates": [[[1.2384788, 6.1283829], [1.2385075, 6.1282952], [1.238665, 6.128346], [1.2386363, 6.1284337], [1.2384788, 6.1283829]]]}}, {"type": "Feature", "properties": {"building": "hotel", "name": "H\u00f4tel Santa Maria"}, "geometry": {"type": "Polygon", "coordinates": [[[1.238525, 6.1288436], [1.2386026, 6.1286089], [1.2386415, 6.1286256], [1.2386636, 6.1285673], [1.2387016, 6.1285815], [1.2387112, 6.1285642], [1.2387682, 6.1285847], [1.2387602, 6.1286067], [1.2388062, 6.128624], [1.2387903, 6.1286713], [1.238822, 6.1286807], [1.2387888, 6.1287673], [1.2388204, 6.1287847], [1.2387967, 6.1288492], [1.2387555, 6.1288335], [1.2387207, 6.1289248], [1.2386953, 6.1289138], [1.2386842, 6.1289469], [1.2386478, 6.1289343], [1.2386415, 6.1289484], [1.2386019, 6.1289374], [1.2386066, 6.1289201], [1.2385544, 6.1289043], [1.2385718, 6.1288618], [1.238525, 6.1288436]]]}}, {"type": "Feature", "properties": {"building": "retail", "name": "Togo Pneu"}, "geometry": {"type": "Polygon", "coordinates": [[[1.2389282, 6.1284739], [1.2389403, 6.1284352], [1.2390543, 6.1284712], [1.2390395, 6.1285112], [1.2389282, 6.1284739]]]}}, {"type": "Feature", "properties": {"building": "yes", "name": "\u00c9glise Evang\u00e9lique", "amenity": "place_of_worship"}, "geometry": {"type": "Polygon", "coordinates": [[[1.2165603, 6.160248], [1.216564, 6.1601817], [1.216614, 6.1601845], [1.2166104, 6.1602506], [1.2165603, 6.160248]]]}}, {"type": "Feature", "properties": {"building": "yes", "name": "Etablissement Jean Jacques Rousseau", "amenity": "school"}, "geometry": {"type": "Polygon", "coordinates": [[[1.2200586, 6.1593203], [1.2202425, 6.1593283], [1.2202395, 6.1593975], [1.2200556, 6.1593896], [1.2200586, 6.1593203]]]}}, {"type": "Feature", "properties": {"building": "university", "name": "Universit\u00e9 Adonai", "amenity": "university"}, "geometry": {"type": "Polygon", "coordinates": [[[1.2200058, 6.1595673], [1.2200181, 6.1594695], [1.2202899, 6.1595031], [1.2202777, 6.159601], [1.2200058, 6.1595673]]]}}, {"type": "Feature", "properties": {"building": "yes", "name": "INPIT"}, "geometry": {"type": "Polygon", "coordinates": [[[1.2188251, 6.1623343], [1.2188733, 6.1623434], [1.218858, 6.1624241], [1.2188097, 6.1624151], [1.2188251, 6.1623343]]]}}, {"type": "Feature", "properties": {"building": "yes", "name": "Ancienne \u00e9glise de Saint-Kisito"}, "geometry": {"type": "Polygon", "coordinates": [[[1.2190393, 6.1624765], [1.219054, 6.162417], [1.2190014, 6.1624042], [1.2190304, 6.1622869], [1.2192744, 6.1623466], [1.2192307, 6.1625234], [1.2190393, 6.1624765]]]}}, {"type": "Feature", "properties": {"building": "yes", "name": "Commune du Golfe 3 Lom\u00e9 mairie de B\u00e8-ouest", "amenity": "townhall"}, "geometry": {"type": "Polygon", "coordinates": [[[1.2165985, 6.1569354], [1.2166029, 6.1568511], [1.2166882, 6.1568556], [1.2166837, 6.1569398], [1.2165985, 6.1569354]]]}}, {"type": "Feature", "properties": {"building": "yes", "name": "Cyber Caf\u00e9"}, "geometry": {"type": "Polygon", "coordinates": [[[1.2161525, 6.1635853], [1.2161071, 6.1635736], [1.2161145, 6.1635451], [1.2161599, 6.1635568], [1.2161525, 6.1635853]]]}}, {"type": "Feature", "properties": {"building": "yes", "name": "Amphi A Droit"}, "geometry": {"type": "Polygon", "coordinates": [[[1.2130962, 6.1723232], [1.2130962, 6.1722684], [1.213145, 6.1722698], [1.2131462, 6.1722294], [1.2132602, 6.1722327], [1.2132591, 6.1722731], [1.2132574, 6.1723289], [1.2130962, 6.1723232]]]}}, {"type": "Feature", "properties": {"building": "yes", "name": "Institut Confucius"}, "geometry": {"type": "Polygon", "coordinates": [[[1.2123626, 6.1702644], [1.2122117, 6.1701093], [1.2121438, 6.1700396], [1.2122098, 6.1699761], [1.2123458, 6.1701157], [1.2125384, 6.1699305], [1.2124513, 6.169841], [1.2125007, 6.1697935], [1.2124776, 6.1697699], [1.2125278, 6.1697216], [1.2127207, 6.1699198], [1.2123626, 6.1702644]]]}}, {"type": "Feature", "properties": {"building": "yes", "name": "Comptabilit\u00e9 du CHU"}, "geometry": {"type": "Polygon", "coordinates": [[[1.2135396, 6.1796505], [1.2136961, 6.1796499], [1.2136963, 6.1796882], [1.2136967, 6.1797956], [1.2136638, 6.1797958], [1.2136638, 6.179804], [1.2135402, 6.1798045], [1.2135396, 6.1796505]]]}}, {"type": "Feature", "properties": {"building": "yes", "name": "Ecobank Nukafou", "amenity": "bank"}, "geometry": {"type": "Polygon", "coordinates": [[[1.2342582, 6.1615434], [1.2344666, 6.1615127], [1.2344937, 6.1616944], [1.2342853, 6.1617251], [1.2342582, 6.1615434]]]}}, {"type": "Feature", "properties": {"building": "yes", "name": "Eglise des Envoy\u00e9 de Jesus-Christ (EEJC) Ago\u00e8"}, "geometry": {"type": "Polygon", "coordinates": [[[1.2244649, 6.2175772], [1.2246932, 6.2174116], [1.2247333, 6.2174821], [1.2245205, 6.2176477], [1.2244649, 6.2175772]]]}}, {"type": "Feature", "properties": {"building": "hotel", "name": "hotel Aurore"}, "geometry": {"type": "Polygon", "coordinates": [[[1.2497657, 6.1332382], [1.2498095, 6.1331062], [1.2498466, 6.1331191], [1.249829, 6.133169], [1.2498458, 6.1331748], [1.2498634, 6.1331249], [1.2498783, 6.1330797], [1.249999, 6.1331174], [1.2499556, 6.133245], [1.2499288, 6.133236], [1.2499143, 6.1332788], [1.2497657, 6.1332382]]]}}, {"type": "Feature", "properties": {"building": "church", "name": "\u00c9glise Catholique", "amenity": "place_of_worship"}, "geometry": {"type": "Polygon", "coordinates": [[[1.2210403, 6.1355352], [1.2212364, 6.1356471], [1.2212146, 6.1356848], [1.2212397, 6.135699], [1.2212222, 6.1357291], [1.2213046, 6.1357761], [1.2212669, 6.1358412], [1.2211846, 6.1357943], [1.2211684, 6.1358224], [1.2209474, 6.1356962], [1.2210403, 6.1355352]]]}}, {"type": "Feature", "properties": {"building": "yes", "name": "Togo Boisson 2AT"}, "geometry": {"type": "Polygon", "coordinates": [[[1.2145714, 6.2186462], [1.2146323, 6.2185019], [1.2146982, 6.2185294], [1.2146373, 6.2186737], [1.2145714, 6.2186462]]]}}, {"type": "Feature", "properties": {"building": "yes", "name": "Peace Corps Togo"}, "geometry": {"type": "Polygon", "coordinates": [[[1.2019858, 6.1543223], [1.2019838, 6.1545127], [1.2018373, 6.1545112], [1.2018379, 6.1544534], [1.2018948, 6.154454], [1.2018961, 6.1543214], [1.2019858, 6.1543223]]]}}, {"type": "Feature", "properties": {"building": "mosque", "name": "Mosqu\u00e9e de Totsi", "amenity": "place_of_worship"}, "geometry": {"type": "Polygon", "coordinates": [[[1.1889019, 6.1970874], [1.188788, 6.1970854], [1.1887901, 6.1970092], [1.1889019, 6.1970086], [1.1889019, 6.1970874]]]}}, {"type": "Feature", "properties": {"building": "yes", "name": "Super Fast"}, "geometry": {"type": "Polygon", "coordinates": [[[1.1887893, 6.1970086], [1.1887893, 6.1969095], [1.1888977, 6.1969123], [1.1889015, 6.1970077], [1.1887893, 6.1970086]]]}}, {"type": "Feature", "properties": {"building": "residential", "name": "Jesus-Christ est Le Seigneur"}, "geometry": {"type": "Polygon", "coordinates": [[[1.2145417, 6.1602834], [1.2145641, 6.1602167], [1.214599, 6.1602283], [1.2145766, 6.160295], [1.2145417, 6.1602834]]]}}, {"type": "Feature", "properties": {"building": "yes", "name": "Immeuble Y\u00e9ndoub\u00e9"}, "geometry": {"type": "Polygon", "coordinates": [[[1.2109586, 6.1625657], [1.2110196, 6.1623099], [1.211172, 6.1623458], [1.2111109, 6.1626016], [1.2109586, 6.1625657]]]}}, {"type": "Feature", "properties": {"building": "yes", "name": "Hotel Napoleon A\u00e9roport dit \"Impasse Napoleon\""}, "geometry": {"type": "Polygon", "coordinates": [[[1.2416498, 6.1534903], [1.2415284, 6.1534979], [1.2415179, 6.1533311], [1.2416393, 6.1533235], [1.2416498, 6.1534903]]]}}, {"type": "Feature", "properties": {"building": "yes", "name": "Pent\u00e9cote", "amenity": "place_of_worship"}, "geometry": {"type": "Polygon", "coordinates": [[[1.2082965, 6.1636134], [1.2081646, 6.163537], [1.2081867, 6.1634992], [1.2082796, 6.1635531], [1.2083186, 6.1635757], [1.2083068, 6.1635958], [1.2082965, 6.1636134]]]}}, {"type": "Feature", "properties": {"building": "yes", "name": "Cit\u00e9 EAMAU"}, "geometry": {"type": "Polygon", "coordinates": [[[1.2181458, 6.1613404], [1.2182878, 6.161373], [1.2182631, 6.1614794], [1.2181211, 6.1614468], [1.2181458, 6.1613404]]]}}, {"type": "Feature", "properties": {"building": "yes", "name": "villa yavapaye"}, "geometry": {"type": "Polygon", "coordinates": [[[1.2203473, 6.1594322], [1.2203475, 6.1593422], [1.22037, 6.1593422], [1.2203699, 6.1593805], [1.2203837, 6.1593805], [1.2203835, 6.1594323], [1.2203473, 6.1594322]]]}}, {"type": "Feature", "properties": {"building": "yes", "name": "MANGOUANI", "height": "25"}, "geometry": {"type": "Polygon", "coordinates": [[[1.2168472, 6.1635188], [1.2167157, 6.1634822], [1.2167579, 6.1633157], [1.2168915, 6.1633493], [1.2168472, 6.1635188]]]}}, {"type": "Feature", "properties": {"building": "yes", "name": "Divina Gracia"}, "geometry": {"type": "Polygon", "coordinates": [[[1.2153952, 6.1580108], [1.2154466, 6.1580116], [1.2154458, 6.1580593], [1.2153945, 6.1580585], [1.2153952, 6.1580108]]]}}, {"type": "Feature", "properties": {"building": "yes", "name": "CORGU-TECH"}, "geometry": {"type": "Polygon", "coordinates": [[[1.1960173, 6.2325939], [1.1961472, 6.2324519], [1.196278, 6.2325702], [1.196148, 6.2327122], [1.1960173, 6.2325939]]]}}, {"type": "Feature", "properties": {"building": "mosque", "name": "Mosqu\u00e9e de la Paix", "amenity": "place_of_worship"}, "geometry": {"type": "Polygon", "coordinates": [[[1.1902113, 6.2226577], [1.1902909, 6.2226617], [1.1902892, 6.2226947], [1.1902096, 6.2226907], [1.1902113, 6.2226577]]]}}, {"type": "Feature", "properties": {"building": "yes", "name": "Minamadou"}, "geometry": {"type": "Polygon", "coordinates": [[[1.1876285, 6.2254098], [1.1876293, 6.2253116], [1.18774, 6.2253167], [1.1877393, 6.2254106], [1.1876285, 6.2254098]]]}}, {"type": "Feature", "properties": {"building": "yes", "name": "Centre Culturel Loyola", "amenity": "library"}, "geometry": {"type": "Polygon", "coordinates": [[[1.1868759, 6.2440103], [1.1869411, 6.2440103], [1.1871815, 6.2440105], [1.1871813, 6.2442277], [1.1868757, 6.2442275], [1.1868759, 6.2440103]]]}}, {"type": "Feature", "properties": {"building": "yes", "name": "Defi Infomatique"}, "geometry": {"type": "Polygon", "coordinates": [[[1.2453173, 6.1694292], [1.2453961, 6.1695252], [1.245346, 6.1695659], [1.2452672, 6.1694699], [1.2453173, 6.1694292]]]}}, {"type": "Feature", "properties": {"building": "hospital", "name": "centre m\u00e9dico social"}, "geometry": {"type": "Polygon", "coordinates": [[[1.2325678, 6.1492452], [1.2325666, 6.1493644], [1.2322425, 6.1493612], [1.2322437, 6.149242], [1.2325678, 6.1492452]]]}}, {"type": "Feature", "properties": {"building": "school", "name": "Centre Naoussi & Frassati"}, "geometry": {"type": "Polygon", "coordinates": [[[1.2311144, 6.1484174], [1.2313124, 6.1484032], [1.2313254, 6.1485379], [1.2311241, 6.1485522], [1.2311144, 6.1484174]]]}}, {"type": "Feature", "properties": {"building": "yes", "name": "Chapelle Notre Dame de Mis\u00e9ricorde", "amenity": "place_of_worship"}, "geometry": {"type": "Polygon", "coordinates": [[[1.2310311, 6.1483325], [1.2310311, 6.1482743], [1.2310687, 6.1482317], [1.2311243, 6.1482339], [1.2311701, 6.1482758], [1.2311701, 6.148331], [1.2311333, 6.1483706], [1.2310942, 6.1483818], [1.2310311, 6.1483325]]]}}, {"type": "Feature", "properties": {"building": "yes", "name": "b\u00e2timent inachev\u00e9"}, "geometry": {"type": "Polygon", "coordinates": [[[1.1549663, 6.2507042], [1.1550225, 6.2506501], [1.1551098, 6.2507396], [1.1550535, 6.2507938], [1.1549663, 6.2507042]]]}}, {"type": "Feature", "properties": {"building": "yes", "name": "B\u00e2timent inachev\u00e9"}, "geometry": {"type": "Polygon", "coordinates": [[[1.1564227, 6.2506982], [1.1564881, 6.2506452], [1.1565428, 6.2507118], [1.1564773, 6.2507648], [1.1564227, 6.2506982]]]}}, {"type": "Feature", "properties": {"building": "yes", "name": "B\u00e2timent inachev\u00e9"}, "geometry": {"type": "Polygon", "coordinates": [[[1.1549963, 6.2501452], [1.1550585, 6.2500918], [1.1550948, 6.2501335], [1.1550326, 6.2501869], [1.1549963, 6.2501452]]]}}, {"type": "Feature", "properties": {"building": "yes", "name": "B\u00e2timent inachev\u00e9"}, "geometry": {"type": "Polygon", "coordinates": [[[1.1563197, 6.2508439], [1.1562768, 6.2507787], [1.1563422, 6.2507361], [1.1563851, 6.2508014], [1.1563197, 6.2508439]]]}}, {"type": "Feature", "properties": {"building": "yes", "name": "B\u00e2timent inachev\u00e9"}, "geometry": {"type": "Polygon", "coordinates": [[[1.1584592, 6.2517809], [1.1585136, 6.2517346], [1.1586541, 6.2518976], [1.1585997, 6.251944], [1.1584592, 6.2517809]]]}}, {"type": "Feature", "properties": {"building": "yes", "name": "B\u00e2timent inachev\u00e9"}, "geometry": {"type": "Polygon", "coordinates": [[[1.158517, 6.2517059], [1.1584367, 6.251775], [1.1584149, 6.25175], [1.1584953, 6.2516809], [1.158517, 6.2517059]]]}}, {"type": "Feature", "properties": {"building": "yes", "name": "Ba\u00e2timent inachev\u00e9"}, "geometry": {"type": "Polygon", "coordinates": [[[1.1543102, 6.2519777], [1.1542487, 6.2519121], [1.1543819, 6.2517888], [1.1544434, 6.2518544], [1.1543102, 6.2519777]]]}}, {"type": "Feature", "properties": {"building": "yes", "name": "b\u00e2timent inachev\u00e9"}, "geometry": {"type": "Polygon", "coordinates": [[[1.1548089, 6.2519452], [1.1547849, 6.2519152], [1.1548747, 6.2518442], [1.1548987, 6.2518741], [1.1548089, 6.2519452]]]}}, {"type": "Feature", "properties": {"building": "yes", "name": "b\u00e2timent en construction"}, "geometry": {"type": "Polygon", "coordinates": [[[1.1535816, 6.2541342], [1.1536422, 6.2540908], [1.1537409, 6.2542271], [1.1536803, 6.2542705], [1.1535816, 6.2541342]]]}}, {"type": "Feature", "properties": {"building": "yes", "name": "Batiment e construction"}, "geometry": {"type": "Polygon", "coordinates": [[[1.2276781, 6.2425969], [1.2276814, 6.2425548], [1.2278189, 6.2425655], [1.2278156, 6.2426075], [1.2276781, 6.2425969]]]}}, {"type": "Feature", "properties": {"building": "yes", "name": "Batiment e construction"}, "geometry": {"type": "Polygon", "coordinates": [[[1.2276832, 6.2425429], [1.2276885, 6.2424855], [1.2278083, 6.2424964], [1.227803, 6.2425538], [1.2276832, 6.2425429]]]}}, {"type": "Feature", "properties": {"building": "yes", "name": "Ba\u00e2timent en contruction"}, "geometry": {"type": "Polygon", "coordinates": [[[1.2273821, 6.2417938], [1.2275689, 6.2418133], [1.2275616, 6.2418825], [1.2273747, 6.241863], [1.2273821, 6.2417938]]]}}, {"type": "Feature", "properties": {"building": "yes", "name": "Ba\u00e2timent en contruction"}, "geometry": {"type": "Polygon", "coordinates": [[[1.2273841, 6.2423521], [1.2273879, 6.2423074], [1.227498, 6.2423168], [1.2275015, 6.2422761], [1.2276032, 6.2422848], [1.2275958, 6.2423702], [1.2273841, 6.2423521]]]}}, {"type": "Feature", "properties": {"building": "yes", "name": "Batiment e construction"}, "geometry": {"type": "Polygon", "coordinates": [[[1.228997, 6.2424842], [1.2290046, 6.2423982], [1.2290814, 6.2424049], [1.2290737, 6.2424909], [1.228997, 6.2424842]]]}}, {"type": "Feature", "properties": {"building": "yes", "name": "b\u00e2timent en construction"}, "geometry": {"type": "Polygon", "coordinates": [[[1.269517, 6.1924063], [1.2696139, 6.1923501], [1.2696648, 6.1924369], [1.2695679, 6.1924931], [1.269517, 6.1924063]]]}}, {"type": "Feature", "properties": {"building": "commercial", "name": "ECOLE BONSAFO"}, "geometry": {"type": "Polygon", "coordinates": [[[1.2495432, 6.1875111], [1.2495824, 6.1872467], [1.2496693, 6.1872594], [1.2496302, 6.1875238], [1.2495432, 6.1875111]]]}}, {"type": "Feature", "properties": {"building": "house", "name": "Residence"}, "geometry": {"type": "Polygon", "coordinates": [[[1.2710835, 6.1911192], [1.2710321, 6.1910542], [1.2711452, 6.1909659], [1.2711709, 6.1909984], [1.2712604, 6.190927], [1.2712836, 6.19095], [1.2711965, 6.1910309], [1.2710835, 6.1911192]]]}}, {"type": "Feature", "properties": {"building": "church", "name": "Paroisse Saint Antoine de Padoue", "amenity": "place_of_worship"}, "geometry": {"type": "Polygon", "coordinates": [[[1.2848596, 6.171472], [1.2846825, 6.1715001], [1.2846285, 6.171164], [1.2848056, 6.1711359], [1.2848596, 6.171472]]]}}, {"type": "Feature", "properties": {"building": "yes", "name": "b\u00e2timent en construction"}, "geometry": {"type": "Polygon", "coordinates": [[[1.2716862, 6.1928168], [1.2717162, 6.1927861], [1.2717752, 6.1928432], [1.2717452, 6.1928739], [1.2716862, 6.1928168]]]}}, {"type": "Feature", "properties": {"building": "yes", "name": "b\u00e2timent en construction"}, "geometry": {"type": "Polygon", "coordinates": [[[1.2712641, 6.1936162], [1.2713175, 6.1935683], [1.2714232, 6.1936845], [1.2713698, 6.1937325], [1.2712641, 6.1936162]]]}}, {"type": "Feature", "properties": {"building": "yes", "name": "b\u00e2timent en construction"}, "geometry": {"type": "Polygon", "coordinates": [[[1.2716937, 6.1928613], [1.2717217, 6.1928896], [1.2716967, 6.1929141], [1.2716687, 6.1928859], [1.2716937, 6.1928613]]]}}, {"type": "Feature", "properties": {"building": "yes", "name": "b\u00e2timent en construction"}, "geometry": {"type": "Polygon", "coordinates": [[[1.271469, 6.1929661], [1.2715307, 6.193029], [1.2714867, 6.1930716], [1.271425, 6.1930087], [1.271469, 6.1929661]]]}}, {"type": "Feature", "properties": {"building": "yes", "name": "b\u00e2timent en construction"}, "geometry": {"type": "Polygon", "coordinates": [[[1.271651, 6.1934997], [1.2716021, 6.1934503], [1.2716507, 6.1934027], [1.2716997, 6.1934521], [1.271651, 6.1934997]]]}}, {"type": "Feature", "properties": {"building": "yes", "name": "b\u00e2timent en construction"}, "geometry": {"type": "Polygon", "coordinates": [[[1.2702386, 6.1951331], [1.2702905, 6.1950125], [1.2703675, 6.1950453], [1.2703156, 6.1951659], [1.2702386, 6.1951331]]]}}, {"type": "Feature", "properties": {"building": "yes", "name": "b\u00e2timent en construction"}, "geometry": {"type": "Polygon", "coordinates": [[[1.273802, 6.1910962], [1.273778, 6.1910706], [1.2738096, 6.1910413], [1.2738337, 6.1910669], [1.273802, 6.1910962]]]}}, {"type": "Feature", "properties": {"building": "yes", "name": "b\u00e2timent en construction"}, "geometry": {"type": "Polygon", "coordinates": [[[1.2726579, 6.1931482], [1.272681, 6.1931214], [1.2727153, 6.1931508], [1.2726922, 6.1931775], [1.2726579, 6.1931482]]]}}, {"type": "Feature", "properties": {"building": "yes", "name": "b\u00e2timent en construction"}, "geometry": {"type": "Polygon", "coordinates": [[[1.272827, 6.1935247], [1.2729257, 6.1936396], [1.2729015, 6.1936601], [1.2728028, 6.1935452], [1.272827, 6.1935247]]]}}, {"type": "Feature", "properties": {"building": "yes", "name": "b\u00e2timent en construction"}, "geometry": {"type": "Polygon", "coordinates": [[[1.2725805, 6.1935782], [1.2725519, 6.1935449], [1.2725937, 6.1935095], [1.2725412, 6.1934484], [1.2725767, 6.1934183], [1.2726577, 6.1935127], [1.2725805, 6.1935782]]]}}, {"type": "Feature", "properties": {"building": "yes", "name": "b\u00e2timent en construction"}, "geometry": {"type": "Polygon", "coordinates": [[[1.2722056, 6.1923028], [1.2721505, 6.1922311], [1.2722342, 6.1921676], [1.2722893, 6.1922394], [1.2722056, 6.1923028]]]}}, {"type": "Feature", "properties": {"building": "yes", "name": "b\u00e2timent en construction"}, "geometry": {"type": "Polygon", "coordinates": [[[1.2714735, 6.1936042], [1.2714949, 6.1935814], [1.2715245, 6.1936089], [1.2715031, 6.1936317], [1.2714735, 6.1936042]]]}}, {"type": "Feature", "properties": {"building": "commercial", "name": "PARKS SARL"}, "geometry": {"type": "Polygon", "coordinates": [[[1.2485351, 6.1877627], [1.2485404, 6.1877246], [1.2486762, 6.1877431], [1.248671, 6.1877812], [1.2485351, 6.1877627]]]}}, {"type": "Feature", "properties": {"building": "yes", "name": "Batiment en construction"}, "geometry": {"type": "Polygon", "coordinates": [[[1.2712881, 6.1980029], [1.2713142, 6.1979352], [1.2713397, 6.1979449], [1.2713136, 6.1980126], [1.2712881, 6.1980029]]]}}, {"type": "Feature", "properties": {"building": "yes", "name": "b\u00e2timent en construction"}, "geometry": {"type": "Polygon", "coordinates": [[[1.2687347, 6.1912834], [1.2687804, 6.1913027], [1.2687637, 6.1913418], [1.268718, 6.1913225], [1.2687347, 6.1912834]]]}}, {"type": "Feature", "properties": {"building": "yes", "name": "Grand Magazin"}, "geometry": {"type": "Polygon", "coordinates": [[[1.2307237, 6.1638774], [1.2308178, 6.1635367], [1.2309004, 6.163556], [1.2309606, 6.1635724], [1.2309975, 6.1635859], [1.230887, 6.1639372], [1.2307237, 6.1638774]]]}}, {"type": "Feature", "properties": {"building": "yes", "name": "Bon Prix"}, "geometry": {"type": "Polygon", "coordinates": [[[1.2774272, 6.1796341], [1.2774422, 6.1795942], [1.2774762, 6.1796068], [1.2774613, 6.1796467], [1.2774272, 6.1796341]]]}}, {"type": "Feature", "properties": {"building": "yes", "name": "B\u00e2timent en construction"}, "geometry": {"type": "Polygon", "coordinates": [[[1.2465449, 6.1721629], [1.2464934, 6.1720301], [1.246621, 6.1719758], [1.2466779, 6.1720968], [1.2465449, 6.1721629]]]}}, {"type": "Feature", "properties": {"building": "yes", "name": "B\u00e2timent en construction"}, "geometry": {"type": "Polygon", "coordinates": [[[1.2756178, 6.1735231], [1.2756098, 6.1734839], [1.2757736, 6.1734507], [1.2757817, 6.1734899], [1.2756178, 6.1735231]]]}}, {"type": "Feature", "properties": {"building": "yes", "name": "B\u00e2timent en construction"}, "geometry": {"type": "Polygon", "coordinates": [[[1.2756056, 6.1734734], [1.275593, 6.1734126], [1.2756719, 6.1733964], [1.2756845, 6.1734572], [1.2756056, 6.1734734]]]}}, {"type": "Feature", "properties": {"building": "yes", "name": "B\u00e2timent en construction"}, "geometry": {"type": "Polygon", "coordinates": [[[1.2756989, 6.1734564], [1.275686, 6.1733945], [1.2757588, 6.1733795], [1.2757717, 6.1734414], [1.2756989, 6.1734564]]]}}, {"type": "Feature", "properties": {"building": "yes", "name": "B\u00e2timent en construction"}, "geometry": {"type": "Polygon", "coordinates": [[[1.2749166, 6.1784576], [1.2748905, 6.1783275], [1.2749773, 6.1783103], [1.2750034, 6.1784404], [1.2749166, 6.1784576]]]}}, {"type": "Feature", "properties": {"building": "yes", "name": "Villa Dop\u00e9"}, "geometry": {"type": "Polygon", "coordinates": [[[1.2377016, 6.1546055], [1.2376839, 6.1544485], [1.2377929, 6.1544363], [1.237808, 6.1545695], [1.2378448, 6.1545654], [1.2378408, 6.1545307], [1.2379081, 6.1545232], [1.2379148, 6.1545817], [1.2377016, 6.1546055]]]}}, {"type": "Feature", "properties": {"building": "yes", "name": "B\u00e2timent en construction"}, "geometry": {"type": "Polygon", "coordinates": [[[1.1584143, 6.2414143], [1.1584754, 6.2414833], [1.158417, 6.2415343], [1.1583559, 6.2414653], [1.1584143, 6.2414143]]]}}, {"type": "Feature", "properties": {"building": "yes", "name": "B\u00e2timent en construction"}, "geometry": {"type": "Polygon", "coordinates": [[[1.1635709, 6.2401424], [1.1634779, 6.2400296], [1.1636077, 6.239924], [1.1637006, 6.2400369], [1.1635709, 6.2401424]]]}}, {"type": "Feature", "properties": {"building": "yes", "name": "B\u00e2timent en construction"}, "geometry": {"type": "Polygon", "coordinates": [[[1.1642329, 6.2393549], [1.1641871, 6.2393001], [1.1642815, 6.2392221], [1.1643273, 6.2392768], [1.1642329, 6.2393549]]]}}, {"type": "Feature", "properties": {"building": "yes", "name": "B\u00e2timent en construction"}, "geometry": {"type": "Polygon", "coordinates": [[[1.1622765, 6.2421884], [1.1623593, 6.2422802], [1.1622897, 6.2423434], [1.1622093, 6.2422492], [1.1622765, 6.2421884]]]}}, {"type": "Feature", "properties": {"building": "yes", "name": "B\u00e2timent en construction"}, "geometry": {"type": "Polygon", "coordinates": [[[1.1612362, 6.2421267], [1.1613569, 6.2422573], [1.1612622, 6.2423437], [1.1611415, 6.2422131], [1.1612362, 6.2421267]]]}}, {"type": "Feature", "properties": {"building": "yes", "name": "B\u00e2timent en construction"}, "geometry": {"type": "Polygon", "coordinates": [[[1.1612093, 6.2417887], [1.1613813, 6.2416437], [1.1614363, 6.2417082], [1.1612643, 6.2418531], [1.1612093, 6.2417887]]]}}, {"type": "Feature", "properties": {"building": "yes", "name": "La Capitale Gita", "amenity": "fast_food"}, "geometry": {"type": "Polygon", "coordinates": [[[1.2117913, 6.1278039], [1.211801, 6.1277425], [1.2118378, 6.1277482], [1.2118281, 6.1278096], [1.2117913, 6.1278039]]]}}, {"type": "Feature", "properties": {"building": "yes", "name": "Nouvelle A\u00e9rogare"}, "geometry": {"type": "Polygon", "coordinates": [[[1.2537076, 6.170756], [1.253605, 6.1708407], [1.2536133, 6.1708507], [1.2533259, 6.171088], [1.2531733, 6.1709055], [1.2529509, 6.1706393], [1.252719, 6.1703616], [1.2525961, 6.1702145], [1.2528956, 6.1699672], [1.2529004, 6.169973], [1.252991, 6.1698982], [1.2531748, 6.1701182], [1.2534414, 6.1704374], [1.2536306, 6.1706638], [1.2537076, 6.170756]]]}}, {"type": "Feature", "properties": {"building": "yes", "name": "Nouvelle A\u00e9rogare"}, "geometry": {"type": "Polygon", "coordinates": [[[1.2526198, 6.1695757], [1.2527579, 6.1694143], [1.2528042, 6.1694473], [1.2528204, 6.1694588], [1.2528423, 6.1694737], [1.2528683, 6.1694914], [1.2529618, 6.1695597], [1.2531705, 6.1697321], [1.2531883, 6.1697468], [1.2532096, 6.1697654], [1.2532293, 6.1697825], [1.2534137, 6.1699717], [1.2535762, 6.170169], [1.2536082, 6.1702077], [1.2537222, 6.1703663], [1.2538683, 6.170589], [1.253911, 6.1706674], [1.25393, 6.1707023], [1.2539509, 6.1707376], [1.2539716, 6.170785], [1.2540588, 6.1709783], [1.2541111, 6.1711223], [1.2540917, 6.1711277], [1.2540723, 6.1711331], [1.2540475, 6.1711401], [1.2540379, 6.1711428], [1.2540099, 6.1711506], [1.2538965, 6.1711823], [1.2538254, 6.1709997], [1.2537476, 6.170829], [1.2537076, 6.170756], [1.2536306, 6.1706638], [1.2534414, 6.1704374], [1.2531748, 6.1701182], [1.252991, 6.1698982], [1.2528947, 6.169789], [1.2527552, 6.169677], [1.2526198, 6.1695757]]]}}, {"type": "Feature", "properties": {"building": "hotel", "name": "HOTEL NAPOLEON LAGUNE"}, "geometry": {"type": "Polygon", "coordinates": [[[1.24856, 6.152087], [1.2485715, 6.1520579], [1.2485969, 6.1519934], [1.2487085, 6.152037], [1.2486821, 6.1521039], [1.2487446, 6.1521283], [1.2487534, 6.1521317], [1.2488723, 6.1521782], [1.2489149, 6.1520704], [1.2490232, 6.1521127], [1.2489701, 6.1522472], [1.24856, 6.152087]]]}}, {"type": "Feature", "properties": {"building": "commercial", "name": "VIMA Market"}, "geometry": {"type": "Polygon", "coordinates": [[[1.2263017, 6.2173151], [1.2262609, 6.2172387], [1.2264505, 6.2172435], [1.2264481, 6.2172984], [1.2263017, 6.2173151]]]}}, {"type": "Feature", "properties": {"building": "yes", "name": "Infirmerie", "amenity": "dispensary"}, "geometry": {"type": "Polygon", "coordinates": [[[1.1629384, 6.1913469], [1.163056, 6.1914156], [1.1630063, 6.1914997], [1.1628888, 6.191431], [1.1629384, 6.1913469]]]}}, {"type": "Feature", "properties": {"building": "commercial", "name": "Espace VIP", "amenity": "restaurant"}, "geometry": {"type": "Polygon", "coordinates": [[[1.1918648, 6.2220037], [1.1917449, 6.2220026], [1.1917216, 6.2219555], [1.191864, 6.2219559], [1.1918648, 6.2220037]]]}}, {"type": "Feature", "properties": {"building": "commercial", "name": "Beneficial life, agence ago\u00e8"}, "geometry": {"type": "Polygon", "coordinates": [[[1.1918476, 6.2222348], [1.191814, 6.2221574], [1.1918989, 6.2221627], [1.1919254, 6.2222383], [1.1918918, 6.2222383], [1.1918476, 6.2222348]]]}}, {"type": "Feature", "properties": {"building": "retail", "name": "Shop"}, "geometry": {"type": "Polygon", "coordinates": [[[1.1914427, 6.2223923], [1.1913958, 6.222415], [1.1913609, 6.2223497], [1.1913769, 6.2223405], [1.1914092, 6.2223257], [1.1914427, 6.2223923]]]}}, {"type": "Feature", "properties": {"building": "yes", "name": "Forever living products"}, "geometry": {"type": "Polygon", "coordinates": [[[1.2029818, 6.1595291], [1.2029603, 6.1597336], [1.2028341, 6.1597205], [1.2028557, 6.1595159], [1.2029818, 6.1595291]]]}}, {"type": "Feature", "properties": {"building": "hospital", "name": "CMS Amoutive"}, "geometry": {"type": "Polygon", "coordinates": [[[1.2298125, 6.1403475], [1.2298022, 6.1402712], [1.2298522, 6.1402645], [1.2298625, 6.1403409], [1.2298125, 6.1403475]]]}}, {"type": "Feature", "properties": {"building": "yes", "name": "Bar_dromadaire", "amenity": "restaurant"}, "geometry": {"type": "Polygon", "coordinates": [[[1.1856885, 6.2155496], [1.1857621, 6.2156186], [1.1857209, 6.2156621], [1.1856473, 6.2155932], [1.1856885, 6.2155496]]]}}, {"type": "Feature", "properties": {"building": "yes", "name": "Centre Esperance Loyola"}, "geometry": {"type": "Polygon", "coordinates": [[[1.1869433, 6.2439052], [1.1870449, 6.243907], [1.1870459, 6.2438534], [1.1871501, 6.2438553], [1.1871476, 6.2439947], [1.1869418, 6.2439911], [1.1869424, 6.2439546], [1.1869433, 6.2439052]]]}}, {"type": "Feature", "properties": {"building": "yes", "name": "Institut Polytechnique la Paix"}, "geometry": {"type": "Polygon", "coordinates": [[[1.1994636, 6.2207319], [1.1996363, 6.220723], [1.199643, 6.220908], [1.1994816, 6.2209169], [1.1994636, 6.2207319]]]}}, {"type": "Feature", "properties": {"building": "yes", "name": "Residence Ambassadeur USA"}, "geometry": {"type": "Polygon", "coordinates": [[[1.2180433, 6.1287858], [1.2181629, 6.1287016], [1.2182563, 6.1288327], [1.2181838, 6.1288837], [1.2181506, 6.1288371], [1.2181035, 6.1288703], [1.2180433, 6.1287858]]]}}, {"type": "Feature", "properties": {"building": "house", "name": "maison collectives"}, "geometry": {"type": "Polygon", "coordinates": [[[1.218366, 6.1624218], [1.2184588, 6.162445], [1.2184291, 6.162566], [1.2183361, 6.1625405], [1.218366, 6.1624218]]]}}, {"type": "Feature", "properties": {"building": "yes", "name": "parloir"}, "geometry": {"type": "Polygon", "coordinates": [[[1.1757023, 6.1831262], [1.175729, 6.1831069], [1.1757852, 6.1831838], [1.1757585, 6.1832031], [1.1757023, 6.1831262]]]}}, {"type": "Feature", "properties": {"building": "yes", "name": "salle polyvalente"}, "geometry": {"type": "Polygon", "coordinates": [[[1.1762532, 6.1829558], [1.1763126, 6.1829107], [1.1764648, 6.1827952], [1.1765202, 6.1828674], [1.1763087, 6.1830279], [1.1762532, 6.1829558]]]}}, {"type": "Feature", "properties": {"building": "yes", "name": "Goethe-Institut", "amenity": "arts_centre"}, "geometry": {"type": "Polygon", "coordinates": [[[1.2256106, 6.1280773], [1.2255784, 6.1282213], [1.2254276, 6.128188], [1.2254598, 6.128044], [1.2256106, 6.1280773]]]}}, {"type": "Feature", "properties": {"building": "yes", "name": "Superette de la Station Service Total de Totsi"}, "geometry": {"type": "Polygon", "coordinates": [[[1.1892089, 6.1957323], [1.1892688, 6.1955746], [1.1893181, 6.1955932], [1.1893315, 6.1955578], [1.1893937, 6.1955811], [1.1893817, 6.1956128], [1.1893536, 6.1956022], [1.1893152, 6.1957035], [1.189331, 6.1957094], [1.1893082, 6.1957695], [1.1892802, 6.195759], [1.1892089, 6.1957323]]]}}, {"type": "Feature", "properties": {"building": "yes", "name": "Gendarmerie de Sagbado", "amenity": "police"}, "geometry": {"type": "Polygon", "coordinates": [[[1.1397681, 6.1960671], [1.1399802, 6.1958688], [1.1400965, 6.1959919], [1.1398845, 6.1961901], [1.1397681, 6.1960671]]]}}, {"type": "Feature", "properties": {"building": "apartments", "name": "RESIDENCE LOCOH"}, "geometry": {"type": "Polygon", "coordinates": [[[1.2172231, 6.1229014], [1.2171371, 6.122806], [1.2171796, 6.1227638], [1.217227, 6.1227284], [1.217232, 6.1227402], [1.2173012, 6.1226891], [1.2173407, 6.1227402], [1.2173575, 6.1227215], [1.2173941, 6.1227677], [1.2173536, 6.1228788], [1.2172231, 6.1229014]]]}}, {"type": "Feature", "properties": {"building": "church", "name": "Paroisse Marie M\u00e8re du R\u00e9dempteur d'Adidogom\u00e9", "amenity": "place_of_worship"}, "geometry": {"type": "Polygon", "coordinates": [[[1.1680527, 6.1828596], [1.1679964, 6.1827782], [1.1679763, 6.182797], [1.1679113, 6.1826929], [1.1678224, 6.1826483], [1.1678761, 6.1825523], [1.1679465, 6.1825723], [1.1679827, 6.1825636], [1.1680162, 6.1825916], [1.1680373, 6.1825682], [1.1681468, 6.1826372], [1.1681276, 6.1826552], [1.1682103, 6.1827056], [1.1682036, 6.1827709], [1.168103, 6.1828682], [1.1680527, 6.1828596]]]}}, {"type": "Feature", "properties": {"building": "yes", "name": "Allo Mamazi"}, "geometry": {"type": "Polygon", "coordinates": [[[1.2054573, 6.1832103], [1.2054648, 6.1831675], [1.2054956, 6.1831729], [1.2054882, 6.1832156], [1.2054573, 6.1832103]]]}}, {"type": "Feature", "properties": {"building": "yes", "name": "AAECC"}, "geometry": {"type": "Polygon", "coordinates": [[[1.2033138, 6.1809079], [1.2033206, 6.1806168], [1.2033578, 6.1806176], [1.2033552, 6.1807279], [1.2033849, 6.1807286], [1.2033841, 6.1807629], [1.2034079, 6.1807635], [1.2034071, 6.1807998], [1.2033773, 6.1807991], [1.2033761, 6.1808493], [1.2034017, 6.1808499], [1.2034003, 6.1809099], [1.2033138, 6.1809079]]]}}, {"type": "Feature", "properties": {"building": "semidetached_house", "name": "MAISON FAFATEX", "height": "25"}, "geometry": {"type": "Polygon", "coordinates": [[[1.1794017, 6.207659], [1.1793115, 6.2074986], [1.1793723, 6.2074694], [1.1795419, 6.207425], [1.1796353, 6.207476], [1.1794017, 6.207659]]]}}, {"type": "Feature", "properties": {"building": "house", "name": "Maison Denon", "height": "6"}, "geometry": {"type": "Polygon", "coordinates": [[[1.1393566, 6.1996003], [1.1393263, 6.1994466], [1.1393092, 6.1993392], [1.1394629, 6.1995055], [1.1393566, 6.1996003]]]}}, {"type": "Feature", "properties": {"building": "yes"}, "geometry": {"type": "Polygon", "coordinates": [[[1.1360541, 6.196173], [1.1358497, 6.1959713], [1.1359261, 6.1958264], [1.1361706, 6.1960495], [1.1360541, 6.196173]]]}}, {"type": "Feature", "properties": {"building": "yes", "name": "Corpus Christ de Cacav\u00e9li"}, "geometry": {"type": "Polygon", "coordinates": [[[1.1936678, 6.2064646], [1.1934864, 6.206377], [1.1936466, 6.206099], [1.1937945, 6.2061907], [1.1936678, 6.2064646]]]}}, {"type": "Feature", "properties": {"building": "yes", "name": "Minist\u00e8re International de Pri\u00e8re du Changement", "amenity": "place_of_worship"}, "geometry": {"type": "Polygon", "coordinates": [[[1.2156057, 6.2259292], [1.215662, 6.2257625], [1.2159346, 6.2258536], [1.2158783, 6.2260202], [1.2156057, 6.2259292]]]}}, {"type": "Feature", "properties": {"building": "yes", "name": "Eglise LA PORTE CHRETIENNE DU TOGO", "amenity": "place_of_worship"}, "geometry": {"type": "Polygon", "coordinates": [[[1.2153912, 6.2194762], [1.2153024, 6.2194214], [1.2153121, 6.2193937], [1.2152223, 6.219358], [1.2152643, 6.2192651], [1.2154529, 6.2193584], [1.2153912, 6.2194762]]]}}, {"type": "Feature", "properties": {"building": "house", "name": "Immeuble GITM"}, "geometry": {"type": "Polygon", "coordinates": [[[1.2015289, 6.1628372], [1.2015244, 6.1628136], [1.2015547, 6.1627593], [1.2015746, 6.1627698], [1.2016032, 6.162759], [1.2016369, 6.1627432], [1.2016598, 6.1627716], [1.2016685, 6.1627934], [1.2016464, 6.1628103], [1.2016511, 6.1628496], [1.2016799, 6.1628556], [1.2016836, 6.16294], [1.2015659, 6.1629409], [1.201568, 6.1629136], [1.2015506, 6.1628949], [1.2015484, 6.1628383], [1.2015289, 6.1628372]]]}}, {"type": "Feature", "properties": {"building": "commercial", "name": "Conference Center"}, "geometry": {"type": "Polygon", "coordinates": [[[1.2146888, 6.1277086], [1.2143344, 6.127982], [1.2139719, 6.1275175], [1.2141002, 6.1274185], [1.2140736, 6.1273843], [1.2140874, 6.1273737], [1.2140615, 6.1273405], [1.2141325, 6.1272856], [1.2141585, 6.1273188], [1.2141757, 6.1273055], [1.2142157, 6.1273568], [1.2143396, 6.1272612], [1.2146888, 6.1277086]]]}}, {"type": "Feature", "properties": {"building": "commercial", "name": "Conference Center Annex"}, "geometry": {"type": "Polygon", "coordinates": [[[1.2142871, 6.1279539], [1.2141489, 6.1280607], [1.2140407, 6.1279224], [1.2141789, 6.1278156], [1.2142871, 6.1279539]]]}}, {"type": "Feature", "properties": {"building": "yes", "name": "Regus Centre"}, "geometry": {"type": "Polygon", "coordinates": [[[1.2082172, 6.189412], [1.2082413, 6.1893706], [1.2082581, 6.1893806], [1.2083131, 6.1892973], [1.2083794, 6.18934], [1.2083841, 6.1893346], [1.2083962, 6.1893413], [1.2084036, 6.1893286], [1.2084545, 6.1893646], [1.2084016, 6.1894493], [1.2084123, 6.1894946], [1.2083204, 6.18952], [1.2083077, 6.1894893], [1.2083124, 6.1894806], [1.208244, 6.1894346], [1.2082453, 6.1894313], [1.2082172, 6.189412]]]}}, {"type": "Feature", "properties": {"building": "church", "name": "\u00c9glise \u00c9vang\u00e9lique des Coh\u00e9ritier du Christ du Togo", "amenity": "place_of_worship"}, "geometry": {"type": "Polygon", "coordinates": [[[1.1668457, 6.1764596], [1.1669092, 6.1763721], [1.1670242, 6.1764544], [1.1669607, 6.176542], [1.1668457, 6.1764596]]]}}, {"type": "Feature", "properties": {"building": "yes", "name": "Magasin de stockage de semences"}, "geometry": {"type": "Polygon", "coordinates": [[[1.2033121, 6.2076337], [1.2033738, 6.2075744], [1.2033816, 6.2075824], [1.2033935, 6.207571], [1.2034263, 6.2075394], [1.2035011, 6.2076164], [1.2033946, 6.2077187], [1.2033121, 6.2076337]]]}}, {"type": "Feature", "properties": {"building": "yes", "name": "bureaux CRAL"}, "geometry": {"type": "Polygon", "coordinates": [[[1.2030539, 6.2072824], [1.203094, 6.2072439], [1.203296, 6.2074517], [1.2032558, 6.2074903], [1.2030539, 6.2072824]]]}}, {"type": "Feature", "properties": {"building": "yes", "name": "Station d'essence MRS ancien TEXACO"}, "geometry": {"type": "Polygon", "coordinates": [[[1.208591, 6.1949972], [1.2085897, 6.1949201], [1.2086672, 6.1949222], [1.2088325, 6.1949264], [1.2088305, 6.1950034], [1.2086722, 6.1949993], [1.208591, 6.1949972]]]}}, {"type": "Feature", "properties": {"building": "yes", "name": "CanalOlympia Mid\u00e9", "amenity": "cinema"}, "geometry": {"type": "Polygon", "coordinates": [[[1.1974782, 6.2055524], [1.1975505, 6.2052177], [1.1977087, 6.2052514], [1.1976365, 6.2055862], [1.1974782, 6.2055524]]]}}, {"type": "Feature", "properties": {"building": "hospital", "name": "Fafa"}, "geometry": {"type": "Polygon", "coordinates": [[[1.271634, 6.1481392], [1.2718955, 6.1478198], [1.2721807, 6.1480507], [1.2721659, 6.1480694], [1.2719191, 6.14837], [1.271634, 6.1481392]]]}}, {"type": "Feature", "properties": {"building": "hospital", "name": "Affaire Social de Gbenyedji"}, "geometry": {"type": "Polygon", "coordinates": [[[1.2581987, 6.1472905], [1.2580475, 6.1472488], [1.2580627, 6.1471943], [1.2580951, 6.1472033], [1.2581228, 6.1471039], [1.2582416, 6.1471366], [1.2581987, 6.1472905]]]}}, {"type": "Feature", "properties": {"building": "hotel", "name": "H\u00f4tel Fridaous"}, "geometry": {"type": "Polygon", "coordinates": [[[1.2076976, 6.1960127], [1.2076291, 6.1960546], [1.2075448, 6.1959186], [1.2076134, 6.1958767], [1.2076976, 6.1960127]]]}}, {"type": "Feature", "properties": {"building": "commercial", "name": "Cabinet de Cardiologie", "amenity": "doctors"}, "geometry": {"type": "Polygon", "coordinates": [[[1.176335, 6.1877002], [1.1764584, 6.1876027], [1.1766214, 6.1878401], [1.1764992, 6.1878967], [1.176335, 6.1877002]]]}}, {"type": "Feature", "properties": {"building": "church", "name": "\u00c9glise Baptiste Le Sauveur", "amenity": "place_of_worship"}, "geometry": {"type": "Polygon", "coordinates": [[[1.1634755, 6.2113429], [1.1633583, 6.2112039], [1.1635481, 6.2110459], [1.1636652, 6.211185], [1.1634755, 6.2113429]]]}}, {"type": "Feature", "properties": {"building": "yes", "name": "Maison X"}, "geometry": {"type": "Polygon", "coordinates": [[[1.1751301, 6.2351172], [1.175091, 6.2350741], [1.1751035, 6.2350629], [1.1750906, 6.2350487], [1.1751233, 6.2350194], [1.1751753, 6.2350767], [1.1751301, 6.2351172]]]}}, {"type": "Feature", "properties": {"building": "yes", "name": "Immeuble Fiata"}, "geometry": {"type": "Polygon", "coordinates": [[[1.2327151, 6.1348651], [1.2326896, 6.1348584], [1.2326735, 6.1348397], [1.2327177, 6.1347757], [1.2327586, 6.1347204], [1.2327888, 6.1346844], [1.2328237, 6.1347044], [1.2328465, 6.134681], [1.2328331, 6.1346644], [1.2328237, 6.134653], [1.2328284, 6.134631], [1.2328934, 6.134559], [1.2329471, 6.134603], [1.2328981, 6.1346517], [1.2329042, 6.134657], [1.2329605, 6.1346104], [1.2330101, 6.134651], [1.2329068, 6.1347277], [1.2329001, 6.1347197], [1.2328793, 6.1347357], [1.232886, 6.134745], [1.2327151, 6.1348651]]]}}, {"type": "Feature", "properties": {"building": "yes", "name": "Marthe et Fille"}, "geometry": {"type": "Polygon", "coordinates": [[[1.2144178, 6.2201293], [1.2145903, 6.2201915], [1.2145284, 6.2203224], [1.2143655, 6.2202371], [1.2144178, 6.2201293]]]}}, {"type": "Feature", "properties": {"building": "yes", "name": "Institut Olfa Plexus Technologies IOPT"}, "geometry": {"type": "Polygon", "coordinates": [[[1.2541011, 6.1948033], [1.2540796, 6.194638], [1.2543961, 6.1945527], [1.254439, 6.1949793], [1.2541332, 6.195022], [1.2541011, 6.1948033]]]}}, {"type": "Feature", "properties": {"building": "commercial", "name": "BCEAO LOME", "amenity": "bank"}, "geometry": {"type": "Polygon", "coordinates": [[[1.2124744, 6.1274441], [1.2124381, 6.1274359], [1.2124024, 6.1273759], [1.212413, 6.1273339], [1.212442, 6.1273378], [1.2124552, 6.1272794], [1.2124321, 6.1272709], [1.2124433, 6.1272283], [1.2124961, 6.1271935], [1.2125437, 6.127202], [1.2125357, 6.1272302], [1.2125925, 6.1272473], [1.2126031, 6.1272217], [1.2126453, 6.1272329], [1.2126822, 6.127284], [1.2126651, 6.1273372], [1.2126374, 6.1273293], [1.2126202, 6.127391], [1.2126473, 6.1273969], [1.2126334, 6.1274448], [1.2125767, 6.1274724], [1.2125364, 6.1274625], [1.2125443, 6.1274336], [1.2124836, 6.1274179], [1.2124744, 6.1274441]]]}}, {"type": "Feature", "properties": {"building": "yes", "name": "Immeuble Neum Golfe"}, "geometry": {"type": "Polygon", "coordinates": [[[1.1782814, 6.1846701], [1.1783331, 6.1846299], [1.1784478, 6.1847739], [1.1783967, 6.1848141], [1.1782814, 6.1846701]]]}}, {"type": "Feature", "properties": {"building": "couvent", "name": "couvent saint francois d'Assise d'Adidogome"}, "geometry": {"type": "Polygon", "coordinates": [[[1.1757356, 6.1832535], [1.1757384, 6.1832716], [1.1757318, 6.1832887], [1.1757175, 6.1833002], [1.1756993, 6.183303], [1.1756821, 6.1832964], [1.1756705, 6.1832822], [1.1756677, 6.1832641], [1.1756743, 6.183247], [1.1756887, 6.1832355], [1.1757068, 6.1832327], [1.175724, 6.1832393], [1.1757356, 6.1832535]]]}}, {"type": "Feature", "properties": {"building": "retail", "name": "Union des Chambres R\u00e9gionales de M\u00e9tiers", "height": "4"}, "geometry": {"type": "Polygon", "coordinates": [[[1.2035562, 6.1603136], [1.2035697, 6.1602083], [1.2037386, 6.1602203], [1.2037172, 6.1604043], [1.203689, 6.1604016], [1.2035509, 6.1603883], [1.2035562, 6.1603136]]]}}, {"type": "Feature", "properties": {"building": "yes", "name": "kazeservices"}, "geometry": {"type": "Polygon", "coordinates": [[[1.1979416, 6.2241303], [1.1979429, 6.223937], [1.1982299, 6.224073], [1.1981843, 6.224193], [1.1979416, 6.2241303]]]}}, {"type": "Feature", "properties": {"building": "commercial", "name": "VIMA Market"}, "geometry": {"type": "Polygon", "coordinates": [[[1.2263017, 6.2173151], [1.226239, 6.217279], [1.2262609, 6.2172387], [1.2263017, 6.2173151]]]}}, {"type": "Feature", "properties": {"building": "yes", "name": "Ecole Maternelle GROUPE C", "height": "2"}, "geometry": {"type": "Polygon", "coordinates": [[[1.1970481, 6.1880095], [1.197031, 6.1879098], [1.197259, 6.1878711], [1.1972761, 6.1879708], [1.1970481, 6.1880095]]]}}, {"type": "Feature", "properties": {"building": "yes", "name": "Maison Lionel A"}, "geometry": {"type": "Polygon", "coordinates": [[[1.2480452, 6.1725237], [1.2479862, 6.1725513], [1.2479646, 6.1725057], [1.2479748, 6.1725009], [1.2479536, 6.1724562], [1.2480024, 6.1724333], [1.2480452, 6.1725237]]]}}, {"type": "Feature", "properties": {"building": "commercial", "name": "Africa Tracing Sarl"}, "geometry": {"type": "Polygon", "coordinates": [[[1.2049789, 6.1441438], [1.20484, 6.1440568], [1.2049214, 6.1439282], [1.2050604, 6.1440153], [1.2049789, 6.1441438]]]}}, {"type": "Feature", "properties": {"building": "yes", "name": "Zion To", "amenity": "place_of_worship"}, "geometry": {"type": "Polygon", "coordinates": [[[1.1639506, 6.1778085], [1.1639085, 6.1777744], [1.1638824, 6.177754], [1.1638544, 6.1777298], [1.1639093, 6.1776531], [1.1639757, 6.1775611], [1.1640389, 6.1776052], [1.1640762, 6.1776297], [1.1639772, 6.1777699], [1.1639506, 6.1778085]]]}}, {"type": "Feature", "properties": {"building": "yes", "name": "Institut Polytechnique la Paix"}, "geometry": {"type": "Polygon", "coordinates": [[[1.1992183, 6.2210893], [1.1992173, 6.2210282], [1.1993444, 6.221026], [1.1993454, 6.2210871], [1.1992183, 6.2210893]]]}}, {"type": "Feature", "properties": {"building": "yes", "name": "Institut Polytechnique la Paix"}, "geometry": {"type": "Polygon", "coordinates": [[[1.1992747, 6.2210133], [1.1992702, 6.2208822], [1.1993466, 6.2208796], [1.1993511, 6.2210107], [1.1992747, 6.2210133]]]}}, {"type": "Feature", "properties": {"building": "yes", "name": "Institut Polytechnique la Paix"}, "geometry": {"type": "Polygon", "coordinates": [[[1.1992706, 6.220868], [1.1992684, 6.2208025], [1.1993655, 6.2207993], [1.1993677, 6.2208647], [1.1992706, 6.220868]]]}}, {"type": "Feature", "properties": {"building": "yes", "name": "Institut Polytechnique la Paix"}, "geometry": {"type": "Polygon", "coordinates": [[[1.1990131, 6.2207867], [1.1990124, 6.220744], [1.1991153, 6.2207422], [1.199116, 6.2207849], [1.1990131, 6.2207867]]]}}, {"type": "Feature", "properties": {"building": "yes", "name": "Institut Polytechnique la Paix"}, "geometry": {"type": "Polygon", "coordinates": [[[1.1991479, 6.220838], [1.1991365, 6.220767], [1.1992042, 6.2207562], [1.1992157, 6.2208271], [1.1991479, 6.220838]]]}}, {"type": "Feature", "properties": {"building": "yes", "name": "Institut Polytechnique la Paix"}, "geometry": {"type": "Polygon", "coordinates": [[[1.1991226, 6.2209561], [1.1991192, 6.2208521], [1.1991873, 6.2208498], [1.1991908, 6.2209538], [1.1991226, 6.2209561]]]}}, {"type": "Feature", "properties": {"building": "yes", "name": "Institut Polytechnique la Paix"}, "geometry": {"type": "Polygon", "coordinates": [[[1.199126, 6.2210547], [1.1991226, 6.2209561], [1.1991908, 6.2209538], [1.1991941, 6.2210524], [1.199126, 6.2210547]]]}}, {"type": "Feature", "properties": {"building": "yes", "name": "Institut Polytechnique la Paix"}, "geometry": {"type": "Polygon", "coordinates": [[[1.1989706, 6.2211056], [1.1989691, 6.2210259], [1.1991219, 6.2210233], [1.1991233, 6.2211029], [1.1989706, 6.2211056]]]}}, {"type": "Feature", "properties": {"building": "yes", "name": "Institut Polytechnique la Paix"}, "geometry": {"type": "Polygon", "coordinates": [[[1.1988455, 6.2207573], [1.1989983, 6.2207522], [1.1990009, 6.2208296], [1.1988481, 6.2208347], [1.1988455, 6.2207573]]]}}, {"type": "Feature", "properties": {"building": "yes", "name": "Complexe scolaire Etiyane"}, "geometry": {"type": "Polygon", "coordinates": [[[1.1941302, 6.2217279], [1.194134, 6.2216672], [1.1941858, 6.2216704], [1.1942878, 6.2216768], [1.194284, 6.2217375], [1.1941302, 6.2217279]]]}}, {"type": "Feature", "properties": {"building": "yes", "name": "Complexe scolaire Etiyane"}, "geometry": {"type": "Polygon", "coordinates": [[[1.1941342, 6.2215519], [1.1941931, 6.2215556], [1.1941858, 6.2216704], [1.194134, 6.2216672], [1.194127, 6.2216668], [1.1941342, 6.2215519]]]}}, {"type": "Feature", "properties": {"building": "yes", "name": "Complexe scolaire Etiyane"}, "geometry": {"type": "Polygon", "coordinates": [[[1.194381, 6.2214839], [1.1941249, 6.221468], [1.1941294, 6.2213964], [1.1943855, 6.2214123], [1.194381, 6.2214839]]]}}, {"type": "Feature", "properties": {"building": "yes", "name": "Complexe scolaire Etiyane"}, "geometry": {"type": "Polygon", "coordinates": [[[1.1942831, 6.2217519], [1.194284, 6.2217375], [1.1942878, 6.2216768], [1.1942994, 6.2214918], [1.1943751, 6.2214965], [1.1943587, 6.2217566], [1.1942831, 6.2217519]]]}}, {"type": "Feature", "properties": {"building": "yes", "name": "Buvette Fourchette des enduristes", "amenity": "bar"}, "geometry": {"type": "Polygon", "coordinates": [[[1.2790861, 6.2488575], [1.2790933, 6.2488242], [1.2791678, 6.2488402], [1.2791606, 6.2488735], [1.2790861, 6.2488575]]]}}, {"type": "Feature", "properties": {"building": "apartments", "name": "PRESBYTERE NDMM-KOHE (en chantier)"}, "geometry": {"type": "Polygon", "coordinates": [[[1.1376126, 6.2220701], [1.1376144, 6.2218006], [1.1376694, 6.2218006], [1.1376684, 6.2220735], [1.1376126, 6.2220701]]]}}, {"type": "Feature", "properties": {"building": "yes", "name": "b"}, "geometry": {"type": "Polygon", "coordinates": [[[1.20527, 6.1730533], [1.2052377, 6.1729519], [1.2053025, 6.1729314], [1.2053349, 6.1730328], [1.20527, 6.1730533]]]}}, {"type": "Feature", "properties": {"building": "yes", "name": "CITE E"}, "geometry": {"type": "Polygon", "coordinates": [[[1.2089756, 6.1855476], [1.2090063, 6.1854846], [1.2090356, 6.1854247], [1.2093655, 6.1855839], [1.209352, 6.1856111], [1.2093976, 6.1856332], [1.2094025, 6.1856238], [1.2094206, 6.1856325], [1.2094036, 6.1856672], [1.2094148, 6.185673], [1.2094297, 6.1856798], [1.2093263, 6.1858916], [1.2092491, 6.1858544], [1.2092518, 6.1858487], [1.2092302, 6.1858382], [1.2092095, 6.1858283], [1.2092632, 6.1857184], [1.2092928, 6.1857327], [1.2093111, 6.1856954], [1.2092532, 6.1856674], [1.2092476, 6.1856789], [1.2090924, 6.185604], [1.2090889, 6.1856112], [1.2090736, 6.1856038], [1.2090585, 6.1855965], [1.209062, 6.1855893], [1.2089756, 6.1855476]]]}}, {"type": "Feature", "properties": {"building": "yes", "name": "Filebleu-AREMA", "amenity": "arts_centre"}, "geometry": {"type": "Polygon", "coordinates": [[[1.1923593, 6.1708277], [1.1923958, 6.1708212], [1.1924092, 6.1708966], [1.1923727, 6.170903], [1.1923593, 6.1708277]]]}}, {"type": "Feature", "properties": {"building": "yes", "name": "Ets Soir au Village", "amenity": "arts_centre"}, "geometry": {"type": "Polygon", "coordinates": [[[1.1977673, 6.1698717], [1.1977914, 6.169872], [1.19779, 6.169972], [1.1977659, 6.1699717], [1.1977673, 6.1698717]]]}}, {"type": "Feature", "properties": {"building": "yes", "name": "\u00c9cole Sup\u00e9rieure de Technologie Biologique et Alimentaire", "amenity": "university"}, "geometry": {"type": "Polygon", "coordinates": [[[1.2129442, 6.1778023], [1.2129423, 6.177537], [1.2131112, 6.1775339], [1.2131145, 6.1778005], [1.2129442, 6.1778023]]]}}, {"type": "Feature", "properties": {"building": "yes", "name": "\u00c9cole des Assistants M\u00e9dicaux", "amenity": "university"}, "geometry": {"type": "Polygon", "coordinates": [[[1.2122717, 6.1773446], [1.2125138, 6.1772056], [1.2125885, 6.177334], [1.2123463, 6.1774731], [1.2122717, 6.1773446]]]}}, {"type": "Feature", "properties": {"building": "yes", "name": "ISM Adona\u00ef", "amenity": "university"}, "geometry": {"type": "Polygon", "coordinates": [[[1.2320912, 6.1547915], [1.2320892, 6.1547478], [1.2321651, 6.1547443], [1.2321672, 6.154788], [1.2320912, 6.1547915]]]}}, {"type": "Feature", "properties": {"building": "hospital", "name": "Orl Aziable"}, "geometry": {"type": "Polygon", "coordinates": [[[1.2385376, 6.1299351], [1.2386293, 6.1299655], [1.2385691, 6.1301291], [1.2384752, 6.1300943], [1.2385376, 6.1299351]]]}}, {"type": "Feature", "properties": {"building": "hospital", "name": "Clinique de l'a\u00e9roport"}, "geometry": {"type": "Polygon", "coordinates": [[[1.246383, 6.1689958], [1.2462948, 6.1688854], [1.2464553, 6.1687588], [1.2465434, 6.1688692], [1.246383, 6.1689958]]]}}, {"type": "Feature", "properties": {"building": "hospital", "name": "Clinique Dr Koffi - GUE"}, "geometry": {"type": "Polygon", "coordinates": [[[1.2255718, 6.1319102], [1.2256568, 6.1316683], [1.2258533, 6.1317364], [1.2257685, 6.1319785], [1.2255718, 6.1319102]]]}}, {"type": "Feature", "properties": {"building": "hospital", "name": "Centre M\u00e9dico-social Laetus-Togo"}, "geometry": {"type": "Polygon", "coordinates": [[[1.1549197, 6.1926837], [1.1547292, 6.1925485], [1.1548543, 6.1923743], [1.1550448, 6.1925096], [1.1549197, 6.1926837]]]}}, {"type": "Feature", "properties": {"building": "yes", "name": "Espace Culturel MIDJO-Togo", "amenity": "arts_centre"}, "geometry": {"type": "Polygon", "coordinates": [[[1.1912663, 6.1917489], [1.1912665, 6.1917078], [1.1913027, 6.191708], [1.1913026, 6.1917187], [1.191332, 6.1917189], [1.1913319, 6.1917336], [1.1913438, 6.1917337], [1.1913437, 6.1917494], [1.1912663, 6.1917489]]]}}, {"type": "Feature", "properties": {"building": "yes", "name": "Gamessou art", "amenity": "arts_centre"}, "geometry": {"type": "Polygon", "coordinates": [[[1.1866016, 6.1897261], [1.1866016, 6.1896575], [1.1866633, 6.1896575], [1.1866633, 6.1897261], [1.1866016, 6.1897261]]]}}, {"type": "Feature", "properties": {"building": "yes", "name": "Institut Fran\u00e7ais du Togo", "amenity": "arts_centre"}, "geometry": {"type": "Polygon", "coordinates": [[[1.2161006, 6.1244274], [1.2160188, 6.1243274], [1.2161421, 6.1242408], [1.2162105, 6.1243368], [1.2161006, 6.1244274]]]}}, {"type": "Feature", "properties": {"building": "yes", "name": "NETIS Togo Direction G\u00e9n\u00e9rale NTG1"}, "geometry": {"type": "Polygon", "coordinates": [[[1.2379571, 6.187873], [1.2379317, 6.1878057], [1.2379269, 6.1877929], [1.2381208, 6.1877207], [1.238151, 6.1878008], [1.2379571, 6.187873]]]}}, {"type": "Feature", "properties": {"building": "house", "name": "Salon de coifure Peace & Mercy"}, "geometry": {"type": "Polygon", "coordinates": [[[1.1544533, 6.1877315], [1.1544303, 6.1877139], [1.1544586, 6.1876804], [1.1544763, 6.1877068], [1.1544533, 6.1877315]]]}}, {"type": "Feature", "properties": {"building": "school", "name": "C.S. Mon Devoir"}, "geometry": {"type": "Polygon", "coordinates": [[[1.2070762, 6.2581233], [1.2071054, 6.2581261], [1.2070732, 6.2582378], [1.2070289, 6.2582658], [1.2070762, 6.2581233]]]}}, {"type": "Feature", "properties": {"building": "school", "name": "C.S. Mon Devoir"}, "geometry": {"type": "Polygon", "coordinates": [[[1.2073642, 6.2577725], [1.2074192, 6.2577739], [1.2074071, 6.2578472], [1.2073615, 6.2578472], [1.2073642, 6.2577725]]]}}, {"type": "Feature", "properties": {"building": "yes", "name": "La rotonde"}, "geometry": {"type": "Polygon", "coordinates": [[[1.2772773, 6.1412748], [1.2773011, 6.1412653], [1.2773268, 6.1412635], [1.2773517, 6.1412697], [1.2773735, 6.1412832], [1.27739, 6.1413028], [1.2773923, 6.1413162], [1.2774044, 6.1413178], [1.2774077, 6.1413342], [1.2774077, 6.1413545], [1.2774044, 6.1413745], [1.277399, 6.1413935], [1.2773876, 6.1414082], [1.2773719, 6.1414222], [1.2773618, 6.1414148], [1.277338, 6.1414244], [1.2773347, 6.1414425], [1.2773162, 6.1414455], [1.277288, 6.1414418], [1.2772592, 6.1414308], [1.2772683, 6.1414105], [1.2772657, 6.1414064], [1.2772492, 6.1413868], [1.2772395, 6.1413631], [1.2772378, 6.1413377], [1.277244, 6.1413129], [1.2772576, 6.1412912], [1.2772773, 6.1412748]]]}}, {"type": "Feature", "properties": {"building": "yes", "name": "Chipaplus"}, "geometry": {"type": "Polygon", "coordinates": [[[1.2235445, 6.1562805], [1.2235577, 6.15614], [1.2236897, 6.1561523], [1.2236942, 6.1561039], [1.2238208, 6.1561157], [1.2237985, 6.1563519], [1.2236536, 6.1563384], [1.223658, 6.1562911], [1.2235445, 6.1562805]]]}}, {"type": "Feature", "properties": {"building": "yes", "name": "Post Office Ago\u00e8 Atchanv\u00e9", "amenity": "post_office"}, "geometry": {"type": "Polygon", "coordinates": [[[1.2126498, 6.2265905], [1.2125476, 6.2266101], [1.2124399, 6.2261906], [1.2126699, 6.2260693], [1.2126735, 6.2262683], [1.212601, 6.2263286], [1.2126498, 6.2265905]]]}}, {"type": "Feature", "properties": {"building": "yes", "name": "Hotel LGK2"}, "geometry": {"type": "Polygon", "coordinates": [[[1.2159135, 6.2245123], [1.215808, 6.2243291], [1.2160031, 6.2241348], [1.2161459, 6.2243777], [1.2159135, 6.2245123]]]}}, {"type": "Feature", "properties": {"building": "yes", "name": "batiment senouvo"}, "geometry": {"type": "Polygon", "coordinates": [[[1.200317, 6.1373729], [1.2002432, 6.1373623], [1.20032, 6.1372455], [1.2003766, 6.1372822], [1.200317, 6.1373729]]]}}, {"type": "Feature", "properties": {"building": "service", "name": "Hognekaba", "height": "7"}, "geometry": {"type": "Polygon", "coordinates": [[[1.1950312, 6.1982454], [1.1951269, 6.1979764], [1.1953016, 6.1980379], [1.1952058, 6.1983068], [1.1950312, 6.1982454]]]}}, {"type": "Feature", "properties": {"building": "yes", "name": "B\u00e2timent inachev\u00e9"}, "geometry": {"type": "Polygon", "coordinates": [[[1.1436242, 6.2577245], [1.1437248, 6.2576472], [1.1436671, 6.2578045], [1.1436242, 6.2577245]]]}}, {"type": "Feature", "properties": {"building": "yes", "name": "Cabinet de notaire"}, "geometry": {"type": "Polygon", "coordinates": [[[1.2159095, 6.1641274], [1.215929, 6.1640476], [1.215952, 6.1640532], [1.2159611, 6.1640159], [1.2159826, 6.1640211], [1.2159954, 6.1639687], [1.2161027, 6.1639975], [1.2160612, 6.1641669], [1.2159095, 6.1641274]]]}}, {"type": "Feature", "properties": {"building": "church", "name": "Saint Jean-Baptiste de La Salle", "amenity": "place_of_worship"}, "geometry": {"type": "Polygon", "coordinates": [[[1.2016772, 6.2094668], [1.2014552, 6.2090578], [1.20174, 6.208905], [1.2019619, 6.209314], [1.2016772, 6.2094668]]]}}, {"type": "Feature", "properties": {"building": "construction", "name": "Maison du parti", "amenity": "school"}, "geometry": {"type": "Polygon", "coordinates": [[[1.2217838, 6.1543327], [1.2217945, 6.1542541], [1.2218334, 6.1542647], [1.221824, 6.1543101], [1.2218414, 6.1543101], [1.2218414, 6.1543394], [1.2217838, 6.1543327]]]}}, {"type": "Feature", "properties": {"building": "yes", "name": "Eglise Baptiste Vie Abondante", "amenity": "place_of_worship"}, "geometry": {"type": "Polygon", "coordinates": [[[1.2707525, 6.1796557], [1.2706773, 6.1795341], [1.2707625, 6.1794893], [1.2707525, 6.1796557]]]}}, {"type": "Feature", "properties": {"building": "yes", "name": "Squash Court"}, "geometry": {"type": "Polygon", "coordinates": [[[1.2523049, 6.1737287], [1.2522554, 6.1735985], [1.2523828, 6.1735598], [1.2524288, 6.1736971], [1.2523049, 6.1737287]]]}}, {"type": "Feature", "properties": {"building": "house", "name": "Habitation de Cit\u00e9 14 VILLAS"}, "geometry": {"type": "Polygon", "coordinates": [[[1.2316503, 6.2102601], [1.2316473, 6.2101345], [1.231752, 6.2101284], [1.2317674, 6.2102693], [1.2316503, 6.2102601]]]}}, {"type": "Feature", "properties": {"building": "house", "name": "Habitation de Cit\u00e9 14 VILLAS"}, "geometry": {"type": "Polygon", "coordinates": [[[1.231789, 6.2102509], [1.2317767, 6.2101345], [1.2318814, 6.2101253], [1.2318999, 6.2102662], [1.231789, 6.2102509]]]}}, {"type": "Feature", "properties": {"building": "house", "name": "Habitation de Cit\u00e9 14 VILLAS"}, "geometry": {"type": "Polygon", "coordinates": [[[1.2319246, 6.2102662], [1.2319092, 6.2101253], [1.2320016, 6.2101284], [1.232017, 6.2102693], [1.2319246, 6.2102662]]]}}, {"type": "Feature", "properties": {"building": "house", "name": "Habitation de Cit\u00e9 14 VILLAS"}, "geometry": {"type": "Polygon", "coordinates": [[[1.2320447, 6.2102478], [1.2320293, 6.2101253], [1.2321341, 6.2101192], [1.2321433, 6.210254], [1.2320447, 6.2102478]]]}}, {"type": "Feature", "properties": {"building": "house", "name": "Habitation de Cit\u00e9 14 VILLAS"}, "geometry": {"type": "Polygon", "coordinates": [[[1.232171, 6.2102417], [1.2321587, 6.2101192], [1.2322666, 6.21011], [1.2322727, 6.2102478], [1.232171, 6.2102417]]]}}, {"type": "Feature", "properties": {"building": "house", "name": "Habitation de Cit\u00e9 14 VILLAS"}, "geometry": {"type": "Polygon", "coordinates": [[[1.2322974, 6.2102356], [1.2322912, 6.21011], [1.2323867, 6.2101039], [1.2323929, 6.2102295], [1.2322974, 6.2102356]]]}}, {"type": "Feature", "properties": {"building": "house", "name": "Habitation de Cit\u00e9 14 VILLAS"}, "geometry": {"type": "Polygon", "coordinates": [[[1.2316657, 6.2104316], [1.2316534, 6.2102999], [1.2317643, 6.2102877], [1.2317767, 6.2104286], [1.2316657, 6.2104316]]]}}, {"type": "Feature", "properties": {"building": "house", "name": "Habitation de Cit\u00e9 14 VILLAS"}, "geometry": {"type": "Polygon", "coordinates": [[[1.2318013, 6.2104163], [1.2317952, 6.2102999], [1.2318568, 6.2102907], [1.231866, 6.2104194], [1.2318013, 6.2104163]]]}}, {"type": "Feature", "properties": {"building": "house", "name": "Habitation de Cit\u00e9 14 VILLAS"}, "geometry": {"type": "Polygon", "coordinates": [[[1.2323374, 6.2103765], [1.2323374, 6.2102723], [1.232399, 6.2102632], [1.2324021, 6.2103734], [1.2323374, 6.2103765]]]}}, {"type": "Feature", "properties": {"building": "house", "name": "Habitation de Cit\u00e9 14 VILLA"}, "geometry": {"type": "Polygon", "coordinates": [[[1.2321741, 6.210404], [1.2321649, 6.2102877], [1.2322265, 6.2102846], [1.2322388, 6.2103918], [1.2321741, 6.210404]]]}}, {"type": "Feature", "properties": {"building": "house", "name": "Habitation de Cit\u00e9 14 VILLAS"}, "geometry": {"type": "Polygon", "coordinates": [[[1.2322635, 6.2103887], [1.2322573, 6.2102785], [1.2323128, 6.2102693], [1.232322, 6.210401], [1.2322635, 6.2103887]]]}}, {"type": "Feature", "properties": {"building": "house", "name": "Habitation de Cit\u00e9 14 VILLAS"}, "geometry": {"type": "Polygon", "coordinates": [[[1.2320663, 6.210401], [1.2320601, 6.210303], [1.232131, 6.210303], [1.2321402, 6.210401], [1.2320663, 6.210401]]]}}, {"type": "Feature", "properties": {"building": "house", "name": "Habitation de Cit\u00e9 14 VILLAS"}, "geometry": {"type": "Polygon", "coordinates": [[[1.2319769, 6.2104071], [1.2319708, 6.210306], [1.2320386, 6.210303], [1.2320416, 6.2104132], [1.2319769, 6.2104071]]]}}, {"type": "Feature", "properties": {"building": "house", "name": "Habitation de Cit\u00e9 14 VILLAS"}, "geometry": {"type": "Polygon", "coordinates": [[[1.2318855, 6.2104134], [1.2318814, 6.2103023], [1.2319567, 6.2103002], [1.2319567, 6.2104174], [1.2318855, 6.2104134]]]}}, {"type": "Feature", "properties": {"building": "yes"}, "geometry": {"type": "Polygon", "coordinates": [[[1.2233337, 6.1554726], [1.2233364, 6.1554288], [1.2233832, 6.1554316], [1.2233849, 6.1554037], [1.2234054, 6.1554049], [1.2234076, 6.1553692], [1.2233938, 6.1553684], [1.2233956, 6.1553374], [1.2234052, 6.155338], [1.2234068, 6.155311], [1.2234877, 6.1553159], [1.2234836, 6.1553848], [1.2234436, 6.1553824], [1.2234378, 6.1554788], [1.2233337, 6.1554726]]]}}, {"type": "Feature", "properties": {"building": "yes"}, "geometry": {"type": "Polygon", "coordinates": [[[1.2234474, 6.1554847], [1.2234594, 6.1553884], [1.2234926, 6.1553894], [1.223498, 6.155322], [1.2236036, 6.155329], [1.2235999, 6.1554231], [1.2235825, 6.1554754], [1.2235694, 6.1555004], [1.2235345, 6.1555007], [1.2234474, 6.1554847]]]}}, {"type": "Feature", "properties": {"building": "house", "name": "ND"}, "geometry": {"type": "Polygon", "coordinates": [[[1.229663, 6.2342692], [1.2296576, 6.2341972], [1.2297662, 6.2341892], [1.2297649, 6.2342546], [1.229663, 6.2342692]]]}}, {"type": "Feature", "properties": {"building": "yes", "name": "B\u00e2timent de classe"}, "geometry": {"type": "Polygon", "coordinates": [[[1.2840796, 6.2535342], [1.2840646, 6.2534317], [1.285025, 6.2532933], [1.28504, 6.2533957], [1.2840796, 6.2535342]]]}}, {"type": "Feature", "properties": {"building": "church", "name": "\u00c9glise Catholique d'Amandahom\u00e9", "amenity": "place_of_worship"}, "geometry": {"type": "Polygon", "coordinates": [[[1.1581701, 6.2038194], [1.1584214, 6.2040017], [1.158315, 6.2041465], [1.1580638, 6.2039643], [1.1581701, 6.2038194]]]}}, {"type": "Feature", "properties": {"building": "yes", "name": "La HuQQa", "amenity": "restaurant"}, "geometry": {"type": "Polygon", "coordinates": [[[1.2297094, 6.1672707], [1.2297498, 6.1671856], [1.2298845, 6.1672519], [1.2298333, 6.167349], [1.2297094, 6.1672707]]]}}, {"type": "Feature", "properties": {"building": "house", "name": "Maison de Nai"}, "geometry": {"type": "Polygon", "coordinates": [[[1.2310807, 6.1650976], [1.2310933, 6.1649814], [1.2311148, 6.1649528], [1.2311265, 6.1649144], [1.2313656, 6.1649769], [1.2313539, 6.1650332], [1.2313584, 6.1650591], [1.2313584, 6.1650743], [1.2313458, 6.1650958], [1.2313278, 6.1651119], [1.231317, 6.1651583], [1.2310807, 6.1650976]]]}}, {"type": "Feature", "properties": {"building": "yes", "name": "Ambassade des R\u00e9pubmiques Centrafricaines"}, "geometry": {"type": "Polygon", "coordinates": [[[1.2308863, 6.1648994], [1.2309186, 6.1647555], [1.2310794, 6.1647912], [1.2310471, 6.1649351], [1.2308863, 6.1648994]]]}}, {"type": "Feature", "properties": {"building": "house", "name": "R\u00e9sidence des Soeurs"}, "geometry": {"type": "Polygon", "coordinates": [[[1.2301441, 6.1663294], [1.2301768, 6.1661739], [1.2303097, 6.1662113], [1.2302654, 6.1663643], [1.2301441, 6.1663294]]]}}, {"type": "Feature", "properties": {"building": "yes", "name": "Bureau"}, "geometry": {"type": "Polygon", "coordinates": [[[1.231901, 6.1626139], [1.2319168, 6.1625574], [1.2319976, 6.162577], [1.231981, 6.1626404], [1.231901, 6.1626139]]]}}, {"type": "Feature", "properties": {"building": "yes", "name": "STS (Soci\u00e9t\u00e9 de Transport des Savanes)"}, "geometry": {"type": "Polygon", "coordinates": [[[1.230977, 6.1402054], [1.2309341, 6.1399868], [1.2310588, 6.1399794], [1.2310575, 6.1399961], [1.2311234, 6.1399973], [1.2311194, 6.1402], [1.230977, 6.1402054]]]}}, {"type": "Feature", "properties": {"building": "church", "name": "EEPT Lom-Nava"}, "geometry": {"type": "Polygon", "coordinates": [[[1.2323704, 6.1403668], [1.2322805, 6.1401733], [1.232408, 6.1401148], [1.2324979, 6.1403082], [1.2323704, 6.1403668]]]}}, {"type": "Feature", "properties": {"building": "yes", "name": "Ecole Primaire Lom-Nava", "amenity": "prep_school"}, "geometry": {"type": "Polygon", "coordinates": [[[1.232471, 6.1401654], [1.232414, 6.1400428], [1.2325998, 6.1399574], [1.2326568, 6.1400801], [1.232471, 6.1401654]]]}}, {"type": "Feature", "properties": {"building": "yes", "name": "William Pointy", "amenity": "prep_school"}, "geometry": {"type": "Polygon", "coordinates": [[[1.2332153, 6.1391534], [1.2331919, 6.1391017], [1.2333266, 6.1390414], [1.2333501, 6.139093], [1.2332153, 6.1391534]]]}}, {"type": "Feature", "properties": {"building": "yes", "name": "Grand March\u00e9"}, "geometry": {"type": "Polygon", "coordinates": [[[1.2278241, 6.1265698], [1.2265688, 6.1259297], [1.2267889, 6.1255029], [1.2280442, 6.126143], [1.2278241, 6.1265698]]]}}, {"type": "Feature", "properties": {"building": "yes", "name": "NELL Delice", "amenity": "restaurant"}, "geometry": {"type": "Polygon", "coordinates": [[[1.1924559, 6.2018109], [1.1924479, 6.2017696], [1.192439, 6.2017371], [1.1924284, 6.2016922], [1.1924921, 6.2016579], [1.1925142, 6.2017802], [1.1924559, 6.2018109]]]}}, {"type": "Feature", "properties": {"building": "yes", "name": "Ch\u00e2teau d'eau de B\u00e8"}, "geometry": {"type": "Polygon", "coordinates": [[[1.2492723, 6.135621], [1.2493235, 6.1356046], [1.2493773, 6.1356065], [1.2494272, 6.1356265], [1.2494673, 6.1356622], [1.2494927, 6.1357093], [1.2495005, 6.1357623], [1.2494896, 6.1358147], [1.2494614, 6.1358603], [1.2494192, 6.1358936], [1.2493682, 6.1359106], [1.2493215, 6.1359106], [1.2492769, 6.1358968], [1.2492385, 6.1358704], [1.2492097, 6.1358339], [1.249193, 6.1357906], [1.2491901, 6.1357442], [1.2492011, 6.1356991], [1.2492298, 6.1356538], [1.2492723, 6.135621]]]}}, {"type": "Feature", "properties": {"building": "yes", "name": "La licone", "amenity": "bar"}, "geometry": {"type": "Polygon", "coordinates": [[[1.2059386, 6.2018274], [1.2060023, 6.2018154], [1.2060082, 6.2018465], [1.2059445, 6.2018585], [1.2059386, 6.2018274]]]}}, {"type": "Feature", "properties": {"building": "yes", "name": "La licone", "amenity": "bar"}, "geometry": {"type": "Polygon", "coordinates": [[[1.2061753, 6.2018268], [1.206173, 6.2018902], [1.20607, 6.2018914], [1.2060667, 6.2018628], [1.2060282, 6.2018629], [1.2060278, 6.2018214], [1.2061753, 6.2018268]]]}}, {"type": "Feature", "properties": {"building": "yes", "name": "La licone", "amenity": "bar"}, "geometry": {"type": "Polygon", "coordinates": [[[1.2059332, 6.2019021], [1.2060112, 6.201859], [1.206085, 6.201991], [1.206007, 6.2020341], [1.2059332, 6.2019021]]]}}, {"type": "Feature", "properties": {"building": "yes", "name": "CNP-Togo"}, "geometry": {"type": "Polygon", "coordinates": [[[1.2123552, 6.1885216], [1.2125791, 6.1886162], [1.2125261, 6.1887401], [1.2123022, 6.1886456], [1.2123552, 6.1885216]]]}}, {"type": "Feature", "properties": {"building": "hospital", "name": "CMS Amoutiv\u00e9"}, "geometry": {"type": "Polygon", "coordinates": [[[1.2297602, 6.1403794], [1.2297216, 6.1401163], [1.2297164, 6.1400466], [1.2299985, 6.1400222], [1.2300528, 6.1403533], [1.2297602, 6.1403794]]]}}, {"type": "Feature", "properties": {"building": "yes", "name": "Television Togolaise", "amenity": "studio"}, "geometry": {"type": "Polygon", "coordinates": [[[1.2134216, 6.1247057], [1.2135345, 6.1246373], [1.2135529, 6.1246169], [1.2135221, 6.1245954], [1.2135653, 6.1245526], [1.2135848, 6.1245577], [1.2137347, 6.1244515], [1.2138661, 6.1243576], [1.2139348, 6.1244678], [1.2138086, 6.1245648], [1.213788, 6.1246077], [1.2138024, 6.1246393], [1.2137798, 6.1246699], [1.21375, 6.124625], [1.2137408, 6.1246383], [1.2137326, 6.1246291], [1.2136669, 6.1246679], [1.2136002, 6.1247057], [1.2136279, 6.1247536], [1.2135119, 6.1248231], [1.2134216, 6.1247057]]]}}, {"type": "Feature", "properties": {"building": "yes", "name": "MIDJ"}, "geometry": {"type": "Polygon", "coordinates": [[[1.1674955, 6.2759397], [1.1674495, 6.2756867], [1.1675394, 6.2756757], [1.1675886, 6.275917], [1.1674955, 6.2759397]]]}}, {"type": "Feature", "properties": {"building": "residential", "name": "FTSCD"}, "geometry": {"type": "Polygon", "coordinates": [[[1.1742501, 6.2365529], [1.1743304, 6.2364717], [1.1743533, 6.2364951], [1.1742681, 6.2365756], [1.1742501, 6.2365529]]]}}, {"type": "Feature", "properties": {"building": "yes", "name": "Immeuble Tabac"}, "geometry": {"type": "Polygon", "coordinates": [[[1.2222045, 6.1232965], [1.2221551, 6.1232788], [1.2221654, 6.1232504], [1.2219992, 6.1231907], [1.2221552, 6.1227617], [1.2227162, 6.1229634], [1.2226202, 6.1232273], [1.2222748, 6.1231031], [1.2222045, 6.1232965]]]}}, {"type": "Feature", "properties": {"building": "commercial", "name": "DYNAMIS Power Solutions Groupes \u00e9lectrog\u00e8nes"}, "geometry": {"type": "Polygon", "coordinates": [[[1.2505545, 6.155956], [1.2505715, 6.1559235], [1.2505778, 6.1558979], [1.2507039, 6.1559585], [1.2506866, 6.156008], [1.2505545, 6.155956]]]}}, {"type": "Feature", "properties": {"building": "hotel", "name": "IOKA"}, "geometry": {"type": "Polygon", "coordinates": [[[1.2149909, 6.133034], [1.2150851, 6.1329297], [1.2152168, 6.133082], [1.2151334, 6.1331703], [1.2149909, 6.133034]]]}}, {"type": "Feature", "properties": {"building": "commercial", "name": "African Lease"}, "geometry": {"type": "Polygon", "coordinates": [[[1.2231607, 6.1225968], [1.223136, 6.1225201], [1.2232966, 6.1224402], [1.2233275, 6.1225415], [1.2231607, 6.1225968]]]}}, {"type": "Feature", "properties": {"building": "yes", "name": "Bowling Lom\u00e9"}, "geometry": {"type": "Polygon", "coordinates": [[[1.2223015, 6.1718986], [1.2222431, 6.1717275], [1.2223697, 6.1716968], [1.2224298, 6.1718631], [1.2223015, 6.1718986]]]}}, {"type": "Feature", "properties": {"building": "yes", "name": "La Bruschetta", "amenity": "restaurant"}, "geometry": {"type": "Polygon", "coordinates": [[[1.2225808, 6.1717614], [1.2226036, 6.171658], [1.2227286, 6.1716871], [1.2226945, 6.1717904], [1.2225808, 6.1717614]]]}}, {"type": "Feature", "properties": {"building": "yes", "name": "Chicha", "amenity": "restaurant"}, "geometry": {"type": "Polygon", "coordinates": [[[1.222698, 6.1730981], [1.2228098, 6.1730232], [1.2227755, 6.1731895], [1.222698, 6.1730981]]]}}, {"type": "Feature", "properties": {"building": "yes", "name": "Cigare Lounge", "amenity": "bar"}, "geometry": {"type": "Polygon", "coordinates": [[[1.2226072, 6.1731785], [1.2226913, 6.1731113], [1.22276, 6.1731895], [1.2226836, 6.1732478], [1.2226072, 6.1731785]]]}}, {"type": "Feature", "properties": {"building": "house", "name": "Maison KONDO"}, "geometry": {"type": "Polygon", "coordinates": [[[1.1891074, 6.2267231], [1.1891081, 6.2265794], [1.1892406, 6.2265801], [1.1892399, 6.2267237], [1.1891074, 6.2267231]]]}}, {"type": "Feature", "properties": {"building": "house", "name": "House SANDA"}, "geometry": {"type": "Polygon", "coordinates": [[[1.189346, 6.2272495], [1.1893627, 6.2271056], [1.1894984, 6.227111], [1.1894988, 6.2272516], [1.189346, 6.2272495]]]}}, {"type": "Feature", "properties": {"building": "commercial", "name": "Immeuble de la Marina"}, "geometry": {"type": "Polygon", "coordinates": [[[1.2357235, 6.127518], [1.2357885, 6.1273056], [1.2361019, 6.1273818], [1.2360694, 6.1275849], [1.2357235, 6.127518]]]}}, {"type": "Feature", "properties": {"building": "yes", "name": "Immeuble de la Marina"}, "geometry": {"type": "Polygon", "coordinates": [[[1.2360694, 6.1275849], [1.2361088, 6.1273657], [1.2362017, 6.127398], [1.236413, 6.1274326], [1.236378, 6.127633], [1.2361413, 6.1276426], [1.2360694, 6.1275849]]]}}]}