{"type":"FeatureCollection","features":[{"type":"Feature","properties":{"civic_code":"601-04-001","name":"Kohe","settlement_type":"village","canton_official_code":"A01005005","review_status":"proposed","geometry_role":"non_authoritative_settlement_reference_extent","source":"paired-settlement-reference-extents/settlement-aware-reference-extents.geojson","commune_official_code":"A01005","official_code":"A01005"},"geometry":{"type":"Polygon","coordinates":[[[1.141407,6.215292],[1.140863,6.21542],[1.139698,6.215895],[1.137224,6.216743],[1.13713,6.216704],[1.135167,6.217412],[1.133457,6.21856],[1.132687,6.218309],[1.13111,6.218879],[1.131545,6.220541],[1.133117,6.222331],[1.135471,6.223528],[1.138247,6.223948],[1.141024,6.223528],[1.143377,6.222331],[1.14495,6.220541],[1.145502,6.218429],[1.14495,6.216317],[1.143581,6.214759],[1.141407,6.215292]]]}},{"type":"Feature","properties":{"civic_code":"601-04-002","name":"Sanguera","settlement_type":"village","canton_official_code":"A01005005","review_status":"proposed","geometry_role":"non_authoritative_settlement_reference_extent","source":"paired-settlement-reference-extents/settlement-aware-reference-extents.geojson","commune_official_code":"A01005","official_code":"A01005"},"geometry":{"type":"Polygon","coordinates":[[[1.111947,6.225694],[1.099919,6.227967],[1.097706,6.230486],[1.097431,6.231535],[1.103977,6.239415],[1.104109,6.241852],[1.108238,6.242477],[1.112601,6.241817],[1.1163,6.239937],[1.118771,6.237124],[1.119639,6.233805],[1.118771,6.230486],[1.1163,6.227673],[1.112601,6.225793],[1.111947,6.225694]]]}},{"type":"Feature","properties":{"civic_code":"106-09-001","name":"Alokpa","settlement_type":"village","canton_official_code":null,"review_status":"proposed","geometry_role":"non_authoritative_settlement_reference_extent","source":"paired-settlement-reference-extents/settlement-aware-reference-extents.geojson","commune_official_code":"A02007","official_code":"A02007"},"geometry":{"type":"Polygon","coordinates":[[[0.960994,6.638021],[0.956876,6.638795],[0.952916,6.639877],[0.950709,6.642285],[0.950061,6.645065],[0.950385,6.645434],[0.952739,6.646631],[0.955515,6.647051],[0.958291,6.646631],[0.960645,6.645434],[0.962218,6.643642],[0.96277,6.641528],[0.962218,6.639415],[0.960994,6.638021]]]}},{"type":"Feature","properties":{"civic_code":"106-09-002","name":"Edoh kopé","settlement_type":"village","canton_official_code":null,"review_status":"proposed","geometry_role":"non_authoritative_settlement_reference_extent","source":"paired-settlement-reference-extents/settlement-aware-reference-extents.geojson","commune_official_code":"A02007","official_code":"A02007"},"geometry":{"type":"Polygon","coordinates":[[[0.946161,6.665517],[0.943385,6.665097],[0.940609,6.665517],[0.938398,6.666642],[0.936682,6.668506],[0.93613,6.67062],[0.936682,6.672734],[0.938255,6.674526],[0.940609,6.675723],[0.943385,6.676143],[0.946161,6.675723],[0.948515,6.674526],[0.950088,6.672734],[0.95064,6.67062],[0.950088,6.668506],[0.948515,6.666714],[0.946161,6.665517]]]}},{"type":"Feature","properties":{"civic_code":"101-03-003","name":"Agové","settlement_type":"village","canton_official_code":null,"review_status":"proposed","geometry_role":"non_authoritative_settlement_reference_extent","source":"paired-settlement-reference-extents/settlement-aware-reference-extents.geojson","commune_official_code":"A02007","official_code":"A02007"},"geometry":{"type":"Polygon","coordinates":[[[0.84019,6.428814],[0.837836,6.427617],[0.83506,6.427197],[0.832284,6.427617],[0.82993,6.428814],[0.828357,6.430605],[0.827805,6.432718],[0.828357,6.434831],[0.82993,6.436622],[0.832284,6.437818],[0.83506,6.438239],[0.837836,6.437818],[0.84019,6.436622],[0.841763,6.434831],[0.842315,6.432718],[0.841763,6.430605],[0.84019,6.428814]]]}},{"type":"Feature","properties":{"civic_code":"101-03-004","name":"Alassin-Kope","settlement_type":"village","canton_official_code":"A02007008","review_status":"proposed","geometry_role":"non_authoritative_settlement_reference_extent","source":"paired-settlement-reference-extents/settlement-aware-reference-extents.geojson","commune_official_code":"A02007","official_code":"A02007"},"geometry":{"type":"Polygon","coordinates":[[[0.893133,6.508216],[0.890788,6.508571],[0.88882,6.509418],[0.888003,6.509834],[0.886431,6.511625],[0.885878,6.513738],[0.886431,6.515851],[0.888003,6.517643],[0.890357,6.51884],[0.893133,6.51926],[0.89591,6.51884],[0.898263,6.517643],[0.899836,6.515851],[0.900388,6.513738],[0.899836,6.511625],[0.898263,6.509834],[0.89591,6.508637],[0.893133,6.508216]]]}},{"type":"Feature","properties":{"civic_code":"101-03-005","name":"Amilassimé","settlement_type":"village","canton_official_code":"A02007008","review_status":"proposed","geometry_role":"non_authoritative_settlement_reference_extent","source":"paired-settlement-reference-extents/settlement-aware-reference-extents.geojson","commune_official_code":"A02007","official_code":"A02007"},"geometry":{"type":"Polygon","coordinates":[[[0.957037,6.485319],[0.954684,6.486516],[0.953111,6.488307],[0.952559,6.49042],[0.953111,6.492533],[0.954684,6.494325],[0.957037,6.495522],[0.959814,6.495942],[0.96259,6.495522],[0.964944,6.494325],[0.966516,6.492533],[0.967069,6.49042],[0.966516,6.488307],[0.964944,6.486516],[0.96259,6.485319],[0.959814,6.484899],[0.957037,6.485319]]]}},{"type":"Feature","properties":{"civic_code":"101-03-007","name":"Ando Centre","settlement_type":"village","canton_official_code":null,"review_status":"proposed","geometry_role":"non_authoritative_settlement_reference_extent","source":"paired-settlement-reference-extents/settlement-aware-reference-extents.geojson","commune_official_code":"A02007","official_code":"A02007"},"geometry":{"type":"Polygon","coordinates":[[[0.880768,6.427354],[0.878415,6.428551],[0.876842,6.430342],[0.87629,6.432454],[0.876842,6.434567],[0.878415,6.436358],[0.880768,6.437555],[0.883545,6.437975],[0.886321,6.437555],[0.888675,6.436358],[0.890247,6.434567],[0.8908,6.432454],[0.890247,6.430342],[0.888675,6.428551],[0.886321,6.427354],[0.883545,6.426934],[0.880768,6.427354]]]}},{"type":"Feature","properties":{"civic_code":"101-03-008","name":"Apedokoè","settlement_type":"village","canton_official_code":"A02007008","review_status":"proposed","geometry_role":"non_authoritative_settlement_reference_extent","source":"paired-settlement-reference-extents/settlement-aware-reference-extents.geojson","commune_official_code":"A02007","official_code":"A02007"},"geometry":{"type":"Polygon","coordinates":[[[0.889457,6.43967],[0.888905,6.441783],[0.889457,6.443896],[0.89103,6.445687],[0.893383,6.446884],[0.89616,6.447304],[0.898936,6.446884],[0.90129,6.445687],[0.902862,6.443896],[0.903415,6.441783],[0.902862,6.43967],[0.90129,6.437879],[0.898936,6.436682],[0.89616,6.436262],[0.893383,6.436682],[0.89103,6.437879],[0.889457,6.43967]]]}},{"type":"Feature","properties":{"civic_code":"101-03-009","name":"Assahoun","settlement_type":"village","canton_official_code":"A02007008","review_status":"proposed","geometry_role":"non_authoritative_settlement_reference_extent","source":"paired-settlement-reference-extents/settlement-aware-reference-extents.geojson","commune_official_code":"A02007","official_code":"A02007"},"geometry":{"type":"Polygon","coordinates":[[[0.898206,6.454617],[0.899074,6.457937],[0.901545,6.460752],[0.905244,6.462633],[0.909606,6.463293],[0.913969,6.462633],[0.917668,6.460752],[0.920139,6.457937],[0.921007,6.454617],[0.920139,6.451297],[0.917668,6.448482],[0.913969,6.446602],[0.909606,6.445941],[0.905244,6.446602],[0.901545,6.448482],[0.899074,6.451297],[0.898206,6.454617]]]}},{"type":"Feature","properties":{"civic_code":"101-03-010","name":"Ati Atovou","settlement_type":"village","canton_official_code":null,"review_status":"proposed","geometry_role":"non_authoritative_settlement_reference_extent","source":"paired-settlement-reference-extents/settlement-aware-reference-extents.geojson","commune_official_code":"A02007","official_code":"A02007"},"geometry":{"type":"Polygon","coordinates":[[[0.861332,6.551237],[0.861884,6.55335],[0.863456,6.555142],[0.86581,6.556339],[0.868587,6.556759],[0.871363,6.556339],[0.873717,6.555142],[0.875289,6.55335],[0.875841,6.551237],[0.875289,6.549124],[0.873717,6.547332],[0.871363,6.546135],[0.868587,6.545715],[0.86581,6.546135],[0.863456,6.547332],[0.861884,6.549124],[0.861332,6.551237]]]}},{"type":"Feature","properties":{"civic_code":"101-03-011","name":"Atse-Kope","settlement_type":"village","canton_official_code":null,"review_status":"proposed","geometry_role":"non_authoritative_settlement_reference_extent","source":"paired-settlement-reference-extents/settlement-aware-reference-extents.geojson","commune_official_code":"A02007","official_code":"A02007"},"geometry":{"type":"Polygon","coordinates":[[[0.879051,6.538274],[0.880624,6.540066],[0.882977,6.541263],[0.885754,6.541683],[0.88853,6.541263],[0.890884,6.540066],[0.892456,6.538274],[0.893009,6.536161],[0.892456,6.534048],[0.890884,6.532257],[0.88853,6.53106],[0.885754,6.530639],[0.882977,6.53106],[0.880624,6.532257],[0.879051,6.534048],[0.878499,6.536161],[0.879051,6.538274]]]}},{"type":"Feature","properties":{"civic_code":"101-03-012","name":"Atti Akakpé","settlement_type":"village","canton_official_code":null,"review_status":"proposed","geometry_role":"non_authoritative_settlement_reference_extent","source":"paired-settlement-reference-extents/settlement-aware-reference-extents.geojson","commune_official_code":"A02007","official_code":"A02007"},"geometry":{"type":"Polygon","coordinates":[[[0.89018,6.506725],[0.892534,6.507922],[0.89531,6.508342],[0.898087,6.507922],[0.90044,6.506725],[0.902013,6.504934],[0.902565,6.502821],[0.902013,6.500708],[0.90044,6.498916],[0.898087,6.497719],[0.89531,6.497299],[0.892534,6.497719],[0.89018,6.498916],[0.888608,6.500708],[0.888055,6.502821],[0.888608,6.504934],[0.89018,6.506725]]]}},{"type":"Feature","properties":{"civic_code":"101-03-013","name":"Atti-Elio","settlement_type":"village","canton_official_code":null,"review_status":"proposed","geometry_role":"non_authoritative_settlement_reference_extent","source":"paired-settlement-reference-extents/settlement-aware-reference-extents.geojson","commune_official_code":"A02007","official_code":"A02007"},"geometry":{"type":"Polygon","coordinates":[[[0.872395,6.588064],[0.875172,6.588484],[0.877948,6.588064],[0.880302,6.586867],[0.881874,6.585075],[0.882427,6.582962],[0.881874,6.580848],[0.880302,6.579057],[0.877948,6.57786],[0.875172,6.577439],[0.872395,6.57786],[0.870042,6.579057],[0.868469,6.580848],[0.867917,6.582962],[0.868469,6.585075],[0.870042,6.586867],[0.872395,6.588064]]]}},{"type":"Feature","properties":{"civic_code":"101-03-014","name":"Atti-tomefa","settlement_type":"village","canton_official_code":null,"review_status":"proposed","geometry_role":"non_authoritative_settlement_reference_extent","source":"paired-settlement-reference-extents/settlement-aware-reference-extents.geojson","commune_official_code":"A02007","official_code":"A02007"},"geometry":{"type":"Polygon","coordinates":[[[0.842151,6.577616],[0.844927,6.577196],[0.847281,6.575999],[0.848853,6.574207],[0.849405,6.572094],[0.848853,6.56998],[0.847281,6.568189],[0.844927,6.566992],[0.842151,6.566571],[0.839374,6.566992],[0.83702,6.568189],[0.835448,6.56998],[0.834896,6.572094],[0.835448,6.574207],[0.83702,6.575999],[0.839374,6.577196],[0.842151,6.577616]]]}},{"type":"Feature","properties":{"civic_code":"101-03-018","name":"Fiokome","settlement_type":"village","canton_official_code":null,"review_status":"proposed","geometry_role":"non_authoritative_settlement_reference_extent","source":"paired-settlement-reference-extents/settlement-aware-reference-extents.geojson","commune_official_code":"A02007","official_code":"A02007"},"geometry":{"type":"Polygon","coordinates":[[[0.848251,6.483669],[0.850605,6.482473],[0.852178,6.480681],[0.85273,6.478568],[0.852178,6.476455],[0.850605,6.474664],[0.848251,6.473467],[0.845475,6.473047],[0.842699,6.473467],[0.840345,6.474664],[0.838772,6.476455],[0.83822,6.478568],[0.838772,6.480681],[0.840345,6.482473],[0.842699,6.483669],[0.845475,6.48409],[0.848251,6.483669]]]}},{"type":"Feature","properties":{"civic_code":"101-03-019","name":"Fokpo","settlement_type":"village","canton_official_code":null,"review_status":"proposed","geometry_role":"non_authoritative_settlement_reference_extent","source":"paired-settlement-reference-extents/settlement-aware-reference-extents.geojson","commune_official_code":"A02007","official_code":"A02007"},"geometry":{"type":"Polygon","coordinates":[[[0.90247,6.53208],[0.904043,6.530288],[0.904595,6.528175],[0.904043,6.526062],[0.90247,6.52427],[0.900116,6.523073],[0.89734,6.522653],[0.894564,6.523073],[0.89221,6.52427],[0.890637,6.526062],[0.890085,6.528175],[0.890637,6.530288],[0.89221,6.53208],[0.894564,6.533277],[0.89734,6.533697],[0.900116,6.533277],[0.90247,6.53208]]]}},{"type":"Feature","properties":{"civic_code":"101-03-020","name":"Gadjatoe","settlement_type":"village","canton_official_code":"A02007008","review_status":"proposed","geometry_role":"non_authoritative_settlement_reference_extent","source":"paired-settlement-reference-extents/settlement-aware-reference-extents.geojson","commune_official_code":"A02007","official_code":"A02007"},"geometry":{"type":"Polygon","coordinates":[[[0.976935,6.499082],[0.976382,6.496969],[0.97481,6.495178],[0.972456,6.493981],[0.96968,6.49356],[0.966903,6.493981],[0.96455,6.495178],[0.962977,6.496969],[0.962425,6.499082],[0.962977,6.501195],[0.96455,6.502986],[0.966903,6.504183],[0.96968,6.504604],[0.972456,6.504183],[0.97481,6.502986],[0.976382,6.501195],[0.976935,6.499082]]]}},{"type":"Feature","properties":{"civic_code":"101-03-022","name":"KLOMEKPUI","settlement_type":"village","canton_official_code":null,"review_status":"proposed","geometry_role":"non_authoritative_settlement_reference_extent","source":"paired-settlement-reference-extents/settlement-aware-reference-extents.geojson","commune_official_code":"A02007","official_code":"A02007"},"geometry":{"type":"Polygon","coordinates":[[[0.786657,6.454836],[0.786104,6.452723],[0.784532,6.450932],[0.782178,6.449735],[0.779402,6.449315],[0.776625,6.449735],[0.774272,6.450932],[0.772699,6.452723],[0.772147,6.454836],[0.772699,6.456949],[0.774272,6.45874],[0.776625,6.459937],[0.779402,6.460357],[0.782178,6.459937],[0.784532,6.45874],[0.786104,6.456949],[0.786657,6.454836]]]}},{"type":"Feature","properties":{"civic_code":"101-03-023","name":"Nyamessiva","settlement_type":"village","canton_official_code":null,"review_status":"proposed","geometry_role":"non_authoritative_settlement_reference_extent","source":"paired-settlement-reference-extents/settlement-aware-reference-extents.geojson","commune_official_code":"A02007","official_code":"A02007"},"geometry":{"type":"Polygon","coordinates":[[[0.858181,6.58075],[0.856608,6.578958],[0.854255,6.577761],[0.851478,6.577341],[0.848702,6.577761],[0.846348,6.578958],[0.844776,6.58075],[0.844223,6.582863],[0.844776,6.584977],[0.846348,6.586768],[0.848702,6.587965],[0.851478,6.588386],[0.854255,6.587965],[0.856608,6.586768],[0.858181,6.584977],[0.858733,6.582863],[0.858181,6.58075]]]}},{"type":"Feature","properties":{"civic_code":"101-03-026","name":"Taklavé","settlement_type":"village","canton_official_code":null,"review_status":"proposed","geometry_role":"non_authoritative_settlement_reference_extent","source":"paired-settlement-reference-extents/settlement-aware-reference-extents.geojson","commune_official_code":"A02007","official_code":"A02007"},"geometry":{"type":"Polygon","coordinates":[[[0.810455,6.528057],[0.808102,6.52686],[0.805325,6.526439],[0.802549,6.52686],[0.800195,6.528057],[0.798623,6.529848],[0.79807,6.531961],[0.798623,6.534074],[0.800195,6.535866],[0.802549,6.537063],[0.805325,6.537483],[0.808102,6.537063],[0.810455,6.535866],[0.812028,6.534074],[0.81258,6.531961],[0.812028,6.529848],[0.810455,6.528057]]]}},{"type":"Feature","properties":{"civic_code":"101-03-028","name":"Woatsinou","settlement_type":"village","canton_official_code":null,"review_status":"proposed","geometry_role":"non_authoritative_settlement_reference_extent","source":"paired-settlement-reference-extents/settlement-aware-reference-extents.geojson","commune_official_code":"A02007","official_code":"A02007"},"geometry":{"type":"Polygon","coordinates":[[[0.881042,6.545349],[0.878266,6.545769],[0.875912,6.546966],[0.874653,6.5484],[0.875289,6.549124],[0.875841,6.551237],[0.875289,6.55335],[0.874975,6.553708],[0.875912,6.554775],[0.878266,6.555973],[0.881042,6.556393],[0.883818,6.555973],[0.886172,6.554775],[0.887745,6.552984],[0.888297,6.550871],[0.887745,6.548757],[0.886172,6.546966],[0.883818,6.545769],[0.881042,6.545349]]]}},{"type":"Feature","properties":{"civic_code":"101-03-030","name":"Zikpe","settlement_type":"village","canton_official_code":null,"review_status":"proposed","geometry_role":"non_authoritative_settlement_reference_extent","source":"paired-settlement-reference-extents/settlement-aware-reference-extents.geojson","commune_official_code":"A02007","official_code":"A02007"},"geometry":{"type":"Polygon","coordinates":[[[0.823062,6.541403],[0.820286,6.541823],[0.817932,6.54302],[0.816359,6.544812],[0.815807,6.546925],[0.816359,6.549038],[0.817932,6.55083],[0.820286,6.552027],[0.823062,6.552447],[0.825838,6.552027],[0.828192,6.55083],[0.829765,6.549038],[0.830317,6.546925],[0.829765,6.544812],[0.828192,6.54302],[0.825838,6.541823],[0.823062,6.541403]]]}},{"type":"Feature","properties":{"civic_code":"101-06-001","name":"Afiadenyiban","settlement_type":"village","canton_official_code":"A02007007","review_status":"proposed","geometry_role":"non_authoritative_settlement_reference_extent","source":"paired-settlement-reference-extents/settlement-aware-reference-extents.geojson","commune_official_code":"A02007","official_code":"A02007"},"geometry":{"type":"Polygon","coordinates":[[[0.990439,6.512627],[0.988866,6.514419],[0.988314,6.516532],[0.988866,6.518645],[0.990439,6.520436],[0.992793,6.521633],[0.995569,6.522054],[0.998345,6.521633],[1.000699,6.520436],[1.002272,6.518645],[1.002824,6.516532],[1.002272,6.514419],[1.000699,6.512627],[0.998345,6.51143],[0.995569,6.51101],[0.992793,6.51143],[0.990439,6.512627]]]}},{"type":"Feature","properties":{"civic_code":"101-06-002","name":"Agnron","settlement_type":"village","canton_official_code":"A02007007","review_status":"proposed","geometry_role":"non_authoritative_settlement_reference_extent","source":"paired-settlement-reference-extents/settlement-aware-reference-extents.geojson","commune_official_code":"A02007","official_code":"A02007"},"geometry":{"type":"Polygon","coordinates":[[[0.976218,6.505855],[0.975666,6.507968],[0.976218,6.510081],[0.977791,6.511872],[0.980144,6.513069],[0.982921,6.51349],[0.985697,6.513069],[0.988051,6.511872],[0.989623,6.510081],[0.990176,6.507968],[0.989623,6.505855],[0.988051,6.504063],[0.985697,6.502866],[0.982921,6.502446],[0.980144,6.502866],[0.977791,6.504063],[0.976218,6.505855]]]}},{"type":"Feature","properties":{"civic_code":"101-06-003","name":"Kévé","settlement_type":"village","canton_official_code":"A02007007","review_status":"proposed","geometry_role":"non_authoritative_settlement_reference_extent","source":"paired-settlement-reference-extents/settlement-aware-reference-extents.geojson","commune_official_code":"A02007","official_code":"A02007"},"geometry":{"type":"Polygon","coordinates":[[[0.919561,6.430292],[0.920429,6.433612],[0.922901,6.436427],[0.926599,6.438307],[0.930962,6.438968],[0.935325,6.438307],[0.939023,6.436427],[0.941495,6.433612],[0.942363,6.430292],[0.941495,6.426972],[0.939023,6.424157],[0.935325,6.422277],[0.930962,6.421616],[0.926599,6.422277],[0.922901,6.424157],[0.920429,6.426972],[0.919561,6.430292]]]}},{"type":"Feature","properties":{"civic_code":"101-06-004","name":"Yomechin","settlement_type":"village","canton_official_code":"A02007007","review_status":"proposed","geometry_role":"non_authoritative_settlement_reference_extent","source":"paired-settlement-reference-extents/settlement-aware-reference-extents.geojson","commune_official_code":"A02007","official_code":"A02007"},"geometry":{"type":"Polygon","coordinates":[[[1.004329,6.484638],[1.005901,6.486429],[1.008255,6.487626],[1.011031,6.488046],[1.013808,6.487626],[1.016161,6.486429],[1.017734,6.484638],[1.018286,6.482525],[1.017734,6.480412],[1.016161,6.47862],[1.013808,6.477424],[1.011031,6.477003],[1.008255,6.477424],[1.005901,6.47862],[1.004329,6.480412],[1.003776,6.482525],[1.004329,6.484638]]]}},{"type":"Feature","properties":{"civic_code":"101-06-005","name":"Zogbépimé","settlement_type":"village","canton_official_code":"A02007007","review_status":"proposed","geometry_role":"non_authoritative_settlement_reference_extent","source":"paired-settlement-reference-extents/settlement-aware-reference-extents.geojson","commune_official_code":"A02007","official_code":"A02007"},"geometry":{"type":"Polygon","coordinates":[[[0.976124,6.452173],[0.978477,6.45337],[0.981254,6.45379],[0.98403,6.45337],[0.986384,6.452173],[0.987956,6.450382],[0.988509,6.448269],[0.987956,6.446156],[0.986384,6.444365],[0.98403,6.443168],[0.981254,6.442748],[0.978477,6.443168],[0.976124,6.444365],[0.974551,6.446156],[0.973999,6.448269],[0.974551,6.450382],[0.976124,6.452173]]]}},{"type":"Feature","properties":{"civic_code":"101-08-001","name":"Agbessia","settlement_type":"village","canton_official_code":"A02007009","review_status":"proposed","geometry_role":"non_authoritative_settlement_reference_extent","source":"paired-settlement-reference-extents/settlement-aware-reference-extents.geojson","commune_official_code":"A02007","official_code":"A02007"},"geometry":{"type":"Polygon","coordinates":[[[0.917619,6.575459],[0.920395,6.575879],[0.923171,6.575459],[0.925525,6.574262],[0.927098,6.57247],[0.92765,6.570357],[0.927098,6.568243],[0.925525,6.566452],[0.923171,6.565255],[0.920395,6.564834],[0.917619,6.565255],[0.915265,6.566452],[0.913692,6.568243],[0.91314,6.570357],[0.913692,6.57247],[0.915265,6.574262],[0.917619,6.575459]]]}},{"type":"Feature","properties":{"civic_code":"101-08-003","name":"Agobaba","settlement_type":"village","canton_official_code":"A02007009","review_status":"proposed","geometry_role":"non_authoritative_settlement_reference_extent","source":"paired-settlement-reference-extents/settlement-aware-reference-extents.geojson","commune_official_code":"A02007","official_code":"A02007"},"geometry":{"type":"Polygon","coordinates":[[[0.872074,6.614103],[0.87485,6.613683],[0.877204,6.612486],[0.878777,6.610694],[0.879329,6.60858],[0.878777,6.606467],[0.877204,6.604675],[0.87485,6.603478],[0.872074,6.603058],[0.869298,6.603478],[0.866944,6.604675],[0.865371,6.606467],[0.864819,6.60858],[0.865371,6.610694],[0.866944,6.612486],[0.869298,6.613683],[0.872074,6.614103]]]}},{"type":"Feature","properties":{"civic_code":"101-08-004","name":"Avego","settlement_type":"village","canton_official_code":"A02007009","review_status":"proposed","geometry_role":"non_authoritative_settlement_reference_extent","source":"paired-settlement-reference-extents/settlement-aware-reference-extents.geojson","commune_official_code":"A02007","official_code":"A02007"},"geometry":{"type":"Polygon","coordinates":[[[0.959696,6.58883],[0.96205,6.587633],[0.963623,6.585842],[0.964175,6.583728],[0.963623,6.581615],[0.96205,6.579823],[0.959696,6.578626],[0.95692,6.578206],[0.954144,6.578626],[0.95179,6.579823],[0.950217,6.581615],[0.949665,6.583728],[0.950217,6.585842],[0.95179,6.587633],[0.954144,6.58883],[0.95692,6.589251],[0.959696,6.58883]]]}},{"type":"Feature","properties":{"civic_code":"101-08-005","name":"Azicopé","settlement_type":"village","canton_official_code":"A02007009","review_status":"proposed","geometry_role":"non_authoritative_settlement_reference_extent","source":"paired-settlement-reference-extents/settlement-aware-reference-extents.geojson","commune_official_code":"A02007","official_code":"A02007"},"geometry":{"type":"Polygon","coordinates":[[[0.883822,6.600945],[0.885395,6.599153],[0.885947,6.59704],[0.885395,6.594926],[0.883822,6.593135],[0.881469,6.591938],[0.878692,6.591517],[0.875916,6.591938],[0.873562,6.593135],[0.87199,6.594926],[0.871437,6.59704],[0.87199,6.599153],[0.873562,6.600945],[0.875916,6.602142],[0.878692,6.602562],[0.881469,6.602142],[0.883822,6.600945]]]}},{"type":"Feature","properties":{"civic_code":"101-08-006","name":"Ego kopé","settlement_type":"village","canton_official_code":"A02007009","review_status":"proposed","geometry_role":"non_authoritative_settlement_reference_extent","source":"paired-settlement-reference-extents/settlement-aware-reference-extents.geojson","commune_official_code":"A02007","official_code":"A02007"},"geometry":{"type":"Polygon","coordinates":[[[0.922212,6.593954],[0.922764,6.59184],[0.922212,6.589727],[0.920639,6.587935],[0.918286,6.586738],[0.915509,6.586318],[0.912733,6.586738],[0.910379,6.587935],[0.908807,6.589727],[0.908254,6.59184],[0.908807,6.593954],[0.910379,6.595746],[0.912733,6.596943],[0.915509,6.597363],[0.918286,6.596943],[0.920639,6.595746],[0.922212,6.593954]]]}},{"type":"Feature","properties":{"civic_code":"101-08-007","name":"Fialalonou","settlement_type":"village","canton_official_code":"A02007009","review_status":"proposed","geometry_role":"non_authoritative_settlement_reference_extent","source":"paired-settlement-reference-extents/settlement-aware-reference-extents.geojson","commune_official_code":"A02007","official_code":"A02007"},"geometry":{"type":"Polygon","coordinates":[[[0.957282,6.638719],[0.956949,6.637445],[0.955377,6.635653],[0.953023,6.634456],[0.950247,6.634035],[0.94747,6.634456],[0.945117,6.635653],[0.943544,6.637445],[0.942992,6.639558],[0.943544,6.641672],[0.945117,6.643464],[0.94747,6.644661],[0.950064,6.645054],[0.950709,6.642285],[0.952916,6.639877],[0.957282,6.638719]]]}},{"type":"Feature","properties":{"civic_code":"101-08-008","name":"Gabie","settlement_type":"village","canton_official_code":"A02007009","review_status":"proposed","geometry_role":"non_authoritative_settlement_reference_extent","source":"paired-settlement-reference-extents/settlement-aware-reference-extents.geojson","commune_official_code":"A02007","official_code":"A02007"},"geometry":{"type":"Polygon","coordinates":[[[0.950396,6.632646],[0.948823,6.630855],[0.94647,6.629657],[0.943693,6.629237],[0.940917,6.629657],[0.938563,6.630855],[0.936991,6.632646],[0.936438,6.63476],[0.936991,6.636874],[0.938563,6.638665],[0.940917,6.639863],[0.94316,6.640202],[0.942992,6.639558],[0.943544,6.637445],[0.945117,6.635653],[0.94747,6.634456],[0.950247,6.634035],[0.95078,6.634116],[0.950396,6.632646]]]}},{"type":"Feature","properties":{"civic_code":"101-08-009","name":"Havé","settlement_type":"village","canton_official_code":"A02007009","review_status":"proposed","geometry_role":"non_authoritative_settlement_reference_extent","source":"paired-settlement-reference-extents/settlement-aware-reference-extents.geojson","commune_official_code":"A02007","official_code":"A02007"},"geometry":{"type":"Polygon","coordinates":[[[0.956928,6.618746],[0.954575,6.617549],[0.951798,6.617129],[0.949022,6.617549],[0.946668,6.618746],[0.945096,6.620538],[0.944543,6.622652],[0.945096,6.624765],[0.946668,6.626557],[0.949022,6.627754],[0.951798,6.628175],[0.954575,6.627754],[0.956928,6.626557],[0.958501,6.624765],[0.959053,6.622652],[0.958501,6.620538],[0.956928,6.618746]]]}},{"type":"Feature","properties":{"civic_code":"101-08-010","name":"Hékpé","settlement_type":"village","canton_official_code":"A02007009","review_status":"proposed","geometry_role":"non_authoritative_settlement_reference_extent","source":"paired-settlement-reference-extents/settlement-aware-reference-extents.geojson","commune_official_code":"A02007","official_code":"A02007"},"geometry":{"type":"Polygon","coordinates":[[[0.922593,6.611508],[0.919816,6.611088],[0.91704,6.611508],[0.914686,6.612705],[0.913114,6.614497],[0.912561,6.61661],[0.913114,6.618724],[0.914686,6.620516],[0.91704,6.621713],[0.919816,6.622133],[0.922593,6.621713],[0.924946,6.620516],[0.926519,6.618724],[0.927071,6.61661],[0.926519,6.614497],[0.924946,6.612705],[0.922593,6.611508]]]}},{"type":"Feature","properties":{"civic_code":"101-08-011","name":"Klobave","settlement_type":"village","canton_official_code":"A02007009","review_status":"proposed","geometry_role":"non_authoritative_settlement_reference_extent","source":"paired-settlement-reference-extents/settlement-aware-reference-extents.geojson","commune_official_code":"A02007","official_code":"A02007"},"geometry":{"type":"Polygon","coordinates":[[[0.949076,6.649296],[0.948653,6.647675],[0.94708,6.645883],[0.944726,6.644686],[0.94195,6.644265],[0.939174,6.644686],[0.93682,6.645883],[0.935247,6.647675],[0.934695,6.649788],[0.935247,6.651902],[0.93682,6.653694],[0.939174,6.654891],[0.94195,6.655312],[0.944726,6.654891],[0.94708,6.653694],[0.948653,6.651902],[0.948883,6.651022],[0.94892,6.649966],[0.949076,6.649296]]]}},{"type":"Feature","properties":{"civic_code":"101-08-012","name":"Koudassi-Gbogame","settlement_type":"village","canton_official_code":"A02007009","review_status":"proposed","geometry_role":"non_authoritative_settlement_reference_extent","source":"paired-settlement-reference-extents/settlement-aware-reference-extents.geojson","commune_official_code":"A02007","official_code":"A02007"},"geometry":{"type":"Polygon","coordinates":[[[0.846832,6.621526],[0.849341,6.623756],[0.84987,6.623676],[0.852223,6.622479],[0.853796,6.620687],[0.854348,6.618573],[0.853796,6.61646],[0.852223,6.614668],[0.84987,6.613471],[0.847093,6.61305],[0.844317,6.613471],[0.842465,6.614413],[0.845371,6.61928],[0.846832,6.621526]]]}},{"type":"Feature","properties":{"civic_code":"101-08-013","name":"Makoumavo","settlement_type":"village","canton_official_code":"A02007009","review_status":"proposed","geometry_role":"non_authoritative_settlement_reference_extent","source":"paired-settlement-reference-extents/settlement-aware-reference-extents.geojson","commune_official_code":"A02007","official_code":"A02007"},"geometry":{"type":"Polygon","coordinates":[[[0.933522,6.655738],[0.93297,6.657852],[0.933522,6.659965],[0.935095,6.661757],[0.937449,6.662955],[0.940225,6.663375],[0.943001,6.662955],[0.945355,6.661757],[0.946928,6.659965],[0.94748,6.657852],[0.946928,6.655738],[0.945734,6.654378],[0.944726,6.654891],[0.94195,6.655312],[0.939174,6.654891],[0.93682,6.653694],[0.936441,6.653262],[0.935095,6.653946],[0.933522,6.655738]]]}},{"type":"Feature","properties":{"civic_code":"101-08-015","name":"Tovegan","settlement_type":"village","canton_official_code":"A02007009","review_status":"proposed","geometry_role":"non_authoritative_settlement_reference_extent","source":"paired-settlement-reference-extents/settlement-aware-reference-extents.geojson","commune_official_code":"A02007","official_code":"A02007"},"geometry":{"type":"Polygon","coordinates":[[[0.886408,6.564871],[0.88554,6.568192],[0.886408,6.571513],[0.888879,6.574328],[0.892578,6.576209],[0.896941,6.57687],[0.901303,6.576209],[0.905002,6.574328],[0.907473,6.571513],[0.908341,6.568192],[0.907473,6.564871],[0.905002,6.562056],[0.901303,6.560174],[0.896941,6.559514],[0.892578,6.560174],[0.888879,6.562056],[0.886408,6.564871]]]}},{"type":"Feature","properties":{"civic_code":"101-09-003","name":"Batoumé","settlement_type":"village","canton_official_code":"A02007011","review_status":"proposed","geometry_role":"non_authoritative_settlement_reference_extent","source":"paired-settlement-reference-extents/settlement-aware-reference-extents.geojson","commune_official_code":"A02007","official_code":"A02007"},"geometry":{"type":"Polygon","coordinates":[[[0.909256,6.363779],[0.909809,6.365891],[0.911381,6.367682],[0.913735,6.368879],[0.916511,6.369299],[0.919288,6.368879],[0.921641,6.367682],[0.923214,6.365891],[0.923766,6.363779],[0.923214,6.361666],[0.921641,6.359875],[0.919288,6.358679],[0.916511,6.358259],[0.913735,6.358679],[0.911381,6.359875],[0.909809,6.361666],[0.909256,6.363779]]]}},{"type":"Feature","properties":{"civic_code":"101-09-004","name":"Todome","settlement_type":"village","canton_official_code":"A02007011","review_status":"proposed","geometry_role":"non_authoritative_settlement_reference_extent","source":"paired-settlement-reference-extents/settlement-aware-reference-extents.geojson","commune_official_code":"A02007","official_code":"A02007"},"geometry":{"type":"Polygon","coordinates":[[[0.943529,6.375674],[0.945101,6.377465],[0.947455,6.378662],[0.950232,6.379082],[0.953008,6.378662],[0.955362,6.377465],[0.956934,6.375674],[0.957486,6.373562],[0.956934,6.371449],[0.955362,6.369658],[0.953008,6.368462],[0.950232,6.368042],[0.947455,6.368462],[0.945101,6.369658],[0.943529,6.371449],[0.942977,6.373562],[0.943529,6.375674]]]}},{"type":"Feature","properties":{"civic_code":"101-09-005","name":"Vodome","settlement_type":"village","canton_official_code":"A02007011","review_status":"proposed","geometry_role":"non_authoritative_settlement_reference_extent","source":"paired-settlement-reference-extents/settlement-aware-reference-extents.geojson","commune_official_code":"A02007","official_code":"A02007"},"geometry":{"type":"Polygon","coordinates":[[[0.938346,6.390259],[0.9407,6.391456],[0.943476,6.391876],[0.946252,6.391456],[0.948606,6.390259],[0.950179,6.388468],[0.950731,6.386356],[0.950179,6.384243],[0.948606,6.382452],[0.946252,6.381256],[0.943476,6.380835],[0.9407,6.381256],[0.938346,6.382452],[0.936773,6.384243],[0.936221,6.386356],[0.936773,6.388468],[0.938346,6.390259]]]}},{"type":"Feature","properties":{"civic_code":"101-09-006","name":"YOPE","settlement_type":"village","canton_official_code":"A02007011","review_status":"proposed","geometry_role":"non_authoritative_settlement_reference_extent","source":"paired-settlement-reference-extents/settlement-aware-reference-extents.geojson","commune_official_code":"A02007","official_code":"A02007"},"geometry":{"type":"Polygon","coordinates":[[[0.914056,6.415985],[0.916833,6.416405],[0.919609,6.415985],[0.921963,6.414788],[0.923535,6.412997],[0.924088,6.410885],[0.923535,6.408772],[0.921963,6.406981],[0.919609,6.405784],[0.916833,6.405364],[0.914056,6.405784],[0.911703,6.406981],[0.91013,6.408772],[0.909578,6.410885],[0.91013,6.412997],[0.911703,6.414788],[0.914056,6.415985]]]}},{"type":"Feature","properties":{"civic_code":"101-09-007","name":"Zolo","settlement_type":"village","canton_official_code":"A02007011","review_status":"proposed","geometry_role":"non_authoritative_settlement_reference_extent","source":"paired-settlement-reference-extents/settlement-aware-reference-extents.geojson","commune_official_code":"A02007","official_code":"A02007"},"geometry":{"type":"Polygon","coordinates":[[[0.89105,6.384294],[0.895413,6.383633],[0.899111,6.381753],[0.901583,6.378939],[0.90245,6.375619],[0.901583,6.372299],[0.899111,6.369485],[0.895413,6.367605],[0.89105,6.366944],[0.886687,6.367605],[0.882988,6.369485],[0.880517,6.372299],[0.879649,6.375619],[0.880517,6.378939],[0.882988,6.381753],[0.886687,6.383633],[0.89105,6.384294]]]}},{"type":"Feature","properties":{"civic_code":"106-14-004","name":"Atidè","settlement_type":"village","canton_official_code":null,"review_status":"proposed","geometry_role":"non_authoritative_settlement_reference_extent","source":"paired-settlement-reference-extents/settlement-aware-reference-extents.geojson","commune_official_code":"A02008","official_code":"A02008"},"geometry":{"type":"Polygon","coordinates":[[[1.07292,6.293805],[1.070566,6.292609],[1.06779,6.292189],[1.065014,6.292609],[1.06266,6.293805],[1.061087,6.295596],[1.060535,6.297708],[1.061087,6.29982],[1.06266,6.301611],[1.063513,6.302045],[1.064579,6.301278],[1.073271,6.298524],[1.074885,6.297096],[1.074493,6.295596],[1.07292,6.293805]]]}},{"type":"Feature","properties":{"civic_code":"101-01-001","name":"Akepe","settlement_type":"village","canton_official_code":"A02008013","review_status":"proposed","geometry_role":"non_authoritative_settlement_reference_extent","source":"paired-settlement-reference-extents/settlement-aware-reference-extents.geojson","commune_official_code":"A02008","official_code":"A02008"},"geometry":{"type":"Polygon","coordinates":[[[1.06224,6.233336],[1.057877,6.232676],[1.053514,6.233336],[1.049816,6.235216],[1.047344,6.238029],[1.046477,6.241348],[1.047344,6.244667],[1.049816,6.247481],[1.053514,6.249361],[1.057877,6.250021],[1.06224,6.249361],[1.065939,6.247481],[1.06841,6.244667],[1.069278,6.241348],[1.06841,6.238029],[1.065939,6.235216],[1.06224,6.233336]]]}},{"type":"Feature","properties":{"civic_code":"101-01-002","name":"Akepe","settlement_type":"village","canton_official_code":"A02008013","review_status":"proposed","geometry_role":"non_authoritative_settlement_reference_extent","source":"paired-settlement-reference-extents/settlement-aware-reference-extents.geojson","commune_official_code":"A02008","official_code":"A02008"},"geometry":{"type":"Polygon","coordinates":[[[1.074483,6.23207],[1.07012,6.23273],[1.066422,6.23461],[1.065905,6.235199],[1.06841,6.238029],[1.069278,6.241348],[1.06841,6.244667],[1.066456,6.246892],[1.07012,6.248755],[1.074483,6.249415],[1.078846,6.248755],[1.082545,6.246875],[1.085016,6.244061],[1.085884,6.240742],[1.085016,6.237423],[1.082545,6.23461],[1.078846,6.23273],[1.074483,6.23207]]]}},{"type":"Feature","properties":{"civic_code":"101-04-006","name":"Badja","settlement_type":"village","canton_official_code":"A02008014","review_status":"proposed","geometry_role":"non_authoritative_settlement_reference_extent","source":"paired-settlement-reference-extents/settlement-aware-reference-extents.geojson","commune_official_code":"A02008","official_code":"A02008"},"geometry":{"type":"Polygon","coordinates":[[[0.979742,6.365603],[0.976043,6.367483],[0.973572,6.370297],[0.972704,6.373617],[0.973572,6.376937],[0.976043,6.379751],[0.979742,6.381632],[0.984104,6.382292],[0.988467,6.381632],[0.992166,6.379751],[0.994637,6.376937],[0.995505,6.373617],[0.994637,6.370297],[0.992166,6.367483],[0.988467,6.365603],[0.984104,6.364942],[0.979742,6.365603]]]}},{"type":"Feature","properties":{"civic_code":"101-04-010","name":"Gbavé","settlement_type":"village","canton_official_code":"A02008014","review_status":"proposed","geometry_role":"non_authoritative_settlement_reference_extent","source":"paired-settlement-reference-extents/settlement-aware-reference-extents.geojson","commune_official_code":"A02008","official_code":"A02008"},"geometry":{"type":"Polygon","coordinates":[[[1.016506,6.332065],[1.015954,6.334177],[1.016506,6.33629],[1.018079,6.338081],[1.020432,6.339277],[1.023209,6.339697],[1.025985,6.339277],[1.028339,6.338081],[1.029911,6.33629],[1.030464,6.334177],[1.029911,6.332065],[1.028936,6.330954],[1.027399,6.330012],[1.022454,6.331002],[1.017328,6.331129],[1.016506,6.332065]]]}},{"type":"Feature","properties":{"civic_code":"101-07-004","name":"N'tsamé","settlement_type":"village","canton_official_code":"A02008012","review_status":"proposed","geometry_role":"non_authoritative_settlement_reference_extent","source":"paired-settlement-reference-extents/settlement-aware-reference-extents.geojson","commune_official_code":"A02008","official_code":"A02008"},"geometry":{"type":"Polygon","coordinates":[[[1.03908,6.283786],[1.038528,6.285898],[1.03908,6.28801],[1.040653,6.289801],[1.043006,6.290997],[1.045783,6.291417],[1.048559,6.290997],[1.050913,6.289801],[1.052485,6.28801],[1.053038,6.285898],[1.052485,6.283786],[1.050913,6.281995],[1.048559,6.280799],[1.045783,6.280378],[1.043006,6.280799],[1.040653,6.281995],[1.03908,6.283786]]]}},{"type":"Feature","properties":{"civic_code":"101-07-005","name":"Noèpé","settlement_type":"village","canton_official_code":"A02008012","review_status":"proposed","geometry_role":"non_authoritative_settlement_reference_extent","source":"paired-settlement-reference-extents/settlement-aware-reference-extents.geojson","commune_official_code":"A02008","official_code":"A02008"},"geometry":{"type":"Polygon","coordinates":[[[1.025105,6.259087],[1.025972,6.262406],[1.028444,6.26522],[1.032142,6.2671],[1.036505,6.26776],[1.040868,6.2671],[1.044567,6.26522],[1.047038,6.262406],[1.047906,6.259087],[1.047038,6.255768],[1.044567,6.252955],[1.040868,6.251075],[1.036505,6.250415],[1.032142,6.251075],[1.028444,6.252955],[1.025972,6.255768],[1.025105,6.259087]]]}},{"type":"Feature","properties":{"civic_code":"103-03-040","name":"Avévé","settlement_type":"village","canton_official_code":null,"review_status":"proposed","geometry_role":"non_authoritative_settlement_reference_extent","source":"paired-settlement-reference-extents/settlement-aware-reference-extents.geojson","commune_official_code":"A03009","official_code":"A03009"},"geometry":{"type":"Polygon","coordinates":[[[1.767062,6.401997],[1.764709,6.4008],[1.761932,6.40038],[1.759156,6.4008],[1.756802,6.401997],[1.755886,6.40304],[1.757762,6.406436],[1.758394,6.410613],[1.759156,6.411001],[1.761932,6.411421],[1.763692,6.411155],[1.763786,6.410714],[1.764388,6.409134],[1.764495,6.408538],[1.764622,6.406865],[1.764713,6.406437],[1.764816,6.406286],[1.765251,6.405988],[1.765862,6.40585],[1.768259,6.405598],[1.769102,6.405572],[1.768635,6.403788],[1.767062,6.401997]]]}},{"type":"Feature","properties":{"civic_code":"104-06-002","name":"Momé Katihoé","settlement_type":"village","canton_official_code":null,"review_status":"proposed","geometry_role":"non_authoritative_settlement_reference_extent","source":"paired-settlement-reference-extents/settlement-aware-reference-extents.geojson","commune_official_code":"A03009","official_code":"A03009"},"geometry":{"type":"Polygon","coordinates":[[[1.56135,6.519559],[1.558996,6.518362],[1.55622,6.517942],[1.553444,6.518362],[1.55109,6.519559],[1.549517,6.521351],[1.548965,6.523464],[1.549517,6.525577],[1.55109,6.527368],[1.553164,6.528423],[1.554766,6.527628],[1.556524,6.527633],[1.558724,6.52676],[1.563134,6.52477],[1.563475,6.523464],[1.562923,6.521351],[1.56135,6.519559]]]}},{"type":"Feature","properties":{"civic_code":"102-02-005","name":"Afanyagan","settlement_type":"village","canton_official_code":"A03009017","review_status":"proposed","geometry_role":"non_authoritative_settlement_reference_extent","source":"paired-settlement-reference-extents/settlement-aware-reference-extents.geojson","commune_official_code":"A03009","official_code":"A03009"},"geometry":{"type":"Polygon","coordinates":[[[1.641408,6.48868],[1.638632,6.48826],[1.635855,6.48868],[1.633502,6.489877],[1.631929,6.491668],[1.631377,6.493781],[1.631929,6.495894],[1.633502,6.497685],[1.635855,6.498882],[1.638632,6.499303],[1.641408,6.498882],[1.643762,6.497685],[1.645334,6.495894],[1.645887,6.493781],[1.645334,6.491668],[1.643762,6.489877],[1.641408,6.48868]]]}},{"type":"Feature","properties":{"civic_code":"102-02-009","name":"Agomé-Glozou","settlement_type":"village","canton_official_code":"A03010020","review_status":"proposed","geometry_role":"non_authoritative_settlement_reference_extent","source":"paired-settlement-reference-extents/settlement-aware-reference-extents.geojson","commune_official_code":"A03009","official_code":"A03009"},"geometry":{"type":"Polygon","coordinates":[[[1.666412,6.544657],[1.663636,6.545077],[1.661282,6.546274],[1.65971,6.548065],[1.659157,6.550179],[1.65971,6.552292],[1.661282,6.554083],[1.663636,6.555281],[1.666412,6.555701],[1.669189,6.555281],[1.671542,6.554083],[1.673115,6.552292],[1.673667,6.550179],[1.673115,6.548065],[1.671542,6.546274],[1.669189,6.545077],[1.666412,6.544657]]]}},{"type":"Feature","properties":{"civic_code":"102-02-025","name":"Village de Klikamé","settlement_type":"village","canton_official_code":null,"review_status":"proposed","geometry_role":"non_authoritative_settlement_reference_extent","source":"paired-settlement-reference-extents/settlement-aware-reference-extents.geojson","commune_official_code":"A03009","official_code":"A03009"},"geometry":{"type":"Polygon","coordinates":[[[1.652255,6.527095],[1.649479,6.527515],[1.647125,6.528712],[1.645552,6.530504],[1.645,6.532617],[1.645552,6.53473],[1.647125,6.536521],[1.649479,6.537718],[1.652255,6.538139],[1.655031,6.537718],[1.657385,6.536521],[1.658958,6.53473],[1.65951,6.532617],[1.658958,6.530504],[1.657385,6.528712],[1.655031,6.527515],[1.652255,6.527095]]]}},{"type":"Feature","properties":{"civic_code":"102-02-026","name":"Weme","settlement_type":"village","canton_official_code":null,"review_status":"proposed","geometry_role":"non_authoritative_settlement_reference_extent","source":"paired-settlement-reference-extents/settlement-aware-reference-extents.geojson","commune_official_code":"A03009","official_code":"A03009"},"geometry":{"type":"Polygon","coordinates":[[[1.608752,6.510194],[1.606398,6.511391],[1.604826,6.513182],[1.604274,6.515295],[1.604826,6.517408],[1.606398,6.5192],[1.608752,6.520397],[1.611528,6.520817],[1.614305,6.520397],[1.616659,6.5192],[1.618231,6.517408],[1.618783,6.515295],[1.618231,6.513182],[1.616659,6.511391],[1.614305,6.510194],[1.611528,6.509774],[1.608752,6.510194]]]}},{"type":"Feature","properties":{"civic_code":"104-04-007","name":"Zooti","settlement_type":"village","canton_official_code":null,"review_status":"proposed","geometry_role":"non_authoritative_settlement_reference_extent","source":"paired-settlement-reference-extents/settlement-aware-reference-extents.geojson","commune_official_code":"A03010","official_code":"A03010"},"geometry":{"type":"Polygon","coordinates":[[[1.611003,6.381462],[1.609524,6.38071],[1.609153,6.381489],[1.607127,6.381933],[1.606233,6.38013],[1.606264,6.379904],[1.605819,6.379853],[1.605248,6.386473],[1.605277,6.39048],[1.605086,6.390766],[1.605873,6.390886],[1.60865,6.390465],[1.611003,6.389269],[1.612576,6.387478],[1.613128,6.385365],[1.612576,6.383253],[1.611003,6.381462]]]}},{"type":"Feature","properties":{"civic_code":"102-02-006","name":"Agbetiko","settlement_type":"village","canton_official_code":"A03010021","review_status":"proposed","geometry_role":"non_authoritative_settlement_reference_extent","source":"paired-settlement-reference-extents/settlement-aware-reference-extents.geojson","commune_official_code":"A03010","official_code":"A03010"},"geometry":{"type":"Polygon","coordinates":[[[1.714287,6.491871],[1.71151,6.491451],[1.708734,6.491871],[1.70638,6.493068],[1.704808,6.494859],[1.704472,6.496142],[1.70463,6.496607],[1.704699,6.496663],[1.704748,6.497313],[1.70447,6.497273],[1.705069,6.497399],[1.705761,6.497689],[1.705914,6.4976],[1.708767,6.498926],[1.712499,6.500254],[1.716903,6.496529],[1.717172,6.496418],[1.716742,6.493677],[1.716764,6.493209],[1.71664,6.493068],[1.714287,6.491871]]]}},{"type":"Feature","properties":{"civic_code":"102-03-002","name":"Attitogon","settlement_type":"village","canton_official_code":"A03010018","review_status":"proposed","geometry_role":"non_authoritative_settlement_reference_extent","source":"paired-settlement-reference-extents/settlement-aware-reference-extents.geojson","commune_official_code":"A03010","official_code":"A03010"},"geometry":{"type":"Polygon","coordinates":[[[1.661787,6.409892],[1.657425,6.410552],[1.653726,6.412433],[1.651255,6.415247],[1.650387,6.418567],[1.651255,6.421887],[1.653726,6.424701],[1.657425,6.426582],[1.661787,6.427242],[1.66615,6.426582],[1.669849,6.424701],[1.67232,6.421887],[1.673188,6.418567],[1.67232,6.415247],[1.669849,6.412433],[1.66615,6.410552],[1.661787,6.409892]]]}},{"type":"Feature","properties":{"civic_code":"102-03-003","name":"Attivé","settlement_type":"village","canton_official_code":"A03010018","review_status":"proposed","geometry_role":"non_authoritative_settlement_reference_extent","source":"paired-settlement-reference-extents/settlement-aware-reference-extents.geojson","commune_official_code":"A03010","official_code":"A03010"},"geometry":{"type":"Polygon","coordinates":[[[1.704031,6.452299],[1.701678,6.453496],[1.700105,6.455287],[1.699553,6.4574],[1.700105,6.459513],[1.701678,6.461304],[1.704031,6.462501],[1.706808,6.462921],[1.709584,6.462501],[1.711938,6.461304],[1.71351,6.459513],[1.714063,6.4574],[1.71351,6.455287],[1.711938,6.453496],[1.709584,6.452299],[1.706808,6.451879],[1.704031,6.452299]]]}},{"type":"Feature","properties":{"civic_code":"102-03-004","name":"Blama Condji","settlement_type":"village","canton_official_code":null,"review_status":"proposed","geometry_role":"non_authoritative_settlement_reference_extent","source":"paired-settlement-reference-extents/settlement-aware-reference-extents.geojson","commune_official_code":"A03010","official_code":"A03010"},"geometry":{"type":"Polygon","coordinates":[[[1.669586,6.393732],[1.667232,6.394929],[1.665659,6.39672],[1.665107,6.398833],[1.665659,6.400945],[1.667232,6.402736],[1.669586,6.403933],[1.672362,6.404353],[1.675138,6.403933],[1.677492,6.402736],[1.679065,6.400945],[1.679617,6.398833],[1.679065,6.39672],[1.677492,6.394929],[1.675138,6.393732],[1.672362,6.393312],[1.669586,6.393732]]]}},{"type":"Feature","properties":{"civic_code":"102-03-007","name":"Tonou","settlement_type":"village","canton_official_code":"A03010018","review_status":"proposed","geometry_role":"non_authoritative_settlement_reference_extent","source":"paired-settlement-reference-extents/settlement-aware-reference-extents.geojson","commune_official_code":"A03010","official_code":"A03010"},"geometry":{"type":"Polygon","coordinates":[[[1.635203,6.368382],[1.63465,6.370494],[1.635203,6.372607],[1.636775,6.374398],[1.639129,6.375594],[1.641905,6.376015],[1.644682,6.375594],[1.647035,6.374398],[1.648608,6.372607],[1.64916,6.370494],[1.648608,6.368382],[1.647035,6.366591],[1.644682,6.365394],[1.641905,6.364974],[1.639129,6.365394],[1.636775,6.366591],[1.635203,6.368382]]]}},{"type":"Feature","properties":{"civic_code":"102-04-002","name":"Batonou","settlement_type":"village","canton_official_code":null,"review_status":"proposed","geometry_role":"non_authoritative_settlement_reference_extent","source":"paired-settlement-reference-extents/settlement-aware-reference-extents.geojson","commune_official_code":"A03010","official_code":"A03010"},"geometry":{"type":"Polygon","coordinates":[[[1.745745,6.443868],[1.747318,6.445659],[1.749672,6.446856],[1.752448,6.447276],[1.753623,6.447098],[1.753945,6.445193],[1.756497,6.437301],[1.755224,6.436654],[1.752448,6.436234],[1.749672,6.436654],[1.747318,6.437851],[1.745745,6.439642],[1.745193,6.441755],[1.745745,6.443868]]]}},{"type":"Feature","properties":{"civic_code":"602-04-007","name":"Dévégo","settlement_type":"village","canton_official_code":"A04016027","review_status":"proposed","geometry_role":"non_authoritative_settlement_reference_extent","source":"paired-settlement-reference-extents/settlement-aware-reference-extents.geojson","commune_official_code":"A04016","official_code":"A04016"},"geometry":{"type":"Polygon","coordinates":[[[1.347409,6.188863],[1.344633,6.188443],[1.341856,6.188863],[1.339503,6.19006],[1.33793,6.19185],[1.337378,6.193962],[1.33793,6.196073],[1.339503,6.197864],[1.341856,6.19906],[1.344633,6.19948],[1.344884,6.199442],[1.345752,6.198937],[1.348294,6.19861],[1.349763,6.197864],[1.351335,6.196073],[1.351888,6.193962],[1.351335,6.19185],[1.349763,6.19006],[1.347409,6.188863]]]}},{"type":"Feature","properties":{"civic_code":"602-04-009","name":"Kpogan","settlement_type":"village","canton_official_code":"A04016027","review_status":"proposed","geometry_role":"non_authoritative_settlement_reference_extent","source":"paired-settlement-reference-extents/settlement-aware-reference-extents.geojson","commune_official_code":"A04016","official_code":"A04016"},"geometry":{"type":"Polygon","coordinates":[[[1.371362,6.181555],[1.36979,6.183346],[1.369237,6.185457],[1.36979,6.187569],[1.371362,6.189359],[1.373716,6.190556],[1.376492,6.190976],[1.379197,6.190566],[1.378958,6.188165],[1.379327,6.184777],[1.380229,6.181552],[1.380171,6.181347],[1.380353,6.18091],[1.379269,6.180359],[1.376492,6.179939],[1.373716,6.180359],[1.371362,6.181555]]]}},{"type":"Feature","properties":{"civic_code":"602-02-010","name":"Sagbado","settlement_type":"village","canton_official_code":"A04017028","review_status":"proposed","geometry_role":"non_authoritative_settlement_reference_extent","source":"paired-settlement-reference-extents/settlement-aware-reference-extents.geojson","commune_official_code":"A04017","official_code":"A04017"},"geometry":{"type":"Polygon","coordinates":[[[1.139384,6.185182],[1.136607,6.184762],[1.133831,6.185182],[1.131477,6.186378],[1.129905,6.188168],[1.129352,6.19028],[1.129905,6.192392],[1.131477,6.194182],[1.133831,6.195378],[1.136607,6.195798],[1.139384,6.195378],[1.141737,6.194182],[1.14331,6.192392],[1.143862,6.19028],[1.14331,6.188168],[1.141737,6.186378],[1.139384,6.185182]]]}},{"type":"Feature","properties":{"civic_code":"103-04-003","name":"Agbokomé","settlement_type":"village","canton_official_code":null,"review_status":"proposed","geometry_role":"non_authoritative_settlement_reference_extent","source":"paired-settlement-reference-extents/settlement-aware-reference-extents.geojson","commune_official_code":"A05018","official_code":"A05018"},"geometry":{"type":"Polygon","coordinates":[[[1.645071,6.249986],[1.642717,6.24879],[1.639941,6.24837],[1.637164,6.24879],[1.634811,6.249986],[1.633238,6.251777],[1.632686,6.253889],[1.633238,6.256001],[1.634811,6.257791],[1.637164,6.258988],[1.639941,6.259408],[1.642717,6.258988],[1.645071,6.257791],[1.646643,6.256001],[1.647196,6.253889],[1.646643,6.251777],[1.645071,6.249986]]]}},{"type":"Feature","properties":{"civic_code":"103-04-004","name":"Aného","settlement_type":"town","canton_official_code":"A05018029","review_status":"proposed","geometry_role":"non_authoritative_settlement_reference_extent","source":"paired-settlement-reference-extents/settlement-aware-reference-extents.geojson","commune_official_code":"A05018","official_code":"A05018"},"geometry":{"type":"Polygon","coordinates":[[[1.571166,6.229492],[1.573959,6.229826],[1.580279,6.231425],[1.585025,6.230559],[1.585544,6.233725],[1.584993,6.24269],[1.584469,6.244591],[1.585081,6.244902],[1.593671,6.246202],[1.600843,6.24156],[1.59883,6.233035],[1.599142,6.231648],[1.60653,6.230966],[1.606495,6.230275],[1.606617,6.23012],[1.606706,6.22967],[1.606705,6.229055],[1.606679,6.228871],[1.606535,6.228645],[1.604668,6.228348],[1.6042,6.228129],[1.602814,6.227961],[1.601842,6.227725],[1.601509,6.227455],[1.601335,6.227396],[1.599002,6.227023],[1.598359,6.226732],[1.597921,6.226611],[1.596291,6.226226],[1.595201,6.226037],[1.594892,6.225918],[1.594365,6.225425],[1.593821,6.225204],[1.592363,6.225004],[1.59088,6.224913],[1.588954,6.224689],[1.583388,6.223661],[1.574439,6.222246],[1.57287,6.222093],[1.572741,6.22224],[1.571005,6.228877],[1.571166,6.229492]]]}},{"type":"Feature","properties":{"civic_code":"103-02-008","name":"Agbanakin","settlement_type":"village","canton_official_code":null,"review_status":"proposed","geometry_role":"non_authoritative_settlement_reference_extent","source":"paired-settlement-reference-extents/settlement-aware-reference-extents.geojson","commune_official_code":"A05019","official_code":"A05019"},"geometry":{"type":"Polygon","coordinates":[[[1.803544,6.285012],[1.802636,6.285149],[1.802841,6.286778],[1.802742,6.28702],[1.802368,6.287318],[1.801461,6.287599],[1.800761,6.287578],[1.800535,6.287517],[1.800092,6.287261],[1.799758,6.286937],[1.799556,6.286568],[1.799563,6.286045],[1.798414,6.286629],[1.796842,6.288419],[1.796289,6.290531],[1.796842,6.292644],[1.797387,6.293265],[1.801451,6.292412],[1.805496,6.291015],[1.807527,6.28636],[1.807508,6.286253],[1.806278,6.286151],[1.805342,6.286167],[1.805125,6.286097],[1.804829,6.285822],[1.80444,6.285148],[1.803544,6.285012]]]}},{"type":"Feature","properties":{"civic_code":"103-02-010","name":"Agoégan","settlement_type":"village","canton_official_code":"A05019033","review_status":"proposed","geometry_role":"non_authoritative_settlement_reference_extent","source":"paired-settlement-reference-extents/settlement-aware-reference-extents.geojson","commune_official_code":"A05019","official_code":"A05019"},"geometry":{"type":"Polygon","coordinates":[[[1.684803,6.255792],[1.684072,6.256268],[1.682433,6.256789],[1.681125,6.256534],[1.67984,6.25584],[1.679015,6.25463],[1.678432,6.254719],[1.676079,6.255915],[1.674506,6.257705],[1.673954,6.259817],[1.674506,6.26193],[1.676079,6.26372],[1.678432,6.264916],[1.681209,6.265337],[1.683985,6.264916],[1.686339,6.26372],[1.687911,6.26193],[1.688464,6.259817],[1.687911,6.257705],[1.686339,6.255915],[1.685283,6.255379],[1.684803,6.255792]]]}},{"type":"Feature","properties":{"civic_code":"103-02-032","name":"Djéta","settlement_type":"village","canton_official_code":"A05019033","review_status":"proposed","geometry_role":"non_authoritative_settlement_reference_extent","source":"paired-settlement-reference-extents/settlement-aware-reference-extents.geojson","commune_official_code":"A05019","official_code":"A05019"},"geometry":{"type":"Polygon","coordinates":[[[1.740493,6.267668],[1.739009,6.267905],[1.738256,6.267844],[1.736786,6.267473],[1.735905,6.26693],[1.735484,6.266471],[1.734899,6.265497],[1.734487,6.265003],[1.734087,6.264676],[1.733651,6.264513],[1.733209,6.264446],[1.731394,6.265369],[1.729821,6.26716],[1.729269,6.269272],[1.729821,6.271384],[1.731394,6.273174],[1.733747,6.274371],[1.736524,6.274791],[1.7393,6.274371],[1.741654,6.273174],[1.743226,6.271384],[1.743779,6.269272],[1.743522,6.268291],[1.741703,6.267338],[1.741544,6.26733],[1.740493,6.267668]]]}},{"type":"Feature","properties":{"civic_code":"103-02-098","name":"Séko","settlement_type":"village","canton_official_code":"A05019033","review_status":"proposed","geometry_role":"non_authoritative_settlement_reference_extent","source":"paired-settlement-reference-extents/settlement-aware-reference-extents.geojson","commune_official_code":"A05019","official_code":"A05019"},"geometry":{"type":"Polygon","coordinates":[[[1.713651,6.259646],[1.71244,6.260016],[1.711036,6.260829],[1.710329,6.261086],[1.709215,6.261208],[1.708136,6.261187],[1.707553,6.261051],[1.706257,6.260677],[1.704844,6.260134],[1.704004,6.259887],[1.703522,6.260436],[1.70297,6.262548],[1.703522,6.26466],[1.705095,6.26645],[1.707448,6.267647],[1.710225,6.268067],[1.713001,6.267647],[1.715355,6.26645],[1.716927,6.26466],[1.71748,6.262548],[1.716927,6.260436],[1.716632,6.2601],[1.715155,6.259735],[1.714271,6.259634],[1.713651,6.259646]]]}},{"type":"Feature","properties":{"civic_code":"103-02-099","name":"SIVAME","settlement_type":"village","canton_official_code":"A05019033","review_status":"proposed","geometry_role":"non_authoritative_settlement_reference_extent","source":"paired-settlement-reference-extents/settlement-aware-reference-extents.geojson","commune_official_code":"A05019","official_code":"A05019"},"geometry":{"type":"Polygon","coordinates":[[[1.708607,6.287113],[1.708054,6.289225],[1.708607,6.291337],[1.710179,6.293128],[1.712533,6.294324],[1.715309,6.294744],[1.718086,6.294324],[1.720439,6.293128],[1.722012,6.291337],[1.722564,6.289225],[1.722012,6.287113],[1.720439,6.285322],[1.718086,6.284126],[1.715309,6.283706],[1.712533,6.284126],[1.710179,6.285322],[1.708607,6.287113]]]}},{"type":"Feature","properties":{"civic_code":"103-03-028","name":"Aklakou","settlement_type":"village","canton_official_code":"A05019032","review_status":"proposed","geometry_role":"non_authoritative_settlement_reference_extent","source":"paired-settlement-reference-extents/settlement-aware-reference-extents.geojson","commune_official_code":"A05019","official_code":"A05019"},"geometry":{"type":"Polygon","coordinates":[[[1.699901,6.337999],[1.700768,6.341319],[1.70324,6.344133],[1.706938,6.346013],[1.711301,6.346673],[1.715664,6.346013],[1.719363,6.344133],[1.721834,6.341319],[1.722702,6.337999],[1.721834,6.33468],[1.719363,6.331866],[1.715664,6.329985],[1.711301,6.329325],[1.706938,6.329985],[1.70324,6.331866],[1.700768,6.33468],[1.699901,6.337999]]]}},{"type":"Feature","properties":{"civic_code":"103-01-001","name":"Abaté Kopé","settlement_type":"village","canton_official_code":"A05020034","review_status":"proposed","geometry_role":"non_authoritative_settlement_reference_extent","source":"paired-settlement-reference-extents/settlement-aware-reference-extents.geojson","commune_official_code":"A05020","official_code":"A05020"},"geometry":{"type":"Polygon","coordinates":[[[1.528759,6.223682],[1.525983,6.224102],[1.523629,6.225298],[1.522057,6.227089],[1.521505,6.229201],[1.521777,6.230244],[1.528154,6.232112],[1.529331,6.231286],[1.531794,6.230238],[1.534088,6.226376],[1.534823,6.226362],[1.53389,6.225298],[1.531536,6.224102],[1.528759,6.223682]]]}},{"type":"Feature","properties":{"civic_code":"103-01-002","name":"Agbodrafo","settlement_type":"village","canton_official_code":"A05020034","review_status":"proposed","geometry_role":"non_authoritative_settlement_reference_extent","source":"paired-settlement-reference-extents/settlement-aware-reference-extents.geojson","commune_official_code":"A05020","official_code":"A05020"},"geometry":{"type":"Polygon","coordinates":[[[1.486451,6.203846],[1.485469,6.203775],[1.484657,6.203632],[1.483803,6.203416],[1.481284,6.202578],[1.479822,6.202189],[1.474814,6.201148],[1.472967,6.20042],[1.46935,6.202258],[1.466878,6.205071],[1.46601,6.20839],[1.466878,6.211709],[1.468817,6.213916],[1.473519,6.212316],[1.476506,6.212149],[1.478628,6.216878],[1.481774,6.216402],[1.485472,6.214522],[1.487944,6.211709],[1.488812,6.20839],[1.487944,6.205071],[1.486952,6.203943],[1.486451,6.203846]]]}},{"type":"Feature","properties":{"civic_code":"103-01-003","name":"Agovoudou","settlement_type":"village","canton_official_code":null,"review_status":"proposed","geometry_role":"non_authoritative_settlement_reference_extent","source":"paired-settlement-reference-extents/settlement-aware-reference-extents.geojson","commune_official_code":"A05020","official_code":"A05020"},"geometry":{"type":"Polygon","coordinates":[[[1.434248,6.212678],[1.431472,6.213098],[1.429118,6.214294],[1.427546,6.216085],[1.426993,6.218197],[1.427546,6.220309],[1.429118,6.222099],[1.431472,6.223295],[1.434248,6.223715],[1.437025,6.223295],[1.439378,6.222099],[1.440951,6.220309],[1.441503,6.218197],[1.440951,6.216085],[1.439378,6.214294],[1.437025,6.213098],[1.434248,6.212678]]]}},{"type":"Feature","properties":{"civic_code":"103-01-004","name":"Amédékové","settlement_type":"village","canton_official_code":null,"review_status":"proposed","geometry_role":"non_authoritative_settlement_reference_extent","source":"paired-settlement-reference-extents/settlement-aware-reference-extents.geojson","commune_official_code":"A05020","official_code":"A05020"},"geometry":{"type":"Polygon","coordinates":[[[1.425837,6.227774],[1.423483,6.22897],[1.421911,6.230761],[1.421359,6.232873],[1.421911,6.234985],[1.423483,6.236775],[1.425837,6.237971],[1.428613,6.238392],[1.429049,6.238326],[1.435451,6.234469],[1.435868,6.232873],[1.435316,6.230761],[1.433744,6.22897],[1.43139,6.227774],[1.428613,6.227354],[1.425837,6.227774]]]}},{"type":"Feature","properties":{"civic_code":"103-01-006","name":"Dagué","settlement_type":"village","canton_official_code":null,"review_status":"proposed","geometry_role":"non_authoritative_settlement_reference_extent","source":"paired-settlement-reference-extents/settlement-aware-reference-extents.geojson","commune_official_code":"A05020","official_code":"A05020"},"geometry":{"type":"Polygon","coordinates":[[[1.398848,6.204005],[1.397275,6.205796],[1.396723,6.207907],[1.397275,6.210019],[1.398848,6.21181],[1.401202,6.213006],[1.403978,6.213426],[1.406754,6.213006],[1.409108,6.21181],[1.410681,6.210019],[1.411233,6.207907],[1.410681,6.205796],[1.409108,6.204005],[1.406754,6.202809],[1.403978,6.202389],[1.401202,6.202809],[1.398848,6.204005]]]}},{"type":"Feature","properties":{"civic_code":"103-01-007","name":"Dévikinmé","settlement_type":"village","canton_official_code":null,"review_status":"proposed","geometry_role":"non_authoritative_settlement_reference_extent","source":"paired-settlement-reference-extents/settlement-aware-reference-extents.geojson","commune_official_code":"A05020","official_code":"A05020"},"geometry":{"type":"Polygon","coordinates":[[[1.427707,6.209311],[1.427155,6.211423],[1.427707,6.213535],[1.428746,6.214718],[1.429118,6.214294],[1.431472,6.213098],[1.434248,6.212678],[1.437025,6.213098],[1.439378,6.214294],[1.439912,6.214901],[1.441112,6.213535],[1.441664,6.211423],[1.441112,6.209311],[1.43954,6.207521],[1.437186,6.206324],[1.434409,6.205904],[1.431633,6.206324],[1.429279,6.207521],[1.427707,6.209311]]]}},{"type":"Feature","properties":{"civic_code":"103-01-008","name":"Gbodjomé","settlement_type":"village","canton_official_code":null,"review_status":"proposed","geometry_role":"non_authoritative_settlement_reference_extent","source":"paired-settlement-reference-extents/settlement-aware-reference-extents.geojson","commune_official_code":"A05020","official_code":"A05020"},"geometry":{"type":"Polygon","coordinates":[[[1.409098,6.194477],[1.409651,6.196589],[1.411223,6.19838],[1.413577,6.199576],[1.416353,6.199996],[1.41913,6.199576],[1.421483,6.19838],[1.423056,6.196589],[1.423608,6.194477],[1.423056,6.192366],[1.421483,6.190575],[1.41913,6.189379],[1.416353,6.188959],[1.413577,6.189379],[1.411223,6.190575],[1.409651,6.192366],[1.409098,6.194477]]]}},{"type":"Feature","properties":{"civic_code":"103-01-009","name":"Goumou Kopé","settlement_type":"village","canton_official_code":"A05020034","review_status":"proposed","geometry_role":"non_authoritative_settlement_reference_extent","source":"paired-settlement-reference-extents/settlement-aware-reference-extents.geojson","commune_official_code":"A05020","official_code":"A05020"},"geometry":{"type":"Polygon","coordinates":[[[1.539385,6.216287],[1.539842,6.21454],[1.539181,6.214456],[1.538689,6.214298],[1.538503,6.214137],[1.538403,6.213692],[1.53818,6.213589],[1.53746,6.213407],[1.535993,6.213308],[1.535281,6.213196],[1.535018,6.213075],[1.534932,6.212885],[1.534882,6.212396],[1.534638,6.212284],[1.532502,6.211981],[1.531914,6.211803],[1.531363,6.211522],[1.529701,6.211097],[1.527197,6.21068],[1.52598,6.212064],[1.525428,6.214176],[1.52598,6.216287],[1.527553,6.218078],[1.529906,6.219274],[1.532683,6.219694],[1.535459,6.219274],[1.537813,6.218078],[1.539385,6.216287]]]}},{"type":"Feature","properties":{"civic_code":"103-01-010","name":"Togo komé","settlement_type":"village","canton_official_code":null,"review_status":"proposed","geometry_role":"non_authoritative_settlement_reference_extent","source":"paired-settlement-reference-extents/settlement-aware-reference-extents.geojson","commune_official_code":"A05020","official_code":"A05020"},"geometry":{"type":"Polygon","coordinates":[[[1.415921,6.211776],[1.418275,6.212972],[1.421051,6.213392],[1.423828,6.212972],[1.426181,6.211776],[1.427436,6.210347],[1.427707,6.209311],[1.428025,6.208949],[1.428306,6.207873],[1.427754,6.205762],[1.426181,6.203971],[1.423828,6.202775],[1.421051,6.202355],[1.418275,6.202775],[1.415921,6.203971],[1.414349,6.205762],[1.413796,6.207873],[1.414349,6.209985],[1.415921,6.211776]]]}},{"type":"Feature","properties":{"civic_code":"103-01-011","name":"Togokomé","settlement_type":"village","canton_official_code":null,"review_status":"proposed","geometry_role":"non_authoritative_settlement_reference_extent","source":"paired-settlement-reference-extents/settlement-aware-reference-extents.geojson","commune_official_code":"A05020","official_code":"A05020"},"geometry":{"type":"Polygon","coordinates":[[[1.420292,6.219033],[1.423069,6.219453],[1.425845,6.219033],[1.427052,6.218419],[1.426993,6.218197],[1.427546,6.216085],[1.428746,6.214718],[1.427707,6.213535],[1.427155,6.211423],[1.427436,6.210347],[1.426181,6.211776],[1.423828,6.212972],[1.421051,6.213392],[1.418275,6.212972],[1.416325,6.211981],[1.415814,6.213934],[1.416366,6.216046],[1.417939,6.217836],[1.420292,6.219033]]]}},{"type":"Feature","properties":{"civic_code":"103-05-001","name":"Anfoin","settlement_type":"village","canton_official_code":"A05021035","review_status":"proposed","geometry_role":"non_authoritative_settlement_reference_extent","source":"paired-settlement-reference-extents/settlement-aware-reference-extents.geojson","commune_official_code":"A05021","official_code":"A05021"},"geometry":{"type":"Polygon","coordinates":[[[1.610773,6.323911],[1.60641,6.323251],[1.602047,6.323911],[1.598349,6.325791],[1.595877,6.328605],[1.59501,6.331925],[1.595877,6.335244],[1.598349,6.338058],[1.602047,6.339938],[1.60641,6.340599],[1.610773,6.339938],[1.614472,6.338058],[1.616943,6.335244],[1.617776,6.332057],[1.61698,6.33113],[1.61716,6.329435],[1.616943,6.328605],[1.614472,6.325791],[1.610773,6.323911]]]}},{"type":"Feature","properties":{"civic_code":"103-05-002","name":"Anfoin village, Togo","settlement_type":"village","canton_official_code":"A05021035","review_status":"proposed","geometry_role":"non_authoritative_settlement_reference_extent","source":"paired-settlement-reference-extents/settlement-aware-reference-extents.geojson","commune_official_code":"A05021","official_code":"A05021"},"geometry":{"type":"Polygon","coordinates":[[[1.613804,6.340479],[1.616158,6.341676],[1.618934,6.342096],[1.621711,6.341676],[1.622558,6.341245],[1.621934,6.340187],[1.620238,6.334927],[1.617776,6.332057],[1.616943,6.335244],[1.614472,6.338058],[1.61254,6.33904],[1.613804,6.340479]]]}},{"type":"Feature","properties":{"civic_code":"103-08-001","name":"Anamé-Gagbamé","settlement_type":"village","canton_official_code":"A05021036","review_status":"proposed","geometry_role":"non_authoritative_settlement_reference_extent","source":"paired-settlement-reference-extents/settlement-aware-reference-extents.geojson","commune_official_code":"A05021","official_code":"A05021"},"geometry":{"type":"Polygon","coordinates":[[[1.629083,6.296658],[1.625242,6.297681],[1.624125,6.298249],[1.622552,6.300039],[1.622,6.302152],[1.622552,6.304264],[1.624125,6.306055],[1.626479,6.307251],[1.629255,6.307671],[1.632031,6.307251],[1.634385,6.306055],[1.635958,6.304264],[1.63651,6.302152],[1.635958,6.300039],[1.634385,6.298249],[1.632031,6.297052],[1.629255,6.296632],[1.629083,6.296658]]]}},{"type":"Feature","properties":{"civic_code":"103-08-003","name":"Tokpo","settlement_type":"village","canton_official_code":"A05021036","review_status":"proposed","geometry_role":"non_authoritative_settlement_reference_extent","source":"paired-settlement-reference-extents/settlement-aware-reference-extents.geojson","commune_official_code":"A05021","official_code":"A05021"},"geometry":{"type":"Polygon","coordinates":[[[1.644113,6.291674],[1.64176,6.292871],[1.640187,6.294661],[1.639635,6.296773],[1.640187,6.298886],[1.64176,6.300676],[1.644113,6.301873],[1.64689,6.302293],[1.649666,6.301873],[1.65202,6.300676],[1.653592,6.298886],[1.654145,6.296773],[1.653592,6.294661],[1.65202,6.292871],[1.649666,6.291674],[1.649281,6.291616],[1.644579,6.291604],[1.644113,6.291674]]]}},{"type":"Feature","properties":{"civic_code":"104-08-001","name":"TSITSOGBE","settlement_type":"village","canton_official_code":"A06022039","review_status":"proposed","geometry_role":"non_authoritative_settlement_reference_extent","source":"paired-settlement-reference-extents/settlement-aware-reference-extents.geojson","commune_official_code":"A06022","official_code":"A06022"},"geometry":{"type":"Polygon","coordinates":[[[1.578424,6.377818],[1.575648,6.377398],[1.572871,6.377818],[1.570518,6.379015],[1.568945,6.380806],[1.568393,6.382918],[1.568945,6.385031],[1.570518,6.386822],[1.572871,6.388018],[1.575648,6.388438],[1.578424,6.388018],[1.580778,6.386822],[1.58235,6.385031],[1.582903,6.382918],[1.58235,6.380806],[1.580778,6.379015],[1.578424,6.377818]]]}},{"type":"Feature","properties":{"civic_code":"104-09-001","name":"Adankpo-kondji","settlement_type":"village","canton_official_code":"A06022038","review_status":"proposed","geometry_role":"non_authoritative_settlement_reference_extent","source":"paired-settlement-reference-extents/settlement-aware-reference-extents.geojson","commune_official_code":"A06022","official_code":"A06022"},"geometry":{"type":"Polygon","coordinates":[[[1.476976,6.37074],[1.4742,6.37116],[1.471846,6.372357],[1.470274,6.374148],[1.469721,6.37626],[1.470274,6.378373],[1.471846,6.380164],[1.4742,6.38136],[1.476976,6.381781],[1.479753,6.38136],[1.482106,6.380164],[1.483679,6.378373],[1.484231,6.37626],[1.483679,6.374148],[1.482106,6.372357],[1.479753,6.37116],[1.476976,6.37074]]]}},{"type":"Feature","properties":{"civic_code":"104-09-002","name":"Afidenyigban","settlement_type":"village","canton_official_code":"A06022038","review_status":"proposed","geometry_role":"non_authoritative_settlement_reference_extent","source":"paired-settlement-reference-extents/settlement-aware-reference-extents.geojson","commune_official_code":"A06022","official_code":"A06022"},"geometry":{"type":"Polygon","coordinates":[[[1.567493,6.299988],[1.565139,6.301184],[1.563566,6.302975],[1.563014,6.305087],[1.563566,6.307199],[1.565139,6.30899],[1.567493,6.310186],[1.570269,6.310607],[1.573045,6.310186],[1.575399,6.30899],[1.576972,6.307199],[1.577524,6.305087],[1.576972,6.302975],[1.575399,6.301184],[1.573045,6.299988],[1.570269,6.299567],[1.567493,6.299988]]]}},{"type":"Feature","properties":{"civic_code":"104-09-003","name":"Gleve","settlement_type":"village","canton_official_code":"A06022038","review_status":"proposed","geometry_role":"non_authoritative_settlement_reference_extent","source":"paired-settlement-reference-extents/settlement-aware-reference-extents.geojson","commune_official_code":"A06022","official_code":"A06022"},"geometry":{"type":"Polygon","coordinates":[[[1.486878,6.338112],[1.485305,6.339903],[1.484753,6.342015],[1.485305,6.344128],[1.486878,6.345919],[1.489232,6.347115],[1.492008,6.347535],[1.494784,6.347115],[1.497138,6.345919],[1.498711,6.344128],[1.499263,6.342015],[1.498711,6.339903],[1.497138,6.338112],[1.494784,6.336916],[1.492008,6.336495],[1.489232,6.336916],[1.486878,6.338112]]]}},{"type":"Feature","properties":{"civic_code":"104-09-005","name":"Hedjégan","settlement_type":"village","canton_official_code":"A06022038","review_status":"proposed","geometry_role":"non_authoritative_settlement_reference_extent","source":"paired-settlement-reference-extents/settlement-aware-reference-extents.geojson","commune_official_code":"A06022","official_code":"A06022"},"geometry":{"type":"Polygon","coordinates":[[[1.449668,6.335394],[1.449116,6.337507],[1.449668,6.339619],[1.451241,6.34141],[1.453595,6.342606],[1.456371,6.343027],[1.459147,6.342606],[1.461501,6.34141],[1.463074,6.339619],[1.463626,6.337507],[1.463074,6.335394],[1.461501,6.333603],[1.459147,6.332407],[1.456371,6.331987],[1.453595,6.332407],[1.451241,6.333603],[1.449668,6.335394]]]}},{"type":"Feature","properties":{"civic_code":"104-09-006","name":"Hottatimé","settlement_type":"village","canton_official_code":"A06022038","review_status":"proposed","geometry_role":"non_authoritative_settlement_reference_extent","source":"paired-settlement-reference-extents/settlement-aware-reference-extents.geojson","commune_official_code":"A06022","official_code":"A06022"},"geometry":{"type":"Polygon","coordinates":[[[1.522131,6.385606],[1.522683,6.387719],[1.524256,6.38951],[1.526609,6.390706],[1.529386,6.391127],[1.532162,6.390706],[1.534516,6.38951],[1.536088,6.387719],[1.536641,6.385606],[1.536088,6.383494],[1.534516,6.381703],[1.532162,6.380506],[1.529386,6.380086],[1.526609,6.380506],[1.524256,6.381703],[1.522683,6.383494],[1.522131,6.385606]]]}},{"type":"Feature","properties":{"civic_code":"104-09-007","name":"Keta hounlekoè","settlement_type":"village","canton_official_code":"A06022038","review_status":"proposed","geometry_role":"non_authoritative_settlement_reference_extent","source":"paired-settlement-reference-extents/settlement-aware-reference-extents.geojson","commune_official_code":"A06022","official_code":"A06022"},"geometry":{"type":"Polygon","coordinates":[[[1.556832,6.30106],[1.558404,6.302851],[1.560758,6.304047],[1.56319,6.304415],[1.563566,6.302975],[1.565139,6.301184],[1.567493,6.299988],[1.570269,6.299567],[1.570614,6.29962],[1.570789,6.298948],[1.570237,6.296836],[1.568664,6.295045],[1.566311,6.293848],[1.563534,6.293428],[1.560758,6.293848],[1.558404,6.295045],[1.556832,6.296836],[1.556279,6.298948],[1.556832,6.30106]]]}},{"type":"Feature","properties":{"civic_code":"104-09-008","name":"Légbanou-Dzokopé","settlement_type":"village","canton_official_code":"A06022038","review_status":"proposed","geometry_role":"non_authoritative_settlement_reference_extent","source":"paired-settlement-reference-extents/settlement-aware-reference-extents.geojson","commune_official_code":"A06022","official_code":"A06022"},"geometry":{"type":"Polygon","coordinates":[[[1.475373,6.345687],[1.477727,6.346883],[1.480503,6.347304],[1.48328,6.346883],[1.485633,6.345687],[1.486154,6.345094],[1.485305,6.344128],[1.484753,6.342015],[1.485305,6.339903],[1.486357,6.338705],[1.485633,6.337881],[1.48328,6.336684],[1.480503,6.336264],[1.477727,6.336684],[1.475373,6.337881],[1.473801,6.339671],[1.473248,6.341784],[1.473801,6.343896],[1.475373,6.345687]]]}},{"type":"Feature","properties":{"civic_code":"104-09-009","name":"Massé kopé","settlement_type":"village","canton_official_code":"A06022038","review_status":"proposed","geometry_role":"non_authoritative_settlement_reference_extent","source":"paired-settlement-reference-extents/settlement-aware-reference-extents.geojson","commune_official_code":"A06022","official_code":"A06022"},"geometry":{"type":"Polygon","coordinates":[[[1.535682,6.373581],[1.538458,6.374001],[1.541234,6.373581],[1.543588,6.372384],[1.545161,6.370593],[1.545713,6.36848],[1.545161,6.366368],[1.543588,6.364577],[1.541234,6.363381],[1.538458,6.36296],[1.535682,6.363381],[1.533328,6.364577],[1.531755,6.366368],[1.531203,6.36848],[1.531755,6.370593],[1.533328,6.372384],[1.535682,6.373581]]]}},{"type":"Feature","properties":{"civic_code":"104-09-012","name":"Wogba","settlement_type":"village","canton_official_code":"A06022038","review_status":"proposed","geometry_role":"non_authoritative_settlement_reference_extent","source":"paired-settlement-reference-extents/settlement-aware-reference-extents.geojson","commune_official_code":"A06022","official_code":"A06022"},"geometry":{"type":"Polygon","coordinates":[[[1.510603,6.295728],[1.51338,6.295308],[1.515733,6.294112],[1.517306,6.292321],[1.517858,6.290209],[1.517306,6.288097],[1.515733,6.286306],[1.51338,6.28511],[1.510603,6.284689],[1.507827,6.28511],[1.505473,6.286306],[1.503901,6.288097],[1.503348,6.290209],[1.503901,6.292321],[1.505473,6.294112],[1.507827,6.295308],[1.510603,6.295728]]]}},{"type":"Feature","properties":{"civic_code":"104-09-011","name":"Vogan","settlement_type":"town","canton_official_code":"A06022038","review_status":"proposed","geometry_role":"non_authoritative_settlement_reference_extent","source":"paired-settlement-reference-extents/settlement-aware-reference-extents.geojson","commune_official_code":"A06022","official_code":"A06022"},"geometry":{"type":"Polygon","coordinates":[[[1.538433,6.350984],[1.54583,6.347223],[1.550786,6.341542],[1.552508,6.334956],[1.550773,6.328317],[1.54583,6.322689],[1.538433,6.318929],[1.529707,6.317608],[1.520981,6.318929],[1.513584,6.322689],[1.508641,6.328317],[1.506906,6.334956],[1.508641,6.341595],[1.513584,6.347223],[1.520981,6.350984],[1.529707,6.352304],[1.538433,6.350984]]]}},{"type":"Feature","properties":{"civic_code":"104-02-001","name":"Anyrokopé","settlement_type":"village","canton_official_code":"A06023041","review_status":"proposed","geometry_role":"non_authoritative_settlement_reference_extent","source":"paired-settlement-reference-extents/settlement-aware-reference-extents.geojson","commune_official_code":"A06023","official_code":"A06023"},"geometry":{"type":"Polygon","coordinates":[[[1.557592,6.267329],[1.554816,6.266909],[1.552039,6.267329],[1.549686,6.268525],[1.548113,6.270316],[1.547561,6.272428],[1.548113,6.27454],[1.549686,6.27633],[1.552039,6.277527],[1.554816,6.277947],[1.557592,6.277527],[1.559946,6.27633],[1.561518,6.27454],[1.562071,6.272428],[1.561518,6.270316],[1.559946,6.268525],[1.557592,6.267329]]]}},{"type":"Feature","properties":{"civic_code":"104-03-001","name":"Agbedehonou","settlement_type":"village","canton_official_code":"A06024042","review_status":"proposed","geometry_role":"non_authoritative_settlement_reference_extent","source":"paired-settlement-reference-extents/settlement-aware-reference-extents.geojson","commune_official_code":"A06024","official_code":"A06024"},"geometry":{"type":"Polygon","coordinates":[[[1.480246,6.489088],[1.47747,6.488668],[1.474693,6.489088],[1.47234,6.490285],[1.470767,6.492076],[1.470215,6.494189],[1.470767,6.496302],[1.47234,6.498094],[1.474693,6.499291],[1.47747,6.499711],[1.480246,6.499291],[1.4826,6.498094],[1.484172,6.496302],[1.484725,6.494189],[1.484172,6.492076],[1.4826,6.490285],[1.480246,6.489088]]]}},{"type":"Feature","properties":{"civic_code":"104-03-002","name":"Agninou Agotékpé","settlement_type":"village","canton_official_code":"A06024042","review_status":"proposed","geometry_role":"non_authoritative_settlement_reference_extent","source":"paired-settlement-reference-extents/settlement-aware-reference-extents.geojson","commune_official_code":"A06024","official_code":"A06024"},"geometry":{"type":"Polygon","coordinates":[[[1.501451,6.444389],[1.498675,6.444809],[1.496321,6.446006],[1.494748,6.447797],[1.494196,6.44991],[1.494748,6.452023],[1.496321,6.453814],[1.498675,6.455011],[1.501451,6.455431],[1.504227,6.455011],[1.506581,6.453814],[1.508154,6.452023],[1.508706,6.44991],[1.508154,6.447797],[1.506581,6.446006],[1.504227,6.444809],[1.501451,6.444389]]]}},{"type":"Feature","properties":{"civic_code":"104-03-003","name":"Ahonkpè","settlement_type":"village","canton_official_code":"A06024042","review_status":"proposed","geometry_role":"non_authoritative_settlement_reference_extent","source":"paired-settlement-reference-extents/settlement-aware-reference-extents.geojson","commune_official_code":"A06024","official_code":"A06024"},"geometry":{"type":"Polygon","coordinates":[[[1.493861,6.50184],[1.491507,6.503037],[1.489935,6.504829],[1.489382,6.506942],[1.489935,6.509055],[1.491507,6.510846],[1.493861,6.512043],[1.496637,6.512463],[1.499414,6.512043],[1.501767,6.510846],[1.50334,6.509055],[1.503892,6.506942],[1.50334,6.504829],[1.501767,6.503037],[1.499414,6.50184],[1.496637,6.50142],[1.493861,6.50184]]]}},{"type":"Feature","properties":{"civic_code":"104-03-004","name":"Atseti","settlement_type":"village","canton_official_code":"A06024042","review_status":"proposed","geometry_role":"non_authoritative_settlement_reference_extent","source":"paired-settlement-reference-extents/settlement-aware-reference-extents.geojson","commune_official_code":"A06024","official_code":"A06024"},"geometry":{"type":"Polygon","coordinates":[[[1.523155,6.467094],[1.521583,6.468885],[1.52103,6.470998],[1.521583,6.473111],[1.523155,6.474902],[1.525509,6.476099],[1.528285,6.476519],[1.531062,6.476099],[1.533415,6.474902],[1.534988,6.473111],[1.53554,6.470998],[1.534988,6.468885],[1.533415,6.467094],[1.531062,6.465897],[1.528285,6.465476],[1.525509,6.465897],[1.523155,6.467094]]]}},{"type":"Feature","properties":{"civic_code":"104-03-005","name":"Awoutsoudomé","settlement_type":"village","canton_official_code":"A06024042","review_status":"proposed","geometry_role":"non_authoritative_settlement_reference_extent","source":"paired-settlement-reference-extents/settlement-aware-reference-extents.geojson","commune_official_code":"A06024","official_code":"A06024"},"geometry":{"type":"Polygon","coordinates":[[[1.469778,6.479243],[1.469226,6.481356],[1.469778,6.483469],[1.471351,6.48526],[1.473704,6.486457],[1.476481,6.486878],[1.479257,6.486457],[1.481611,6.48526],[1.483183,6.483469],[1.483736,6.481356],[1.483183,6.479243],[1.481611,6.477452],[1.479257,6.476255],[1.476481,6.475835],[1.473704,6.476255],[1.471351,6.477452],[1.469778,6.479243]]]}},{"type":"Feature","properties":{"civic_code":"104-03-006","name":"Aziamayokopé","settlement_type":"village","canton_official_code":"A06024042","review_status":"proposed","geometry_role":"non_authoritative_settlement_reference_extent","source":"paired-settlement-reference-extents/settlement-aware-reference-extents.geojson","commune_official_code":"A06024","official_code":"A06024"},"geometry":{"type":"Polygon","coordinates":[[[1.499378,6.497381],[1.499931,6.499494],[1.501503,6.501285],[1.503857,6.502482],[1.506633,6.502902],[1.50941,6.502482],[1.511763,6.501285],[1.513336,6.499494],[1.513888,6.497381],[1.513336,6.495268],[1.511763,6.493477],[1.50941,6.49228],[1.506633,6.491859],[1.503857,6.49228],[1.501503,6.493477],[1.499931,6.495268],[1.499378,6.497381]]]}},{"type":"Feature","properties":{"civic_code":"104-03-007","name":"Boko","settlement_type":"village","canton_official_code":"A06024042","review_status":"proposed","geometry_role":"non_authoritative_settlement_reference_extent","source":"paired-settlement-reference-extents/settlement-aware-reference-extents.geojson","commune_official_code":"A06024","official_code":"A06024"},"geometry":{"type":"Polygon","coordinates":[[[1.499924,6.440579],[1.501496,6.44237],[1.50385,6.443567],[1.506626,6.443987],[1.509403,6.443567],[1.511756,6.44237],[1.513329,6.440579],[1.513881,6.438466],[1.513329,6.436354],[1.511756,6.434563],[1.509403,6.433366],[1.506626,6.432945],[1.50385,6.433366],[1.501496,6.434563],[1.499924,6.436354],[1.499371,6.438466],[1.499924,6.440579]]]}},{"type":"Feature","properties":{"civic_code":"104-03-008","name":"Gnitaveglo","settlement_type":"village","canton_official_code":"A06024042","review_status":"proposed","geometry_role":"non_authoritative_settlement_reference_extent","source":"paired-settlement-reference-extents/settlement-aware-reference-extents.geojson","commune_official_code":"A06024","official_code":"A06024"},"geometry":{"type":"Polygon","coordinates":[[[1.493017,6.485737],[1.49537,6.486934],[1.498147,6.487354],[1.500923,6.486934],[1.503277,6.485737],[1.504849,6.483946],[1.505402,6.481833],[1.504849,6.47972],[1.503277,6.477928],[1.500923,6.476732],[1.498147,6.476311],[1.49537,6.476732],[1.493017,6.477928],[1.491444,6.47972],[1.490892,6.481833],[1.491444,6.483946],[1.493017,6.485737]]]}},{"type":"Feature","properties":{"civic_code":"104-03-009","name":"Kagnimé","settlement_type":"village","canton_official_code":"A06024042","review_status":"proposed","geometry_role":"non_authoritative_settlement_reference_extent","source":"paired-settlement-reference-extents/settlement-aware-reference-extents.geojson","commune_official_code":"A06024","official_code":"A06024"},"geometry":{"type":"Polygon","coordinates":[[[1.501496,6.434563],[1.50385,6.433366],[1.506626,6.432945],[1.509403,6.433366],[1.511756,6.434563],[1.512093,6.434946],[1.51357,6.433265],[1.514122,6.431152],[1.51357,6.429039],[1.511997,6.427248],[1.509644,6.426052],[1.506867,6.425631],[1.504091,6.426052],[1.501737,6.427248],[1.500165,6.429039],[1.499612,6.431152],[1.500165,6.433265],[1.5014,6.434672],[1.501496,6.434563]]]}},{"type":"Feature","properties":{"civic_code":"104-03-012","name":"Kossi Lamé","settlement_type":"village","canton_official_code":"A06024042","review_status":"proposed","geometry_role":"non_authoritative_settlement_reference_extent","source":"paired-settlement-reference-extents/settlement-aware-reference-extents.geojson","commune_official_code":"A06024","official_code":"A06024"},"geometry":{"type":"Polygon","coordinates":[[[1.499551,6.424037],[1.502328,6.423616],[1.504681,6.42242],[1.506254,6.420628],[1.506806,6.418516],[1.506254,6.416403],[1.504681,6.414612],[1.502328,6.413415],[1.499551,6.412995],[1.496775,6.413415],[1.494421,6.414612],[1.492849,6.416403],[1.492296,6.418516],[1.492849,6.420628],[1.494421,6.42242],[1.496775,6.423616],[1.499551,6.424037]]]}},{"type":"Feature","properties":{"civic_code":"104-03-013","name":"Kpeyidi","settlement_type":"village","canton_official_code":"A06024042","review_status":"proposed","geometry_role":"non_authoritative_settlement_reference_extent","source":"paired-settlement-reference-extents/settlement-aware-reference-extents.geojson","commune_official_code":"A06024","official_code":"A06024"},"geometry":{"type":"Polygon","coordinates":[[[1.490564,6.511987],[1.492157,6.511177],[1.491507,6.510846],[1.489935,6.509055],[1.489382,6.506942],[1.489935,6.504829],[1.491507,6.503037],[1.492268,6.50265],[1.490564,6.501784],[1.487788,6.501364],[1.485011,6.501784],[1.482658,6.502981],[1.481085,6.504772],[1.480533,6.506885],[1.481085,6.508998],[1.482658,6.51079],[1.485011,6.511987],[1.487788,6.512407],[1.490564,6.511987]]]}},{"type":"Feature","properties":{"civic_code":"104-03-014","name":"Logodin","settlement_type":"village","canton_official_code":"A06024042","review_status":"proposed","geometry_role":"non_authoritative_settlement_reference_extent","source":"paired-settlement-reference-extents/settlement-aware-reference-extents.geojson","commune_official_code":"A06024","official_code":"A06024"},"geometry":{"type":"Polygon","coordinates":[[[1.493547,6.448658],[1.495119,6.446867],[1.495671,6.444754],[1.495119,6.442641],[1.493547,6.44085],[1.491193,6.439653],[1.488417,6.439233],[1.48564,6.439653],[1.483286,6.44085],[1.481714,6.442641],[1.481162,6.444754],[1.481714,6.446867],[1.483286,6.448658],[1.48564,6.449855],[1.488417,6.450275],[1.491193,6.449855],[1.493547,6.448658]]]}},{"type":"Feature","properties":{"civic_code":"104-03-016","name":"Todomé","settlement_type":"village","canton_official_code":"A06024042","review_status":"proposed","geometry_role":"non_authoritative_settlement_reference_extent","source":"paired-settlement-reference-extents/settlement-aware-reference-extents.geojson","commune_official_code":"A06024","official_code":"A06024"},"geometry":{"type":"Polygon","coordinates":[[[1.499501,6.501764],[1.501176,6.500912],[1.499931,6.499494],[1.499378,6.497381],[1.499931,6.495268],[1.501503,6.493477],[1.502182,6.493131],[1.501855,6.492758],[1.499501,6.491562],[1.496725,6.491141],[1.493948,6.491562],[1.491595,6.492758],[1.490022,6.49455],[1.48947,6.496663],[1.490022,6.498776],[1.491595,6.500567],[1.493948,6.501764],[1.494157,6.501796],[1.496637,6.50142],[1.499205,6.501809],[1.499501,6.501764]]]}},{"type":"Feature","properties":{"civic_code":"104-04-001","name":"Amégnran","settlement_type":"village","canton_official_code":"A06024043","review_status":"proposed","geometry_role":"non_authoritative_settlement_reference_extent","source":"paired-settlement-reference-extents/settlement-aware-reference-extents.geojson","commune_official_code":"A06024","official_code":"A06024"},"geometry":{"type":"Polygon","coordinates":[[[1.5715,6.475702],[1.57161,6.469027],[1.569437,6.468699],[1.566661,6.469119],[1.564307,6.470316],[1.563071,6.471723],[1.563889,6.474146],[1.562486,6.475382],[1.562734,6.476333],[1.564307,6.478124],[1.566661,6.479321],[1.569437,6.479741],[1.572213,6.479321],[1.573668,6.478581],[1.573317,6.477828],[1.5715,6.475702]]]}},{"type":"Feature","properties":{"civic_code":"104-04-002","name":"Badjenope","settlement_type":"village","canton_official_code":"A06024043","review_status":"proposed","geometry_role":"non_authoritative_settlement_reference_extent","source":"paired-settlement-reference-extents/settlement-aware-reference-extents.geojson","commune_official_code":"A06024","official_code":"A06024"},"geometry":{"type":"Polygon","coordinates":[[[1.569756,6.408388],[1.568183,6.406597],[1.56583,6.4054],[1.563053,6.40498],[1.560277,6.4054],[1.557923,6.406597],[1.556351,6.408388],[1.555798,6.4105],[1.556351,6.412613],[1.557923,6.414404],[1.560277,6.415601],[1.563053,6.416021],[1.56583,6.415601],[1.568183,6.414404],[1.569756,6.412613],[1.570308,6.4105],[1.569756,6.408388]]]}},{"type":"Feature","properties":{"civic_code":"104-04-003","name":"Djaveme","settlement_type":"village","canton_official_code":"A06024043","review_status":"proposed","geometry_role":"non_authoritative_settlement_reference_extent","source":"paired-settlement-reference-extents/settlement-aware-reference-extents.geojson","commune_official_code":"A06024","official_code":"A06024"},"geometry":{"type":"Polygon","coordinates":[[[1.566324,6.388833],[1.56397,6.387636],[1.561194,6.387216],[1.558417,6.387636],[1.556064,6.388833],[1.554491,6.390624],[1.553939,6.392736],[1.554491,6.394849],[1.556064,6.39664],[1.558417,6.397836],[1.561194,6.398257],[1.56397,6.397836],[1.566324,6.39664],[1.567896,6.394849],[1.568449,6.392736],[1.567896,6.390624],[1.566324,6.388833]]]}},{"type":"Feature","properties":{"civic_code":"104-04-004","name":"Gakpopeme","settlement_type":"village","canton_official_code":"A06024043","review_status":"proposed","geometry_role":"non_authoritative_settlement_reference_extent","source":"paired-settlement-reference-extents/settlement-aware-reference-extents.geojson","commune_official_code":"A06024","official_code":"A06024"},"geometry":{"type":"Polygon","coordinates":[[[1.568558,6.418411],[1.565781,6.417991],[1.563005,6.418411],[1.560651,6.419608],[1.559079,6.421399],[1.558526,6.423511],[1.559079,6.425624],[1.560651,6.427415],[1.563005,6.428612],[1.565781,6.429032],[1.568558,6.428612],[1.570911,6.427415],[1.572484,6.425624],[1.573036,6.423511],[1.572484,6.421399],[1.570911,6.419608],[1.568558,6.418411]]]}},{"type":"Feature","properties":{"civic_code":"104-04-005","name":"Hidomé","settlement_type":"village","canton_official_code":"A06024043","review_status":"proposed","geometry_role":"non_authoritative_settlement_reference_extent","source":"paired-settlement-reference-extents/settlement-aware-reference-extents.geojson","commune_official_code":"A06024","official_code":"A06024"},"geometry":{"type":"Polygon","coordinates":[[[1.568105,6.435751],[1.565329,6.436171],[1.562975,6.437368],[1.561402,6.439159],[1.56085,6.441272],[1.561402,6.443384],[1.562975,6.445176],[1.565329,6.446372],[1.568105,6.446793],[1.570881,6.446372],[1.573235,6.445176],[1.574808,6.443384],[1.57536,6.441272],[1.574808,6.439159],[1.573235,6.437368],[1.570881,6.436171],[1.568105,6.435751]]]}},{"type":"Feature","properties":{"civic_code":"104-06-001","name":"Mome Hagou","settlement_type":"village","canton_official_code":"A06024044","review_status":"proposed","geometry_role":"non_authoritative_settlement_reference_extent","source":"paired-settlement-reference-extents/settlement-aware-reference-extents.geojson","commune_official_code":"A06024","official_code":"A06024"},"geometry":{"type":"Polygon","coordinates":[[[1.545929,6.495534],[1.543576,6.496731],[1.542003,6.498523],[1.541451,6.500636],[1.542003,6.502749],[1.543576,6.50454],[1.545929,6.505737],[1.548706,6.506157],[1.551482,6.505737],[1.553019,6.504955],[1.555718,6.499709],[1.555408,6.498523],[1.553836,6.496731],[1.551482,6.495534],[1.548706,6.495114],[1.545929,6.495534]]]}},{"type":"Feature","properties":{"civic_code":"104-09-010","name":"Sagapé","settlement_type":"village","canton_official_code":null,"review_status":"proposed","geometry_role":"non_authoritative_settlement_reference_extent","source":"paired-settlement-reference-extents/settlement-aware-reference-extents.geojson","commune_official_code":"A06024","official_code":"A06024"},"geometry":{"type":"Polygon","coordinates":[[[1.515462,6.398404],[1.513109,6.3996],[1.511536,6.401391],[1.510984,6.403504],[1.511536,6.405617],[1.513109,6.407408],[1.515462,6.408604],[1.518239,6.409025],[1.521015,6.408604],[1.523369,6.407408],[1.524941,6.405617],[1.525494,6.403504],[1.524941,6.401391],[1.523369,6.3996],[1.521015,6.398404],[1.518239,6.397984],[1.515462,6.398404]]]}},{"type":"Feature","properties":{"civic_code":"105-01-002","name":"Kpessecopé","settlement_type":"village","canton_official_code":null,"review_status":"proposed","geometry_role":"non_authoritative_settlement_reference_extent","source":"paired-settlement-reference-extents/settlement-aware-reference-extents.geojson","commune_official_code":"A06024","official_code":"A06024"},"geometry":{"type":"Polygon","coordinates":[[[1.456122,6.535039],[1.453768,6.533842],[1.450992,6.533421],[1.448215,6.533842],[1.445862,6.535039],[1.444289,6.53683],[1.443737,6.538943],[1.444289,6.541056],[1.445862,6.542848],[1.448215,6.544045],[1.450992,6.544465],[1.453768,6.544045],[1.456122,6.542848],[1.457694,6.541056],[1.458247,6.538943],[1.457694,6.53683],[1.456122,6.535039]]]}},{"type":"Feature","properties":{"civic_code":"105-09-003","name":"Atchon,-kopé","settlement_type":"village","canton_official_code":null,"review_status":"proposed","geometry_role":"non_authoritative_settlement_reference_extent","source":"paired-settlement-reference-extents/settlement-aware-reference-extents.geojson","commune_official_code":"A06024","official_code":"A06024"},"geometry":{"type":"Polygon","coordinates":[[[1.444248,6.524484],[1.441471,6.524063],[1.438695,6.524484],[1.436341,6.525681],[1.434769,6.527472],[1.434216,6.529585],[1.434769,6.531698],[1.436341,6.53349],[1.438695,6.534687],[1.441471,6.535107],[1.444248,6.534687],[1.446601,6.53349],[1.448174,6.531698],[1.448726,6.529585],[1.448174,6.527472],[1.446601,6.525681],[1.444248,6.524484]]]}},{"type":"Feature","properties":{"civic_code":"104-01-001","name":"Akoumapé","settlement_type":"village","canton_official_code":"A06025047","review_status":"proposed","geometry_role":"non_authoritative_settlement_reference_extent","source":"paired-settlement-reference-extents/settlement-aware-reference-extents.geojson","commune_official_code":"A06025","official_code":"A06025"},"geometry":{"type":"Polygon","coordinates":[[[1.450646,6.381535],[1.446283,6.380875],[1.44192,6.381535],[1.438221,6.383416],[1.43575,6.38623],[1.434882,6.38955],[1.43575,6.39287],[1.438221,6.395684],[1.44192,6.397565],[1.446283,6.398225],[1.450646,6.397565],[1.454344,6.395684],[1.456816,6.39287],[1.457683,6.38955],[1.456816,6.38623],[1.454344,6.383416],[1.450646,6.381535]]]}},{"type":"Feature","properties":{"civic_code":"104-01-002","name":"Animabio","settlement_type":"village","canton_official_code":"A06025047","review_status":"proposed","geometry_role":"non_authoritative_settlement_reference_extent","source":"paired-settlement-reference-extents/settlement-aware-reference-extents.geojson","commune_official_code":"A06025","official_code":"A06025"},"geometry":{"type":"Polygon","coordinates":[[[1.413777,6.427488],[1.411001,6.427908],[1.408647,6.429105],[1.407074,6.430896],[1.406522,6.433009],[1.407074,6.435122],[1.408647,6.436913],[1.411001,6.438109],[1.413777,6.43853],[1.416553,6.438109],[1.418907,6.436913],[1.42048,6.435122],[1.421032,6.433009],[1.42048,6.430896],[1.418907,6.429105],[1.416553,6.427908],[1.413777,6.427488]]]}},{"type":"Feature","properties":{"civic_code":"104-01-003","name":"Gnita","settlement_type":"village","canton_official_code":"A06025047","review_status":"proposed","geometry_role":"non_authoritative_settlement_reference_extent","source":"paired-settlement-reference-extents/settlement-aware-reference-extents.geojson","commune_official_code":"A06025","official_code":"A06025"},"geometry":{"type":"Polygon","coordinates":[[[1.450771,6.443637],[1.448417,6.444834],[1.446844,6.446625],[1.446292,6.448737],[1.446844,6.45085],[1.448417,6.452641],[1.450771,6.453838],[1.453547,6.454259],[1.456323,6.453838],[1.458677,6.452641],[1.46025,6.45085],[1.460802,6.448737],[1.46025,6.446625],[1.458677,6.444834],[1.456323,6.443637],[1.453547,6.443216],[1.450771,6.443637]]]}},{"type":"Feature","properties":{"civic_code":"104-01-004","name":"Kietchi","settlement_type":"village","canton_official_code":"A06025047","review_status":"proposed","geometry_role":"non_authoritative_settlement_reference_extent","source":"paired-settlement-reference-extents/settlement-aware-reference-extents.geojson","commune_official_code":"A06025","official_code":"A06025"},"geometry":{"type":"Polygon","coordinates":[[[1.422982,6.403172],[1.421409,6.404963],[1.420857,6.407076],[1.421409,6.409189],[1.422982,6.41098],[1.425336,6.412176],[1.428112,6.412597],[1.430888,6.412176],[1.433242,6.41098],[1.434815,6.409189],[1.435367,6.407076],[1.434815,6.404963],[1.433242,6.403172],[1.430888,6.401976],[1.428112,6.401555],[1.425336,6.401976],[1.422982,6.403172]]]}},{"type":"Feature","properties":{"civic_code":"104-01-005","name":"Kovéto","settlement_type":"village","canton_official_code":"A06025047","review_status":"proposed","geometry_role":"non_authoritative_settlement_reference_extent","source":"paired-settlement-reference-extents/settlement-aware-reference-extents.geojson","commune_official_code":"A06025","official_code":"A06025"},"geometry":{"type":"Polygon","coordinates":[[[1.389154,6.439717],[1.388601,6.44183],[1.389154,6.443943],[1.390726,6.445734],[1.39308,6.446931],[1.395856,6.447351],[1.398633,6.446931],[1.400986,6.445734],[1.402559,6.443943],[1.403111,6.44183],[1.402559,6.439717],[1.400986,6.437926],[1.398633,6.436729],[1.395856,6.436309],[1.39308,6.436729],[1.390726,6.437926],[1.389154,6.439717]]]}},{"type":"Feature","properties":{"civic_code":"104-05-001","name":"Hahotoé","settlement_type":"village","canton_official_code":"A06025046","review_status":"proposed","geometry_role":"non_authoritative_settlement_reference_extent","source":"paired-settlement-reference-extents/settlement-aware-reference-extents.geojson","commune_official_code":"A06025","official_code":"A06025"},"geometry":{"type":"Polygon","coordinates":[[[1.406378,6.366166],[1.40693,6.368279],[1.408503,6.37007],[1.410856,6.371266],[1.413633,6.371687],[1.416409,6.371266],[1.418763,6.37007],[1.420335,6.368279],[1.420888,6.366166],[1.420335,6.364054],[1.418763,6.362263],[1.416409,6.361066],[1.413633,6.360646],[1.410856,6.361066],[1.408503,6.362263],[1.40693,6.364054],[1.406378,6.366166]]]}},{"type":"Feature","properties":{"civic_code":"104-05-002","name":"Vodje","settlement_type":"village","canton_official_code":"A06025046","review_status":"proposed","geometry_role":"non_authoritative_settlement_reference_extent","source":"paired-settlement-reference-extents/settlement-aware-reference-extents.geojson","commune_official_code":"A06025","official_code":"A06025"},"geometry":{"type":"Polygon","coordinates":[[[1.382268,6.403606],[1.38384,6.405397],[1.386194,6.406594],[1.38897,6.407014],[1.391747,6.406594],[1.3941,6.405397],[1.395673,6.403606],[1.396225,6.401493],[1.395673,6.399381],[1.3941,6.39759],[1.391747,6.396393],[1.38897,6.395973],[1.386194,6.396393],[1.38384,6.39759],[1.382268,6.399381],[1.381715,6.401493],[1.382268,6.403606]]]}},{"type":"Feature","properties":{"civic_code":"104-07-001","name":"Bébémé","settlement_type":"village","canton_official_code":"A06025045","review_status":"proposed","geometry_role":"non_authoritative_settlement_reference_extent","source":"paired-settlement-reference-extents/settlement-aware-reference-extents.geojson","commune_official_code":"A06025","official_code":"A06025"},"geometry":{"type":"Polygon","coordinates":[[[1.428599,6.338942],[1.430953,6.340139],[1.433729,6.340559],[1.436506,6.340139],[1.43886,6.338942],[1.440432,6.337152],[1.440984,6.335039],[1.440432,6.332927],[1.43886,6.331136],[1.436506,6.32994],[1.433729,6.329519],[1.430953,6.32994],[1.428599,6.331136],[1.427027,6.332927],[1.426475,6.335039],[1.427027,6.337152],[1.428599,6.338942]]]}},{"type":"Feature","properties":{"civic_code":"104-07-002","name":"Sévagan","settlement_type":"village","canton_official_code":"A06025045","review_status":"proposed","geometry_role":"non_authoritative_settlement_reference_extent","source":"paired-settlement-reference-extents/settlement-aware-reference-extents.geojson","commune_official_code":"A06025","official_code":"A06025"},"geometry":{"type":"Polygon","coordinates":[[[1.425125,6.308323],[1.429488,6.308983],[1.433851,6.308323],[1.437549,6.306442],[1.440021,6.303629],[1.440888,6.300309],[1.440021,6.29699],[1.437549,6.294176],[1.433851,6.292296],[1.429488,6.291636],[1.425125,6.292296],[1.421426,6.294176],[1.418955,6.29699],[1.418087,6.300309],[1.418955,6.303629],[1.421426,6.306442],[1.425125,6.308323]]]}},{"type":"Feature","properties":{"civic_code":"104-07-003","name":"Tchelimé","settlement_type":"village","canton_official_code":null,"review_status":"proposed","geometry_role":"non_authoritative_settlement_reference_extent","source":"paired-settlement-reference-extents/settlement-aware-reference-extents.geojson","commune_official_code":"A06025","official_code":"A06025"},"geometry":{"type":"Polygon","coordinates":[[[1.417623,6.379436],[1.4204,6.379856],[1.423176,6.379436],[1.42553,6.378239],[1.427102,6.376448],[1.427655,6.374336],[1.427102,6.372223],[1.42553,6.370432],[1.423176,6.369236],[1.4204,6.368816],[1.419782,6.368909],[1.418763,6.37007],[1.416409,6.371266],[1.414251,6.371593],[1.413697,6.372223],[1.413145,6.374336],[1.413697,6.376448],[1.41527,6.378239],[1.417623,6.379436]]]}},{"type":"Feature","properties":{"civic_code":"105-06-007","name":"N'sroukopé","settlement_type":"village","canton_official_code":"A07026050","review_status":"proposed","geometry_role":"non_authoritative_settlement_reference_extent","source":"paired-settlement-reference-extents/settlement-aware-reference-extents.geojson","commune_official_code":"A07026","official_code":"A07026"},"geometry":{"type":"Polygon","coordinates":[[[1.388525,6.67682],[1.385748,6.6764],[1.382972,6.67682],[1.380618,6.678018],[1.379046,6.67981],[1.378493,6.681923],[1.379046,6.684037],[1.380618,6.685829],[1.382972,6.687026],[1.385748,6.687447],[1.388525,6.687026],[1.390878,6.685829],[1.392451,6.684037],[1.393003,6.681923],[1.392451,6.67981],[1.390878,6.678018],[1.388525,6.67682]]]}},{"type":"Feature","properties":{"civic_code":"105-10-119","name":"Kpokou Kondji","settlement_type":"village","canton_official_code":null,"review_status":"proposed","geometry_role":"non_authoritative_settlement_reference_extent","source":"paired-settlement-reference-extents/settlement-aware-reference-extents.geojson","commune_official_code":"A07026","official_code":"A07026"},"geometry":{"type":"Polygon","coordinates":[[[1.606881,6.587363],[1.608453,6.589155],[1.610807,6.590352],[1.613583,6.590772],[1.61636,6.590352],[1.618713,6.589155],[1.620286,6.587363],[1.620838,6.58525],[1.620322,6.583273],[1.606478,6.584676],[1.606328,6.58525],[1.606881,6.587363]]]}},{"type":"Feature","properties":{"civic_code":"105-06-004","name":"Kouvé","settlement_type":"town","canton_official_code":"A07026050","review_status":"proposed","geometry_role":"non_authoritative_settlement_reference_extent","source":"paired-settlement-reference-extents/settlement-aware-reference-extents.geojson","commune_official_code":"A07026","official_code":"A07026"},"geometry":{"type":"Polygon","coordinates":[[[1.405996,6.64807],[1.398598,6.651833],[1.393656,6.657465],[1.39192,6.664108],[1.393656,6.670751],[1.398598,6.676383],[1.405996,6.680146],[1.414721,6.681467],[1.423447,6.680146],[1.430844,6.676383],[1.435787,6.670751],[1.437522,6.664108],[1.435787,6.657465],[1.430844,6.651833],[1.423447,6.64807],[1.414721,6.646749],[1.405996,6.64807]]]}},{"type":"Feature","properties":{"civic_code":"105-08-001","name":"Tabligbo","settlement_type":"town","canton_official_code":"A07026048","review_status":"proposed","geometry_role":"non_authoritative_settlement_reference_extent","source":"paired-settlement-reference-extents/settlement-aware-reference-extents.geojson","commune_official_code":"A07026","official_code":"A07026"},"geometry":{"type":"Polygon","coordinates":[[[1.504516,6.578211],[1.503885,6.578075],[1.500042,6.573714],[1.499808,6.573678],[1.491083,6.575],[1.483685,6.578762],[1.478743,6.584393],[1.477007,6.591035],[1.478743,6.597677],[1.483685,6.603308],[1.491083,6.607071],[1.499808,6.608392],[1.508534,6.607071],[1.515931,6.603308],[1.520874,6.597677],[1.522609,6.591035],[1.520874,6.584393],[1.515931,6.578762],[1.510084,6.575788],[1.509473,6.576501],[1.508106,6.577698],[1.504516,6.578211]]]}},{"type":"Feature","properties":{"civic_code":"105-01-001","name":"Ahépé","settlement_type":"village","canton_official_code":"A07027053","review_status":"proposed","geometry_role":"non_authoritative_settlement_reference_extent","source":"paired-settlement-reference-extents/settlement-aware-reference-extents.geojson","commune_official_code":"A07027","official_code":"A07027"},"geometry":{"type":"Polygon","coordinates":[[[1.403104,6.598762],[1.398741,6.598101],[1.394378,6.598762],[1.390679,6.600643],[1.388208,6.603459],[1.38734,6.60678],[1.388208,6.610101],[1.390679,6.612917],[1.394378,6.614798],[1.398741,6.615458],[1.403104,6.614798],[1.406802,6.612917],[1.409274,6.610101],[1.410141,6.60678],[1.409274,6.603459],[1.406802,6.600643],[1.403104,6.598762]]]}},{"type":"Feature","properties":{"civic_code":"105-09-002","name":"Anagali","settlement_type":"village","canton_official_code":"A07027052","review_status":"proposed","geometry_role":"non_authoritative_settlement_reference_extent","source":"paired-settlement-reference-extents/settlement-aware-reference-extents.geojson","commune_official_code":"A07027","official_code":"A07027"},"geometry":{"type":"Polygon","coordinates":[[[1.362469,6.502816],[1.359693,6.503236],[1.357339,6.504433],[1.355766,6.506224],[1.355214,6.508337],[1.355766,6.510451],[1.357339,6.512242],[1.359693,6.513439],[1.362469,6.513859],[1.365245,6.513439],[1.367599,6.512242],[1.369172,6.510451],[1.369724,6.508337],[1.369172,6.506224],[1.367599,6.504433],[1.365245,6.503236],[1.362469,6.502816]]]}},{"type":"Feature","properties":{"civic_code":"105-09-010","name":"Devé - Apeyéyémé","settlement_type":"village","canton_official_code":"A07027052","review_status":"proposed","geometry_role":"non_authoritative_settlement_reference_extent","source":"paired-settlement-reference-extents/settlement-aware-reference-extents.geojson","commune_official_code":"A07027","official_code":"A07027"},"geometry":{"type":"Polygon","coordinates":[[[1.368419,6.47554],[1.366066,6.476737],[1.364493,6.478528],[1.363941,6.480641],[1.364493,6.482754],[1.366066,6.484545],[1.368419,6.485742],[1.371196,6.486163],[1.373972,6.485742],[1.376326,6.484545],[1.377898,6.482754],[1.378451,6.480641],[1.377898,6.478528],[1.376326,6.476737],[1.373972,6.47554],[1.371196,6.47512],[1.368419,6.47554]]]}},{"type":"Feature","properties":{"civic_code":"105-09-014","name":"Essè - Nadjé","settlement_type":"village","canton_official_code":"A07027052","review_status":"proposed","geometry_role":"non_authoritative_settlement_reference_extent","source":"paired-settlement-reference-extents/settlement-aware-reference-extents.geojson","commune_official_code":"A07027","official_code":"A07027"},"geometry":{"type":"Polygon","coordinates":[[[1.340037,6.579166],[1.338465,6.580958],[1.337912,6.583071],[1.338465,6.585185],[1.340037,6.586976],[1.342391,6.588174],[1.345167,6.588594],[1.347944,6.588174],[1.350297,6.586976],[1.35187,6.585185],[1.352422,6.583071],[1.35187,6.580958],[1.350297,6.579166],[1.347944,6.577969],[1.345167,6.577549],[1.342391,6.577969],[1.340037,6.579166]]]}},{"type":"Feature","properties":{"civic_code":"105-09-015","name":"Esse - Zogbédji","settlement_type":"village","canton_official_code":"A07027052","review_status":"proposed","geometry_role":"non_authoritative_settlement_reference_extent","source":"paired-settlement-reference-extents/settlement-aware-reference-extents.geojson","commune_official_code":"A07027","official_code":"A07027"},"geometry":{"type":"Polygon","coordinates":[[[1.322647,6.580841],[1.322094,6.582954],[1.322647,6.585068],[1.324219,6.586859],[1.326573,6.588057],[1.329349,6.588477],[1.332126,6.588057],[1.334479,6.586859],[1.336052,6.585068],[1.336604,6.582954],[1.336052,6.580841],[1.334479,6.57905],[1.332126,6.577852],[1.329349,6.577432],[1.326573,6.577852],[1.324219,6.57905],[1.322647,6.580841]]]}},{"type":"Feature","properties":{"civic_code":"105-09-017","name":"Tchékpo-Dédékpoè","settlement_type":"village","canton_official_code":"A07027052","review_status":"proposed","geometry_role":"non_authoritative_settlement_reference_extent","source":"paired-settlement-reference-extents/settlement-aware-reference-extents.geojson","commune_official_code":"A07027","official_code":"A07027"},"geometry":{"type":"Polygon","coordinates":[[[1.353079,6.534939],[1.353631,6.537052],[1.355204,6.538843],[1.357558,6.54004],[1.360334,6.540461],[1.36311,6.54004],[1.365464,6.538843],[1.367037,6.537052],[1.367589,6.534939],[1.367037,6.532825],[1.365464,6.531034],[1.36311,6.529837],[1.360334,6.529417],[1.357558,6.529837],[1.355204,6.531034],[1.353631,6.532825],[1.353079,6.534939]]]}},{"type":"Feature","properties":{"civic_code":"105-12-008","name":"Yoto kopé","settlement_type":"village","canton_official_code":"A07027054","review_status":"proposed","geometry_role":"non_authoritative_settlement_reference_extent","source":"paired-settlement-reference-extents/settlement-aware-reference-extents.geojson","commune_official_code":"A07027","official_code":"A07027"},"geometry":{"type":"Polygon","coordinates":[[[1.306011,6.737593],[1.307583,6.739386],[1.309937,6.740583],[1.312713,6.741004],[1.31549,6.740583],[1.317843,6.739386],[1.319416,6.737593],[1.319968,6.735479],[1.319416,6.733365],[1.317843,6.731573],[1.31549,6.730376],[1.312713,6.729955],[1.309937,6.730376],[1.307583,6.731573],[1.306011,6.733365],[1.305458,6.735479],[1.306011,6.737593]]]}},{"type":"Feature","properties":{"civic_code":"105-12-009","name":"Zafi","settlement_type":"village","canton_official_code":"A07027054","review_status":"proposed","geometry_role":"non_authoritative_settlement_reference_extent","source":"paired-settlement-reference-extents/settlement-aware-reference-extents.geojson","commune_official_code":"A07027","official_code":"A07027"},"geometry":{"type":"Polygon","coordinates":[[[1.363362,6.62647],[1.365833,6.629286],[1.369531,6.631167],[1.373894,6.631828],[1.378257,6.631167],[1.381956,6.629286],[1.384427,6.62647],[1.385295,6.623149],[1.384427,6.619828],[1.381956,6.617012],[1.379201,6.615611],[1.377767,6.615728],[1.373748,6.614492],[1.369531,6.615131],[1.365833,6.617012],[1.363362,6.619828],[1.362494,6.623149],[1.363362,6.62647]]]}},{"type":"Feature","properties":{"civic_code":"105-03-009","name":"N'DEWONE KONDJI","settlement_type":"village","canton_official_code":"A07028058","review_status":"proposed","geometry_role":"non_authoritative_settlement_reference_extent","source":"paired-settlement-reference-extents/settlement-aware-reference-extents.geojson","commune_official_code":"A07028","official_code":"A07028"},"geometry":{"type":"Polygon","coordinates":[[[1.549531,6.668038],[1.546755,6.667618],[1.543978,6.668038],[1.541625,6.669236],[1.540052,6.671028],[1.539613,6.672708],[1.540142,6.673259],[1.540318,6.675558],[1.541625,6.677047],[1.543978,6.678245],[1.546755,6.678665],[1.549531,6.678245],[1.551885,6.677047],[1.553457,6.675255],[1.55401,6.673141],[1.553457,6.671028],[1.551885,6.669236],[1.549531,6.668038]]]}},{"type":"Feature","properties":{"civic_code":"105-03-012","name":"Témanou kope","settlement_type":"village","canton_official_code":"A07028058","review_status":"proposed","geometry_role":"non_authoritative_settlement_reference_extent","source":"paired-settlement-reference-extents/settlement-aware-reference-extents.geojson","commune_official_code":"A07028","official_code":"A07028"},"geometry":{"type":"Polygon","coordinates":[[[1.500377,6.716579],[1.4976,6.716999],[1.495247,6.718197],[1.493674,6.719989],[1.493122,6.722103],[1.493674,6.724217],[1.495247,6.726009],[1.4976,6.727206],[1.500377,6.727627],[1.503153,6.727206],[1.505507,6.726009],[1.507079,6.724217],[1.507632,6.722103],[1.507079,6.719989],[1.505507,6.718197],[1.503153,6.716999],[1.500377,6.716579]]]}},{"type":"Feature","properties":{"civic_code":"105-04-002","name":"Gboto Vodougbé","settlement_type":"village","canton_official_code":"A07028055","review_status":"proposed","geometry_role":"non_authoritative_settlement_reference_extent","source":"paired-settlement-reference-extents/settlement-aware-reference-extents.geojson","commune_official_code":"A07028","official_code":"A07028"},"geometry":{"type":"Polygon","coordinates":[[[1.520396,6.664664],[1.518042,6.665861],[1.51647,6.667653],[1.515917,6.669767],[1.51647,6.671881],[1.518042,6.673673],[1.520396,6.67487],[1.523172,6.67529],[1.525949,6.67487],[1.528302,6.673673],[1.529875,6.671881],[1.530427,6.669767],[1.529875,6.667653],[1.528302,6.665861],[1.525949,6.664664],[1.523172,6.664244],[1.520396,6.664664]]]}},{"type":"Feature","properties":{"civic_code":"105-04-003","name":"GBOTO-ZEVE","settlement_type":"village","canton_official_code":"A07028055","review_status":"proposed","geometry_role":"non_authoritative_settlement_reference_extent","source":"paired-settlement-reference-extents/settlement-aware-reference-extents.geojson","commune_official_code":"A07028","official_code":"A07028"},"geometry":{"type":"Polygon","coordinates":[[[1.470657,6.701485],[1.469084,6.703277],[1.468532,6.705391],[1.469084,6.707505],[1.470657,6.709297],[1.473011,6.710495],[1.475787,6.710915],[1.478563,6.710495],[1.480917,6.709297],[1.48249,6.707505],[1.483042,6.705391],[1.48249,6.703277],[1.480917,6.701485],[1.478563,6.700288],[1.475787,6.699867],[1.473011,6.700288],[1.470657,6.701485]]]}},{"type":"Feature","properties":{"civic_code":"105-04-004","name":"Vodoupé","settlement_type":"village","canton_official_code":"A07028055","review_status":"proposed","geometry_role":"non_authoritative_settlement_reference_extent","source":"paired-settlement-reference-extents/settlement-aware-reference-extents.geojson","commune_official_code":"A07028","official_code":"A07028"},"geometry":{"type":"Polygon","coordinates":[[[1.522578,6.678003],[1.524932,6.6792],[1.527708,6.679621],[1.530485,6.6792],[1.532838,6.678003],[1.534411,6.676211],[1.534963,6.674097],[1.534411,6.671983],[1.532838,6.670191],[1.530485,6.668994],[1.530215,6.668953],[1.530427,6.669767],[1.529875,6.671881],[1.528302,6.673673],[1.525949,6.67487],[1.523172,6.67529],[1.520666,6.674911],[1.521006,6.676211],[1.522578,6.678003]]]}},{"type":"Feature","properties":{"civic_code":"105-10-149","name":"Tokpli","settlement_type":"village","canton_official_code":"A07028059","review_status":"proposed","geometry_role":"non_authoritative_settlement_reference_extent","source":"paired-settlement-reference-extents/settlement-aware-reference-extents.geojson","commune_official_code":"A07028","official_code":"A07028"},"geometry":{"type":"Polygon","coordinates":[[[1.586603,6.662775],[1.586975,6.662726],[1.59139,6.669346],[1.591581,6.669506],[1.593569,6.670517],[1.597737,6.671148],[1.599402,6.66934],[1.599688,6.669105],[1.600098,6.668883],[1.601138,6.668657],[1.603755,6.666337],[1.606146,6.658728],[1.604865,6.658294],[1.604432,6.658082],[1.603955,6.657709],[1.603523,6.6571],[1.603468,6.656635],[1.603631,6.65622],[1.604361,6.65553],[1.602294,6.654479],[1.597931,6.653818],[1.593569,6.654479],[1.58987,6.65636],[1.587399,6.659176],[1.586531,6.662498],[1.586603,6.662775]]]}},{"type":"Feature","properties":{"civic_code":"105-11-003","name":"Atchahoe","settlement_type":"village","canton_official_code":"A07028056","review_status":"proposed","geometry_role":"non_authoritative_settlement_reference_extent","source":"paired-settlement-reference-extents/settlement-aware-reference-extents.geojson","commune_official_code":"A07028","official_code":"A07028"},"geometry":{"type":"Polygon","coordinates":[[[1.549506,6.774969],[1.551078,6.776761],[1.553432,6.777959],[1.556208,6.77838],[1.558985,6.777959],[1.561113,6.776876],[1.561066,6.76881],[1.558985,6.767751],[1.556208,6.76733],[1.553432,6.767751],[1.551078,6.768949],[1.549506,6.770741],[1.548953,6.772855],[1.549506,6.774969]]]}},{"type":"Feature","properties":{"civic_code":"105-11-007","name":"Dawohoé","settlement_type":"village","canton_official_code":"A07028056","review_status":"proposed","geometry_role":"non_authoritative_settlement_reference_extent","source":"paired-settlement-reference-extents/settlement-aware-reference-extents.geojson","commune_official_code":"A07028","official_code":"A07028"},"geometry":{"type":"Polygon","coordinates":[[[1.53511,6.780427],[1.537464,6.781624],[1.54024,6.782045],[1.543017,6.781624],[1.54537,6.780427],[1.546943,6.778634],[1.547495,6.77652],[1.546943,6.774406],[1.54537,6.772614],[1.543017,6.771416],[1.54024,6.770995],[1.537464,6.771416],[1.53511,6.772614],[1.533538,6.774406],[1.532985,6.77652],[1.533538,6.778634],[1.53511,6.780427]]]}},{"type":"Feature","properties":{"civic_code":"105-04-001","name":"Gboto Koissidamé","settlement_type":"town","canton_official_code":"A07028055","review_status":"proposed","geometry_role":"non_authoritative_settlement_reference_extent","source":"paired-settlement-reference-extents/settlement-aware-reference-extents.geojson","commune_official_code":"A07028","official_code":"A07028"},"geometry":{"type":"Polygon","coordinates":[[[1.473737,6.695553],[1.482462,6.696874],[1.491188,6.695553],[1.498585,6.691789],[1.503528,6.686157],[1.505263,6.679514],[1.503528,6.672871],[1.498585,6.667239],[1.491188,6.663476],[1.482462,6.662155],[1.473737,6.663476],[1.466339,6.667239],[1.461397,6.672871],[1.459661,6.679514],[1.461397,6.686157],[1.466339,6.691789],[1.473737,6.695553]]]}},{"type":"Feature","properties":{"civic_code":"106-01-001","name":"Abobo","settlement_type":"village","canton_official_code":"A08029063","review_status":"proposed","geometry_role":"non_authoritative_settlement_reference_extent","source":"paired-settlement-reference-extents/settlement-aware-reference-extents.geojson","commune_official_code":"A08029","official_code":"A08029"},"geometry":{"type":"Polygon","coordinates":[[[1.378504,6.229213],[1.375727,6.228793],[1.372951,6.229213],[1.370597,6.230409],[1.369025,6.2322],[1.368473,6.234312],[1.369025,6.236424],[1.370597,6.238214],[1.372951,6.23941],[1.375727,6.239831],[1.378504,6.23941],[1.380858,6.238214],[1.38243,6.236424],[1.382982,6.234312],[1.38243,6.2322],[1.380858,6.230409],[1.378504,6.229213]]]}},{"type":"Feature","properties":{"civic_code":"106-01-002","name":"Aveta","settlement_type":"village","canton_official_code":"A08029063","review_status":"proposed","geometry_role":"non_authoritative_settlement_reference_extent","source":"paired-settlement-reference-extents/settlement-aware-reference-extents.geojson","commune_official_code":"A08029","official_code":"A08029"},"geometry":{"type":"Polygon","coordinates":[[[1.289405,6.266973],[1.286629,6.267394],[1.284275,6.26859],[1.282702,6.27038],[1.28215,6.272493],[1.282702,6.274605],[1.284275,6.276395],[1.286629,6.277592],[1.289405,6.278012],[1.292181,6.277592],[1.294535,6.276395],[1.296108,6.274605],[1.29666,6.272493],[1.296108,6.27038],[1.294535,6.26859],[1.292181,6.267394],[1.289405,6.266973]]]}},{"type":"Feature","properties":{"civic_code":"106-01-003","name":"Kpogédé","settlement_type":"village","canton_official_code":"A08029063","review_status":"proposed","geometry_role":"non_authoritative_settlement_reference_extent","source":"paired-settlement-reference-extents/settlement-aware-reference-extents.geojson","commune_official_code":"A08029","official_code":"A08029"},"geometry":{"type":"Polygon","coordinates":[[[1.375074,6.243315],[1.372721,6.244512],[1.371148,6.246302],[1.370596,6.248414],[1.371148,6.250526],[1.372721,6.252317],[1.375074,6.253513],[1.377851,6.253933],[1.380627,6.253513],[1.382981,6.252317],[1.384553,6.250526],[1.385106,6.248414],[1.384553,6.246302],[1.382981,6.244512],[1.380627,6.243315],[1.377851,6.242895],[1.375074,6.243315]]]}},{"type":"Feature","properties":{"civic_code":"106-01-004","name":"Lowe","settlement_type":"village","canton_official_code":"A08029063","review_status":"proposed","geometry_role":"non_authoritative_settlement_reference_extent","source":"paired-settlement-reference-extents/settlement-aware-reference-extents.geojson","commune_official_code":"A08029","official_code":"A08029"},"geometry":{"type":"Polygon","coordinates":[[[1.273623,6.287082],[1.274061,6.288759],[1.275634,6.290549],[1.277987,6.291746],[1.280764,6.292166],[1.28354,6.291746],[1.285894,6.290549],[1.287466,6.288759],[1.288019,6.286647],[1.287466,6.284535],[1.285894,6.282744],[1.28354,6.281548],[1.280764,6.281127],[1.278668,6.281444],[1.273623,6.287082]]]}},{"type":"Feature","properties":{"civic_code":"106-03-004","name":"Klokpoe","settlement_type":"village","canton_official_code":null,"review_status":"proposed","geometry_role":"non_authoritative_settlement_reference_extent","source":"paired-settlement-reference-extents/settlement-aware-reference-extents.geojson","commune_official_code":"A08029","official_code":"A08029"},"geometry":{"type":"Polygon","coordinates":[[[1.063476,6.473562],[1.060742,6.479468],[1.060575,6.480922],[1.061548,6.482031],[1.063902,6.483228],[1.066678,6.483648],[1.069454,6.483228],[1.071808,6.482031],[1.073381,6.48024],[1.073933,6.478127],[1.073381,6.476014],[1.071808,6.474222],[1.069454,6.473026],[1.066678,6.472605],[1.064048,6.473003],[1.063476,6.473562]]]}},{"type":"Feature","properties":{"civic_code":"106-04-001","name":"Améblevé","settlement_type":"village","canton_official_code":"A08029066","review_status":"proposed","geometry_role":"non_authoritative_settlement_reference_extent","source":"paired-settlement-reference-extents/settlement-aware-reference-extents.geojson","commune_official_code":"A08029","official_code":"A08029"},"geometry":{"type":"Polygon","coordinates":[[[1.250662,6.373411],[1.251214,6.375524],[1.252787,6.377315],[1.25514,6.378511],[1.257917,6.378932],[1.260693,6.378511],[1.263047,6.377315],[1.264619,6.375524],[1.265172,6.373411],[1.264619,6.371299],[1.263047,6.369508],[1.260693,6.368311],[1.257917,6.367891],[1.25514,6.368311],[1.252787,6.369508],[1.251214,6.371299],[1.250662,6.373411]]]}},{"type":"Feature","properties":{"civic_code":"106-04-002","name":"Dalavé","settlement_type":"village","canton_official_code":"A08029066","review_status":"proposed","geometry_role":"non_authoritative_settlement_reference_extent","source":"paired-settlement-reference-extents/settlement-aware-reference-extents.geojson","commune_official_code":"A08029","official_code":"A08029"},"geometry":{"type":"Polygon","coordinates":[[[1.236921,6.388104],[1.238494,6.389895],[1.240848,6.391092],[1.243624,6.391512],[1.2464,6.391092],[1.248754,6.389895],[1.250327,6.388104],[1.250879,6.385992],[1.250327,6.383879],[1.248754,6.382088],[1.2464,6.380891],[1.243624,6.380471],[1.240848,6.380891],[1.238494,6.382088],[1.236921,6.383879],[1.236369,6.385992],[1.236921,6.388104]]]}},{"type":"Feature","properties":{"civic_code":"106-04-003","name":"Todokpoui","settlement_type":"village","canton_official_code":"A08029066","review_status":"proposed","geometry_role":"non_authoritative_settlement_reference_extent","source":"paired-settlement-reference-extents/settlement-aware-reference-extents.geojson","commune_official_code":"A08029","official_code":"A08029"},"geometry":{"type":"Polygon","coordinates":[[[1.277519,6.301142],[1.279873,6.302338],[1.282649,6.302758],[1.285426,6.302338],[1.287779,6.301142],[1.28921,6.299513],[1.288679,6.297283],[1.287287,6.293086],[1.28664,6.292757],[1.281943,6.293542],[1.278792,6.292689],[1.277519,6.293336],[1.275947,6.295127],[1.275394,6.297239],[1.275947,6.299351],[1.277519,6.301142]]]}},{"type":"Feature","properties":{"civic_code":"106-05-001","name":"Agondavi","settlement_type":"village","canton_official_code":"A08029061","review_status":"proposed","geometry_role":"non_authoritative_settlement_reference_extent","source":"paired-settlement-reference-extents/settlement-aware-reference-extents.geojson","commune_official_code":"A08029","official_code":"A08029"},"geometry":{"type":"Polygon","coordinates":[[[1.211782,6.380593],[1.214559,6.381014],[1.217335,6.380593],[1.219689,6.379397],[1.221261,6.377606],[1.221814,6.375493],[1.221261,6.373381],[1.219689,6.37159],[1.217335,6.370393],[1.214559,6.369973],[1.211782,6.370393],[1.209429,6.37159],[1.207856,6.373381],[1.207304,6.375493],[1.207856,6.377606],[1.209429,6.379397],[1.211782,6.380593]]]}},{"type":"Feature","properties":{"civic_code":"106-05-002","name":"Assomé","settlement_type":"village","canton_official_code":"A08029061","review_status":"proposed","geometry_role":"non_authoritative_settlement_reference_extent","source":"paired-settlement-reference-extents/settlement-aware-reference-extents.geojson","commune_official_code":"A08029","official_code":"A08029"},"geometry":{"type":"Polygon","coordinates":[[[1.157196,6.369899],[1.159972,6.369479],[1.162326,6.368282],[1.163898,6.366491],[1.164451,6.364379],[1.163898,6.362266],[1.162326,6.360475],[1.159972,6.359279],[1.157196,6.358859],[1.154419,6.359279],[1.152066,6.360475],[1.150493,6.362266],[1.149941,6.364379],[1.150493,6.366491],[1.152066,6.368282],[1.154419,6.369479],[1.157196,6.369899]]]}},{"type":"Feature","properties":{"civic_code":"106-05-003","name":"Davié","settlement_type":"village","canton_official_code":"A08029061","review_status":"proposed","geometry_role":"non_authoritative_settlement_reference_extent","source":"paired-settlement-reference-extents/settlement-aware-reference-extents.geojson","commune_official_code":"A08029","official_code":"A08029"},"geometry":{"type":"Polygon","coordinates":[[[1.208286,6.395117],[1.211984,6.393237],[1.214455,6.390423],[1.215323,6.387103],[1.214455,6.383783],[1.211984,6.380969],[1.208286,6.379088],[1.203923,6.378428],[1.19956,6.379088],[1.195861,6.380969],[1.19339,6.383783],[1.192522,6.387103],[1.19339,6.390423],[1.195861,6.393237],[1.19956,6.395117],[1.203923,6.395778],[1.208286,6.395117]]]}},{"type":"Feature","properties":{"civic_code":"106-06-001","name":"Akakopé","settlement_type":"village","canton_official_code":"A08029064","review_status":"proposed","geometry_role":"non_authoritative_settlement_reference_extent","source":"paired-settlement-reference-extents/settlement-aware-reference-extents.geojson","commune_official_code":"A08029","official_code":"A08029"},"geometry":{"type":"Polygon","coordinates":[[[1.284733,6.250993],[1.285285,6.248881],[1.284733,6.246769],[1.28316,6.244978],[1.280806,6.243782],[1.27803,6.243362],[1.276672,6.243567],[1.270968,6.249618],[1.271327,6.250993],[1.2729,6.252783],[1.275254,6.25398],[1.27803,6.2544],[1.280806,6.25398],[1.28316,6.252783],[1.284733,6.250993]]]}},{"type":"Feature","properties":{"civic_code":"106-06-002","name":"Cité de Djagblé","settlement_type":"village","canton_official_code":"A08029064","review_status":"proposed","geometry_role":"non_authoritative_settlement_reference_extent","source":"paired-settlement-reference-extents/settlement-aware-reference-extents.geojson","commune_official_code":"A08029","official_code":"A08029"},"geometry":{"type":"Polygon","coordinates":[[[1.257564,6.271562],[1.255211,6.270366],[1.252434,6.269945],[1.249658,6.270366],[1.249173,6.270612],[1.250529,6.275611],[1.251141,6.27723],[1.258646,6.27553],[1.25967,6.27554],[1.259137,6.273352],[1.257564,6.271562]]]}},{"type":"Feature","properties":{"civic_code":"106-06-003","name":"Gbama Kopé","settlement_type":"village","canton_official_code":"A08029064","review_status":"proposed","geometry_role":"non_authoritative_settlement_reference_extent","source":"paired-settlement-reference-extents/settlement-aware-reference-extents.geojson","commune_official_code":"A08029","official_code":"A08029"},"geometry":{"type":"Polygon","coordinates":[[[1.272301,6.269001],[1.270728,6.26721],[1.268375,6.266014],[1.265598,6.265594],[1.262822,6.266014],[1.260468,6.26721],[1.258896,6.269001],[1.258343,6.271113],[1.258841,6.273015],[1.259137,6.273352],[1.259192,6.273562],[1.260468,6.275015],[1.261534,6.275557],[1.2666,6.275605],[1.271326,6.274335],[1.272301,6.273225],[1.272853,6.271113],[1.272301,6.269001]]]}},{"type":"Feature","properties":{"civic_code":"106-10-001","name":"Adangbé","settlement_type":"village","canton_official_code":"A08029067","review_status":"proposed","geometry_role":"non_authoritative_settlement_reference_extent","source":"paired-settlement-reference-extents/settlement-aware-reference-extents.geojson","commune_official_code":"A08029","official_code":"A08029"},"geometry":{"type":"Polygon","coordinates":[[[1.304347,6.525626],[1.302774,6.523835],[1.30042,6.522638],[1.297644,6.522217],[1.294868,6.522638],[1.292514,6.523835],[1.290941,6.525626],[1.290389,6.527739],[1.290941,6.529852],[1.292514,6.531644],[1.294868,6.532841],[1.297644,6.533261],[1.30042,6.532841],[1.302774,6.531644],[1.304347,6.529852],[1.304899,6.527739],[1.304347,6.525626]]]}},{"type":"Feature","properties":{"civic_code":"106-10-002","name":"Davédi","settlement_type":"village","canton_official_code":"A08029067","review_status":"proposed","geometry_role":"non_authoritative_settlement_reference_extent","source":"paired-settlement-reference-extents/settlement-aware-reference-extents.geojson","commune_official_code":"A08029","official_code":"A08029"},"geometry":{"type":"Polygon","coordinates":[[[1.275365,6.431557],[1.273011,6.43036],[1.270235,6.42994],[1.267458,6.43036],[1.265105,6.431557],[1.263532,6.433348],[1.26298,6.43546],[1.263532,6.437573],[1.265105,6.439364],[1.267458,6.440561],[1.270235,6.440981],[1.273011,6.440561],[1.275365,6.439364],[1.276937,6.437573],[1.27749,6.43546],[1.276937,6.433348],[1.275365,6.431557]]]}},{"type":"Feature","properties":{"civic_code":"106-10-004","name":"Djossouvi-Kope","settlement_type":"village","canton_official_code":"A08029067","review_status":"proposed","geometry_role":"non_authoritative_settlement_reference_extent","source":"paired-settlement-reference-extents/settlement-aware-reference-extents.geojson","commune_official_code":"A08029","official_code":"A08029"},"geometry":{"type":"Polygon","coordinates":[[[1.312071,6.498015],[1.309294,6.497595],[1.306518,6.498015],[1.304164,6.499212],[1.302592,6.501003],[1.302039,6.503116],[1.302592,6.505229],[1.304164,6.507021],[1.306518,6.508218],[1.309294,6.508638],[1.312071,6.508218],[1.314424,6.507021],[1.315997,6.505229],[1.316549,6.503116],[1.315997,6.501003],[1.314424,6.499212],[1.312071,6.498015]]]}},{"type":"Feature","properties":{"civic_code":"106-10-005","name":"Ezor","settlement_type":"village","canton_official_code":"A08029067","review_status":"proposed","geometry_role":"non_authoritative_settlement_reference_extent","source":"paired-settlement-reference-extents/settlement-aware-reference-extents.geojson","commune_official_code":"A08029","official_code":"A08029"},"geometry":{"type":"Polygon","coordinates":[[[1.363155,6.402087],[1.360801,6.403284],[1.359229,6.405075],[1.358677,6.407187],[1.359229,6.4093],[1.360801,6.411091],[1.363155,6.412288],[1.365931,6.412708],[1.368708,6.412288],[1.370481,6.411386],[1.370692,6.410651],[1.370819,6.407152],[1.370346,6.403966],[1.369617,6.402549],[1.368708,6.402087],[1.365931,6.401667],[1.363155,6.402087]]]}},{"type":"Feature","properties":{"civic_code":"106-10-007","name":"Fongbé","settlement_type":"village","canton_official_code":"A08029067","review_status":"proposed","geometry_role":"non_authoritative_settlement_reference_extent","source":"paired-settlement-reference-extents/settlement-aware-reference-extents.geojson","commune_official_code":"A08029","official_code":"A08029"},"geometry":{"type":"Polygon","coordinates":[[[1.338059,6.458447],[1.340413,6.459644],[1.343189,6.460064],[1.345966,6.459644],[1.346604,6.459319],[1.347367,6.450155],[1.345966,6.449442],[1.343189,6.449022],[1.340413,6.449442],[1.338059,6.450639],[1.336487,6.45243],[1.335934,6.454543],[1.336487,6.456656],[1.338059,6.458447]]]}},{"type":"Feature","properties":{"civic_code":"106-10-009","name":"Gbatopé","settlement_type":"village","canton_official_code":"A08029067","review_status":"proposed","geometry_role":"non_authoritative_settlement_reference_extent","source":"paired-settlement-reference-extents/settlement-aware-reference-extents.geojson","commune_official_code":"A08029","official_code":"A08029"},"geometry":{"type":"Polygon","coordinates":[[[1.251679,6.440608],[1.250002,6.442517],[1.24855,6.447545],[1.249208,6.450062],[1.251679,6.452877],[1.255377,6.454758],[1.25974,6.455418],[1.264103,6.454758],[1.267802,6.452877],[1.270273,6.450062],[1.271141,6.446742],[1.270273,6.443422],[1.267807,6.440614],[1.267458,6.440561],[1.265105,6.439364],[1.264902,6.439133],[1.264103,6.438727],[1.25974,6.438066],[1.255377,6.438727],[1.251679,6.440608]]]}},{"type":"Feature","properties":{"civic_code":"106-10-010","name":"Havé","settlement_type":"village","canton_official_code":"A08029067","review_status":"proposed","geometry_role":"non_authoritative_settlement_reference_extent","source":"paired-settlement-reference-extents/settlement-aware-reference-extents.geojson","commune_official_code":"A08029","official_code":"A08029"},"geometry":{"type":"Polygon","coordinates":[[[1.245365,6.492202],[1.244813,6.494315],[1.245365,6.496428],[1.246938,6.498219],[1.249292,6.499416],[1.252068,6.499836],[1.254844,6.499416],[1.257198,6.498219],[1.258771,6.496428],[1.259323,6.494315],[1.258771,6.492202],[1.257198,6.49041],[1.254844,6.489213],[1.252068,6.488793],[1.249292,6.489213],[1.246938,6.49041],[1.245365,6.492202]]]}},{"type":"Feature","properties":{"civic_code":"106-10-012","name":"Kodjo","settlement_type":"village","canton_official_code":"A08029067","review_status":"proposed","geometry_role":"non_authoritative_settlement_reference_extent","source":"paired-settlement-reference-extents/settlement-aware-reference-extents.geojson","commune_official_code":"A08029","official_code":"A08029"},"geometry":{"type":"Polygon","coordinates":[[[1.241017,6.476338],[1.241569,6.478451],[1.243142,6.480242],[1.245495,6.481439],[1.248272,6.48186],[1.251048,6.481439],[1.253402,6.480242],[1.254974,6.478451],[1.255527,6.476338],[1.254974,6.474225],[1.253402,6.472434],[1.251048,6.471237],[1.248272,6.470817],[1.245495,6.471237],[1.243142,6.472434],[1.241569,6.474225],[1.241017,6.476338]]]}},{"type":"Feature","properties":{"civic_code":"106-10-013","name":"T Gati","settlement_type":"village","canton_official_code":"A08029067","review_status":"proposed","geometry_role":"non_authoritative_settlement_reference_extent","source":"paired-settlement-reference-extents/settlement-aware-reference-extents.geojson","commune_official_code":"A08029","official_code":"A08029"},"geometry":{"type":"Polygon","coordinates":[[[1.314424,6.499212],[1.315997,6.501003],[1.316549,6.503116],[1.316289,6.504113],[1.318224,6.505097],[1.321,6.505517],[1.323776,6.505097],[1.32613,6.5039],[1.327703,6.502108],[1.328255,6.499995],[1.327703,6.497882],[1.32613,6.496091],[1.323776,6.494894],[1.321,6.494474],[1.318224,6.494894],[1.31587,6.496091],[1.314297,6.497882],[1.314005,6.498999],[1.314424,6.499212]]]}},{"type":"Feature","properties":{"civic_code":"106-11-001","name":"Djogbedji","settlement_type":"village","canton_official_code":"A08029062","review_status":"proposed","geometry_role":"non_authoritative_settlement_reference_extent","source":"paired-settlement-reference-extents/settlement-aware-reference-extents.geojson","commune_official_code":"A08029","official_code":"A08029"},"geometry":{"type":"Polygon","coordinates":[[[1.050597,6.527719],[1.051168,6.528369],[1.055424,6.530843],[1.0573,6.531127],[1.060076,6.530707],[1.06243,6.52951],[1.064002,6.527719],[1.064555,6.525605],[1.064002,6.523492],[1.06243,6.521701],[1.060076,6.520504],[1.0573,6.520084],[1.054523,6.520504],[1.05217,6.521701],[1.050597,6.523492],[1.050045,6.525605],[1.050597,6.527719]]]}},{"type":"Feature","properties":{"civic_code":"106-11-002","name":"Dono","settlement_type":"village","canton_official_code":"A08029062","review_status":"proposed","geometry_role":"non_authoritative_settlement_reference_extent","source":"paired-settlement-reference-extents/settlement-aware-reference-extents.geojson","commune_official_code":"A08029","official_code":"A08029"},"geometry":{"type":"Polygon","coordinates":[[[1.136412,6.544098],[1.139188,6.544519],[1.141964,6.544098],[1.144318,6.542901],[1.145891,6.54111],[1.146443,6.538997],[1.145891,6.536884],[1.144318,6.535092],[1.141964,6.533895],[1.139188,6.533475],[1.136412,6.533895],[1.134058,6.535092],[1.132485,6.536884],[1.131933,6.538997],[1.132485,6.54111],[1.134058,6.542901],[1.136412,6.544098]]]}},{"type":"Feature","properties":{"civic_code":"106-11-003","name":"Gblainvié","settlement_type":"village","canton_official_code":"A08029062","review_status":"proposed","geometry_role":"non_authoritative_settlement_reference_extent","source":"paired-settlement-reference-extents/settlement-aware-reference-extents.geojson","commune_official_code":"A08029","official_code":"A08029"},"geometry":{"type":"Polygon","coordinates":[[[1.179788,6.44611],[1.180233,6.447815],[1.182704,6.45063],[1.186403,6.452511],[1.190766,6.453171],[1.191213,6.453103],[1.192914,6.441644],[1.18815,6.436215],[1.186403,6.43648],[1.186001,6.436684],[1.179788,6.44611]]]}},{"type":"Feature","properties":{"civic_code":"106-11-004","name":"Kpoguere Dafolegname","settlement_type":"village","canton_official_code":"A08029062","review_status":"proposed","geometry_role":"non_authoritative_settlement_reference_extent","source":"paired-settlement-reference-extents/settlement-aware-reference-extents.geojson","commune_official_code":"A08029","official_code":"A08029"},"geometry":{"type":"Polygon","coordinates":[[[1.050597,6.523492],[1.05217,6.521701],[1.054523,6.520504],[1.054795,6.520463],[1.054589,6.519676],[1.053016,6.517884],[1.050663,6.516687],[1.047886,6.516267],[1.04511,6.516687],[1.042756,6.517884],[1.041184,6.519676],[1.040631,6.521789],[1.040788,6.522388],[1.049046,6.527135],[1.050391,6.526931],[1.050045,6.525605],[1.050597,6.523492]]]}},{"type":"Feature","properties":{"civic_code":"106-11-005","name":"Toumale","settlement_type":"village","canton_official_code":"A08029062","review_status":"proposed","geometry_role":"non_authoritative_settlement_reference_extent","source":"paired-settlement-reference-extents/settlement-aware-reference-extents.geojson","commune_official_code":"A08029","official_code":"A08029"},"geometry":{"type":"Polygon","coordinates":[[[1.139238,6.54679],[1.136885,6.545593],[1.134108,6.545173],[1.131332,6.545593],[1.128978,6.54679],[1.127406,6.548582],[1.126853,6.550695],[1.12718,6.551944],[1.138881,6.554782],[1.139238,6.5546],[1.140811,6.552808],[1.141363,6.550695],[1.140811,6.548582],[1.139238,6.54679]]]}},{"type":"Feature","properties":{"civic_code":"106-11-006","name":"Tsati","settlement_type":"village","canton_official_code":"A08029062","review_status":"proposed","geometry_role":"non_authoritative_settlement_reference_extent","source":"paired-settlement-reference-extents/settlement-aware-reference-extents.geojson","commune_official_code":"A08029","official_code":"A08029"},"geometry":{"type":"Polygon","coordinates":[[[1.105742,6.490198],[1.106294,6.488085],[1.105742,6.485972],[1.104169,6.484181],[1.101816,6.482984],[1.099039,6.482564],[1.096263,6.482984],[1.093909,6.484181],[1.092337,6.485972],[1.091784,6.488085],[1.092337,6.490198],[1.093909,6.491989],[1.096263,6.493186],[1.099039,6.493607],[1.101816,6.493186],[1.104169,6.491989],[1.105742,6.490198]]]}},{"type":"Feature","properties":{"civic_code":"106-11-007","name":"Watara Kope","settlement_type":"village","canton_official_code":"A08029062","review_status":"proposed","geometry_role":"non_authoritative_settlement_reference_extent","source":"paired-settlement-reference-extents/settlement-aware-reference-extents.geojson","commune_official_code":"A08029","official_code":"A08029"},"geometry":{"type":"Polygon","coordinates":[[[1.136815,6.478379],[1.136262,6.476266],[1.13469,6.474475],[1.132336,6.473278],[1.12956,6.472858],[1.126783,6.473278],[1.12443,6.474475],[1.122857,6.476266],[1.122305,6.478379],[1.122857,6.480492],[1.12443,6.482283],[1.126783,6.48348],[1.12956,6.4839],[1.132336,6.48348],[1.13469,6.482283],[1.136262,6.480492],[1.136815,6.478379]]]}},{"type":"Feature","properties":{"civic_code":"106-16-002","name":"Tsévié","settlement_type":"city","canton_official_code":"A08029060","review_status":"proposed","geometry_role":"non_authoritative_settlement_reference_extent","source":"paired-settlement-reference-extents/settlement-aware-reference-extents.geojson","commune_official_code":"A08029","official_code":"A08029"},"geometry":{"type":"Polygon","coordinates":[[[1.197777,6.446432],[1.210469,6.448353],[1.223161,6.446432],[1.233921,6.440961],[1.24111,6.432773],[1.243635,6.423115],[1.24111,6.413457],[1.235371,6.406922],[1.215127,6.402693],[1.206149,6.40123],[1.20161,6.399219],[1.197777,6.399799],[1.187018,6.405269],[1.179828,6.413457],[1.178511,6.418498],[1.18461,6.429581],[1.187099,6.435018],[1.192914,6.441644],[1.192594,6.443797],[1.197777,6.446432]]]}},{"type":"Feature","properties":{"civic_code":"106-03-001","name":"Alokoegbe","settlement_type":"village","canton_official_code":"A08030071","review_status":"proposed","geometry_role":"non_authoritative_settlement_reference_extent","source":"paired-settlement-reference-extents/settlement-aware-reference-extents.geojson","commune_official_code":"A08030","official_code":"A08030"},"geometry":{"type":"Polygon","coordinates":[[[1.087361,6.438645],[1.084585,6.438225],[1.081808,6.438645],[1.079455,6.439842],[1.079014,6.440344],[1.079155,6.441558],[1.077751,6.443457],[1.077525,6.444493],[1.077882,6.445859],[1.079455,6.44765],[1.081808,6.448847],[1.084585,6.449267],[1.087361,6.448847],[1.089715,6.44765],[1.091287,6.445859],[1.09184,6.443746],[1.091287,6.441633],[1.089715,6.439842],[1.087361,6.438645]]]}},{"type":"Feature","properties":{"civic_code":"106-03-002","name":"Bolou Kpeme","settlement_type":"village","canton_official_code":"A08030071","review_status":"proposed","geometry_role":"non_authoritative_settlement_reference_extent","source":"paired-settlement-reference-extents/settlement-aware-reference-extents.geojson","commune_official_code":"A08030","official_code":"A08030"},"geometry":{"type":"Polygon","coordinates":[[[1.179404,6.432785],[1.176628,6.433206],[1.174274,6.434403],[1.172701,6.436194],[1.172149,6.438306],[1.172701,6.440419],[1.174274,6.44221],[1.176628,6.443407],[1.179404,6.443827],[1.181502,6.44351],[1.186169,6.43643],[1.186107,6.436194],[1.184534,6.434403],[1.18218,6.433206],[1.179404,6.432785]]]}},{"type":"Feature","properties":{"civic_code":"106-03-003","name":"Bolougan","settlement_type":"village","canton_official_code":"A08030071","review_status":"proposed","geometry_role":"non_authoritative_settlement_reference_extent","source":"paired-settlement-reference-extents/settlement-aware-reference-extents.geojson","commune_official_code":"A08030","official_code":"A08030"},"geometry":{"type":"Polygon","coordinates":[[[1.171109,6.42429],[1.168756,6.425487],[1.167183,6.427278],[1.166631,6.429391],[1.167183,6.431504],[1.168756,6.433295],[1.171109,6.434492],[1.173834,6.434904],[1.174274,6.434403],[1.176628,6.433206],[1.179456,6.432793],[1.180588,6.431504],[1.181141,6.429391],[1.180588,6.427278],[1.179016,6.425487],[1.176662,6.42429],[1.173886,6.42387],[1.171109,6.42429]]]}},{"type":"Feature","properties":{"civic_code":"106-03-005","name":"Vavati","settlement_type":"village","canton_official_code":"A08030071","review_status":"proposed","geometry_role":"non_authoritative_settlement_reference_extent","source":"paired-settlement-reference-extents/settlement-aware-reference-extents.geojson","commune_official_code":"A08030","official_code":"A08030"},"geometry":{"type":"Polygon","coordinates":[[[1.142851,6.448045],[1.141278,6.449837],[1.140726,6.451949],[1.141278,6.454062],[1.142851,6.455853],[1.145205,6.45705],[1.147981,6.457471],[1.150757,6.45705],[1.153111,6.455853],[1.154684,6.454062],[1.155236,6.451949],[1.154684,6.449837],[1.153111,6.448045],[1.150757,6.446849],[1.147981,6.446428],[1.145205,6.446849],[1.142851,6.448045]]]}},{"type":"Feature","properties":{"civic_code":"106-14-001","name":"Ablotsi","settlement_type":"village","canton_official_code":"A08030069","review_status":"proposed","geometry_role":"non_authoritative_settlement_reference_extent","source":"paired-settlement-reference-extents/settlement-aware-reference-extents.geojson","commune_official_code":"A08030","official_code":"A08030"},"geometry":{"type":"Polygon","coordinates":[[[1.09432,6.367796],[1.093768,6.369908],[1.09432,6.372021],[1.095893,6.373812],[1.098247,6.375008],[1.100017,6.375276],[1.102696,6.373779],[1.104376,6.371176],[1.106141,6.367292],[1.106875,6.366827],[1.106153,6.366005],[1.103799,6.364808],[1.101023,6.364388],[1.098247,6.364808],[1.095893,6.366005],[1.09432,6.367796]]]}},{"type":"Feature","properties":{"civic_code":"106-14-019","name":"Koepedo","settlement_type":"village","canton_official_code":"A08030069","review_status":"proposed","geometry_role":"non_authoritative_settlement_reference_extent","source":"paired-settlement-reference-extents/settlement-aware-reference-extents.geojson","commune_official_code":"A08030","official_code":"A08030"},"geometry":{"type":"Polygon","coordinates":[[[1.047856,6.316467],[1.047798,6.316848],[1.047904,6.317254],[1.049477,6.319045],[1.05183,6.320241],[1.054607,6.320661],[1.057383,6.320241],[1.059737,6.319045],[1.061309,6.317254],[1.061862,6.315142],[1.061309,6.31303],[1.059737,6.311239],[1.057383,6.310042],[1.054645,6.309628],[1.053036,6.311656],[1.047856,6.316467]]]}},{"type":"Feature","properties":{"civic_code":"106-14-020","name":"Kovié","settlement_type":"village","canton_official_code":"A08030069","review_status":"proposed","geometry_role":"non_authoritative_settlement_reference_extent","source":"paired-settlement-reference-extents/settlement-aware-reference-extents.geojson","commune_official_code":"A08030","official_code":"A08030"},"geometry":{"type":"Polygon","coordinates":[[[1.098272,6.345017],[1.100744,6.347832],[1.104442,6.349712],[1.108805,6.350372],[1.109895,6.350207],[1.109951,6.350007],[1.116881,6.344209],[1.119388,6.338571],[1.119338,6.338379],[1.116866,6.335564],[1.113168,6.333684],[1.108805,6.333024],[1.104442,6.333684],[1.100744,6.335564],[1.098272,6.338379],[1.097404,6.341698],[1.098272,6.345017]]]}},{"type":"Feature","properties":{"civic_code":"106-14-021","name":"Kpedzi","settlement_type":"village","canton_official_code":"A08030069","review_status":"proposed","geometry_role":"non_authoritative_settlement_reference_extent","source":"paired-settlement-reference-extents/settlement-aware-reference-extents.geojson","commune_official_code":"A08030","official_code":"A08030"},"geometry":{"type":"Polygon","coordinates":[[[1.084778,6.338208],[1.087132,6.339405],[1.089908,6.339825],[1.092684,6.339405],[1.095038,6.338208],[1.096611,6.336418],[1.097163,6.334305],[1.096611,6.332193],[1.095038,6.330402],[1.092684,6.329206],[1.089908,6.328785],[1.087132,6.329206],[1.084778,6.330402],[1.083205,6.332193],[1.082653,6.334305],[1.083205,6.336418],[1.084778,6.338208]]]}},{"type":"Feature","properties":{"civic_code":"106-14-029","name":"Sevagblé","settlement_type":"village","canton_official_code":"A08030069","review_status":"proposed","geometry_role":"non_authoritative_settlement_reference_extent","source":"paired-settlement-reference-extents/settlement-aware-reference-extents.geojson","commune_official_code":"A08030","official_code":"A08030"},"geometry":{"type":"Polygon","coordinates":[[[1.078449,6.3068],[1.081225,6.30722],[1.084002,6.3068],[1.086355,6.305603],[1.087928,6.303813],[1.08848,6.301701],[1.087928,6.299588],[1.086355,6.297798],[1.084002,6.296601],[1.081225,6.296181],[1.078449,6.296601],[1.076095,6.297798],[1.074523,6.299588],[1.07397,6.301701],[1.074523,6.303813],[1.076095,6.305603],[1.078449,6.3068]]]}},{"type":"Feature","properties":{"civic_code":"106-14-032","name":"Tédo ananissimé","settlement_type":"village","canton_official_code":"A08030069","review_status":"proposed","geometry_role":"non_authoritative_settlement_reference_extent","source":"paired-settlement-reference-extents/settlement-aware-reference-extents.geojson","commune_official_code":"A08030","official_code":"A08030"},"geometry":{"type":"Polygon","coordinates":[[[1.075592,6.311592],[1.078368,6.311172],[1.080722,6.309975],[1.082295,6.308185],[1.082601,6.307012],[1.081225,6.30722],[1.078449,6.3068],[1.076095,6.305603],[1.074523,6.303813],[1.07397,6.301701],[1.074216,6.300761],[1.072816,6.300973],[1.070462,6.30217],[1.068889,6.30396],[1.068337,6.306072],[1.068889,6.308185],[1.070462,6.309975],[1.072816,6.311172],[1.075592,6.311592]]]}},{"type":"Feature","properties":{"civic_code":"106-14-035","name":"Tsivé","settlement_type":"village","canton_official_code":"A08030069","review_status":"proposed","geometry_role":"non_authoritative_settlement_reference_extent","source":"paired-settlement-reference-extents/settlement-aware-reference-extents.geojson","commune_official_code":"A08030","official_code":"A08030"},"geometry":{"type":"Polygon","coordinates":[[[1.078,6.337485],[1.080354,6.336288],[1.081926,6.334498],[1.082479,6.332385],[1.081926,6.330273],[1.080354,6.328482],[1.078,6.327286],[1.075224,6.326865],[1.072447,6.327286],[1.070094,6.328482],[1.068521,6.330273],[1.068051,6.33207],[1.068687,6.334687],[1.070094,6.336288],[1.072447,6.337485],[1.075224,6.337905],[1.078,6.337485]]]}},{"type":"Feature","properties":{"civic_code":"106-15-002","name":"Mission-Tové","settlement_type":"village","canton_official_code":"A08030068","review_status":"proposed","geometry_role":"non_authoritative_settlement_reference_extent","source":"paired-settlement-reference-extents/settlement-aware-reference-extents.geojson","commune_official_code":"A08030","official_code":"A08030"},"geometry":{"type":"Polygon","coordinates":[[[1.128756,6.326008],[1.129624,6.322688],[1.128756,6.319369],[1.126285,6.316555],[1.122587,6.314675],[1.118224,6.314015],[1.113861,6.314675],[1.110162,6.316555],[1.107691,6.319369],[1.106852,6.322579],[1.113733,6.330637],[1.113861,6.330702],[1.118224,6.331362],[1.122587,6.330702],[1.126285,6.328822],[1.128756,6.326008]]]}},{"type":"Feature","properties":{"civic_code":"101-04-003","name":"Alagbadja","settlement_type":"village","canton_official_code":null,"review_status":"proposed","geometry_role":"non_authoritative_settlement_reference_extent","source":"paired-settlement-reference-extents/settlement-aware-reference-extents.geojson","commune_official_code":"A08030","official_code":"A08030"},"geometry":{"type":"Polygon","coordinates":[[[1.049096,6.330062],[1.046742,6.328865],[1.043966,6.328445],[1.041189,6.328865],[1.038836,6.330062],[1.037263,6.331852],[1.036711,6.333965],[1.037263,6.336077],[1.038836,6.337868],[1.041189,6.339064],[1.043966,6.339485],[1.046742,6.339064],[1.049096,6.337868],[1.050668,6.336077],[1.051221,6.333965],[1.050668,6.331852],[1.049096,6.330062]]]}},{"type":"Feature","properties":{"civic_code":"101-04-008","name":"Dzemeke","settlement_type":"village","canton_official_code":null,"review_status":"proposed","geometry_role":"non_authoritative_settlement_reference_extent","source":"paired-settlement-reference-extents/settlement-aware-reference-extents.geojson","commune_official_code":"A08030","official_code":"A08030"},"geometry":{"type":"Polygon","coordinates":[[[1.046325,6.326531],[1.04678,6.323538],[1.04608,6.323644],[1.043727,6.32484],[1.042154,6.326631],[1.041617,6.3288],[1.043966,6.328445],[1.046742,6.328865],[1.049096,6.330062],[1.050668,6.331852],[1.051206,6.333908],[1.051633,6.333843],[1.053987,6.332646],[1.055559,6.330856],[1.056112,6.328743],[1.055828,6.327657],[1.053098,6.327938],[1.046325,6.326531]]]}},{"type":"Feature","properties":{"civic_code":"101-04-009","name":"Dzogbéto","settlement_type":"village","canton_official_code":null,"review_status":"proposed","geometry_role":"non_authoritative_settlement_reference_extent","source":"paired-settlement-reference-extents/settlement-aware-reference-extents.geojson","commune_official_code":"A08030","official_code":"A08030"},"geometry":{"type":"Polygon","coordinates":[[[1.061025,6.335538],[1.061578,6.337651],[1.06315,6.339442],[1.065504,6.340638],[1.06828,6.341058],[1.070064,6.340788],[1.069019,6.336051],[1.067578,6.330125],[1.065504,6.330439],[1.06315,6.331635],[1.061578,6.333426],[1.061025,6.335538]]]}},{"type":"Feature","properties":{"civic_code":"101-04-011","name":"Kleve","settlement_type":"village","canton_official_code":null,"review_status":"proposed","geometry_role":"non_authoritative_settlement_reference_extent","source":"paired-settlement-reference-extents/settlement-aware-reference-extents.geojson","commune_official_code":"A08030","official_code":"A08030"},"geometry":{"type":"Polygon","coordinates":[[[1.040849,6.326713],[1.036666,6.32619],[1.036724,6.326414],[1.038297,6.328205],[1.040392,6.32927],[1.041189,6.328865],[1.043966,6.328445],[1.041617,6.3288],[1.041602,6.328743],[1.042154,6.326631],[1.043727,6.32484],[1.04608,6.323644],[1.04678,6.323538],[1.046325,6.326531],[1.047351,6.319786],[1.046203,6.319202],[1.043427,6.318782],[1.042836,6.318871],[1.042516,6.320766],[1.040849,6.326713]]]}},{"type":"Feature","properties":{"civic_code":"106-02-001","name":"Agbélouvé","settlement_type":"village","canton_official_code":"A08031073","review_status":"proposed","geometry_role":"non_authoritative_settlement_reference_extent","source":"paired-settlement-reference-extents/settlement-aware-reference-extents.geojson","commune_official_code":"A08031","official_code":"A08031"},"geometry":{"type":"Polygon","coordinates":[[[1.171143,6.665431],[1.16678,6.66477],[1.162418,6.665431],[1.158719,6.667312],[1.156248,6.670128],[1.15538,6.673449],[1.156248,6.676771],[1.158719,6.679587],[1.162418,6.681469],[1.16678,6.682129],[1.171143,6.681469],[1.174842,6.679587],[1.177313,6.676771],[1.178181,6.673449],[1.177313,6.670128],[1.174842,6.667312],[1.171143,6.665431]]]}},{"type":"Feature","properties":{"civic_code":"106-02-003","name":"Agbodjekpo","settlement_type":"village","canton_official_code":"A08031073","review_status":"proposed","geometry_role":"non_authoritative_settlement_reference_extent","source":"paired-settlement-reference-extents/settlement-aware-reference-extents.geojson","commune_official_code":"A08031","official_code":"A08031"},"geometry":{"type":"Polygon","coordinates":[[[1.024424,6.822288],[1.021648,6.822709],[1.019294,6.823907],[1.017722,6.825699],[1.01717,6.827814],[1.017722,6.829928],[1.019294,6.831721],[1.020132,6.832147],[1.02956,6.831714],[1.031127,6.829928],[1.031679,6.827814],[1.031127,6.825699],[1.029555,6.823907],[1.027201,6.822709],[1.024424,6.822288]]]}},{"type":"Feature","properties":{"civic_code":"106-02-006","name":"Avédjé","settlement_type":"village","canton_official_code":null,"review_status":"proposed","geometry_role":"non_authoritative_settlement_reference_extent","source":"paired-settlement-reference-extents/settlement-aware-reference-extents.geojson","commune_official_code":"A08031","official_code":"A08031"},"geometry":{"type":"Polygon","coordinates":[[[1.237793,6.667322],[1.235016,6.667743],[1.232663,6.66894],[1.23109,6.670732],[1.230538,6.672846],[1.23109,6.674959],[1.232663,6.676751],[1.235016,6.677949],[1.237793,6.678369],[1.240569,6.677949],[1.242923,6.676751],[1.244495,6.674959],[1.245048,6.672846],[1.244495,6.670732],[1.242923,6.66894],[1.240569,6.667743],[1.237793,6.667322]]]}},{"type":"Feature","properties":{"civic_code":"106-02-008","name":"Datiho","settlement_type":"village","canton_official_code":"A08031073","review_status":"proposed","geometry_role":"non_authoritative_settlement_reference_extent","source":"paired-settlement-reference-extents/settlement-aware-reference-extents.geojson","commune_official_code":"A08031","official_code":"A08031"},"geometry":{"type":"Polygon","coordinates":[[[1.14386,6.663168],[1.142288,6.66496],[1.141735,6.667074],[1.142288,6.669188],[1.14386,6.67098],[1.146214,6.672177],[1.14899,6.672598],[1.151767,6.672177],[1.15412,6.67098],[1.155693,6.669188],[1.156245,6.667074],[1.155693,6.66496],[1.15412,6.663168],[1.151767,6.661971],[1.14899,6.661551],[1.146214,6.661971],[1.14386,6.663168]]]}},{"type":"Feature","properties":{"civic_code":"106-02-009","name":"Datiho","settlement_type":"village","canton_official_code":"A08031073","review_status":"proposed","geometry_role":"non_authoritative_settlement_reference_extent","source":"paired-settlement-reference-extents/settlement-aware-reference-extents.geojson","commune_official_code":"A08031","official_code":"A08031"},"geometry":{"type":"Polygon","coordinates":[[[1.059216,6.724679],[1.058664,6.726793],[1.059216,6.728907],[1.060789,6.730699],[1.063143,6.731896],[1.065919,6.732317],[1.068695,6.731896],[1.071049,6.730699],[1.072622,6.728907],[1.073174,6.726793],[1.072622,6.724679],[1.071049,6.722887],[1.068695,6.721689],[1.065919,6.721269],[1.063143,6.721689],[1.060789,6.722887],[1.059216,6.724679]]]}},{"type":"Feature","properties":{"civic_code":"106-02-010","name":"Foulani Copé","settlement_type":"village","canton_official_code":"A08031073","review_status":"proposed","geometry_role":"non_authoritative_settlement_reference_extent","source":"paired-settlement-reference-extents/settlement-aware-reference-extents.geojson","commune_official_code":"A08031","official_code":"A08031"},"geometry":{"type":"Polygon","coordinates":[[[1.038062,6.807948],[1.038614,6.810062],[1.040186,6.811855],[1.04254,6.813052],[1.045316,6.813473],[1.048093,6.813052],[1.050447,6.811855],[1.052019,6.810062],[1.052571,6.807948],[1.052019,6.805834],[1.050447,6.804041],[1.048093,6.802844],[1.045316,6.802423],[1.04254,6.802844],[1.040186,6.804041],[1.038614,6.805834],[1.038062,6.807948]]]}},{"type":"Feature","properties":{"civic_code":"106-02-011","name":"Kanye kopé","settlement_type":"village","canton_official_code":"A08031073","review_status":"proposed","geometry_role":"non_authoritative_settlement_reference_extent","source":"paired-settlement-reference-extents/settlement-aware-reference-extents.geojson","commune_official_code":"A08031","official_code":"A08031"},"geometry":{"type":"Polygon","coordinates":[[[1.166353,6.646799],[1.167926,6.648591],[1.170279,6.649789],[1.173056,6.650209],[1.175832,6.649789],[1.178186,6.648591],[1.179758,6.646799],[1.180311,6.644686],[1.179758,6.642572],[1.178186,6.64078],[1.175832,6.639583],[1.173056,6.639163],[1.170279,6.639583],[1.167926,6.64078],[1.166353,6.642572],[1.165801,6.644686],[1.166353,6.646799]]]}},{"type":"Feature","properties":{"civic_code":"106-02-012","name":"Kodje","settlement_type":"village","canton_official_code":"A08031073","review_status":"proposed","geometry_role":"non_authoritative_settlement_reference_extent","source":"paired-settlement-reference-extents/settlement-aware-reference-extents.geojson","commune_official_code":"A08031","official_code":"A08031"},"geometry":{"type":"Polygon","coordinates":[[[1.016823,6.730519],[1.019177,6.731716],[1.021953,6.732136],[1.02473,6.731716],[1.027083,6.730519],[1.028656,6.728726],[1.029208,6.726612],[1.028656,6.724498],[1.027083,6.722706],[1.02473,6.721509],[1.021953,6.721088],[1.019177,6.721509],[1.016823,6.722706],[1.015251,6.724498],[1.014698,6.726612],[1.015251,6.728726],[1.016823,6.730519]]]}},{"type":"Feature","properties":{"civic_code":"106-02-015","name":"KPEVEGO","settlement_type":"village","canton_official_code":"A08031073","review_status":"proposed","geometry_role":"non_authoritative_settlement_reference_extent","source":"paired-settlement-reference-extents/settlement-aware-reference-extents.geojson","commune_official_code":"A08031","official_code":"A08031"},"geometry":{"type":"Polygon","coordinates":[[[1.183492,6.625762],[1.186269,6.626183],[1.189045,6.625762],[1.191399,6.624565],[1.192971,6.622773],[1.193524,6.62066],[1.192971,6.618546],[1.191399,6.616754],[1.189045,6.615557],[1.186269,6.615137],[1.183492,6.615557],[1.181139,6.616754],[1.179566,6.618546],[1.179014,6.62066],[1.179566,6.622773],[1.181139,6.624565],[1.183492,6.625762]]]}},{"type":"Feature","properties":{"civic_code":"106-02-016","name":"Kplaba","settlement_type":"village","canton_official_code":"A08031073","review_status":"proposed","geometry_role":"non_authoritative_settlement_reference_extent","source":"paired-settlement-reference-extents/settlement-aware-reference-extents.geojson","commune_official_code":"A08031","official_code":"A08031"},"geometry":{"type":"Polygon","coordinates":[[[1.097419,6.754739],[1.100113,6.754331],[1.104059,6.747029],[1.102549,6.745308],[1.100195,6.74411],[1.097419,6.74369],[1.094642,6.74411],[1.092289,6.745308],[1.090716,6.7471],[1.090164,6.749214],[1.090716,6.751328],[1.092289,6.75312],[1.094642,6.754318],[1.097419,6.754739]]]}},{"type":"Feature","properties":{"civic_code":"106-02-017","name":"Nyative","settlement_type":"village","canton_official_code":"A08031073","review_status":"proposed","geometry_role":"non_authoritative_settlement_reference_extent","source":"paired-settlement-reference-extents/settlement-aware-reference-extents.geojson","commune_official_code":"A08031","official_code":"A08031"},"geometry":{"type":"Polygon","coordinates":[[[1.004663,6.706646],[1.007016,6.705448],[1.008589,6.703656],[1.009141,6.701542],[1.008589,6.699429],[1.007016,6.697637],[1.004663,6.696439],[1.001886,6.696019],[0.99911,6.696439],[0.996756,6.697637],[0.995184,6.699429],[0.994631,6.701542],[0.995184,6.703656],[0.996756,6.705448],[0.99911,6.706646],[1.001886,6.707066],[1.004663,6.706646]]]}},{"type":"Feature","properties":{"civic_code":"106-02-018","name":"Nyigbé","settlement_type":"village","canton_official_code":"A08031073","review_status":"proposed","geometry_role":"non_authoritative_settlement_reference_extent","source":"paired-settlement-reference-extents/settlement-aware-reference-extents.geojson","commune_official_code":"A08031","official_code":"A08031"},"geometry":{"type":"Polygon","coordinates":[[[1.144116,6.695056],[1.145688,6.693264],[1.146241,6.69115],[1.145688,6.689036],[1.144116,6.687244],[1.141762,6.686047],[1.138986,6.685626],[1.136209,6.686047],[1.133856,6.687244],[1.132283,6.689036],[1.131731,6.69115],[1.132283,6.693264],[1.133856,6.695056],[1.136209,6.696253],[1.138986,6.696674],[1.141762,6.696253],[1.144116,6.695056]]]}},{"type":"Feature","properties":{"civic_code":"106-02-019","name":"Tokpevia","settlement_type":"village","canton_official_code":"A08031073","review_status":"proposed","geometry_role":"non_authoritative_settlement_reference_extent","source":"paired-settlement-reference-extents/settlement-aware-reference-extents.geojson","commune_official_code":"A08031","official_code":"A08031"},"geometry":{"type":"Polygon","coordinates":[[[1.064491,6.77925],[1.065043,6.777136],[1.064491,6.775022],[1.062919,6.773229],[1.060565,6.772032],[1.057789,6.771611],[1.055012,6.772032],[1.052658,6.773229],[1.051086,6.775022],[1.050534,6.777136],[1.051086,6.77925],[1.052658,6.781042],[1.055012,6.78224],[1.057789,6.78266],[1.060565,6.78224],[1.062919,6.781042],[1.064491,6.77925]]]}},{"type":"Feature","properties":{"civic_code":"106-02-021","name":"Tsito","settlement_type":"village","canton_official_code":"A08031073","review_status":"proposed","geometry_role":"non_authoritative_settlement_reference_extent","source":"paired-settlement-reference-extents/settlement-aware-reference-extents.geojson","commune_official_code":"A08031","official_code":"A08031"},"geometry":{"type":"Polygon","coordinates":[[[1.104058,6.726022],[1.103506,6.723908],[1.101933,6.722116],[1.099579,6.720919],[1.096803,6.720498],[1.094027,6.720919],[1.091673,6.722116],[1.0901,6.723908],[1.089548,6.726022],[1.0901,6.728136],[1.091673,6.729929],[1.094027,6.731126],[1.096803,6.731546],[1.099579,6.731126],[1.101933,6.729929],[1.103506,6.728136],[1.104058,6.726022]]]}},{"type":"Feature","properties":{"civic_code":"106-08-001","name":"Gapé Centre","settlement_type":"village","canton_official_code":"A08032074","review_status":"proposed","geometry_role":"non_authoritative_settlement_reference_extent","source":"paired-settlement-reference-extents/settlement-aware-reference-extents.geojson","commune_official_code":"A08032","official_code":"A08032"},"geometry":{"type":"Polygon","coordinates":[[[1.107838,6.59406],[1.103475,6.593399],[1.099112,6.59406],[1.095414,6.595941],[1.092942,6.598757],[1.092074,6.602078],[1.092942,6.605399],[1.095414,6.608214],[1.099112,6.610096],[1.103475,6.610756],[1.107838,6.610096],[1.111536,6.608214],[1.114008,6.605399],[1.114876,6.602078],[1.114008,6.598757],[1.111536,6.595941],[1.107838,6.59406]]]}},{"type":"Feature","properties":{"civic_code":"106-09-003","name":"Gape Agotsideke","settlement_type":"village","canton_official_code":"A08032075","review_status":"proposed","geometry_role":"non_authoritative_settlement_reference_extent","source":"paired-settlement-reference-extents/settlement-aware-reference-extents.geojson","commune_official_code":"A08032","official_code":"A08032"},"geometry":{"type":"Polygon","coordinates":[[[0.976844,6.657694],[0.974067,6.658114],[0.971714,6.659312],[0.970141,6.661104],[0.969589,6.663217],[0.970141,6.665331],[0.971714,6.667123],[0.974067,6.66832],[0.976844,6.668741],[0.97962,6.66832],[0.981974,6.667123],[0.983546,6.665331],[0.984099,6.663217],[0.983546,6.661104],[0.981974,6.659312],[0.97962,6.658114],[0.976844,6.657694]]]}},{"type":"Feature","properties":{"civic_code":"106-09-004","name":"Gape akpakpèdome","settlement_type":"village","canton_official_code":"A08032075","review_status":"proposed","geometry_role":"non_authoritative_settlement_reference_extent","source":"paired-settlement-reference-extents/settlement-aware-reference-extents.geojson","commune_official_code":"A08032","official_code":"A08032"},"geometry":{"type":"Polygon","coordinates":[[[0.99521,6.648155],[0.992856,6.649352],[0.991283,6.651144],[0.990731,6.653257],[0.991283,6.655371],[0.992856,6.657163],[0.99521,6.65836],[0.997986,6.658781],[0.999568,6.658541],[1.001887,6.656039],[1.004843,6.651734],[1.004689,6.651144],[1.003116,6.649352],[1.000762,6.648155],[0.997986,6.647734],[0.99521,6.648155]]]}},{"type":"Feature","properties":{"civic_code":"106-09-005","name":"Gape kodje","settlement_type":"village","canton_official_code":"A08032075","review_status":"proposed","geometry_role":"non_authoritative_settlement_reference_extent","source":"paired-settlement-reference-extents/settlement-aware-reference-extents.geojson","commune_official_code":"A08032","official_code":"A08032"},"geometry":{"type":"Polygon","coordinates":[[[0.9681,6.671645],[0.966527,6.673437],[0.965975,6.675551],[0.966527,6.677665],[0.9681,6.679457],[0.970453,6.680654],[0.97323,6.681075],[0.976006,6.680654],[0.97836,6.679457],[0.979932,6.677665],[0.980485,6.675551],[0.979932,6.673437],[0.97836,6.671645],[0.976006,6.670448],[0.97323,6.670028],[0.970453,6.670448],[0.9681,6.671645]]]}},{"type":"Feature","properties":{"civic_code":"106-09-006","name":"Gape yerodo","settlement_type":"village","canton_official_code":"A08032075","review_status":"proposed","geometry_role":"non_authoritative_settlement_reference_extent","source":"paired-settlement-reference-extents/settlement-aware-reference-extents.geojson","commune_official_code":"A08032","official_code":"A08032"},"geometry":{"type":"Polygon","coordinates":[[[0.965807,6.654696],[0.965254,6.65681],[0.965807,6.658923],[0.967379,6.660715],[0.969733,6.661912],[0.969922,6.661941],[0.970141,6.661104],[0.971714,6.659312],[0.974067,6.658114],[0.976844,6.657694],[0.979431,6.658086],[0.979764,6.65681],[0.979212,6.654696],[0.977639,6.652904],[0.975286,6.651707],[0.972509,6.651286],[0.969733,6.651707],[0.967379,6.652904],[0.965807,6.654696]]]}},{"type":"Feature","properties":{"civic_code":"106-10-003","name":"Didokpo","settlement_type":"village","canton_official_code":null,"review_status":"proposed","geometry_role":"non_authoritative_settlement_reference_extent","source":"paired-settlement-reference-extents/settlement-aware-reference-extents.geojson","commune_official_code":"A08032","official_code":"A08032"},"geometry":{"type":"Polygon","coordinates":[[[1.249696,6.587691],[1.249144,6.589804],[1.249696,6.591917],[1.251269,6.593709],[1.253623,6.594906],[1.256399,6.595326],[1.259175,6.594906],[1.261529,6.593709],[1.263102,6.591917],[1.263654,6.589804],[1.263102,6.587691],[1.261529,6.585899],[1.259175,6.584702],[1.256399,6.584281],[1.253623,6.584702],[1.251269,6.585899],[1.249696,6.587691]]]}},{"type":"Feature","properties":{"civic_code":"201-05-001","name":"Agou Avédzé","settlement_type":"village","canton_official_code":null,"review_status":"proposed","geometry_role":"non_authoritative_settlement_reference_extent","source":"paired-settlement-reference-extents/settlement-aware-reference-extents.geojson","commune_official_code":"B01033","official_code":"B01033"},"geometry":{"type":"Polygon","coordinates":[[[0.785141,6.862138],[0.782787,6.86094],[0.78001,6.86052],[0.777234,6.86094],[0.77488,6.862138],[0.773308,6.863931],[0.772756,6.866045],[0.773308,6.86816],[0.77488,6.869952],[0.777234,6.87115],[0.78001,6.871571],[0.782787,6.87115],[0.785141,6.869952],[0.786713,6.86816],[0.787265,6.866045],[0.786713,6.863931],[0.785141,6.862138]]]}},{"type":"Feature","properties":{"civic_code":"201-05-002","name":"Agou Yiboe","settlement_type":"village","canton_official_code":null,"review_status":"proposed","geometry_role":"non_authoritative_settlement_reference_extent","source":"paired-settlement-reference-extents/settlement-aware-reference-extents.geojson","commune_official_code":"B01033","official_code":"B01033"},"geometry":{"type":"Polygon","coordinates":[[[0.793392,6.870835],[0.790616,6.870414],[0.78784,6.870835],[0.785486,6.872033],[0.783913,6.873826],[0.783361,6.87594],[0.783913,6.878055],[0.785486,6.879847],[0.78784,6.881045],[0.790616,6.881466],[0.793392,6.881045],[0.795746,6.879847],[0.797319,6.878055],[0.797871,6.87594],[0.797319,6.873826],[0.795746,6.872033],[0.793392,6.870835]]]}},{"type":"Feature","properties":{"civic_code":"201-06-001","name":"Agou Gadzépé","settlement_type":"village","canton_official_code":null,"review_status":"proposed","geometry_role":"non_authoritative_settlement_reference_extent","source":"paired-settlement-reference-extents/settlement-aware-reference-extents.geojson","commune_official_code":"B01033","official_code":"B01033"},"geometry":{"type":"Polygon","coordinates":[[[0.714102,6.838292],[0.711326,6.838712],[0.708972,6.83991],[0.7074,6.841703],[0.706847,6.843817],[0.7074,6.845931],[0.708972,6.847724],[0.711326,6.848922],[0.714102,6.849342],[0.716879,6.848922],[0.719232,6.847724],[0.720805,6.845931],[0.721357,6.843817],[0.720805,6.841703],[0.719232,6.83991],[0.716879,6.838712],[0.714102,6.838292]]]}},{"type":"Feature","properties":{"civic_code":"201-06-002","name":"Kouloumou","settlement_type":"village","canton_official_code":null,"review_status":"proposed","geometry_role":"non_authoritative_settlement_reference_extent","source":"paired-settlement-reference-extents/settlement-aware-reference-extents.geojson","commune_official_code":"B01033","official_code":"B01033"},"geometry":{"type":"Polygon","coordinates":[[[0.678112,6.8307],[0.675758,6.831898],[0.674185,6.83369],[0.673633,6.835805],[0.674185,6.837919],[0.675758,6.839712],[0.678112,6.84091],[0.680888,6.84133],[0.683664,6.84091],[0.686018,6.839712],[0.687591,6.837919],[0.688143,6.835805],[0.687591,6.83369],[0.686018,6.831898],[0.683664,6.8307],[0.680888,6.83028],[0.678112,6.8307]]]}},{"type":"Feature","properties":{"civic_code":"201-08-001","name":"Agou Tavie","settlement_type":"village","canton_official_code":null,"review_status":"proposed","geometry_role":"non_authoritative_settlement_reference_extent","source":"paired-settlement-reference-extents/settlement-aware-reference-extents.geojson","commune_official_code":"B01033","official_code":"B01033"},"geometry":{"type":"Polygon","coordinates":[[[0.709363,6.851033],[0.708811,6.853148],[0.709363,6.855262],[0.710936,6.857055],[0.71329,6.858253],[0.716066,6.858673],[0.718842,6.858253],[0.721196,6.857055],[0.722769,6.855262],[0.723321,6.853148],[0.722769,6.851033],[0.721196,6.849241],[0.718842,6.848043],[0.71866,6.848015],[0.716879,6.848922],[0.714102,6.849342],[0.711508,6.848949],[0.710936,6.849241],[0.709363,6.851033]]]}},{"type":"Feature","properties":{"civic_code":"201-08-002","name":"Agou Yiboè Avédzé","settlement_type":"village","canton_official_code":null,"review_status":"proposed","geometry_role":"non_authoritative_settlement_reference_extent","source":"paired-settlement-reference-extents/settlement-aware-reference-extents.geojson","commune_official_code":"B01033","official_code":"B01033"},"geometry":{"type":"Polygon","coordinates":[[[0.76957,6.857189],[0.769018,6.859304],[0.76957,6.861418],[0.771143,6.863211],[0.77322,6.864268],[0.773308,6.863931],[0.77488,6.862138],[0.777234,6.86094],[0.78001,6.86052],[0.782787,6.86094],[0.783064,6.861081],[0.783528,6.859304],[0.782976,6.857189],[0.781403,6.855397],[0.779049,6.854199],[0.776273,6.853778],[0.773497,6.854199],[0.771143,6.855397],[0.76957,6.857189]]]}},{"type":"Feature","properties":{"civic_code":"201-08-003","name":"Kébo Agblodome","settlement_type":"village","canton_official_code":"B01033081","review_status":"proposed","geometry_role":"non_authoritative_settlement_reference_extent","source":"paired-settlement-reference-extents/settlement-aware-reference-extents.geojson","commune_official_code":"B01033","official_code":"B01033"},"geometry":{"type":"Polygon","coordinates":[[[0.74115,6.859241],[0.742723,6.861033],[0.745077,6.862231],[0.747853,6.862652],[0.750629,6.862231],[0.752983,6.861033],[0.754556,6.859241],[0.755108,6.857126],[0.754556,6.855012],[0.752983,6.853219],[0.750629,6.852021],[0.747853,6.851601],[0.745077,6.852021],[0.742723,6.853219],[0.74115,6.855012],[0.740598,6.857126],[0.74115,6.859241]]]}},{"type":"Feature","properties":{"civic_code":"201-08-004","name":"Kebo Dogbadji","settlement_type":"village","canton_official_code":"B01033081","review_status":"proposed","geometry_role":"non_authoritative_settlement_reference_extent","source":"paired-settlement-reference-extents/settlement-aware-reference-extents.geojson","commune_official_code":"B01033","official_code":"B01033"},"geometry":{"type":"Polygon","coordinates":[[[0.72999,6.872999],[0.732344,6.874197],[0.73512,6.874618],[0.737897,6.874197],[0.74025,6.872999],[0.741823,6.871207],[0.742375,6.869092],[0.741823,6.866978],[0.74025,6.865185],[0.737897,6.863987],[0.73512,6.863567],[0.732344,6.863987],[0.72999,6.865185],[0.728418,6.866978],[0.727865,6.869092],[0.728418,6.871207],[0.72999,6.872999]]]}},{"type":"Feature","properties":{"civic_code":"201-08-007","name":"Kebo-Dalave","settlement_type":"village","canton_official_code":"B01033081","review_status":"proposed","geometry_role":"non_authoritative_settlement_reference_extent","source":"paired-settlement-reference-extents/settlement-aware-reference-extents.geojson","commune_official_code":"B01033","official_code":"B01033"},"geometry":{"type":"Polygon","coordinates":[[[0.758134,6.853929],[0.758687,6.851814],[0.758134,6.8497],[0.756562,6.847907],[0.754208,6.846709],[0.751432,6.846289],[0.748655,6.846709],[0.746302,6.847907],[0.744729,6.8497],[0.744177,6.851814],[0.74433,6.852401],[0.745077,6.852021],[0.747853,6.851601],[0.750629,6.852021],[0.752983,6.853219],[0.754556,6.855012],[0.754955,6.856539],[0.756562,6.855721],[0.758134,6.853929]]]}},{"type":"Feature","properties":{"civic_code":"201-08-008","name":"Planville","settlement_type":"village","canton_official_code":"B01033081","review_status":"proposed","geometry_role":"non_authoritative_settlement_reference_extent","source":"paired-settlement-reference-extents/settlement-aware-reference-extents.geojson","commune_official_code":"B01033","official_code":"B01033"},"geometry":{"type":"Polygon","coordinates":[[[0.751447,6.843949],[0.753801,6.842752],[0.755373,6.840959],[0.755926,6.838845],[0.755709,6.838017],[0.753206,6.836198],[0.75065,6.833619],[0.749147,6.833392],[0.74474,6.834328],[0.743541,6.834938],[0.741968,6.83673],[0.741416,6.838845],[0.741968,6.840959],[0.743541,6.842752],[0.745894,6.843949],[0.748671,6.84437],[0.751447,6.843949]]]}},{"type":"Feature","properties":{"civic_code":"201-13-001","name":"Agou Yiboe","settlement_type":"village","canton_official_code":null,"review_status":"proposed","geometry_role":"non_authoritative_settlement_reference_extent","source":"paired-settlement-reference-extents/settlement-aware-reference-extents.geojson","commune_official_code":"B01033","official_code":"B01033"},"geometry":{"type":"Polygon","coordinates":[[[0.82428,6.88381],[0.825055,6.883692],[0.823835,6.881298],[0.829582,6.881995],[0.830983,6.880399],[0.831535,6.878284],[0.830983,6.876169],[0.82941,6.874377],[0.827057,6.873179],[0.82428,6.872758],[0.821504,6.873179],[0.81915,6.874377],[0.817578,6.876169],[0.817025,6.878284],[0.817578,6.880399],[0.81915,6.882191],[0.821504,6.883389],[0.82428,6.88381]]]}},{"type":"Feature","properties":{"civic_code":"201-13-002","name":"Kati","settlement_type":"village","canton_official_code":"B01032079","review_status":"proposed","geometry_role":"non_authoritative_settlement_reference_extent","source":"paired-settlement-reference-extents/settlement-aware-reference-extents.geojson","commune_official_code":"B01033","official_code":"B01033"},"geometry":{"type":"Polygon","coordinates":[[[0.852586,6.887438],[0.84981,6.887018],[0.847033,6.887438],[0.84468,6.888636],[0.843195,6.890329],[0.848855,6.893098],[0.856583,6.894388],[0.857065,6.892544],[0.856512,6.890429],[0.85494,6.888636],[0.852586,6.887438]]]}},{"type":"Feature","properties":{"civic_code":"201-13-003","name":"Kati","settlement_type":"village","canton_official_code":"B01032079","review_status":"proposed","geometry_role":"non_authoritative_settlement_reference_extent","source":"paired-settlement-reference-extents/settlement-aware-reference-extents.geojson","commune_official_code":"B01033","official_code":"B01033"},"geometry":{"type":"Polygon","coordinates":[[[0.850963,6.88541],[0.84939,6.883617],[0.847037,6.882419],[0.84426,6.881998],[0.841484,6.882419],[0.83913,6.883617],[0.837558,6.88541],[0.837175,6.886876],[0.839901,6.888718],[0.843195,6.890329],[0.84468,6.888636],[0.847033,6.887438],[0.84981,6.887018],[0.851448,6.887266],[0.850963,6.88541]]]}},{"type":"Feature","properties":{"civic_code":"201-13-004","name":"Xévicodji","settlement_type":"village","canton_official_code":"B01032079","review_status":"proposed","geometry_role":"non_authoritative_settlement_reference_extent","source":"paired-settlement-reference-extents/settlement-aware-reference-extents.geojson","commune_official_code":"B01033","official_code":"B01033"},"geometry":{"type":"Polygon","coordinates":[[[0.845318,6.880627],[0.843746,6.878834],[0.841392,6.877636],[0.838616,6.877216],[0.835839,6.877636],[0.833912,6.878617],[0.832963,6.87943],[0.831913,6.880627],[0.831361,6.882742],[0.831453,6.883095],[0.833253,6.884227],[0.838528,6.88779],[0.837175,6.886876],[0.837558,6.88541],[0.83913,6.883617],[0.841484,6.882419],[0.84426,6.881998],[0.845735,6.882222],[0.845318,6.880627]]]}},{"type":"Feature","properties":{"civic_code":"201-03-001","name":"Aboudjokopé","settlement_type":"village","canton_official_code":"B01034089","review_status":"proposed","geometry_role":"non_authoritative_settlement_reference_extent","source":"paired-settlement-reference-extents/settlement-aware-reference-extents.geojson","commune_official_code":"B01034","official_code":"B01034"},"geometry":{"type":"Polygon","coordinates":[[[0.715529,6.665984],[0.712753,6.665563],[0.709977,6.665984],[0.707623,6.667181],[0.70605,6.668973],[0.705498,6.671087],[0.70605,6.673201],[0.707623,6.674992],[0.709977,6.67619],[0.712753,6.67661],[0.715529,6.67619],[0.717883,6.674992],[0.719456,6.673201],[0.720008,6.671087],[0.719456,6.668973],[0.717883,6.667181],[0.715529,6.665984]]]}},{"type":"Feature","properties":{"civic_code":"201-03-002","name":"Andokope","settlement_type":"village","canton_official_code":"B01034089","review_status":"proposed","geometry_role":"non_authoritative_settlement_reference_extent","source":"paired-settlement-reference-extents/settlement-aware-reference-extents.geojson","commune_official_code":"B01034","official_code":"B01034"},"geometry":{"type":"Polygon","coordinates":[[[0.708067,6.710053],[0.70529,6.710473],[0.702937,6.711671],[0.701364,6.713463],[0.700812,6.715577],[0.701364,6.717691],[0.702937,6.719483],[0.70529,6.72068],[0.708067,6.721101],[0.710843,6.72068],[0.713197,6.719483],[0.714769,6.717691],[0.715322,6.715577],[0.714769,6.713463],[0.713197,6.711671],[0.710843,6.710473],[0.708067,6.710053]]]}},{"type":"Feature","properties":{"civic_code":"201-03-003","name":"Glikpo","settlement_type":"village","canton_official_code":"B01034089","review_status":"proposed","geometry_role":"non_authoritative_settlement_reference_extent","source":"paired-settlement-reference-extents/settlement-aware-reference-extents.geojson","commune_official_code":"B01034","official_code":"B01034"},"geometry":{"type":"Polygon","coordinates":[[[0.695388,6.632606],[0.693034,6.633803],[0.691462,6.635595],[0.69091,6.637709],[0.691462,6.639822],[0.693034,6.641614],[0.695388,6.642812],[0.698164,6.643232],[0.700941,6.642812],[0.703295,6.641614],[0.704867,6.639822],[0.705419,6.637709],[0.704867,6.635595],[0.703295,6.633803],[0.700941,6.632606],[0.698164,6.632186],[0.695388,6.632606]]]}},{"type":"Feature","properties":{"civic_code":"201-03-004","name":"KPODJAHON","settlement_type":"village","canton_official_code":"B01034089","review_status":"proposed","geometry_role":"non_authoritative_settlement_reference_extent","source":"paired-settlement-reference-extents/settlement-aware-reference-extents.geojson","commune_official_code":"B01034","official_code":"B01034"},"geometry":{"type":"Polygon","coordinates":[[[0.679087,6.60931],[0.678831,6.609638],[0.678587,6.609764],[0.678294,6.60981],[0.676417,6.611253],[0.675609,6.611702],[0.67504,6.61217],[0.674593,6.613881],[0.675145,6.615994],[0.676717,6.617786],[0.679071,6.618983],[0.681848,6.619404],[0.684624,6.618983],[0.686978,6.617786],[0.68855,6.615994],[0.689102,6.613881],[0.68855,6.611768],[0.686978,6.609976],[0.684624,6.608779],[0.681848,6.608358],[0.679464,6.608719],[0.679087,6.60931]]]}},{"type":"Feature","properties":{"civic_code":"201-03-005","name":"Nyitoé","settlement_type":"village","canton_official_code":"B01034089","review_status":"proposed","geometry_role":"non_authoritative_settlement_reference_extent","source":"paired-settlement-reference-extents/settlement-aware-reference-extents.geojson","commune_official_code":"B01034","official_code":"B01034"},"geometry":{"type":"Polygon","coordinates":[[[0.649416,6.659458],[0.648864,6.661572],[0.649416,6.663685],[0.650989,6.665477],[0.653342,6.666675],[0.656119,6.667095],[0.658895,6.666675],[0.661249,6.665477],[0.662821,6.663685],[0.663374,6.661572],[0.662821,6.659458],[0.661249,6.657666],[0.658895,6.656469],[0.656119,6.656048],[0.653342,6.656469],[0.650989,6.657666],[0.649416,6.659458]]]}},{"type":"Feature","properties":{"civic_code":"201-03-006","name":"Sevah kope","settlement_type":"village","canton_official_code":"B01034089","review_status":"proposed","geometry_role":"non_authoritative_settlement_reference_extent","source":"paired-settlement-reference-extents/settlement-aware-reference-extents.geojson","commune_official_code":"B01034","official_code":"B01034"},"geometry":{"type":"Polygon","coordinates":[[[0.733523,6.733522],[0.734076,6.735636],[0.735648,6.737428],[0.738002,6.738625],[0.740778,6.739046],[0.743555,6.738625],[0.745908,6.737428],[0.747481,6.735636],[0.748033,6.733522],[0.747481,6.731408],[0.745908,6.729616],[0.743555,6.728418],[0.740778,6.727998],[0.738002,6.728418],[0.735648,6.729616],[0.734076,6.731408],[0.733523,6.733522]]]}},{"type":"Feature","properties":{"civic_code":"201-03-007","name":"Xénonui","settlement_type":"village","canton_official_code":"B01034089","review_status":"proposed","geometry_role":"non_authoritative_settlement_reference_extent","source":"paired-settlement-reference-extents/settlement-aware-reference-extents.geojson","commune_official_code":"B01034","official_code":"B01034"},"geometry":{"type":"Polygon","coordinates":[[[0.715719,6.701032],[0.717292,6.702824],[0.719646,6.704021],[0.722422,6.704442],[0.725198,6.704021],[0.727552,6.702824],[0.729125,6.701032],[0.729677,6.698918],[0.729125,6.696804],[0.727552,6.695012],[0.725198,6.693815],[0.722422,6.693394],[0.719646,6.693815],[0.717292,6.695012],[0.715719,6.696804],[0.715167,6.698918],[0.715719,6.701032]]]}},{"type":"Feature","properties":{"civic_code":"201-04-001","name":"Adrakpo","settlement_type":"village","canton_official_code":"B01034088","review_status":"proposed","geometry_role":"non_authoritative_settlement_reference_extent","source":"paired-settlement-reference-extents/settlement-aware-reference-extents.geojson","commune_official_code":"B01034","official_code":"B01034"},"geometry":{"type":"Polygon","coordinates":[[[0.774526,6.630125],[0.77688,6.631322],[0.779656,6.631743],[0.782433,6.631322],[0.784786,6.630125],[0.786359,6.628333],[0.786911,6.62622],[0.786359,6.624106],[0.784786,6.622314],[0.782433,6.621117],[0.779656,6.620697],[0.77688,6.621117],[0.774526,6.622314],[0.772954,6.624106],[0.772401,6.62622],[0.772954,6.628333],[0.774526,6.630125]]]}},{"type":"Feature","properties":{"civic_code":"201-04-002","name":"Adzakpa","settlement_type":"village","canton_official_code":"B01034088","review_status":"proposed","geometry_role":"non_authoritative_settlement_reference_extent","source":"paired-settlement-reference-extents/settlement-aware-reference-extents.geojson","commune_official_code":"B01034","official_code":"B01034"},"geometry":{"type":"Polygon","coordinates":[[[0.81123,6.64602],[0.814006,6.64644],[0.816783,6.64602],[0.819137,6.644822],[0.820709,6.64303],[0.821261,6.640917],[0.820709,6.638803],[0.819137,6.637011],[0.816783,6.635814],[0.814006,6.635394],[0.81123,6.635814],[0.808876,6.637011],[0.807304,6.638803],[0.806752,6.640917],[0.807304,6.64303],[0.808876,6.644822],[0.81123,6.64602]]]}},{"type":"Feature","properties":{"civic_code":"201-04-003","name":"Agbodjakopé","settlement_type":"village","canton_official_code":"B01034088","review_status":"proposed","geometry_role":"non_authoritative_settlement_reference_extent","source":"paired-settlement-reference-extents/settlement-aware-reference-extents.geojson","commune_official_code":"B01034","official_code":"B01034"},"geometry":{"type":"Polygon","coordinates":[[[0.752729,6.603663],[0.755506,6.603242],[0.757859,6.602045],[0.759432,6.600253],[0.759984,6.59814],[0.759432,6.596027],[0.757859,6.594235],[0.755506,6.593038],[0.752729,6.592617],[0.749953,6.593038],[0.747599,6.594235],[0.746027,6.596027],[0.745474,6.59814],[0.746027,6.600253],[0.747599,6.602045],[0.749953,6.603242],[0.752729,6.603663]]]}},{"type":"Feature","properties":{"civic_code":"201-04-005","name":"Aguduvu","settlement_type":"village","canton_official_code":"B01034088","review_status":"proposed","geometry_role":"non_authoritative_settlement_reference_extent","source":"paired-settlement-reference-extents/settlement-aware-reference-extents.geojson","commune_official_code":"B01034","official_code":"B01034"},"geometry":{"type":"Polygon","coordinates":[[[0.779067,6.570373],[0.781421,6.569176],[0.782993,6.567385],[0.783546,6.565271],[0.782993,6.563158],[0.781421,6.561367],[0.779067,6.56017],[0.776291,6.559749],[0.773514,6.56017],[0.771161,6.561367],[0.769588,6.563158],[0.769036,6.565271],[0.769588,6.567385],[0.771161,6.569176],[0.773514,6.570373],[0.776291,6.570794],[0.779067,6.570373]]]}},{"type":"Feature","properties":{"civic_code":"201-04-006","name":"Assiménokopé","settlement_type":"village","canton_official_code":"B01034088","review_status":"proposed","geometry_role":"non_authoritative_settlement_reference_extent","source":"paired-settlement-reference-extents/settlement-aware-reference-extents.geojson","commune_official_code":"B01034","official_code":"B01034"},"geometry":{"type":"Polygon","coordinates":[[[0.800135,6.629443],[0.801707,6.627651],[0.80226,6.625537],[0.801707,6.623424],[0.800135,6.621632],[0.797781,6.620435],[0.795005,6.620015],[0.792228,6.620435],[0.789875,6.621632],[0.788302,6.623424],[0.78775,6.625537],[0.788302,6.627651],[0.789875,6.629443],[0.792228,6.63064],[0.795005,6.63106],[0.797781,6.63064],[0.800135,6.629443]]]}},{"type":"Feature","properties":{"civic_code":"201-04-007","name":"Detideke","settlement_type":"village","canton_official_code":"B01034088","review_status":"proposed","geometry_role":"non_authoritative_settlement_reference_extent","source":"paired-settlement-reference-extents/settlement-aware-reference-extents.geojson","commune_official_code":"B01034","official_code":"B01034"},"geometry":{"type":"Polygon","coordinates":[[[0.767114,6.590953],[0.767667,6.58884],[0.767114,6.586727],[0.765542,6.584935],[0.763188,6.583738],[0.760412,6.583317],[0.757635,6.583738],[0.755282,6.584935],[0.753709,6.586727],[0.753157,6.58884],[0.753709,6.590953],[0.755282,6.592745],[0.757635,6.593942],[0.760412,6.594363],[0.763188,6.593942],[0.765542,6.592745],[0.767114,6.590953]]]}},{"type":"Feature","properties":{"civic_code":"201-04-008","name":"Dzotsi kopé","settlement_type":"village","canton_official_code":"B01034088","review_status":"proposed","geometry_role":"non_authoritative_settlement_reference_extent","source":"paired-settlement-reference-extents/settlement-aware-reference-extents.geojson","commune_official_code":"B01034","official_code":"B01034"},"geometry":{"type":"Polygon","coordinates":[[[0.758155,6.574332],[0.757603,6.572218],[0.75603,6.570427],[0.753676,6.56923],[0.7509,6.568809],[0.748124,6.56923],[0.74577,6.570427],[0.744197,6.572218],[0.743645,6.574332],[0.744197,6.576445],[0.74577,6.578237],[0.748124,6.579434],[0.7509,6.579854],[0.753676,6.579434],[0.75603,6.578237],[0.757603,6.576445],[0.758155,6.574332]]]}},{"type":"Feature","properties":{"civic_code":"201-04-009","name":"Dzrekekope","settlement_type":"village","canton_official_code":"B01034088","review_status":"proposed","geometry_role":"non_authoritative_settlement_reference_extent","source":"paired-settlement-reference-extents/settlement-aware-reference-extents.geojson","commune_official_code":"B01034","official_code":"B01034"},"geometry":{"type":"Polygon","coordinates":[[[0.757536,6.62972],[0.755963,6.627928],[0.75361,6.626731],[0.750833,6.62631],[0.748057,6.626731],[0.745703,6.627928],[0.744131,6.62972],[0.743578,6.631833],[0.744131,6.633947],[0.745703,6.635739],[0.748057,6.636936],[0.750833,6.637356],[0.75361,6.636936],[0.755963,6.635739],[0.757536,6.633947],[0.758088,6.631833],[0.757536,6.62972]]]}},{"type":"Feature","properties":{"civic_code":"201-04-010","name":"Kpave","settlement_type":"village","canton_official_code":"B01034088","review_status":"proposed","geometry_role":"non_authoritative_settlement_reference_extent","source":"paired-settlement-reference-extents/settlement-aware-reference-extents.geojson","commune_official_code":"B01034","official_code":"B01034"},"geometry":{"type":"Polygon","coordinates":[[[0.769057,6.61822],[0.766703,6.617023],[0.763927,6.616602],[0.76115,6.617023],[0.758797,6.61822],[0.757224,6.620011],[0.756672,6.622125],[0.757224,6.624239],[0.758797,6.62603],[0.76115,6.627228],[0.763927,6.627648],[0.766703,6.627228],[0.769057,6.62603],[0.770629,6.624239],[0.771182,6.622125],[0.770629,6.620011],[0.769057,6.61822]]]}},{"type":"Feature","properties":{"civic_code":"201-04-014","name":"Kpossoukope","settlement_type":"village","canton_official_code":"B01034088","review_status":"proposed","geometry_role":"non_authoritative_settlement_reference_extent","source":"paired-settlement-reference-extents/settlement-aware-reference-extents.geojson","commune_official_code":"B01034","official_code":"B01034"},"geometry":{"type":"Polygon","coordinates":[[[0.767548,6.610011],[0.764772,6.60959],[0.761995,6.610011],[0.759642,6.611208],[0.758069,6.613],[0.757517,6.615113],[0.758069,6.617227],[0.758896,6.618169],[0.76115,6.617023],[0.763927,6.616602],[0.766703,6.617023],[0.769057,6.61822],[0.769802,6.619069],[0.769902,6.619019],[0.771474,6.617227],[0.772027,6.615113],[0.771474,6.613],[0.769902,6.611208],[0.767548,6.610011]]]}},{"type":"Feature","properties":{"civic_code":"201-04-015","name":"Lankui","settlement_type":"village","canton_official_code":"B01034088","review_status":"proposed","geometry_role":"non_authoritative_settlement_reference_extent","source":"paired-settlement-reference-extents/settlement-aware-reference-extents.geojson","commune_official_code":"B01034","official_code":"B01034"},"geometry":{"type":"Polygon","coordinates":[[[0.792579,6.605911],[0.789803,6.606331],[0.787449,6.607529],[0.785877,6.60932],[0.785324,6.611434],[0.785877,6.613547],[0.787449,6.615339],[0.789803,6.616536],[0.792579,6.616957],[0.795356,6.616536],[0.797709,6.615339],[0.799282,6.613547],[0.799834,6.611434],[0.799282,6.60932],[0.797709,6.607529],[0.795356,6.606331],[0.792579,6.605911]]]}},{"type":"Feature","properties":{"civic_code":"201-04-016","name":"Létsukopé","settlement_type":"village","canton_official_code":"B01034088","review_status":"proposed","geometry_role":"non_authoritative_settlement_reference_extent","source":"paired-settlement-reference-extents/settlement-aware-reference-extents.geojson","commune_official_code":"B01034","official_code":"B01034"},"geometry":{"type":"Polygon","coordinates":[[[0.714705,6.526482],[0.714533,6.526947],[0.714282,6.527385],[0.713439,6.528443],[0.714139,6.530472],[0.715793,6.532407],[0.71856,6.531988],[0.720914,6.530791],[0.722329,6.52918],[0.7205,6.527404],[0.718889,6.525328],[0.718073,6.524787],[0.717749,6.524409],[0.71569,6.523044],[0.714705,6.526482]]]}},{"type":"Feature","properties":{"civic_code":"201-04-017","name":"Nyativé","settlement_type":"village","canton_official_code":"B01034088","review_status":"proposed","geometry_role":"non_authoritative_settlement_reference_extent","source":"paired-settlement-reference-extents/settlement-aware-reference-extents.geojson","commune_official_code":"B01034","official_code":"B01034"},"geometry":{"type":"Polygon","coordinates":[[[0.786391,6.644754],[0.784819,6.646546],[0.784266,6.648659],[0.784819,6.650773],[0.785497,6.651546],[0.788926,6.65379],[0.791521,6.654183],[0.794298,6.653762],[0.796651,6.652565],[0.798224,6.650773],[0.798776,6.648659],[0.798224,6.646546],[0.796651,6.644754],[0.794298,6.643557],[0.791521,6.643136],[0.788745,6.643557],[0.786391,6.644754]]]}},{"type":"Feature","properties":{"civic_code":"201-04-019","name":"Tameklokope","settlement_type":"village","canton_official_code":"B01034088","review_status":"proposed","geometry_role":"non_authoritative_settlement_reference_extent","source":"paired-settlement-reference-extents/settlement-aware-reference-extents.geojson","commune_official_code":"B01034","official_code":"B01034"},"geometry":{"type":"Polygon","coordinates":[[[0.779656,6.631743],[0.77946,6.631713],[0.778744,6.632529],[0.778191,6.634643],[0.778744,6.636756],[0.780316,6.638548],[0.78267,6.639745],[0.785446,6.640166],[0.788223,6.639745],[0.790576,6.638548],[0.792149,6.636756],[0.792701,6.634643],[0.792149,6.632529],[0.790576,6.630737],[0.788223,6.62954],[0.785642,6.629149],[0.784786,6.630125],[0.782433,6.631322],[0.779656,6.631743]]]}},{"type":"Feature","properties":{"civic_code":"201-04-020","name":"Todzrokope","settlement_type":"village","canton_official_code":"B01034088","review_status":"proposed","geometry_role":"non_authoritative_settlement_reference_extent","source":"paired-settlement-reference-extents/settlement-aware-reference-extents.geojson","commune_official_code":"B01034","official_code":"B01034"},"geometry":{"type":"Polygon","coordinates":[[[0.791126,6.631363],[0.792149,6.632529],[0.792701,6.634643],[0.792149,6.636756],[0.790576,6.638548],[0.788572,6.639568],[0.789122,6.640193],[0.791475,6.641391],[0.794252,6.641811],[0.797028,6.641391],[0.799382,6.640193],[0.800954,6.638402],[0.801507,6.636288],[0.800954,6.634174],[0.799382,6.632383],[0.797028,6.631185],[0.795604,6.63097],[0.795005,6.63106],[0.793652,6.630856],[0.791475,6.631185],[0.791126,6.631363]]]}},{"type":"Feature","properties":{"civic_code":"201-04-021","name":"Wodomé","settlement_type":"village","canton_official_code":"B01034088","review_status":"proposed","geometry_role":"non_authoritative_settlement_reference_extent","source":"paired-settlement-reference-extents/settlement-aware-reference-extents.geojson","commune_official_code":"B01034","official_code":"B01034"},"geometry":{"type":"Polygon","coordinates":[[[0.755318,6.561148],[0.756891,6.562939],[0.759245,6.564136],[0.762021,6.564557],[0.764797,6.564136],[0.767151,6.562939],[0.768724,6.561148],[0.769276,6.559035],[0.768724,6.556921],[0.767151,6.55513],[0.764797,6.553933],[0.762021,6.553512],[0.759245,6.553933],[0.756891,6.55513],[0.755318,6.556921],[0.754766,6.559035],[0.755318,6.561148]]]}},{"type":"Feature","properties":{"civic_code":"201-04-013","name":"Kpohe Edrokope","settlement_type":"town","canton_official_code":"B01034088","review_status":"proposed","geometry_role":"non_authoritative_settlement_reference_extent","source":"paired-settlement-reference-extents/settlement-aware-reference-extents.geojson","commune_official_code":"B01034","official_code":"B01034"},"geometry":{"type":"Polygon","coordinates":[[[0.776338,6.616078],[0.771395,6.610447],[0.763998,6.606684],[0.755272,6.605363],[0.746546,6.606684],[0.739149,6.610447],[0.734206,6.616078],[0.732471,6.62272],[0.73368,6.627348],[0.734964,6.627937],[0.739545,6.632047],[0.742493,6.63574],[0.750049,6.637716],[0.757907,6.639679],[0.763998,6.638757],[0.771395,6.634994],[0.775316,6.630527],[0.774526,6.630125],[0.772954,6.628333],[0.772401,6.62622],[0.772954,6.624106],[0.774526,6.622314],[0.77688,6.621117],[0.777625,6.621004],[0.776338,6.616078]],[[0.743578,6.631833],[0.744131,6.62972],[0.745703,6.627928],[0.748057,6.626731],[0.750833,6.62631],[0.75361,6.626731],[0.755963,6.627928],[0.757536,6.62972],[0.758088,6.631833],[0.757536,6.633947],[0.755963,6.635739],[0.75361,6.636936],[0.750833,6.637356],[0.748057,6.636936],[0.745703,6.635739],[0.744131,6.633947],[0.743578,6.631833]],[[0.758797,6.62603],[0.757224,6.624239],[0.756672,6.622125],[0.757224,6.620011],[0.758896,6.618169],[0.758069,6.617227],[0.757517,6.615113],[0.758069,6.613],[0.759642,6.611208],[0.761995,6.610011],[0.764772,6.60959],[0.767548,6.610011],[0.769902,6.611208],[0.771474,6.613],[0.772027,6.615113],[0.771474,6.617227],[0.769902,6.619019],[0.769802,6.619069],[0.769057,6.61822],[0.770629,6.620011],[0.771182,6.622125],[0.770629,6.624239],[0.769057,6.62603],[0.766703,6.627228],[0.763927,6.627648],[0.76115,6.627228],[0.758797,6.62603]]]}},{"type":"Feature","properties":{"civic_code":"101-08-002","name":"Agbo Kope 2","settlement_type":"village","canton_official_code":null,"review_status":"proposed","geometry_role":"non_authoritative_settlement_reference_extent","source":"paired-settlement-reference-extents/settlement-aware-reference-extents.geojson","commune_official_code":"B01034","official_code":"B01034"},"geometry":{"type":"Polygon","coordinates":[[[0.885726,6.685764],[0.883372,6.684567],[0.880596,6.684146],[0.877819,6.684567],[0.875466,6.685764],[0.873893,6.687556],[0.873341,6.68967],[0.873893,6.691784],[0.875466,6.693576],[0.877819,6.694773],[0.880596,6.695194],[0.883372,6.694773],[0.885726,6.693576],[0.887298,6.691784],[0.887851,6.68967],[0.887298,6.687556],[0.885726,6.685764]]]}},{"type":"Feature","properties":{"civic_code":"202-01-001","name":"Ayagba","settlement_type":"village","canton_official_code":"B02035090","review_status":"proposed","geometry_role":"non_authoritative_settlement_reference_extent","source":"paired-settlement-reference-extents/settlement-aware-reference-extents.geojson","commune_official_code":"B02035","official_code":"B02035"},"geometry":{"type":"Polygon","coordinates":[[[0.79718,7.758972],[0.794404,7.758551],[0.791628,7.758972],[0.789274,7.760173],[0.787701,7.761969],[0.787149,7.764087],[0.787701,7.766206],[0.789274,7.768002],[0.791628,7.769202],[0.794404,7.769624],[0.79718,7.769202],[0.799534,7.768002],[0.801107,7.766206],[0.801659,7.764087],[0.801107,7.761969],[0.799534,7.760173],[0.79718,7.758972]]]}},{"type":"Feature","properties":{"civic_code":"202-01-002","name":"Bato","settlement_type":"village","canton_official_code":"B02035090","review_status":"proposed","geometry_role":"non_authoritative_settlement_reference_extent","source":"paired-settlement-reference-extents/settlement-aware-reference-extents.geojson","commune_official_code":"B02035","official_code":"B02035"},"geometry":{"type":"Polygon","coordinates":[[[0.719163,7.714083],[0.716387,7.714505],[0.714033,7.715705],[0.71246,7.717501],[0.711908,7.719619],[0.71246,7.721737],[0.714033,7.723533],[0.716387,7.724734],[0.719163,7.725155],[0.721939,7.724734],[0.724293,7.723533],[0.725866,7.721737],[0.726418,7.719619],[0.725866,7.717501],[0.724293,7.715705],[0.721939,7.714505],[0.719163,7.714083]]]}},{"type":"Feature","properties":{"civic_code":"202-01-003","name":"Broukoukou","settlement_type":"village","canton_official_code":"B02035090","review_status":"proposed","geometry_role":"non_authoritative_settlement_reference_extent","source":"paired-settlement-reference-extents/settlement-aware-reference-extents.geojson","commune_official_code":"B02035","official_code":"B02035"},"geometry":{"type":"Polygon","coordinates":[[[0.716538,7.706738],[0.714185,7.707938],[0.712612,7.709734],[0.71206,7.711852],[0.712612,7.713971],[0.7141,7.71567],[0.716387,7.714505],[0.719163,7.714083],[0.721939,7.714505],[0.724293,7.715705],[0.724378,7.715801],[0.724445,7.715767],[0.726017,7.713971],[0.72657,7.711852],[0.726017,7.709734],[0.724445,7.707938],[0.722091,7.706738],[0.719315,7.706317],[0.716538,7.706738]]]}},{"type":"Feature","properties":{"civic_code":"202-01-004","name":"Djitriamé","settlement_type":"village","canton_official_code":"B02035090","review_status":"proposed","geometry_role":"non_authoritative_settlement_reference_extent","source":"paired-settlement-reference-extents/settlement-aware-reference-extents.geojson","commune_official_code":"B02035","official_code":"B02035"},"geometry":{"type":"Polygon","coordinates":[[[0.795283,7.716321],[0.79371,7.718117],[0.793158,7.720235],[0.79371,7.722353],[0.795283,7.724149],[0.797636,7.72535],[0.800413,7.725771],[0.803189,7.72535],[0.805543,7.724149],[0.807115,7.722353],[0.807668,7.720235],[0.807115,7.718117],[0.805543,7.716321],[0.803189,7.715121],[0.800413,7.714699],[0.797636,7.715121],[0.795283,7.716321]]]}},{"type":"Feature","properties":{"civic_code":"202-01-005","name":"Djon","settlement_type":"village","canton_official_code":"B02035090","review_status":"proposed","geometry_role":"non_authoritative_settlement_reference_extent","source":"paired-settlement-reference-extents/settlement-aware-reference-extents.geojson","commune_official_code":"B02035","official_code":"B02035"},"geometry":{"type":"Polygon","coordinates":[[[0.781394,7.726504],[0.780526,7.729833],[0.781394,7.733163],[0.783865,7.735985],[0.787564,7.737871],[0.791927,7.738533],[0.79629,7.737871],[0.799988,7.735985],[0.802459,7.733163],[0.803327,7.729833],[0.802459,7.726504],[0.801653,7.725583],[0.800413,7.725771],[0.797636,7.72535],[0.795283,7.724149],[0.79371,7.722353],[0.793453,7.721366],[0.791927,7.721134],[0.787564,7.721796],[0.783865,7.723682],[0.781394,7.726504]]]}},{"type":"Feature","properties":{"civic_code":"202-01-007","name":"Elavanyo","settlement_type":"village","canton_official_code":"B02035090","review_status":"proposed","geometry_role":"non_authoritative_settlement_reference_extent","source":"paired-settlement-reference-extents/settlement-aware-reference-extents.geojson","commune_official_code":"B02035","official_code":"B02035"},"geometry":{"type":"Polygon","coordinates":[[[0.692709,7.703423],[0.693262,7.705541],[0.694834,7.707337],[0.697188,7.708537],[0.699964,7.708958],[0.702741,7.708537],[0.705094,7.707337],[0.706667,7.705541],[0.707219,7.703423],[0.706667,7.701304],[0.705094,7.699508],[0.702741,7.698308],[0.699964,7.697887],[0.697188,7.698308],[0.694834,7.699508],[0.693262,7.701304],[0.692709,7.703423]]]}},{"type":"Feature","properties":{"civic_code":"202-01-008","name":"Hohoe","settlement_type":"village","canton_official_code":"B02035090","review_status":"proposed","geometry_role":"non_authoritative_settlement_reference_extent","source":"paired-settlement-reference-extents/settlement-aware-reference-extents.geojson","commune_official_code":"B02035","official_code":"B02035"},"geometry":{"type":"Polygon","coordinates":[[[0.822629,7.737867],[0.824202,7.739663],[0.826555,7.740863],[0.829332,7.741285],[0.832108,7.740863],[0.834462,7.739663],[0.836034,7.737867],[0.836587,7.735749],[0.836034,7.73363],[0.834462,7.731834],[0.832108,7.730634],[0.829332,7.730213],[0.826555,7.730634],[0.824202,7.731834],[0.822629,7.73363],[0.822077,7.735749],[0.822629,7.737867]]]}},{"type":"Feature","properties":{"civic_code":"202-01-010","name":"Nyande","settlement_type":"village","canton_official_code":"B02035090","review_status":"proposed","geometry_role":"non_authoritative_settlement_reference_extent","source":"paired-settlement-reference-extents/settlement-aware-reference-extents.geojson","commune_official_code":"B02035","official_code":"B02035"},"geometry":{"type":"Polygon","coordinates":[[[0.652009,7.719935],[0.654363,7.721135],[0.657139,7.721556],[0.659915,7.721135],[0.662269,7.719935],[0.663842,7.718139],[0.664394,7.716021],[0.663842,7.713902],[0.662269,7.712106],[0.659915,7.710906],[0.657139,7.710485],[0.654363,7.710906],[0.652009,7.712106],[0.650436,7.713902],[0.649884,7.716021],[0.650436,7.718139],[0.652009,7.719935]]]}},{"type":"Feature","properties":{"civic_code":"202-01-011","name":"Tchakpali","settlement_type":"village","canton_official_code":"B02035090","review_status":"proposed","geometry_role":"non_authoritative_settlement_reference_extent","source":"paired-settlement-reference-extents/settlement-aware-reference-extents.geojson","commune_official_code":"B02035","official_code":"B02035"},"geometry":{"type":"Polygon","coordinates":[[[0.753833,7.717433],[0.756609,7.717854],[0.759386,7.717433],[0.761739,7.716233],[0.763312,7.714437],[0.763864,7.712318],[0.763312,7.7102],[0.761739,7.708404],[0.759386,7.707204],[0.756609,7.706783],[0.753833,7.707204],[0.751479,7.708404],[0.749907,7.7102],[0.749354,7.712318],[0.749907,7.714437],[0.751479,7.716233],[0.753833,7.717433]]]}},{"type":"Feature","properties":{"civic_code":"202-02-001","name":"Aka","settlement_type":"village","canton_official_code":null,"review_status":"proposed","geometry_role":"non_authoritative_settlement_reference_extent","source":"paired-settlement-reference-extents/settlement-aware-reference-extents.geojson","commune_official_code":"B02035","official_code":"B02035"},"geometry":{"type":"Polygon","coordinates":[[[0.660345,7.815352],[0.663121,7.815774],[0.665897,7.815352],[0.668251,7.814152],[0.669824,7.812356],[0.670376,7.810237],[0.669824,7.808118],[0.668251,7.806321],[0.665897,7.805121],[0.663121,7.8047],[0.660345,7.805121],[0.657991,7.806321],[0.656418,7.808118],[0.655866,7.810237],[0.656418,7.812356],[0.657991,7.814152],[0.660345,7.815352]]]}},{"type":"Feature","properties":{"civic_code":"202-02-002","name":"Brounfou","settlement_type":"village","canton_official_code":"B02035093","review_status":"proposed","geometry_role":"non_authoritative_settlement_reference_extent","source":"paired-settlement-reference-extents/settlement-aware-reference-extents.geojson","commune_official_code":"B02035","official_code":"B02035"},"geometry":{"type":"Polygon","coordinates":[[[0.680841,7.739481],[0.683195,7.738281],[0.684768,7.736485],[0.68532,7.734367],[0.684768,7.732248],[0.683195,7.730452],[0.680841,7.729252],[0.678065,7.728831],[0.675289,7.729252],[0.672935,7.730452],[0.671362,7.732248],[0.67081,7.734367],[0.671362,7.736485],[0.672935,7.738281],[0.675289,7.739481],[0.678065,7.739903],[0.680841,7.739481]]]}},{"type":"Feature","properties":{"civic_code":"202-02-003","name":"Gbendé","settlement_type":"village","canton_official_code":"B02035093","review_status":"proposed","geometry_role":"non_authoritative_settlement_reference_extent","source":"paired-settlement-reference-extents/settlement-aware-reference-extents.geojson","commune_official_code":"B02035","official_code":"B02035"},"geometry":{"type":"Polygon","coordinates":[[[0.75843,7.753146],[0.760901,7.750323],[0.761769,7.746994],[0.760901,7.743665],[0.75843,7.740842],[0.754731,7.738956],[0.750368,7.738294],[0.746005,7.738956],[0.742307,7.740842],[0.739836,7.743665],[0.738968,7.746994],[0.739836,7.750323],[0.742307,7.753146],[0.746005,7.755031],[0.750368,7.755694],[0.754731,7.755031],[0.75843,7.753146]]]}},{"type":"Feature","properties":{"civic_code":"202-04-001","name":"Akominékopé","settlement_type":"village","canton_official_code":"B02035092","review_status":"proposed","geometry_role":"non_authoritative_settlement_reference_extent","source":"paired-settlement-reference-extents/settlement-aware-reference-extents.geojson","commune_official_code":"B02035","official_code":"B02035"},"geometry":{"type":"Polygon","coordinates":[[[0.852274,7.688205],[0.852826,7.686087],[0.852274,7.683969],[0.851467,7.683047],[0.851294,7.68307],[0.844064,7.682267],[0.841564,7.6816],[0.840441,7.682173],[0.838869,7.683969],[0.838316,7.686087],[0.838869,7.688205],[0.840441,7.690001],[0.842795,7.691201],[0.845571,7.691622],[0.848348,7.691201],[0.850701,7.690001],[0.852274,7.688205]]]}},{"type":"Feature","properties":{"civic_code":"202-04-002","name":"Kougnohou","settlement_type":"village","canton_official_code":"B02035092","review_status":"proposed","geometry_role":"non_authoritative_settlement_reference_extent","source":"paired-settlement-reference-extents/settlement-aware-reference-extents.geojson","commune_official_code":"B02035","official_code":"B02035"},"geometry":{"type":"Polygon","coordinates":[[[0.799849,7.650678],[0.797377,7.647856],[0.793679,7.645971],[0.790733,7.645524],[0.78542,7.660577],[0.781003,7.65987],[0.781254,7.660157],[0.784953,7.662043],[0.789316,7.662705],[0.793679,7.662043],[0.797377,7.660157],[0.799849,7.657335],[0.800716,7.654007],[0.799849,7.650678]]]}},{"type":"Feature","properties":{"civic_code":"202-04-003","name":"Tikemou","settlement_type":"village","canton_official_code":null,"review_status":"proposed","geometry_role":"non_authoritative_settlement_reference_extent","source":"paired-settlement-reference-extents/settlement-aware-reference-extents.geojson","commune_official_code":"B02035","official_code":"B02035"},"geometry":{"type":"Polygon","coordinates":[[[0.868107,7.746073],[0.866535,7.747869],[0.865982,7.749988],[0.866535,7.752107],[0.868107,7.753903],[0.870461,7.755103],[0.873237,7.755524],[0.876014,7.755103],[0.877989,7.754096],[0.877001,7.751956],[0.875055,7.744728],[0.873237,7.744452],[0.870461,7.744873],[0.868107,7.746073]]]}},{"type":"Feature","properties":{"civic_code":"202-06-001","name":"Boinkere","settlement_type":"village","canton_official_code":"B02035091","review_status":"proposed","geometry_role":"non_authoritative_settlement_reference_extent","source":"paired-settlement-reference-extents/settlement-aware-reference-extents.geojson","commune_official_code":"B02035","official_code":"B02035"},"geometry":{"type":"Polygon","coordinates":[[[0.711904,7.657624],[0.709551,7.656424],[0.706774,7.656002],[0.703998,7.656424],[0.701644,7.657624],[0.700072,7.659419],[0.699519,7.661537],[0.700072,7.663656],[0.701644,7.665451],[0.703998,7.666651],[0.706774,7.667073],[0.709551,7.666651],[0.711904,7.665451],[0.713477,7.663656],[0.714029,7.661537],[0.713477,7.659419],[0.711904,7.657624]]]}},{"type":"Feature","properties":{"civic_code":"202-07-003","name":"Sansanfon","settlement_type":"village","canton_official_code":"B02035094","review_status":"proposed","geometry_role":"non_authoritative_settlement_reference_extent","source":"paired-settlement-reference-extents/settlement-aware-reference-extents.geojson","commune_official_code":"B02035","official_code":"B02035"},"geometry":{"type":"Polygon","coordinates":[[[0.663458,7.826482],[0.660681,7.826061],[0.657905,7.826482],[0.655551,7.827683],[0.653979,7.829479],[0.653426,7.831598],[0.653979,7.833717],[0.655551,7.835514],[0.657905,7.836714],[0.660681,7.837136],[0.663458,7.836714],[0.665811,7.835514],[0.667384,7.833717],[0.667936,7.831598],[0.667384,7.829479],[0.665811,7.827683],[0.663458,7.826482]]]}},{"type":"Feature","properties":{"civic_code":"202-05-001","name":"Kabagni","settlement_type":"village","canton_official_code":"B02036096","review_status":"proposed","geometry_role":"non_authoritative_settlement_reference_extent","source":"paired-settlement-reference-extents/settlement-aware-reference-extents.geojson","commune_official_code":"B02036","official_code":"B02036"},"geometry":{"type":"Polygon","coordinates":[[[0.777133,7.879906],[0.774357,7.879484],[0.771581,7.879906],[0.770526,7.880444],[0.769705,7.885723],[0.768842,7.888498],[0.769227,7.888938],[0.771581,7.890139],[0.774357,7.89056],[0.777133,7.890139],[0.779487,7.888938],[0.78106,7.887142],[0.781612,7.885022],[0.78106,7.882903],[0.779487,7.881106],[0.777133,7.879906]]]}},{"type":"Feature","properties":{"civic_code":"202-05-002","name":"Kpalavé","settlement_type":"village","canton_official_code":"B02036096","review_status":"proposed","geometry_role":"non_authoritative_settlement_reference_extent","source":"paired-settlement-reference-extents/settlement-aware-reference-extents.geojson","commune_official_code":"B02036","official_code":"B02036"},"geometry":{"type":"Polygon","coordinates":[[[0.834636,7.774387],[0.830273,7.775049],[0.826574,7.776935],[0.824103,7.779758],[0.823235,7.783087],[0.824103,7.786417],[0.826574,7.78924],[0.830273,7.791126],[0.834636,7.791788],[0.838998,7.791126],[0.842697,7.78924],[0.845168,7.786417],[0.846036,7.783087],[0.845168,7.779758],[0.842697,7.776935],[0.838998,7.775049],[0.834636,7.774387]]]}},{"type":"Feature","properties":{"civic_code":"202-05-003","name":"KPALAVE","settlement_type":"village","canton_official_code":"B02036096","review_status":"proposed","geometry_role":"non_authoritative_settlement_reference_extent","source":"paired-settlement-reference-extents/settlement-aware-reference-extents.geojson","commune_official_code":"B02036","official_code":"B02036"},"geometry":{"type":"Polygon","coordinates":[[[0.808807,7.795205],[0.802257,7.807917],[0.803735,7.809605],[0.807433,7.811491],[0.811796,7.812153],[0.816159,7.811491],[0.819857,7.809605],[0.822329,7.806782],[0.823197,7.803452],[0.822329,7.800123],[0.819857,7.7973],[0.816159,7.795414],[0.811796,7.794752],[0.808807,7.795205]]]}},{"type":"Feature","properties":{"civic_code":"203-02-001","name":"Adam kope","settlement_type":"village","canton_official_code":"B03037100","review_status":"proposed","geometry_role":"non_authoritative_settlement_reference_extent","source":"paired-settlement-reference-extents/settlement-aware-reference-extents.geojson","commune_official_code":"B03037","official_code":"B03037"},"geometry":{"type":"Polygon","coordinates":[[[0.919799,7.38818],[0.914308,7.388679],[0.911412,7.390476],[0.909515,7.389877],[0.909274,7.388862],[0.908222,7.390061],[0.90767,7.392178],[0.908222,7.394295],[0.909795,7.39609],[0.912149,7.397289],[0.914925,7.39771],[0.917701,7.397289],[0.920055,7.39609],[0.921628,7.394295],[0.92218,7.392178],[0.921628,7.390061],[0.920092,7.388309],[0.919799,7.38818]]]}},{"type":"Feature","properties":{"civic_code":"203-02-004","name":"Bena Amoutchi","settlement_type":"village","canton_official_code":null,"review_status":"proposed","geometry_role":"non_authoritative_settlement_reference_extent","source":"paired-settlement-reference-extents/settlement-aware-reference-extents.geojson","commune_official_code":"B03037","official_code":"B03037"},"geometry":{"type":"Polygon","coordinates":[[[0.968635,7.429421],[0.965858,7.428999],[0.963082,7.429421],[0.960728,7.43062],[0.959156,7.432415],[0.958603,7.434532],[0.959156,7.436649],[0.960728,7.438444],[0.963082,7.439643],[0.965858,7.440064],[0.968635,7.439643],[0.970988,7.438444],[0.972561,7.436649],[0.973113,7.434532],[0.972561,7.432415],[0.970988,7.43062],[0.968635,7.429421]]]}},{"type":"Feature","properties":{"civic_code":"203-09-001","name":"Koutchoukpa","settlement_type":"village","canton_official_code":"B03037099","review_status":"proposed","geometry_role":"non_authoritative_settlement_reference_extent","source":"paired-settlement-reference-extents/settlement-aware-reference-extents.geojson","commune_official_code":"B03037","official_code":"B03037"},"geometry":{"type":"Polygon","coordinates":[[[0.992217,7.5024],[0.989863,7.503599],[0.988291,7.505394],[0.987738,7.507512],[0.988291,7.509629],[0.989863,7.511424],[0.992217,7.512624],[0.994993,7.513045],[0.99777,7.512624],[1.000123,7.511424],[1.001696,7.509629],[1.002248,7.507512],[1.001696,7.505394],[1.000123,7.503599],[0.99777,7.5024],[0.994993,7.501979],[0.992217,7.5024]]]}},{"type":"Feature","properties":{"civic_code":"203-02-002","name":"Agadji","settlement_type":"town","canton_official_code":"B03037100","review_status":"proposed","geometry_role":"non_authoritative_settlement_reference_extent","source":"paired-settlement-reference-extents/settlement-aware-reference-extents.geojson","commune_official_code":"B03037","official_code":"B03037"},"geometry":{"type":"Polygon","coordinates":[[[0.86536,7.401107],[0.862215,7.404697],[0.86111,7.408931],[0.862215,7.413165],[0.86536,7.416754],[0.870067,7.419153],[0.87562,7.419995],[0.881173,7.419153],[0.88588,7.416754],[0.889025,7.413165],[0.89013,7.408931],[0.889025,7.404697],[0.88588,7.401107],[0.881173,7.398709],[0.87562,7.397867],[0.870067,7.398709],[0.86536,7.401107]]]}},{"type":"Feature","properties":{"civic_code":"203-02-003","name":"Amlamé","settlement_type":"town","canton_official_code":"B03037100","review_status":"proposed","geometry_role":"non_authoritative_settlement_reference_extent","source":"paired-settlement-reference-extents/settlement-aware-reference-extents.geojson","commune_official_code":"B03037","official_code":"B03037"},"geometry":{"type":"Polygon","coordinates":[[[0.89083,7.457544],[0.889725,7.461778],[0.89083,7.466013],[0.893975,7.469602],[0.898682,7.472001],[0.904235,7.472843],[0.909788,7.472001],[0.914495,7.469602],[0.91764,7.466013],[0.918745,7.461778],[0.91764,7.457544],[0.914495,7.453954],[0.909788,7.451555],[0.904235,7.450713],[0.898682,7.451555],[0.893975,7.453954],[0.89083,7.457544]]]}},{"type":"Feature","properties":{"civic_code":"203-02-006","name":"Ezimé","settlement_type":"town","canton_official_code":"B03037100","review_status":"proposed","geometry_role":"non_authoritative_settlement_reference_extent","source":"paired-settlement-reference-extents/settlement-aware-reference-extents.geojson","commune_official_code":"B03037","official_code":"B03037"},"geometry":{"type":"Polygon","coordinates":[[[0.923288,7.488191],[0.924392,7.492425],[0.927538,7.496015],[0.932245,7.498414],[0.937798,7.499257],[0.942438,7.498553],[0.946731,7.49366],[0.950225,7.489068],[0.951695,7.485841],[0.951203,7.483956],[0.948058,7.480366],[0.94335,7.477967],[0.937798,7.477125],[0.932245,7.477967],[0.927538,7.480366],[0.924392,7.483956],[0.923288,7.488191]]]}},{"type":"Feature","properties":{"civic_code":"203-03-002","name":"Kétao Copé","settlement_type":"village","canton_official_code":"B03038103","review_status":"proposed","geometry_role":"non_authoritative_settlement_reference_extent","source":"paired-settlement-reference-extents/settlement-aware-reference-extents.geojson","commune_official_code":"B03038","official_code":"B03038"},"geometry":{"type":"Polygon","coordinates":[[[0.941733,7.375234],[0.938957,7.374813],[0.936181,7.375234],[0.933827,7.376433],[0.932254,7.378228],[0.931702,7.380345],[0.932254,7.382462],[0.933827,7.384256],[0.936181,7.385455],[0.938957,7.385876],[0.941733,7.385455],[0.944087,7.384256],[0.94566,7.382462],[0.946212,7.380345],[0.94566,7.378228],[0.944087,7.376433],[0.941733,7.375234]]]}},{"type":"Feature","properties":{"civic_code":"203-03-006","name":"Oulou","settlement_type":"village","canton_official_code":"B03038103","review_status":"proposed","geometry_role":"non_authoritative_settlement_reference_extent","source":"paired-settlement-reference-extents/settlement-aware-reference-extents.geojson","commune_official_code":"B03038","official_code":"B03038"},"geometry":{"type":"Polygon","coordinates":[[[0.954828,7.374612],[0.952051,7.375033],[0.949698,7.376232],[0.948125,7.378026],[0.947573,7.380143],[0.948125,7.38226],[0.949698,7.384055],[0.952051,7.385254],[0.954828,7.385675],[0.957604,7.385254],[0.959101,7.384491],[0.959554,7.382383],[0.959354,7.377591],[0.958184,7.375328],[0.957604,7.375033],[0.954828,7.374612]]]}},{"type":"Feature","properties":{"civic_code":"203-14-001","name":"Patatoukou","settlement_type":"village","canton_official_code":"B03038104","review_status":"proposed","geometry_role":"non_authoritative_settlement_reference_extent","source":"paired-settlement-reference-extents/settlement-aware-reference-extents.geojson","commune_official_code":"B03038","official_code":"B03038"},"geometry":{"type":"Polygon","coordinates":[[[0.839432,7.327099],[0.837078,7.328298],[0.835506,7.330092],[0.834953,7.332209],[0.835506,7.334326],[0.837078,7.33612],[0.839432,7.337319],[0.842208,7.33774],[0.844985,7.337319],[0.847338,7.33612],[0.848911,7.334326],[0.849463,7.332209],[0.848911,7.330092],[0.847338,7.328298],[0.844985,7.327099],[0.842208,7.326678],[0.839432,7.327099]]]}},{"type":"Feature","properties":{"civic_code":"203-14-002","name":"Sodo","settlement_type":"village","canton_official_code":"B03038104","review_status":"proposed","geometry_role":"non_authoritative_settlement_reference_extent","source":"paired-settlement-reference-extents/settlement-aware-reference-extents.geojson","commune_official_code":"B03038","official_code":"B03038"},"geometry":{"type":"Polygon","coordinates":[[[0.807618,7.310385],[0.806045,7.312179],[0.805493,7.314295],[0.806045,7.316412],[0.807618,7.318206],[0.809971,7.319405],[0.812748,7.319826],[0.815524,7.319405],[0.817878,7.318206],[0.81945,7.316412],[0.820003,7.314295],[0.81945,7.312179],[0.817878,7.310385],[0.815524,7.309186],[0.812748,7.308765],[0.809971,7.309186],[0.807618,7.310385]]]}},{"type":"Feature","properties":{"civic_code":"203-03-001","name":"Amou Oblo","settlement_type":"town","canton_official_code":"B03038103","review_status":"proposed","geometry_role":"non_authoritative_settlement_reference_extent","source":"paired-settlement-reference-extents/settlement-aware-reference-extents.geojson","commune_official_code":"B03038","official_code":"B03038"},"geometry":{"type":"Polygon","coordinates":[[[0.847799,7.382649],[0.846063,7.389302],[0.847799,7.395955],[0.847973,7.396154],[0.851708,7.397165],[0.857599,7.397864],[0.861293,7.397265],[0.865386,7.395967],[0.868057,7.3953],[0.869817,7.395612],[0.871814,7.396086],[0.872924,7.396947],[0.875071,7.396267],[0.876044,7.395487],[0.87693,7.395337],[0.877841,7.395038],[0.878665,7.395162],[0.879788,7.394563],[0.880362,7.394869],[0.881436,7.39656],[0.882659,7.396566],[0.884156,7.397964],[0.885454,7.399661],[0.88889,7.397142],[0.88993,7.395955],[0.891665,7.389302],[0.88993,7.382649],[0.884987,7.377009],[0.87759,7.37324],[0.868864,7.371917],[0.860139,7.37324],[0.852741,7.377009],[0.847799,7.382649]]]}},{"type":"Feature","properties":{"civic_code":"211-05-013","name":"Atalo Kofan","settlement_type":"village","canton_official_code":null,"review_status":"proposed","geometry_role":"non_authoritative_settlement_reference_extent","source":"paired-settlement-reference-extents/settlement-aware-reference-extents.geojson","commune_official_code":"B03039","official_code":"B03039"},"geometry":{"type":"Polygon","coordinates":[[[1.142287,7.496197],[1.139933,7.494998],[1.137157,7.494576],[1.13438,7.494998],[1.132027,7.496197],[1.130454,7.497992],[1.129902,7.50011],[1.130454,7.502227],[1.131795,7.503757],[1.132541,7.503473],[1.139873,7.501304],[1.141461,7.501508],[1.142451,7.497145],[1.142518,7.496461],[1.142287,7.496197]]]}},{"type":"Feature","properties":{"civic_code":"203-06-001","name":"EVOU APEGAME","settlement_type":"village","canton_official_code":"B03039109","review_status":"proposed","geometry_role":"non_authoritative_settlement_reference_extent","source":"paired-settlement-reference-extents/settlement-aware-reference-extents.geojson","commune_official_code":"B03039","official_code":"B03039"},"geometry":{"type":"Polygon","coordinates":[[[1.027911,7.541046],[1.025135,7.540625],[1.022359,7.541046],[1.020005,7.542245],[1.018432,7.544041],[1.01788,7.546158],[1.018432,7.548276],[1.020005,7.550071],[1.022359,7.551271],[1.025135,7.551692],[1.027911,7.551271],[1.030265,7.550071],[1.031838,7.548276],[1.03239,7.546158],[1.031838,7.544041],[1.030265,7.542245],[1.027911,7.541046]]]}},{"type":"Feature","properties":{"civic_code":"203-06-002","name":"Témédja","settlement_type":"village","canton_official_code":"B03039109","review_status":"proposed","geometry_role":"non_authoritative_settlement_reference_extent","source":"paired-settlement-reference-extents/settlement-aware-reference-extents.geojson","commune_official_code":"B03039","official_code":"B03039"},"geometry":{"type":"Polygon","coordinates":[[[1.052326,7.522852],[1.052878,7.524969],[1.054451,7.526764],[1.056805,7.527964],[1.059581,7.528385],[1.062357,7.527964],[1.063143,7.527563],[1.059331,7.520391],[1.054238,7.519182],[1.052878,7.520734],[1.052326,7.522852]]]}},{"type":"Feature","properties":{"civic_code":"203-08-001","name":"Adjan","settlement_type":"village","canton_official_code":"B03039107","review_status":"proposed","geometry_role":"non_authoritative_settlement_reference_extent","source":"paired-settlement-reference-extents/settlement-aware-reference-extents.geojson","commune_official_code":"B03039","official_code":"B03039"},"geometry":{"type":"Polygon","coordinates":[[[1.079785,7.550855],[1.078509,7.551517],[1.078191,7.551575],[1.077174,7.552093],[1.075602,7.553888],[1.075049,7.556006],[1.075602,7.558124],[1.077174,7.559919],[1.079528,7.561119],[1.082304,7.56154],[1.085081,7.561119],[1.087434,7.559919],[1.089007,7.558124],[1.089559,7.556006],[1.089007,7.553888],[1.087434,7.552093],[1.085081,7.550894],[1.082304,7.550472],[1.079785,7.550855]]]}},{"type":"Feature","properties":{"civic_code":"203-08-002","name":"Démé","settlement_type":"village","canton_official_code":"B03039107","review_status":"proposed","geometry_role":"non_authoritative_settlement_reference_extent","source":"paired-settlement-reference-extents/settlement-aware-reference-extents.geojson","commune_official_code":"B03039","official_code":"B03039"},"geometry":{"type":"Polygon","coordinates":[[[1.068785,7.592612],[1.067212,7.594407],[1.06666,7.596525],[1.067212,7.598643],[1.068785,7.600438],[1.071139,7.601638],[1.073915,7.602059],[1.076691,7.601638],[1.079045,7.600438],[1.080618,7.598643],[1.08117,7.596525],[1.080618,7.594407],[1.079045,7.592612],[1.076691,7.591412],[1.073915,7.590991],[1.071139,7.591412],[1.068785,7.592612]]]}},{"type":"Feature","properties":{"civic_code":"203-08-003","name":"Hihéatro","settlement_type":"village","canton_official_code":"B03039107","review_status":"proposed","geometry_role":"non_authoritative_settlement_reference_extent","source":"paired-settlement-reference-extents/settlement-aware-reference-extents.geojson","commune_official_code":"B03039","official_code":"B03039"},"geometry":{"type":"Polygon","coordinates":[[[1.091622,7.532465],[1.090755,7.535793],[1.091622,7.539121],[1.094094,7.541942],[1.097792,7.543827],[1.102155,7.544489],[1.106518,7.543827],[1.110217,7.541942],[1.112197,7.539681],[1.111718,7.537878],[1.112733,7.532639],[1.112688,7.532465],[1.110217,7.529644],[1.106518,7.527759],[1.102155,7.527097],[1.097792,7.527759],[1.094094,7.529644],[1.091622,7.532465]]]}},{"type":"Feature","properties":{"civic_code":"203-08-004","name":"Iwassi","settlement_type":"village","canton_official_code":"B03039107","review_status":"proposed","geometry_role":"non_authoritative_settlement_reference_extent","source":"paired-settlement-reference-extents/settlement-aware-reference-extents.geojson","commune_official_code":"B03039","official_code":"B03039"},"geometry":{"type":"Polygon","coordinates":[[[1.020609,7.576399],[1.020899,7.57644],[1.021283,7.577957],[1.022512,7.579166],[1.028348,7.580894],[1.031282,7.582042],[1.032736,7.581301],[1.034309,7.579505],[1.034861,7.577387],[1.034309,7.57527],[1.032736,7.573474],[1.030382,7.572275],[1.027606,7.571853],[1.02483,7.572275],[1.022476,7.573474],[1.020903,7.57527],[1.020609,7.576399]]]}},{"type":"Feature","properties":{"civic_code":"203-08-005","name":"Mouna","settlement_type":"village","canton_official_code":null,"review_status":"proposed","geometry_role":"non_authoritative_settlement_reference_extent","source":"paired-settlement-reference-extents/settlement-aware-reference-extents.geojson","commune_official_code":"B03039","official_code":"B03039"},"geometry":{"type":"Polygon","coordinates":[[[0.92774,7.631603],[0.928293,7.633721],[0.929865,7.635517],[0.932219,7.636716],[0.934995,7.637138],[0.937772,7.636716],[0.940125,7.635517],[0.941698,7.633721],[0.94225,7.631603],[0.941698,7.629485],[0.940125,7.627689],[0.937772,7.626489],[0.934995,7.626068],[0.932219,7.626489],[0.929865,7.627689],[0.928293,7.629485],[0.92774,7.631603]]]}},{"type":"Feature","properties":{"civic_code":"203-08-006","name":"Oga","settlement_type":"village","canton_official_code":null,"review_status":"proposed","geometry_role":"non_authoritative_settlement_reference_extent","source":"paired-settlement-reference-extents/settlement-aware-reference-extents.geojson","commune_official_code":"B03039","official_code":"B03039"},"geometry":{"type":"Polygon","coordinates":[[[0.903776,7.639737],[0.905349,7.641532],[0.907703,7.642732],[0.910479,7.643153],[0.913255,7.642732],[0.915609,7.641532],[0.917182,7.639737],[0.917734,7.637618],[0.917182,7.6355],[0.915609,7.633705],[0.913255,7.632505],[0.910479,7.632084],[0.907703,7.632505],[0.905349,7.633705],[0.903776,7.6355],[0.903224,7.637618],[0.903776,7.639737]]]}},{"type":"Feature","properties":{"civic_code":"203-08-007","name":"Oulatché","settlement_type":"village","canton_official_code":null,"review_status":"proposed","geometry_role":"non_authoritative_settlement_reference_extent","source":"paired-settlement-reference-extents/settlement-aware-reference-extents.geojson","commune_official_code":"B03039","official_code":"B03039"},"geometry":{"type":"Polygon","coordinates":[[[1.089471,7.492223],[1.091825,7.493422],[1.094602,7.493844],[1.097378,7.493422],[1.099732,7.492223],[1.101304,7.490428],[1.101856,7.48831],[1.101304,7.486193],[1.099732,7.484398],[1.097378,7.483199],[1.094602,7.482778],[1.091825,7.483199],[1.089471,7.484398],[1.087899,7.486193],[1.087347,7.48831],[1.087899,7.490428],[1.089471,7.492223]]]}},{"type":"Feature","properties":{"civic_code":"203-11-001","name":"Okpahoué","settlement_type":"village","canton_official_code":"B03039108","review_status":"proposed","geometry_role":"non_authoritative_settlement_reference_extent","source":"paired-settlement-reference-extents/settlement-aware-reference-extents.geojson","commune_official_code":"B03039","official_code":"B03039"},"geometry":{"type":"Polygon","coordinates":[[[1.017041,7.619556],[1.019818,7.619135],[1.022172,7.617935],[1.023744,7.61614],[1.024296,7.614022],[1.023744,7.611904],[1.022172,7.610108],[1.019818,7.608908],[1.017041,7.608487],[1.014265,7.608908],[1.011911,7.610108],[1.010339,7.611904],[1.009787,7.614022],[1.010339,7.61614],[1.011911,7.617935],[1.014265,7.619135],[1.017041,7.619556]]]}},{"type":"Feature","properties":{"civic_code":"203-12-001","name":"Alaousso","settlement_type":"village","canton_official_code":"B03039106","review_status":"proposed","geometry_role":"non_authoritative_settlement_reference_extent","source":"paired-settlement-reference-extents/settlement-aware-reference-extents.geojson","commune_official_code":"B03039","official_code":"B03039"},"geometry":{"type":"Polygon","coordinates":[[[0.911143,7.736644],[0.913497,7.735444],[0.91507,7.733648],[0.915622,7.73153],[0.91507,7.729411],[0.913497,7.727615],[0.911143,7.726415],[0.908367,7.725994],[0.905591,7.726415],[0.903237,7.727615],[0.901664,7.729411],[0.901112,7.73153],[0.901664,7.733648],[0.903237,7.735444],[0.905591,7.736644],[0.908367,7.737066],[0.911143,7.736644]]]}},{"type":"Feature","properties":{"civic_code":"203-12-003","name":"Otadi","settlement_type":"village","canton_official_code":"B03039106","review_status":"proposed","geometry_role":"non_authoritative_settlement_reference_extent","source":"paired-settlement-reference-extents/settlement-aware-reference-extents.geojson","commune_official_code":"B03039","official_code":"B03039"},"geometry":{"type":"Polygon","coordinates":[[[1.003436,7.652977],[1.005009,7.651181],[1.005561,7.649063],[1.005009,7.646945],[1.003436,7.645149],[1.001082,7.643949],[0.998306,7.643528],[0.99553,7.643949],[0.993176,7.645149],[0.991603,7.646945],[0.991051,7.649063],[0.991603,7.651181],[0.993176,7.652977],[0.99553,7.654176],[0.998306,7.654598],[1.001082,7.654176],[1.003436,7.652977]]]}},{"type":"Feature","properties":{"civic_code":"203-15-001","name":"Azafi-Témé","settlement_type":"village","canton_official_code":"B03039110","review_status":"proposed","geometry_role":"non_authoritative_settlement_reference_extent","source":"paired-settlement-reference-extents/settlement-aware-reference-extents.geojson","commune_official_code":"B03039","official_code":"B03039"},"geometry":{"type":"Polygon","coordinates":[[[1.086728,7.500909],[1.087281,7.498792],[1.086728,7.496674],[1.085156,7.494879],[1.082802,7.49368],[1.080026,7.493259],[1.077249,7.49368],[1.074896,7.494879],[1.073323,7.496674],[1.072771,7.498792],[1.073323,7.500909],[1.074896,7.502704],[1.077249,7.503904],[1.080026,7.504325],[1.082802,7.503904],[1.085156,7.502704],[1.086728,7.500909]]]}},{"type":"Feature","properties":{"civic_code":"203-15-002","name":"Dassekopé","settlement_type":"village","canton_official_code":null,"review_status":"proposed","geometry_role":"non_authoritative_settlement_reference_extent","source":"paired-settlement-reference-extents/settlement-aware-reference-extents.geojson","commune_official_code":"B03039","official_code":"B03039"},"geometry":{"type":"Polygon","coordinates":[[[1.128926,7.466872],[1.129479,7.464755],[1.128926,7.462637],[1.127354,7.460843],[1.125,7.459643],[1.122224,7.459222],[1.119447,7.459643],[1.117094,7.460843],[1.115521,7.462637],[1.114969,7.464755],[1.115521,7.466872],[1.117094,7.468667],[1.119447,7.469866],[1.122224,7.470287],[1.125,7.469866],[1.127354,7.468667],[1.128926,7.466872]]]}},{"type":"Feature","properties":{"civic_code":"203-15-003","name":"Ebèva","settlement_type":"village","canton_official_code":"B03039110","review_status":"proposed","geometry_role":"non_authoritative_settlement_reference_extent","source":"paired-settlement-reference-extents/settlement-aware-reference-extents.geojson","commune_official_code":"B03039","official_code":"B03039"},"geometry":{"type":"Polygon","coordinates":[[[1.089009,7.525396],[1.089257,7.524446],[1.088705,7.522328],[1.087132,7.520533],[1.084779,7.519334],[1.082002,7.518912],[1.079226,7.519334],[1.076872,7.520533],[1.0753,7.522328],[1.074747,7.524446],[1.0753,7.526563],[1.076872,7.528359],[1.079226,7.529558],[1.082002,7.529979],[1.084779,7.529558],[1.087132,7.528359],[1.087714,7.527694],[1.087802,7.526134],[1.089009,7.525396]]]}},{"type":"Feature","properties":{"civic_code":"204-02-004","name":"Arouna Copé","settlement_type":"village","canton_official_code":"B04040113","review_status":"proposed","geometry_role":"non_authoritative_settlement_reference_extent","source":"paired-settlement-reference-extents/settlement-aware-reference-extents.geojson","commune_official_code":"B04040","official_code":"B04040"},"geometry":{"type":"Polygon","coordinates":[[[1.191693,7.825121],[1.188917,7.824699],[1.18614,7.825121],[1.183787,7.826321],[1.182214,7.828117],[1.181662,7.830236],[1.182214,7.832355],[1.183787,7.834152],[1.18614,7.835352],[1.188917,7.835774],[1.191693,7.835352],[1.194047,7.834152],[1.195619,7.832355],[1.196172,7.830236],[1.195619,7.828117],[1.194047,7.826321],[1.191693,7.825121]]]}},{"type":"Feature","properties":{"civic_code":"204-02-008","name":"Konigbo","settlement_type":"village","canton_official_code":"B04040113","review_status":"proposed","geometry_role":"non_authoritative_settlement_reference_extent","source":"paired-settlement-reference-extents/settlement-aware-reference-extents.geojson","commune_official_code":"B04040","official_code":"B04040"},"geometry":{"type":"Polygon","coordinates":[[[1.166592,7.77835],[1.163816,7.778771],[1.161462,7.779971],[1.159889,7.781768],[1.159337,7.783886],[1.159889,7.786005],[1.161462,7.787801],[1.163816,7.789002],[1.166592,7.789423],[1.169368,7.789002],[1.171722,7.787801],[1.173295,7.786005],[1.173847,7.783886],[1.173295,7.781768],[1.171722,7.779971],[1.169368,7.778771],[1.166592,7.77835]]]}},{"type":"Feature","properties":{"civic_code":"204-02-010","name":"Kpehoun 2","settlement_type":"village","canton_official_code":"B04040113","review_status":"proposed","geometry_role":"non_authoritative_settlement_reference_extent","source":"paired-settlement-reference-extents/settlement-aware-reference-extents.geojson","commune_official_code":"B04040","official_code":"B04040"},"geometry":{"type":"Polygon","coordinates":[[[1.193865,7.690576],[1.191511,7.691775],[1.190142,7.693339],[1.191333,7.6994],[1.191511,7.699604],[1.193865,7.700804],[1.196641,7.701225],[1.199418,7.700804],[1.201771,7.699604],[1.203344,7.697808],[1.203896,7.69569],[1.203344,7.693571],[1.201771,7.691775],[1.199418,7.690576],[1.196641,7.690154],[1.193865,7.690576]]]}},{"type":"Feature","properties":{"civic_code":"204-05-001","name":"Akaba","settlement_type":"village","canton_official_code":"B04040112","review_status":"proposed","geometry_role":"non_authoritative_settlement_reference_extent","source":"paired-settlement-reference-extents/settlement-aware-reference-extents.geojson","commune_official_code":"B04040","official_code":"B04040"},"geometry":{"type":"Polygon","coordinates":[[[1.044022,7.949076],[1.042449,7.950873],[1.041897,7.952993],[1.042449,7.955112],[1.044022,7.956909],[1.044725,7.957268],[1.045565,7.957359],[1.048994,7.954929],[1.050497,7.955454],[1.05209,7.95473],[1.056138,7.95196],[1.055854,7.950873],[1.054282,7.949076],[1.051928,7.947875],[1.049152,7.947454],[1.046375,7.947875],[1.044022,7.949076]]]}},{"type":"Feature","properties":{"civic_code":"204-05-003","name":"Palakoko","settlement_type":"village","canton_official_code":"B04040112","review_status":"proposed","geometry_role":"non_authoritative_settlement_reference_extent","source":"paired-settlement-reference-extents/settlement-aware-reference-extents.geojson","commune_official_code":"B04040","official_code":"B04040"},"geometry":{"type":"Polygon","coordinates":[[[1.093559,7.834826],[1.091831,7.836554],[1.092233,7.8381],[1.093806,7.839897],[1.09616,7.841097],[1.098936,7.841518],[1.101712,7.841097],[1.104066,7.839897],[1.105639,7.8381],[1.106191,7.835981],[1.105639,7.833862],[1.104066,7.832065],[1.101712,7.830865],[1.098936,7.830444],[1.09616,7.830865],[1.094314,7.831806],[1.093559,7.834826]]]}},{"type":"Feature","properties":{"civic_code":"204-02-003","name":"Anié","settlement_type":"town","canton_official_code":"B04040113","review_status":"proposed","geometry_role":"non_authoritative_settlement_reference_extent","source":"paired-settlement-reference-extents/settlement-aware-reference-extents.geojson","commune_official_code":"B04040","official_code":"B04040"},"geometry":{"type":"Polygon","coordinates":[[[1.173732,7.759405],[1.175467,7.766064],[1.18041,7.771709],[1.187807,7.775481],[1.196533,7.776806],[1.205259,7.775481],[1.212656,7.771709],[1.217598,7.766064],[1.219334,7.759405],[1.217598,7.752747],[1.212656,7.747102],[1.205259,7.74333],[1.196533,7.742005],[1.187807,7.74333],[1.18041,7.747102],[1.175467,7.752747],[1.173732,7.759405]]]}},{"type":"Feature","properties":{"civic_code":"204-01-001","name":"AFOLE","settlement_type":"village","canton_official_code":"B04041115","review_status":"proposed","geometry_role":"non_authoritative_settlement_reference_extent","source":"paired-settlement-reference-extents/settlement-aware-reference-extents.geojson","commune_official_code":"B04041","official_code":"B04041"},"geometry":{"type":"Polygon","coordinates":[[[1.606536,7.809527],[1.603759,7.809106],[1.600983,7.809527],[1.598629,7.810727],[1.597057,7.812524],[1.596504,7.814643],[1.597057,7.816762],[1.598629,7.818558],[1.600983,7.819758],[1.603759,7.82018],[1.606536,7.819758],[1.608889,7.818558],[1.610462,7.816762],[1.611014,7.814643],[1.610462,7.812524],[1.608889,7.810727],[1.606536,7.809527]]]}},{"type":"Feature","properties":{"civic_code":"204-01-002","name":"Amontika","settlement_type":"village","canton_official_code":"B04041115","review_status":"proposed","geometry_role":"non_authoritative_settlement_reference_extent","source":"paired-settlement-reference-extents/settlement-aware-reference-extents.geojson","commune_official_code":"B04041","official_code":"B04041"},"geometry":{"type":"Polygon","coordinates":[[[1.624423,7.727095],[1.623871,7.729213],[1.624423,7.731332],[1.625996,7.733128],[1.62835,7.734328],[1.631126,7.73475],[1.631669,7.734667],[1.631531,7.723739],[1.631126,7.723678],[1.62835,7.724099],[1.625996,7.725299],[1.624423,7.727095]]]}},{"type":"Feature","properties":{"civic_code":"204-01-006","name":"Kadjè Copé","settlement_type":"village","canton_official_code":"B04041115","review_status":"proposed","geometry_role":"non_authoritative_settlement_reference_extent","source":"paired-settlement-reference-extents/settlement-aware-reference-extents.geojson","commune_official_code":"B04041","official_code":"B04041"},"geometry":{"type":"Polygon","coordinates":[[[1.497615,7.760956],[1.495262,7.762157],[1.493689,7.763953],[1.493137,7.766071],[1.493689,7.76819],[1.495262,7.769986],[1.497615,7.771186],[1.500392,7.771608],[1.503168,7.771186],[1.505522,7.769986],[1.507094,7.76819],[1.507647,7.766071],[1.507094,7.763953],[1.505522,7.762157],[1.503168,7.760956],[1.500392,7.760535],[1.497615,7.760956]]]}},{"type":"Feature","properties":{"civic_code":"204-01-007","name":"Kodjekan","settlement_type":"village","canton_official_code":"B04041115","review_status":"proposed","geometry_role":"non_authoritative_settlement_reference_extent","source":"paired-settlement-reference-extents/settlement-aware-reference-extents.geojson","commune_official_code":"B04041","official_code":"B04041"},"geometry":{"type":"Polygon","coordinates":[[[1.412933,7.765622],[1.41136,7.767419],[1.410808,7.769537],[1.41136,7.771656],[1.412933,7.773452],[1.415286,7.774653],[1.418063,7.775074],[1.420839,7.774653],[1.423193,7.773452],[1.424765,7.771656],[1.425318,7.769537],[1.424765,7.767419],[1.423193,7.765622],[1.420839,7.764422],[1.418063,7.764001],[1.415286,7.764422],[1.412933,7.765622]]]}},{"type":"Feature","properties":{"civic_code":"204-01-008","name":"Kokodoko","settlement_type":"village","canton_official_code":null,"review_status":"proposed","geometry_role":"non_authoritative_settlement_reference_extent","source":"paired-settlement-reference-extents/settlement-aware-reference-extents.geojson","commune_official_code":"B04041","official_code":"B04041"},"geometry":{"type":"Polygon","coordinates":[[[1.612919,7.67716],[1.611346,7.678956],[1.610794,7.681074],[1.611346,7.683193],[1.612919,7.684989],[1.615272,7.686188],[1.618049,7.68661],[1.620825,7.686188],[1.623179,7.684989],[1.624751,7.683193],[1.625304,7.681074],[1.624751,7.678956],[1.623179,7.67716],[1.620825,7.67596],[1.618049,7.675539],[1.615272,7.67596],[1.612919,7.67716]]]}},{"type":"Feature","properties":{"civic_code":"204-01-009","name":"Kpatala","settlement_type":"village","canton_official_code":"B04041115","review_status":"proposed","geometry_role":"non_authoritative_settlement_reference_extent","source":"paired-settlement-reference-extents/settlement-aware-reference-extents.geojson","commune_official_code":"B04041","official_code":"B04041"},"geometry":{"type":"Polygon","coordinates":[[[1.532576,7.783201],[1.533128,7.785319],[1.534701,7.787116],[1.537055,7.788316],[1.539831,7.788737],[1.542607,7.788316],[1.544961,7.787116],[1.546534,7.785319],[1.547086,7.783201],[1.546534,7.781082],[1.544961,7.779286],[1.542607,7.778085],[1.539831,7.777664],[1.537055,7.778085],[1.534701,7.779286],[1.533128,7.781082],[1.532576,7.783201]]]}},{"type":"Feature","properties":{"civic_code":"204-01-011","name":"OKE ADOGBENOU","settlement_type":"village","canton_official_code":"B04041115","review_status":"proposed","geometry_role":"non_authoritative_settlement_reference_extent","source":"paired-settlement-reference-extents/settlement-aware-reference-extents.geojson","commune_official_code":"B04041","official_code":"B04041"},"geometry":{"type":"Polygon","coordinates":[[[1.430194,7.739871],[1.431766,7.741667],[1.43412,7.742867],[1.436896,7.743289],[1.439673,7.742867],[1.442026,7.741667],[1.443599,7.739871],[1.444151,7.737753],[1.443599,7.735634],[1.442026,7.733838],[1.439673,7.732638],[1.436896,7.732217],[1.43412,7.732638],[1.431766,7.733838],[1.430194,7.735634],[1.429641,7.737753],[1.430194,7.739871]]]}},{"type":"Feature","properties":{"civic_code":"204-01-015","name":"Tele","settlement_type":"village","canton_official_code":"B04041115","review_status":"proposed","geometry_role":"non_authoritative_settlement_reference_extent","source":"paired-settlement-reference-extents/settlement-aware-reference-extents.geojson","commune_official_code":"B04041","official_code":"B04041"},"geometry":{"type":"Polygon","coordinates":[[[1.474623,7.756128],[1.476977,7.757328],[1.479753,7.75775],[1.482529,7.757328],[1.484883,7.756128],[1.486456,7.754332],[1.487008,7.752213],[1.486456,7.750095],[1.484883,7.748298],[1.482529,7.747098],[1.479753,7.746677],[1.476977,7.747098],[1.474623,7.748298],[1.47305,7.750095],[1.472498,7.752213],[1.47305,7.754332],[1.474623,7.756128]]]}},{"type":"Feature","properties":{"civic_code":"204-01-016","name":"Wanou Copé","settlement_type":"village","canton_official_code":"B04041115","review_status":"proposed","geometry_role":"non_authoritative_settlement_reference_extent","source":"paired-settlement-reference-extents/settlement-aware-reference-extents.geojson","commune_official_code":"B04041","official_code":"B04041"},"geometry":{"type":"Polygon","coordinates":[[[1.393241,7.759738],[1.396017,7.760159],[1.398793,7.759738],[1.401147,7.758538],[1.40272,7.756742],[1.403272,7.754623],[1.40272,7.752504],[1.401147,7.750708],[1.398793,7.749508],[1.396017,7.749087],[1.393241,7.749508],[1.390887,7.750708],[1.389314,7.752504],[1.388762,7.754623],[1.389314,7.756742],[1.390887,7.758538],[1.393241,7.759738]]]}},{"type":"Feature","properties":{"civic_code":"204-03-004","name":"Ayore","settlement_type":"village","canton_official_code":"B04041116","review_status":"proposed","geometry_role":"non_authoritative_settlement_reference_extent","source":"paired-settlement-reference-extents/settlement-aware-reference-extents.geojson","commune_official_code":"B04041","official_code":"B04041"},"geometry":{"type":"Polygon","coordinates":[[[1.406231,7.642998],[1.409007,7.642577],[1.411361,7.641377],[1.412934,7.639581],[1.413486,7.637463],[1.412934,7.635345],[1.411361,7.63355],[1.409007,7.63235],[1.406231,7.631928],[1.403455,7.63235],[1.401101,7.63355],[1.399528,7.635345],[1.398976,7.637463],[1.399528,7.639581],[1.401101,7.641377],[1.403455,7.642577],[1.406231,7.642998]]]}},{"type":"Feature","properties":{"civic_code":"204-03-005","name":"Azonaha","settlement_type":"village","canton_official_code":"B04041116","review_status":"proposed","geometry_role":"non_authoritative_settlement_reference_extent","source":"paired-settlement-reference-extents/settlement-aware-reference-extents.geojson","commune_official_code":"B04041","official_code":"B04041"},"geometry":{"type":"Polygon","coordinates":[[[1.422435,7.592125],[1.424788,7.590925],[1.426361,7.58913],[1.426913,7.587012],[1.426361,7.584894],[1.424788,7.583098],[1.422435,7.581899],[1.419658,7.581478],[1.416882,7.581899],[1.414528,7.583098],[1.412956,7.584894],[1.412403,7.587012],[1.412956,7.58913],[1.414528,7.590925],[1.416882,7.592125],[1.419658,7.592546],[1.422435,7.592125]]]}},{"type":"Feature","properties":{"civic_code":"204-03-006","name":"Gbenafe Sada","settlement_type":"village","canton_official_code":"B04041116","review_status":"proposed","geometry_role":"non_authoritative_settlement_reference_extent","source":"paired-settlement-reference-extents/settlement-aware-reference-extents.geojson","commune_official_code":"B04041","official_code":"B04041"},"geometry":{"type":"Polygon","coordinates":[[[1.394674,7.712334],[1.396246,7.710538],[1.396799,7.708419],[1.396246,7.706301],[1.394674,7.704505],[1.39232,7.703305],[1.389544,7.702883],[1.386767,7.703305],[1.384414,7.704505],[1.382841,7.706301],[1.382289,7.708419],[1.382841,7.710538],[1.384414,7.712334],[1.386767,7.713534],[1.389544,7.713955],[1.39232,7.713534],[1.394674,7.712334]]]}},{"type":"Feature","properties":{"civic_code":"204-03-007","name":"Kokolo copé","settlement_type":"village","canton_official_code":"B04041116","review_status":"proposed","geometry_role":"non_authoritative_settlement_reference_extent","source":"paired-settlement-reference-extents/settlement-aware-reference-extents.geojson","commune_official_code":"B04041","official_code":"B04041"},"geometry":{"type":"Polygon","coordinates":[[[1.442184,7.666061],[1.442736,7.663943],[1.442184,7.661825],[1.440611,7.660029],[1.438257,7.658829],[1.435481,7.658408],[1.432705,7.658829],[1.430351,7.660029],[1.428778,7.661825],[1.428226,7.663943],[1.428778,7.666061],[1.430351,7.667857],[1.432705,7.669057],[1.435481,7.669478],[1.438257,7.669057],[1.440611,7.667857],[1.442184,7.666061]]]}},{"type":"Feature","properties":{"civic_code":"205-01-005","name":"DANYI AFIADENYIGBA","settlement_type":"village","canton_official_code":null,"review_status":"proposed","geometry_role":"non_authoritative_settlement_reference_extent","source":"paired-settlement-reference-extents/settlement-aware-reference-extents.geojson","commune_official_code":"B05042","official_code":"B05042"},"geometry":{"type":"Polygon","coordinates":[[[0.706746,7.296194],[0.70397,7.295773],[0.701193,7.296194],[0.69884,7.297393],[0.697267,7.299187],[0.696715,7.301304],[0.697267,7.30342],[0.69884,7.305214],[0.701193,7.306413],[0.70397,7.306834],[0.706746,7.306413],[0.7091,7.305214],[0.710629,7.303469],[0.710535,7.303048],[0.706933,7.296289],[0.706746,7.296194]]]}},{"type":"Feature","properties":{"civic_code":"205-01-006","name":"Danyi Apéyémé","settlement_type":"village","canton_official_code":null,"review_status":"proposed","geometry_role":"non_authoritative_settlement_reference_extent","source":"paired-settlement-reference-extents/settlement-aware-reference-extents.geojson","commune_official_code":"B05042","official_code":"B05042"},"geometry":{"type":"Polygon","coordinates":[[[0.694712,7.190741],[0.691935,7.19032],[0.689159,7.190741],[0.686805,7.191939],[0.685233,7.193733],[0.684681,7.195849],[0.685233,7.197965],[0.686805,7.199759],[0.689159,7.200958],[0.691935,7.201379],[0.694712,7.200958],[0.697066,7.199759],[0.698638,7.197965],[0.69919,7.195849],[0.698638,7.193733],[0.697066,7.191939],[0.694712,7.190741]]]}},{"type":"Feature","properties":{"civic_code":"205-01-007","name":"Danyi Dzogbégan","settlement_type":"village","canton_official_code":null,"review_status":"proposed","geometry_role":"non_authoritative_settlement_reference_extent","source":"paired-settlement-reference-extents/settlement-aware-reference-extents.geojson","commune_official_code":"B05042","official_code":"B05042"},"geometry":{"type":"Polygon","coordinates":[[[0.68711,7.22694],[0.684333,7.227361],[0.681979,7.22856],[0.680407,7.230354],[0.679855,7.23247],[0.680407,7.234586],[0.681979,7.23638],[0.684333,7.237579],[0.68711,7.238],[0.689886,7.237579],[0.69224,7.23638],[0.693812,7.234586],[0.694364,7.23247],[0.693812,7.230354],[0.69224,7.22856],[0.689886,7.227361],[0.68711,7.22694]]]}},{"type":"Feature","properties":{"civic_code":"205-01-008","name":"Danyi Todome","settlement_type":"village","canton_official_code":null,"review_status":"proposed","geometry_role":"non_authoritative_settlement_reference_extent","source":"paired-settlement-reference-extents/settlement-aware-reference-extents.geojson","commune_official_code":"B05042","official_code":"B05042"},"geometry":{"type":"Polygon","coordinates":[[[0.685992,7.202155],[0.686544,7.204271],[0.688117,7.206065],[0.690471,7.207264],[0.693247,7.207685],[0.696023,7.207264],[0.698377,7.206065],[0.69995,7.204271],[0.700502,7.202155],[0.69995,7.200039],[0.698385,7.198254],[0.697066,7.199759],[0.694712,7.200958],[0.691935,7.201379],[0.689159,7.200958],[0.686798,7.19975],[0.686544,7.200039],[0.685992,7.202155]]]}},{"type":"Feature","properties":{"civic_code":"205-01-010","name":"Dzidzole","settlement_type":"village","canton_official_code":null,"review_status":"proposed","geometry_role":"non_authoritative_settlement_reference_extent","source":"paired-settlement-reference-extents/settlement-aware-reference-extents.geojson","commune_official_code":"B05042","official_code":"B05042"},"geometry":{"type":"Polygon","coordinates":[[[0.706655,7.33058],[0.707208,7.332696],[0.70878,7.334491],[0.711134,7.33569],[0.71391,7.336111],[0.716687,7.33569],[0.717727,7.33516],[0.715517,7.325292],[0.71391,7.325049],[0.711134,7.32547],[0.70878,7.326669],[0.707208,7.328463],[0.706655,7.33058]]]}},{"type":"Feature","properties":{"civic_code":"205-04-001","name":"Danyi Atigba","settlement_type":"village","canton_official_code":null,"review_status":"proposed","geometry_role":"non_authoritative_settlement_reference_extent","source":"paired-settlement-reference-extents/settlement-aware-reference-extents.geojson","commune_official_code":"B05042","official_code":"B05042"},"geometry":{"type":"Polygon","coordinates":[[[0.687591,7.157491],[0.687039,7.159607],[0.687591,7.161723],[0.689164,7.163516],[0.691518,7.164715],[0.694294,7.165136],[0.69707,7.164715],[0.699424,7.163516],[0.700997,7.161723],[0.701549,7.159607],[0.700997,7.157491],[0.699424,7.155697],[0.69707,7.154499],[0.694294,7.154078],[0.691518,7.154499],[0.689164,7.155697],[0.687591,7.157491]]]}},{"type":"Feature","properties":{"civic_code":"205-04-002","name":"Danyi N'Digbé","settlement_type":"village","canton_official_code":"B05042120","review_status":"proposed","geometry_role":"non_authoritative_settlement_reference_extent","source":"paired-settlement-reference-extents/settlement-aware-reference-extents.geojson","commune_official_code":"B05042","official_code":"B05042"},"geometry":{"type":"Polygon","coordinates":[[[0.668493,7.143021],[0.670066,7.144814],[0.672419,7.146013],[0.675196,7.146434],[0.677972,7.146013],[0.680326,7.144814],[0.681898,7.143021],[0.682451,7.140905],[0.681898,7.138789],[0.680326,7.136996],[0.677972,7.135797],[0.675196,7.135376],[0.672419,7.135797],[0.670066,7.136996],[0.668493,7.138789],[0.667941,7.140905],[0.668493,7.143021]]]}},{"type":"Feature","properties":{"civic_code":"205-04-003","name":"Danyi-Dzedrame","settlement_type":"village","canton_official_code":"B05042120","review_status":"proposed","geometry_role":"non_authoritative_settlement_reference_extent","source":"paired-settlement-reference-extents/settlement-aware-reference-extents.geojson","commune_official_code":"B05042","official_code":"B05042"},"geometry":{"type":"Polygon","coordinates":[[[0.625704,7.171424],[0.628057,7.172622],[0.630834,7.173043],[0.63361,7.172622],[0.635964,7.171424],[0.637536,7.16963],[0.638089,7.167514],[0.637536,7.165398],[0.635964,7.163605],[0.63361,7.162406],[0.630834,7.161985],[0.628057,7.162406],[0.625704,7.163605],[0.624131,7.165398],[0.623579,7.167514],[0.624131,7.16963],[0.625704,7.171424]]]}},{"type":"Feature","properties":{"civic_code":"205-04-004","name":"Danyi-Koudzraga","settlement_type":"village","canton_official_code":"B05042120","review_status":"proposed","geometry_role":"non_authoritative_settlement_reference_extent","source":"paired-settlement-reference-extents/settlement-aware-reference-extents.geojson","commune_official_code":"B05042","official_code":"B05042"},"geometry":{"type":"Polygon","coordinates":[[[0.628903,7.15116],[0.631256,7.149961],[0.632829,7.148168],[0.633381,7.146052],[0.632829,7.143936],[0.631256,7.142143],[0.628903,7.140944],[0.626126,7.140523],[0.62335,7.140944],[0.621523,7.141874],[0.620724,7.145646],[0.621039,7.149983],[0.62335,7.15116],[0.626126,7.151581],[0.628903,7.15116]]]}},{"type":"Feature","properties":{"civic_code":"205-06-007","name":"Yikpa-Anyigbé","settlement_type":"village","canton_official_code":"B05042119","review_status":"proposed","geometry_role":"non_authoritative_settlement_reference_extent","source":"paired-settlement-reference-extents/settlement-aware-reference-extents.geojson","commune_official_code":"B05042","official_code":"B05042"},"geometry":{"type":"Polygon","coordinates":[[[0.609905,7.126396],[0.612681,7.125976],[0.615035,7.124777],[0.616607,7.122983],[0.61716,7.120868],[0.616607,7.118752],[0.615035,7.116959],[0.612681,7.11576],[0.609905,7.115339],[0.607128,7.11576],[0.604775,7.116959],[0.603202,7.118752],[0.60265,7.120868],[0.603202,7.122983],[0.604775,7.124777],[0.607128,7.125976],[0.609905,7.126396]]]}},{"type":"Feature","properties":{"civic_code":"205-06-008","name":"Yikpa-Dafo","settlement_type":"village","canton_official_code":"B05042119","review_status":"proposed","geometry_role":"non_authoritative_settlement_reference_extent","source":"paired-settlement-reference-extents/settlement-aware-reference-extents.geojson","commune_official_code":"B05042","official_code":"B05042"},"geometry":{"type":"Polygon","coordinates":[[[0.603751,7.115423],[0.601107,7.115023],[0.600172,7.116706],[0.598244,7.121526],[0.598244,7.125646],[0.600974,7.12606],[0.603751,7.125639],[0.605109,7.124947],[0.604775,7.124777],[0.603202,7.122983],[0.60265,7.120868],[0.603202,7.118752],[0.604775,7.116959],[0.60577,7.116452],[0.603751,7.115423]]]}},{"type":"Feature","properties":{"civic_code":"205-06-009","name":"Yikpa-Djigbé","settlement_type":"village","canton_official_code":"B05042119","review_status":"proposed","geometry_role":"non_authoritative_settlement_reference_extent","source":"paired-settlement-reference-extents/settlement-aware-reference-extents.geojson","commune_official_code":"B05042","official_code":"B05042"},"geometry":{"type":"Polygon","coordinates":[[[0.616507,7.130369],[0.618079,7.128575],[0.618632,7.126459],[0.618079,7.124344],[0.616672,7.122738],[0.616607,7.122983],[0.615035,7.124777],[0.612681,7.125976],[0.609905,7.126396],[0.607128,7.125976],[0.605109,7.124947],[0.604426,7.125295],[0.604122,7.126459],[0.604674,7.128575],[0.606247,7.130369],[0.6086,7.131567],[0.611377,7.131988],[0.614153,7.131567],[0.616507,7.130369]]]}},{"type":"Feature","properties":{"civic_code":"205-01-001","name":"Awounadzassi","settlement_type":"village","canton_official_code":"B05043123","review_status":"proposed","geometry_role":"non_authoritative_settlement_reference_extent","source":"paired-settlement-reference-extents/settlement-aware-reference-extents.geojson","commune_official_code":"B05043","official_code":"B05043"},"geometry":{"type":"Polygon","coordinates":[[[0.669635,7.327855],[0.666859,7.327434],[0.664083,7.327855],[0.661729,7.329054],[0.660156,7.330848],[0.659604,7.332965],[0.660156,7.335081],[0.661729,7.336876],[0.664083,7.338075],[0.666859,7.338496],[0.669635,7.338075],[0.671989,7.336876],[0.673562,7.335081],[0.674114,7.332965],[0.673562,7.330848],[0.671989,7.329054],[0.669635,7.327855]]]}},{"type":"Feature","properties":{"civic_code":"205-01-003","name":"Bossope","settlement_type":"village","canton_official_code":"B05043123","review_status":"proposed","geometry_role":"non_authoritative_settlement_reference_extent","source":"paired-settlement-reference-extents/settlement-aware-reference-extents.geojson","commune_official_code":"B05043","official_code":"B05043"},"geometry":{"type":"Polygon","coordinates":[[[0.657454,7.352017],[0.654678,7.352438],[0.652324,7.353637],[0.650751,7.355432],[0.650199,7.357548],[0.650751,7.359665],[0.652324,7.36146],[0.654678,7.362659],[0.657454,7.36308],[0.66023,7.362659],[0.662584,7.36146],[0.664157,7.359665],[0.664709,7.357548],[0.664157,7.355432],[0.662584,7.353637],[0.66023,7.352438],[0.657454,7.352017]]]}},{"type":"Feature","properties":{"civic_code":"205-05-001","name":"Danyi - Kpeto","settlement_type":"village","canton_official_code":"B05043121","review_status":"proposed","geometry_role":"non_authoritative_settlement_reference_extent","source":"paired-settlement-reference-extents/settlement-aware-reference-extents.geojson","commune_official_code":"B05043","official_code":"B05043"},"geometry":{"type":"Polygon","coordinates":[[[0.732283,7.256869],[0.729929,7.258068],[0.728356,7.259862],[0.727804,7.261978],[0.728356,7.264095],[0.729929,7.265889],[0.732283,7.267088],[0.735059,7.267509],[0.737835,7.267088],[0.740189,7.265889],[0.741762,7.264095],[0.742314,7.261978],[0.741762,7.259862],[0.740189,7.258068],[0.737835,7.256869],[0.735059,7.256448],[0.732283,7.256869]]]}},{"type":"Feature","properties":{"civic_code":"205-05-002","name":"Danyi Élavagnon","settlement_type":"village","canton_official_code":null,"review_status":"proposed","geometry_role":"non_authoritative_settlement_reference_extent","source":"paired-settlement-reference-extents/settlement-aware-reference-extents.geojson","commune_official_code":"B05043","official_code":"B05043"},"geometry":{"type":"Polygon","coordinates":[[[0.708244,7.276137],[0.70589,7.277335],[0.704318,7.27913],[0.703765,7.281246],[0.704318,7.283363],[0.70589,7.285157],[0.708244,7.286356],[0.71102,7.286777],[0.713797,7.286356],[0.71615,7.285157],[0.717723,7.283363],[0.718275,7.281246],[0.717723,7.27913],[0.71615,7.277335],[0.713797,7.276137],[0.71102,7.275716],[0.708244,7.276137]]]}},{"type":"Feature","properties":{"civic_code":"203-03-003","name":"Obo","settlement_type":"village","canton_official_code":null,"review_status":"proposed","geometry_role":"non_authoritative_settlement_reference_extent","source":"paired-settlement-reference-extents/settlement-aware-reference-extents.geojson","commune_official_code":"B05043","official_code":"B05043"},"geometry":{"type":"Polygon","coordinates":[[[0.813569,7.349625],[0.811215,7.348426],[0.808439,7.348005],[0.805662,7.348426],[0.803308,7.349625],[0.801736,7.351419],[0.801184,7.353536],[0.801736,7.355653],[0.803308,7.357447],[0.805662,7.358647],[0.808439,7.359068],[0.811215,7.358647],[0.813569,7.357447],[0.815141,7.355653],[0.815693,7.353536],[0.815141,7.351419],[0.813569,7.349625]]]}},{"type":"Feature","properties":{"civic_code":"203-03-004","name":"Ofounagbo","settlement_type":"village","canton_official_code":null,"review_status":"proposed","geometry_role":"non_authoritative_settlement_reference_extent","source":"paired-settlement-reference-extents/settlement-aware-reference-extents.geojson","commune_official_code":"B05043","official_code":"B05043"},"geometry":{"type":"Polygon","coordinates":[[[0.803574,7.359936],[0.800797,7.359515],[0.798021,7.359936],[0.795667,7.361135],[0.794095,7.36293],[0.793542,7.365047],[0.794095,7.367163],[0.795667,7.368958],[0.798021,7.370157],[0.800797,7.370578],[0.803574,7.370157],[0.805927,7.368958],[0.8075,7.367163],[0.808052,7.365047],[0.8075,7.36293],[0.805927,7.361135],[0.803574,7.359936]]]}},{"type":"Feature","properties":{"civic_code":"203-03-005","name":"Oloutokou","settlement_type":"village","canton_official_code":null,"review_status":"proposed","geometry_role":"non_authoritative_settlement_reference_extent","source":"paired-settlement-reference-extents/settlement-aware-reference-extents.geojson","commune_official_code":"B05043","official_code":"B05043"},"geometry":{"type":"Polygon","coordinates":[[[0.786113,7.323956],[0.786666,7.326073],[0.788238,7.327867],[0.790592,7.329066],[0.793368,7.329487],[0.796145,7.329066],[0.798498,7.327867],[0.800071,7.326073],[0.800145,7.325788],[0.798982,7.325767],[0.794527,7.324449],[0.791228,7.321483],[0.789899,7.319199],[0.788238,7.320045],[0.786666,7.321839],[0.786113,7.323956]]]}},{"type":"Feature","properties":{"civic_code":"203-03-007","name":"Sodo-Todji","settlement_type":"village","canton_official_code":null,"review_status":"proposed","geometry_role":"non_authoritative_settlement_reference_extent","source":"paired-settlement-reference-extents/settlement-aware-reference-extents.geojson","commune_official_code":"B05043","official_code":"B05043"},"geometry":{"type":"Polygon","coordinates":[[[0.811065,7.335053],[0.810512,7.33717],[0.811065,7.339287],[0.812637,7.341081],[0.814991,7.34228],[0.817767,7.342701],[0.820544,7.34228],[0.822897,7.341081],[0.823595,7.340285],[0.823124,7.340196],[0.821612,7.338542],[0.820458,7.334588],[0.820094,7.331992],[0.817767,7.331639],[0.814991,7.33206],[0.812637,7.333259],[0.811065,7.335053]]]}},{"type":"Feature","properties":{"civic_code":"206-02-001","name":"AGOU KOLODÈ","settlement_type":"village","canton_official_code":"B06044124","review_status":"proposed","geometry_role":"non_authoritative_settlement_reference_extent","source":"paired-settlement-reference-extents/settlement-aware-reference-extents.geojson","commune_official_code":"B06044","official_code":"B06044"},"geometry":{"type":"Polygon","coordinates":[[[1.363314,7.917885],[1.360538,7.917464],[1.357761,7.917885],[1.355408,7.919086],[1.353835,7.920882],[1.353283,7.923002],[1.353835,7.925121],[1.355408,7.926918],[1.357761,7.928119],[1.360538,7.928541],[1.363314,7.928119],[1.365668,7.926918],[1.36724,7.925121],[1.367793,7.923002],[1.36724,7.920882],[1.365668,7.919086],[1.363314,7.917885]]]}},{"type":"Feature","properties":{"civic_code":"206-02-002","name":"Alabadè-Bas","settlement_type":"village","canton_official_code":"B06044124","review_status":"proposed","geometry_role":"non_authoritative_settlement_reference_extent","source":"paired-settlement-reference-extents/settlement-aware-reference-extents.geojson","commune_official_code":"B06044","official_code":"B06044"},"geometry":{"type":"Polygon","coordinates":[[[1.219276,7.890449],[1.2165,7.890871],[1.214146,7.892071],[1.212573,7.893868],[1.212021,7.895987],[1.212573,7.898106],[1.214146,7.899903],[1.2165,7.901104],[1.219276,7.901525],[1.222052,7.901104],[1.224406,7.899903],[1.225979,7.898106],[1.226531,7.895987],[1.225979,7.893868],[1.224406,7.892071],[1.222052,7.890871],[1.219276,7.890449]]]}},{"type":"Feature","properties":{"civic_code":"206-02-003","name":"Alabadè-Haut","settlement_type":"village","canton_official_code":"B06044124","review_status":"proposed","geometry_role":"non_authoritative_settlement_reference_extent","source":"paired-settlement-reference-extents/settlement-aware-reference-extents.geojson","commune_official_code":"B06044","official_code":"B06044"},"geometry":{"type":"Polygon","coordinates":[[[1.205677,7.881816],[1.204448,7.882443],[1.204251,7.885778],[1.204494,7.888928],[1.205016,7.891712],[1.205677,7.892049],[1.208453,7.892471],[1.211229,7.892049],[1.213583,7.890849],[1.215156,7.889052],[1.215708,7.886933],[1.215156,7.884813],[1.213583,7.883017],[1.211229,7.881816],[1.208453,7.881395],[1.205677,7.881816]]]}},{"type":"Feature","properties":{"civic_code":"206-02-004","name":"Awotere","settlement_type":"village","canton_official_code":"B06044124","review_status":"proposed","geometry_role":"non_authoritative_settlement_reference_extent","source":"paired-settlement-reference-extents/settlement-aware-reference-extents.geojson","commune_official_code":"B06044","official_code":"B06044"},"geometry":{"type":"Polygon","coordinates":[[[1.322538,7.989858],[1.320965,7.991655],[1.320413,7.993775],[1.320965,7.995895],[1.322538,7.997692],[1.324892,7.998893],[1.327668,7.999314],[1.330444,7.998893],[1.332798,7.997692],[1.334371,7.995895],[1.334923,7.993775],[1.334371,7.991655],[1.332798,7.989858],[1.330444,7.988657],[1.327668,7.988235],[1.324892,7.988657],[1.322538,7.989858]]]}},{"type":"Feature","properties":{"civic_code":"206-02-005","name":"Élavagnon","settlement_type":"village","canton_official_code":"B06044124","review_status":"proposed","geometry_role":"non_authoritative_settlement_reference_extent","source":"paired-settlement-reference-extents/settlement-aware-reference-extents.geojson","commune_official_code":"B06044","official_code":"B06044"},"geometry":{"type":"Polygon","coordinates":[[[1.279861,7.959093],[1.279308,7.961213],[1.279861,7.963332],[1.281433,7.965129],[1.283787,7.96633],[1.286563,7.966752],[1.28934,7.96633],[1.291693,7.965129],[1.293266,7.963332],[1.293818,7.961213],[1.293266,7.959093],[1.291693,7.957296],[1.28934,7.956095],[1.286563,7.955674],[1.283787,7.956095],[1.281433,7.957296],[1.279861,7.959093]]]}},{"type":"Feature","properties":{"civic_code":"206-02-006","name":"Sama kope","settlement_type":"village","canton_official_code":null,"review_status":"proposed","geometry_role":"non_authoritative_settlement_reference_extent","source":"paired-settlement-reference-extents/settlement-aware-reference-extents.geojson","commune_official_code":"B06044","official_code":"B06044"},"geometry":{"type":"Polygon","coordinates":[[[1.303261,7.880754],[1.302709,7.882874],[1.303261,7.884993],[1.304834,7.88679],[1.307188,7.88799],[1.309964,7.888412],[1.31274,7.88799],[1.315094,7.88679],[1.316667,7.884993],[1.317219,7.882874],[1.316667,7.880754],[1.315094,7.878958],[1.31274,7.877757],[1.309964,7.877336],[1.307188,7.877757],[1.304834,7.878958],[1.303261,7.880754]]]}},{"type":"Feature","properties":{"civic_code":"206-03-001","name":"Badjahé","settlement_type":"village","canton_official_code":"B06044125","review_status":"proposed","geometry_role":"non_authoritative_settlement_reference_extent","source":"paired-settlement-reference-extents/settlement-aware-reference-extents.geojson","commune_official_code":"B06044","official_code":"B06044"},"geometry":{"type":"Polygon","coordinates":[[[1.295869,7.851089],[1.297441,7.852885],[1.299795,7.854086],[1.302571,7.854507],[1.305348,7.854086],[1.307701,7.852885],[1.309274,7.851089],[1.309826,7.848969],[1.309274,7.84685],[1.307701,7.845054],[1.305348,7.843853],[1.302571,7.843432],[1.299795,7.843853],[1.297441,7.845054],[1.295869,7.84685],[1.295316,7.848969],[1.295869,7.851089]]]}},{"type":"Feature","properties":{"civic_code":"206-06-001","name":"Adjounagbo","settlement_type":"village","canton_official_code":"B06045126","review_status":"proposed","geometry_role":"non_authoritative_settlement_reference_extent","source":"paired-settlement-reference-extents/settlement-aware-reference-extents.geojson","commune_official_code":"B06045","official_code":"B06045"},"geometry":{"type":"Polygon","coordinates":[[[1.339153,8.25157],[1.336377,8.251148],[1.3336,8.25157],[1.331247,8.252772],[1.329674,8.25457],[1.329122,8.256691],[1.329674,8.258812],[1.331247,8.26061],[1.3336,8.261812],[1.336377,8.262234],[1.339153,8.261812],[1.341507,8.26061],[1.343079,8.258812],[1.343632,8.256691],[1.343079,8.25457],[1.341507,8.252772],[1.339153,8.25157]]]}},{"type":"Feature","properties":{"civic_code":"206-06-003","name":"Afoudényiban","settlement_type":"village","canton_official_code":"B06045126","review_status":"proposed","geometry_role":"non_authoritative_settlement_reference_extent","source":"paired-settlement-reference-extents/settlement-aware-reference-extents.geojson","commune_official_code":"B06045","official_code":"B06045"},"geometry":{"type":"Polygon","coordinates":[[[1.370991,8.082583],[1.368214,8.083005],[1.365861,8.084206],[1.364288,8.086003],[1.363736,8.088124],[1.364288,8.090244],[1.365861,8.092042],[1.368214,8.093243],[1.370991,8.093664],[1.373767,8.093243],[1.376121,8.092042],[1.377693,8.090244],[1.378246,8.088124],[1.377693,8.086003],[1.376121,8.084206],[1.373767,8.083005],[1.370991,8.082583]]]}},{"type":"Feature","properties":{"civic_code":"206-06-004","name":"Badin","settlement_type":"village","canton_official_code":null,"review_status":"proposed","geometry_role":"non_authoritative_settlement_reference_extent","source":"paired-settlement-reference-extents/settlement-aware-reference-extents.geojson","commune_official_code":"B06045","official_code":"B06045"},"geometry":{"type":"Polygon","coordinates":[[[1.53111,8.150075],[1.528333,8.150497],[1.52598,8.151698],[1.524407,8.153496],[1.523855,8.155616],[1.524407,8.157737],[1.52598,8.159535],[1.528333,8.160736],[1.53111,8.161158],[1.533886,8.160736],[1.53624,8.159535],[1.537812,8.157737],[1.538365,8.155616],[1.537812,8.153496],[1.53624,8.151698],[1.533886,8.150497],[1.53111,8.150075]]]}},{"type":"Feature","properties":{"civic_code":"206-06-006","name":"Fangodo","settlement_type":"village","canton_official_code":null,"review_status":"proposed","geometry_role":"non_authoritative_settlement_reference_extent","source":"paired-settlement-reference-extents/settlement-aware-reference-extents.geojson","commune_official_code":"B06045","official_code":"B06045"},"geometry":{"type":"Polygon","coordinates":[[[1.483131,8.091723],[1.480777,8.092924],[1.479204,8.094722],[1.478652,8.096842],[1.479204,8.098962],[1.480777,8.10076],[1.483131,8.101961],[1.485907,8.102383],[1.488683,8.101961],[1.491037,8.10076],[1.49261,8.098962],[1.493162,8.096842],[1.49261,8.094722],[1.491037,8.092924],[1.488683,8.091723],[1.485907,8.091301],[1.483131,8.091723]]]}},{"type":"Feature","properties":{"civic_code":"206-06-007","name":"Gbedemedji","settlement_type":"village","canton_official_code":null,"review_status":"proposed","geometry_role":"non_authoritative_settlement_reference_extent","source":"paired-settlement-reference-extents/settlement-aware-reference-extents.geojson","commune_official_code":"B06045","official_code":"B06045"},"geometry":{"type":"Polygon","coordinates":[[[1.54864,8.214456],[1.547068,8.216254],[1.546515,8.218375],[1.547068,8.220496],[1.54864,8.222295],[1.550994,8.223496],[1.55377,8.223918],[1.556547,8.223496],[1.5589,8.222295],[1.560473,8.220496],[1.561025,8.218375],[1.560473,8.216254],[1.5589,8.214456],[1.556547,8.213255],[1.55377,8.212833],[1.550994,8.213255],[1.54864,8.214456]]]}},{"type":"Feature","properties":{"civic_code":"206-06-008","name":"IGBOMEDJI","settlement_type":"village","canton_official_code":"B06045126","review_status":"proposed","geometry_role":"non_authoritative_settlement_reference_extent","source":"paired-settlement-reference-extents/settlement-aware-reference-extents.geojson","commune_official_code":"B06045","official_code":"B06045"},"geometry":{"type":"Polygon","coordinates":[[[1.335665,8.298163],[1.336217,8.300284],[1.337789,8.302082],[1.340143,8.303284],[1.34292,8.303706],[1.345696,8.303284],[1.34805,8.302082],[1.349622,8.300284],[1.350174,8.298163],[1.349622,8.296041],[1.34805,8.294243],[1.345696,8.293041],[1.34292,8.292619],[1.340143,8.293041],[1.337789,8.294243],[1.336217,8.296041],[1.335665,8.298163]]]}},{"type":"Feature","properties":{"civic_code":"206-06-010","name":"Matragbadja","settlement_type":"village","canton_official_code":"B06045126","review_status":"proposed","geometry_role":"non_authoritative_settlement_reference_extent","source":"paired-settlement-reference-extents/settlement-aware-reference-extents.geojson","commune_official_code":"B06045","official_code":"B06045"},"geometry":{"type":"Polygon","coordinates":[[[1.3354,8.070958],[1.336973,8.072756],[1.339327,8.073957],[1.342103,8.074379],[1.344879,8.073957],[1.347233,8.072756],[1.348806,8.070958],[1.349358,8.068838],[1.348806,8.066718],[1.347233,8.064921],[1.344879,8.06372],[1.342103,8.063298],[1.339327,8.06372],[1.336973,8.064921],[1.3354,8.066718],[1.334848,8.068838],[1.3354,8.070958]]]}},{"type":"Feature","properties":{"civic_code":"206-06-011","name":"Modokoute","settlement_type":"village","canton_official_code":null,"review_status":"proposed","geometry_role":"non_authoritative_settlement_reference_extent","source":"paired-settlement-reference-extents/settlement-aware-reference-extents.geojson","commune_official_code":"B06045","official_code":"B06045"},"geometry":{"type":"Polygon","coordinates":[[[1.542964,8.252699],[1.544537,8.254497],[1.546891,8.255699],[1.549667,8.256121],[1.552443,8.255699],[1.554797,8.254497],[1.55637,8.252699],[1.556922,8.250578],[1.55637,8.248457],[1.554797,8.246658],[1.552443,8.245457],[1.549667,8.245035],[1.546891,8.245457],[1.544537,8.246658],[1.542964,8.248457],[1.542412,8.250578],[1.542964,8.252699]]]}},{"type":"Feature","properties":{"civic_code":"206-06-013","name":"N'KONTA","settlement_type":"village","canton_official_code":"B06045126","review_status":"proposed","geometry_role":"non_authoritative_settlement_reference_extent","source":"paired-settlement-reference-extents/settlement-aware-reference-extents.geojson","commune_official_code":"B06045","official_code":"B06045"},"geometry":{"type":"Polygon","coordinates":[[[1.346915,8.168231],[1.349691,8.168653],[1.352468,8.168231],[1.354821,8.16703],[1.356394,8.165232],[1.356946,8.163111],[1.356394,8.160991],[1.354821,8.159193],[1.352468,8.157991],[1.349691,8.15757],[1.346915,8.157991],[1.344561,8.159193],[1.342989,8.160991],[1.342436,8.163111],[1.342989,8.165232],[1.344561,8.16703],[1.346915,8.168231]]]}},{"type":"Feature","properties":{"civic_code":"206-06-014","name":"Niamtougou-kopé","settlement_type":"village","canton_official_code":"B06045126","review_status":"proposed","geometry_role":"non_authoritative_settlement_reference_extent","source":"paired-settlement-reference-extents/settlement-aware-reference-extents.geojson","commune_official_code":"B06045","official_code":"B06045"},"geometry":{"type":"Polygon","coordinates":[[[1.34048,8.281244],[1.343256,8.280822],[1.34561,8.27962],[1.347183,8.277822],[1.347735,8.2757],[1.347183,8.273579],[1.34561,8.271781],[1.343256,8.270579],[1.34048,8.270157],[1.337704,8.270579],[1.33535,8.271781],[1.333777,8.273579],[1.333225,8.2757],[1.333777,8.277822],[1.33535,8.27962],[1.337704,8.280822],[1.34048,8.281244]]]}},{"type":"Feature","properties":{"civic_code":"206-06-015","name":"OGOU AGRAINI","settlement_type":"village","canton_official_code":null,"review_status":"proposed","geometry_role":"non_authoritative_settlement_reference_extent","source":"paired-settlement-reference-extents/settlement-aware-reference-extents.geojson","commune_official_code":"B06045","official_code":"B06045"},"geometry":{"type":"Polygon","coordinates":[[[1.515618,8.123745],[1.518394,8.123323],[1.520748,8.122122],[1.522321,8.120324],[1.522873,8.118203],[1.522321,8.116083],[1.520748,8.114285],[1.518394,8.113084],[1.515618,8.112662],[1.512842,8.113084],[1.510488,8.114285],[1.508915,8.116083],[1.508363,8.118203],[1.508915,8.120324],[1.510488,8.122122],[1.512842,8.123323],[1.515618,8.123745]]]}},{"type":"Feature","properties":{"civic_code":"206-06-016","name":"Oligo","settlement_type":"village","canton_official_code":null,"review_status":"proposed","geometry_role":"non_authoritative_settlement_reference_extent","source":"paired-settlement-reference-extents/settlement-aware-reference-extents.geojson","commune_official_code":"B06045","official_code":"B06045"},"geometry":{"type":"Polygon","coordinates":[[[1.486574,8.084884],[1.488928,8.083683],[1.490501,8.081886],[1.491053,8.079766],[1.490501,8.077645],[1.488928,8.075848],[1.486574,8.074647],[1.483798,8.074225],[1.481022,8.074647],[1.478668,8.075848],[1.477095,8.077645],[1.476543,8.079766],[1.477095,8.081886],[1.478668,8.083683],[1.481022,8.084884],[1.483798,8.085306],[1.486574,8.084884]]]}},{"type":"Feature","properties":{"civic_code":"206-06-017","name":"Tchékita","settlement_type":"village","canton_official_code":"B06045126","review_status":"proposed","geometry_role":"non_authoritative_settlement_reference_extent","source":"paired-settlement-reference-extents/settlement-aware-reference-extents.geojson","commune_official_code":"B06045","official_code":"B06045"},"geometry":{"type":"Polygon","coordinates":[[[1.369068,8.346402],[1.36962,8.344281],[1.369068,8.342159],[1.367496,8.34036],[1.365142,8.339158],[1.362365,8.338736],[1.359589,8.339158],[1.357235,8.34036],[1.355663,8.342159],[1.355111,8.344281],[1.355663,8.346402],[1.357235,8.348201],[1.359589,8.349403],[1.362365,8.349825],[1.365142,8.349403],[1.367496,8.348201],[1.369068,8.346402]]]}},{"type":"Feature","properties":{"civic_code":"206-06-018","name":"YEBOU YEBOU","settlement_type":"village","canton_official_code":"B06045126","review_status":"proposed","geometry_role":"non_authoritative_settlement_reference_extent","source":"paired-settlement-reference-extents/settlement-aware-reference-extents.geojson","commune_official_code":"B06045","official_code":"B06045"},"geometry":{"type":"Polygon","coordinates":[[[1.388407,8.048046],[1.387855,8.045926],[1.386282,8.044129],[1.383929,8.042928],[1.381152,8.042506],[1.378376,8.042928],[1.376022,8.044129],[1.37445,8.045926],[1.373897,8.048046],[1.37445,8.050166],[1.376022,8.051964],[1.378376,8.053165],[1.381152,8.053586],[1.383929,8.053165],[1.386282,8.051964],[1.387855,8.050166],[1.388407,8.048046]]]}},{"type":"Feature","properties":{"civic_code":"206-06-012","name":"Moritan","settlement_type":"town","canton_official_code":"B06045126","review_status":"proposed","geometry_role":"non_authoritative_settlement_reference_extent","source":"paired-settlement-reference-extents/settlement-aware-reference-extents.geojson","commune_official_code":"B06045","official_code":"B06045"},"geometry":{"type":"Polygon","coordinates":[[[1.370764,8.098172],[1.365821,8.092522],[1.358424,8.088747],[1.349698,8.087422],[1.340973,8.088747],[1.333576,8.092522],[1.328633,8.098172],[1.326897,8.104836],[1.328633,8.1115],[1.333576,8.11715],[1.340973,8.120925],[1.349698,8.12225],[1.358424,8.120925],[1.365821,8.11715],[1.370764,8.1115],[1.3725,8.104836],[1.370764,8.098172]]]}},{"type":"Feature","properties":{"civic_code":"206-05-001","name":"Afiyeye","settlement_type":"village","canton_official_code":"B06046129","review_status":"proposed","geometry_role":"non_authoritative_settlement_reference_extent","source":"paired-settlement-reference-extents/settlement-aware-reference-extents.geojson","commune_official_code":"B06046","official_code":"B06046"},"geometry":{"type":"Polygon","coordinates":[[[1.327748,8.012036],[1.324971,8.011614],[1.322195,8.012036],[1.319841,8.013237],[1.318269,8.015034],[1.317717,8.017154],[1.318269,8.019274],[1.319841,8.021071],[1.322195,8.022272],[1.324971,8.022693],[1.327748,8.022272],[1.330102,8.021071],[1.331674,8.019274],[1.332226,8.017154],[1.331674,8.015034],[1.330102,8.013237],[1.327748,8.012036]]]}},{"type":"Feature","properties":{"civic_code":"206-05-002","name":"KPESSI","settlement_type":"village","canton_official_code":"B06046129","review_status":"proposed","geometry_role":"non_authoritative_settlement_reference_extent","source":"paired-settlement-reference-extents/settlement-aware-reference-extents.geojson","commune_official_code":"B06046","official_code":"B06046"},"geometry":{"type":"Polygon","coordinates":[[[1.268749,8.056896],[1.264386,8.057558],[1.261285,8.059141],[1.261455,8.060713],[1.261068,8.064071],[1.261325,8.067712],[1.265134,8.073759],[1.268749,8.074308],[1.273112,8.073646],[1.27681,8.071758],[1.279282,8.068934],[1.280149,8.065602],[1.279282,8.06227],[1.27681,8.059446],[1.273112,8.057558],[1.268749,8.056896]]]}},{"type":"Feature","properties":{"civic_code":"206-07-001","name":"Alinmondji","settlement_type":"village","canton_official_code":"B06046130","review_status":"proposed","geometry_role":"non_authoritative_settlement_reference_extent","source":"paired-settlement-reference-extents/settlement-aware-reference-extents.geojson","commune_official_code":"B06046","official_code":"B06046"},"geometry":{"type":"Polygon","coordinates":[[[1.19253,7.957311],[1.190177,7.958512],[1.188604,7.960309],[1.188052,7.962428],[1.188604,7.964548],[1.190177,7.966345],[1.19253,7.967546],[1.195307,7.967967],[1.198083,7.967546],[1.200437,7.966345],[1.202009,7.964548],[1.202562,7.962428],[1.202009,7.960309],[1.200437,7.958512],[1.198083,7.957311],[1.195307,7.956889],[1.19253,7.957311]]]}},{"type":"Feature","properties":{"civic_code":"206-07-002","name":"KOKOTE","settlement_type":"village","canton_official_code":null,"review_status":"proposed","geometry_role":"non_authoritative_settlement_reference_extent","source":"paired-settlement-reference-extents/settlement-aware-reference-extents.geojson","commune_official_code":"B06046","official_code":"B06046"},"geometry":{"type":"Polygon","coordinates":[[[1.227438,8.003423],[1.225085,8.004624],[1.223512,8.006421],[1.22296,8.008541],[1.223256,8.009678],[1.230699,8.013689],[1.230708,8.014006],[1.232991,8.013659],[1.235345,8.012458],[1.236917,8.010661],[1.23747,8.008541],[1.236917,8.006421],[1.235345,8.004624],[1.232991,8.003423],[1.230215,8.003001],[1.227438,8.003423]]]}},{"type":"Feature","properties":{"civic_code":"206-07-003","name":"Nyamassila","settlement_type":"town","canton_official_code":"B06046130","review_status":"proposed","geometry_role":"non_authoritative_settlement_reference_extent","source":"paired-settlement-reference-extents/settlement-aware-reference-extents.geojson","commune_official_code":"B06046","official_code":"B06046"},"geometry":{"type":"Polygon","coordinates":[[[1.173282,7.979082],[1.175888,7.980011],[1.182243,7.984614],[1.186433,7.988868],[1.187175,7.991511],[1.190514,7.995106],[1.193486,7.995284],[1.196698,7.994796],[1.207296,8.001031],[1.208324,8.000507],[1.213267,7.994858],[1.215003,7.988196],[1.213267,7.981534],[1.208324,7.975886],[1.200927,7.972112],[1.192202,7.970787],[1.183476,7.972112],[1.176079,7.975886],[1.173282,7.979082]]]}},{"type":"Feature","properties":{"civic_code":"207-04-001","name":"Adakakpé","settlement_type":"village","canton_official_code":"B07047132","review_status":"proposed","geometry_role":"non_authoritative_settlement_reference_extent","source":"paired-settlement-reference-extents/settlement-aware-reference-extents.geojson","commune_official_code":"B07047","official_code":"B07047"},"geometry":{"type":"Polygon","coordinates":[[[1.184878,6.812641],[1.182102,6.81222],[1.179326,6.812641],[1.176972,6.813838],[1.175399,6.815631],[1.174847,6.817745],[1.175399,6.819859],[1.176972,6.821652],[1.179326,6.82285],[1.182102,6.82327],[1.184878,6.82285],[1.187232,6.821652],[1.188805,6.819859],[1.189357,6.817745],[1.188805,6.815631],[1.187232,6.813838],[1.184878,6.812641]]]}},{"type":"Feature","properties":{"civic_code":"207-04-002","name":"Agbévéme","settlement_type":"village","canton_official_code":"B07047132","review_status":"proposed","geometry_role":"non_authoritative_settlement_reference_extent","source":"paired-settlement-reference-extents/settlement-aware-reference-extents.geojson","commune_official_code":"B07047","official_code":"B07047"},"geometry":{"type":"Polygon","coordinates":[[[1.252551,6.822068],[1.249775,6.822488],[1.247421,6.823686],[1.245848,6.825479],[1.245296,6.827593],[1.245848,6.829707],[1.247421,6.8315],[1.249775,6.832698],[1.252551,6.833118],[1.255327,6.832698],[1.257681,6.8315],[1.259254,6.829707],[1.259806,6.827593],[1.259254,6.825479],[1.257681,6.823686],[1.255327,6.822488],[1.252551,6.822068]]]}},{"type":"Feature","properties":{"civic_code":"207-04-003","name":"Amakpavé","settlement_type":"village","canton_official_code":"B07047132","review_status":"proposed","geometry_role":"non_authoritative_settlement_reference_extent","source":"paired-settlement-reference-extents/settlement-aware-reference-extents.geojson","commune_official_code":"B07047","official_code":"B07047"},"geometry":{"type":"Polygon","coordinates":[[[1.178445,6.772996],[1.174435,6.775999],[1.173883,6.778113],[1.174435,6.780227],[1.176008,6.782019],[1.178361,6.783217],[1.181138,6.783638],[1.183914,6.783217],[1.186268,6.782019],[1.18784,6.780227],[1.188393,6.778113],[1.18784,6.775999],[1.186268,6.774206],[1.183914,6.773009],[1.181138,6.772588],[1.178445,6.772996]]]}},{"type":"Feature","properties":{"civic_code":"207-04-004","name":"Atchavé","settlement_type":"village","canton_official_code":"B07047133","review_status":"proposed","geometry_role":"non_authoritative_settlement_reference_extent","source":"paired-settlement-reference-extents/settlement-aware-reference-extents.geojson","commune_official_code":"B07047","official_code":"B07047"},"geometry":{"type":"Polygon","coordinates":[[[1.210361,6.855937],[1.208788,6.85773],[1.208236,6.859845],[1.208788,6.861959],[1.210361,6.863752],[1.212715,6.86495],[1.215491,6.86537],[1.218267,6.86495],[1.220621,6.863752],[1.222194,6.861959],[1.222746,6.859845],[1.222194,6.85773],[1.220621,6.855937],[1.218267,6.85474],[1.215491,6.854319],[1.212715,6.85474],[1.210361,6.855937]]]}},{"type":"Feature","properties":{"civic_code":"207-04-005","name":"Kablivé","settlement_type":"village","canton_official_code":"B07047132","review_status":"proposed","geometry_role":"non_authoritative_settlement_reference_extent","source":"paired-settlement-reference-extents/settlement-aware-reference-extents.geojson","commune_official_code":"B07047","official_code":"B07047"},"geometry":{"type":"Polygon","coordinates":[[[1.206666,6.755559],[1.206113,6.757674],[1.206666,6.759788],[1.208238,6.76158],[1.210592,6.762778],[1.213368,6.763198],[1.216145,6.762778],[1.218498,6.76158],[1.220071,6.759788],[1.220623,6.757674],[1.220071,6.755559],[1.218498,6.753767],[1.216145,6.75257],[1.213368,6.752149],[1.210592,6.75257],[1.208238,6.753767],[1.206666,6.755559]]]}},{"type":"Feature","properties":{"civic_code":"207-04-006","name":"Kpélé","settlement_type":"village","canton_official_code":null,"review_status":"proposed","geometry_role":"non_authoritative_settlement_reference_extent","source":"paired-settlement-reference-extents/settlement-aware-reference-extents.geojson","commune_official_code":"B07047","official_code":"B07047"},"geometry":{"type":"Polygon","coordinates":[[[1.177511,6.85757],[1.176959,6.859685],[1.177511,6.861799],[1.179084,6.863592],[1.181438,6.86479],[1.184214,6.86521],[1.18699,6.86479],[1.189344,6.863592],[1.190917,6.861799],[1.191469,6.859685],[1.190917,6.85757],[1.189344,6.855777],[1.18699,6.85458],[1.184214,6.854159],[1.181438,6.85458],[1.179084,6.855777],[1.177511,6.85757]]]}},{"type":"Feature","properties":{"civic_code":"207-05-001","name":"Atisowé","settlement_type":"village","canton_official_code":null,"review_status":"proposed","geometry_role":"non_authoritative_settlement_reference_extent","source":"paired-settlement-reference-extents/settlement-aware-reference-extents.geojson","commune_official_code":"B07047","official_code":"B07047"},"geometry":{"type":"Polygon","coordinates":[[[1.221683,6.895036],[1.222236,6.897151],[1.223808,6.898944],[1.226162,6.900142],[1.228938,6.900562],[1.231715,6.900142],[1.234068,6.898944],[1.235641,6.897151],[1.236193,6.895036],[1.235641,6.892922],[1.234068,6.891129],[1.231715,6.889931],[1.228938,6.889511],[1.226162,6.889931],[1.223808,6.891129],[1.222236,6.892922],[1.221683,6.895036]]]}},{"type":"Feature","properties":{"civic_code":"207-05-002","name":"Avédzé","settlement_type":"village","canton_official_code":null,"review_status":"proposed","geometry_role":"non_authoritative_settlement_reference_extent","source":"paired-settlement-reference-extents/settlement-aware-reference-extents.geojson","commune_official_code":"B07047","official_code":"B07047"},"geometry":{"type":"Polygon","coordinates":[[[1.267658,6.878815],[1.269231,6.880608],[1.271585,6.881806],[1.274361,6.882226],[1.277137,6.881806],[1.279491,6.880608],[1.281064,6.878815],[1.281616,6.8767],[1.281064,6.874586],[1.279491,6.872793],[1.277137,6.871595],[1.274361,6.871175],[1.271585,6.871595],[1.269231,6.872793],[1.267658,6.874586],[1.267106,6.8767],[1.267658,6.878815]]]}},{"type":"Feature","properties":{"civic_code":"207-05-003","name":"Djékloué","settlement_type":"village","canton_official_code":null,"review_status":"proposed","geometry_role":"non_authoritative_settlement_reference_extent","source":"paired-settlement-reference-extents/settlement-aware-reference-extents.geojson","commune_official_code":"B07047","official_code":"B07047"},"geometry":{"type":"Polygon","coordinates":[[[1.238469,6.894657],[1.240042,6.892864],[1.240594,6.890749],[1.240042,6.888635],[1.238469,6.886842],[1.236116,6.885644],[1.233339,6.885224],[1.230563,6.885644],[1.228209,6.886842],[1.226637,6.888635],[1.226304,6.88991],[1.228938,6.889511],[1.231715,6.889931],[1.234068,6.891129],[1.235641,6.892922],[1.236193,6.895036],[1.235974,6.895876],[1.236116,6.895855],[1.238469,6.894657]]]}},{"type":"Feature","properties":{"civic_code":"207-05-004","name":"Kloényamé","settlement_type":"village","canton_official_code":null,"review_status":"proposed","geometry_role":"non_authoritative_settlement_reference_extent","source":"paired-settlement-reference-extents/settlement-aware-reference-extents.geojson","commune_official_code":"B07047","official_code":"B07047"},"geometry":{"type":"Polygon","coordinates":[[[1.245782,6.894545],[1.248558,6.894966],[1.251335,6.894545],[1.253688,6.893347],[1.255261,6.891554],[1.255813,6.88944],[1.255261,6.887325],[1.253688,6.885532],[1.251335,6.884334],[1.248558,6.883914],[1.245782,6.884334],[1.243428,6.885532],[1.241856,6.887325],[1.241303,6.88944],[1.241856,6.891554],[1.243428,6.893347],[1.245782,6.894545]]]}},{"type":"Feature","properties":{"civic_code":"207-05-006","name":"Lakoto","settlement_type":"village","canton_official_code":null,"review_status":"proposed","geometry_role":"non_authoritative_settlement_reference_extent","source":"paired-settlement-reference-extents/settlement-aware-reference-extents.geojson","commune_official_code":"B07047","official_code":"B07047"},"geometry":{"type":"Polygon","coordinates":[[[1.264126,6.892095],[1.266902,6.891674],[1.269256,6.890477],[1.270828,6.888684],[1.271381,6.886569],[1.270828,6.884455],[1.269256,6.882662],[1.266902,6.881464],[1.264126,6.881043],[1.261349,6.881464],[1.258996,6.882662],[1.257423,6.884455],[1.256871,6.886569],[1.257423,6.888684],[1.258996,6.890477],[1.261349,6.891674],[1.264126,6.892095]]]}},{"type":"Feature","properties":{"civic_code":"207-11-001","name":"Balenou","settlement_type":"village","canton_official_code":null,"review_status":"proposed","geometry_role":"non_authoritative_settlement_reference_extent","source":"paired-settlement-reference-extents/settlement-aware-reference-extents.geojson","commune_official_code":"B07047","official_code":"B07047"},"geometry":{"type":"Polygon","coordinates":[[[1.066057,6.948058],[1.068411,6.94686],[1.069984,6.945067],[1.070536,6.942952],[1.069984,6.940837],[1.068411,6.939044],[1.066057,6.937846],[1.063281,6.937425],[1.060505,6.937846],[1.058151,6.939044],[1.056578,6.940837],[1.056026,6.942952],[1.056578,6.945067],[1.058151,6.94686],[1.060505,6.948058],[1.063281,6.948478],[1.066057,6.948058]]]}},{"type":"Feature","properties":{"civic_code":"207-11-002","name":"Djokoudoaou","settlement_type":"village","canton_official_code":null,"review_status":"proposed","geometry_role":"non_authoritative_settlement_reference_extent","source":"paired-settlement-reference-extents/settlement-aware-reference-extents.geojson","commune_official_code":"B07047","official_code":"B07047"},"geometry":{"type":"Polygon","coordinates":[[[1.075138,6.937886],[1.076711,6.936093],[1.077263,6.933978],[1.076711,6.931864],[1.075138,6.930071],[1.072785,6.928873],[1.070008,6.928452],[1.067232,6.928873],[1.064878,6.930071],[1.063306,6.931864],[1.062753,6.933978],[1.063306,6.936093],[1.064657,6.937634],[1.066057,6.937846],[1.068411,6.939044],[1.068632,6.939296],[1.070008,6.939505],[1.072785,6.939084],[1.075138,6.937886]]]}},{"type":"Feature","properties":{"civic_code":"207-11-003","name":"Fawoukpé","settlement_type":"village","canton_official_code":null,"review_status":"proposed","geometry_role":"non_authoritative_settlement_reference_extent","source":"paired-settlement-reference-extents/settlement-aware-reference-extents.geojson","commune_official_code":"B07047","official_code":"B07047"},"geometry":{"type":"Polygon","coordinates":[[[1.0056,6.966605],[1.006153,6.96449],[1.0056,6.962375],[1.004028,6.960582],[1.001674,6.959384],[0.998898,6.958963],[0.996121,6.959384],[0.993768,6.960582],[0.992195,6.962375],[0.991643,6.96449],[0.992195,6.966605],[0.993768,6.968398],[0.996121,6.969596],[0.998898,6.970017],[1.001674,6.969596],[1.004028,6.968398],[1.0056,6.966605]]]}},{"type":"Feature","properties":{"civic_code":"207-11-004","name":"Golowou","settlement_type":"village","canton_official_code":null,"review_status":"proposed","geometry_role":"non_authoritative_settlement_reference_extent","source":"paired-settlement-reference-extents/settlement-aware-reference-extents.geojson","commune_official_code":"B07047","official_code":"B07047"},"geometry":{"type":"Polygon","coordinates":[[[1.016324,6.928544],[1.015771,6.926429],[1.014199,6.924636],[1.011845,6.923438],[1.009069,6.923017],[1.006292,6.923438],[1.003939,6.924636],[1.002366,6.926429],[1.001814,6.928544],[1.002366,6.930659],[1.003939,6.932452],[1.006292,6.933649],[1.009069,6.93407],[1.011845,6.933649],[1.014199,6.932452],[1.015771,6.930659],[1.016324,6.928544]]]}},{"type":"Feature","properties":{"civic_code":"207-11-005","name":"Hahomégbé","settlement_type":"village","canton_official_code":null,"review_status":"proposed","geometry_role":"non_authoritative_settlement_reference_extent","source":"paired-settlement-reference-extents/settlement-aware-reference-extents.geojson","commune_official_code":"B07047","official_code":"B07047"},"geometry":{"type":"Polygon","coordinates":[[[1.03265,6.930263],[1.031078,6.92847],[1.028724,6.927272],[1.025947,6.926851],[1.023171,6.927272],[1.020817,6.92847],[1.019245,6.930263],[1.018693,6.932378],[1.019245,6.934493],[1.020817,6.936285],[1.023171,6.937483],[1.025947,6.937904],[1.028724,6.937483],[1.031078,6.936285],[1.03265,6.934493],[1.033202,6.932378],[1.03265,6.930263]]]}},{"type":"Feature","properties":{"civic_code":"207-11-006","name":"Kpota","settlement_type":"village","canton_official_code":null,"review_status":"proposed","geometry_role":"non_authoritative_settlement_reference_extent","source":"paired-settlement-reference-extents/settlement-aware-reference-extents.geojson","commune_official_code":"B07047","official_code":"B07047"},"geometry":{"type":"Polygon","coordinates":[[[1.068626,6.958959],[1.066273,6.957761],[1.063496,6.957341],[1.06072,6.957761],[1.058366,6.958959],[1.056794,6.960752],[1.056241,6.962867],[1.056794,6.964982],[1.058366,6.966775],[1.06072,6.967973],[1.063496,6.968394],[1.066273,6.967973],[1.068626,6.966775],[1.070199,6.964982],[1.070751,6.962867],[1.070199,6.960752],[1.068626,6.958959]]]}},{"type":"Feature","properties":{"civic_code":"207-11-007","name":"Mélia","settlement_type":"village","canton_official_code":"B07047131","review_status":"proposed","geometry_role":"non_authoritative_settlement_reference_extent","source":"paired-settlement-reference-extents/settlement-aware-reference-extents.geojson","commune_official_code":"B07047","official_code":"B07047"},"geometry":{"type":"Polygon","coordinates":[[[1.105307,6.930987],[1.102531,6.931408],[1.100177,6.932606],[1.098605,6.934399],[1.098052,6.936514],[1.098605,6.938629],[1.100177,6.940422],[1.102531,6.94162],[1.105307,6.94204],[1.108084,6.94162],[1.110437,6.940422],[1.11201,6.938629],[1.112562,6.936514],[1.11201,6.934399],[1.110437,6.932606],[1.108084,6.931408],[1.105307,6.930987]]]}},{"type":"Feature","properties":{"civic_code":"207-11-009","name":"Missaomé","settlement_type":"village","canton_official_code":null,"review_status":"proposed","geometry_role":"non_authoritative_settlement_reference_extent","source":"paired-settlement-reference-extents/settlement-aware-reference-extents.geojson","commune_official_code":"B07047","official_code":"B07047"},"geometry":{"type":"Polygon","coordinates":[[[1.04924,6.879937],[1.046464,6.880358],[1.04411,6.881556],[1.042537,6.883348],[1.041985,6.885463],[1.042537,6.887578],[1.04411,6.88937],[1.046464,6.890568],[1.04924,6.890989],[1.052016,6.890568],[1.05437,6.88937],[1.055943,6.887578],[1.056495,6.885463],[1.055943,6.883348],[1.05437,6.881556],[1.052016,6.880358],[1.04924,6.879937]]]}},{"type":"Feature","properties":{"civic_code":"207-11-012","name":"Santo","settlement_type":"village","canton_official_code":null,"review_status":"proposed","geometry_role":"non_authoritative_settlement_reference_extent","source":"paired-settlement-reference-extents/settlement-aware-reference-extents.geojson","commune_official_code":"B07047","official_code":"B07047"},"geometry":{"type":"Polygon","coordinates":[[[1.048669,6.931106],[1.046315,6.932304],[1.044743,6.934096],[1.04419,6.936211],[1.044743,6.938326],[1.046315,6.940119],[1.048669,6.941317],[1.051445,6.941738],[1.054222,6.941317],[1.056575,6.940119],[1.058148,6.938326],[1.0587,6.936211],[1.058148,6.934096],[1.056575,6.932304],[1.054222,6.931106],[1.051445,6.930685],[1.048669,6.931106]]]}},{"type":"Feature","properties":{"civic_code":"207-11-013","name":"Tendjessou","settlement_type":"village","canton_official_code":null,"review_status":"proposed","geometry_role":"non_authoritative_settlement_reference_extent","source":"paired-settlement-reference-extents/settlement-aware-reference-extents.geojson","commune_official_code":"B07047","official_code":"B07047"},"geometry":{"type":"Polygon","coordinates":[[[1.051136,6.959676],[1.049564,6.961469],[1.049012,6.963584],[1.049564,6.965699],[1.051136,6.967492],[1.05349,6.96869],[1.056266,6.969111],[1.059043,6.96869],[1.060586,6.967905],[1.058366,6.966775],[1.056794,6.964982],[1.056241,6.962867],[1.056794,6.960752],[1.058366,6.958959],[1.059177,6.958547],[1.059043,6.958478],[1.056266,6.958058],[1.05349,6.958478],[1.051136,6.959676]]]}},{"type":"Feature","properties":{"civic_code":"207-11-014","name":"Tsravekoe","settlement_type":"village","canton_official_code":null,"review_status":"proposed","geometry_role":"non_authoritative_settlement_reference_extent","source":"paired-settlement-reference-extents/settlement-aware-reference-extents.geojson","commune_official_code":"B07047","official_code":"B07047"},"geometry":{"type":"Polygon","coordinates":[[[1.008621,6.875091],[1.008068,6.877205],[1.008621,6.87932],[1.010193,6.881113],[1.012547,6.882311],[1.015323,6.882731],[1.0181,6.882311],[1.020453,6.881113],[1.022026,6.87932],[1.022578,6.877205],[1.022026,6.875091],[1.020453,6.873298],[1.0181,6.8721],[1.015323,6.87168],[1.012547,6.8721],[1.010193,6.873298],[1.008621,6.875091]]]}},{"type":"Feature","properties":{"civic_code":"207-11-015","name":"Yokou","settlement_type":"village","canton_official_code":null,"review_status":"proposed","geometry_role":"non_authoritative_settlement_reference_extent","source":"paired-settlement-reference-extents/settlement-aware-reference-extents.geojson","commune_official_code":"B07047","official_code":"B07047"},"geometry":{"type":"Polygon","coordinates":[[[0.999111,6.987739],[0.999663,6.989855],[1.001236,6.991648],[1.00359,6.992846],[1.006366,6.993267],[1.009142,6.992846],[1.011496,6.991648],[1.013069,6.989855],[1.013621,6.987739],[1.013069,6.985624],[1.011496,6.983831],[1.009142,6.982633],[1.006366,6.982213],[1.00359,6.982633],[1.001236,6.983831],[0.999663,6.985624],[0.999111,6.987739]]]}},{"type":"Feature","properties":{"civic_code":"207-11-011","name":"Notsé","settlement_type":"town","canton_official_code":"B07047131","review_status":"proposed","geometry_role":"non_authoritative_settlement_reference_extent","source":"paired-settlement-reference-extents/settlement-aware-reference-extents.geojson","commune_official_code":"B07047","official_code":"B07047"},"geometry":{"type":"Polygon","coordinates":[[[1.1475,6.94802],[1.149236,6.954667],[1.154179,6.960302],[1.161576,6.964067],[1.168907,6.965178],[1.171299,6.964429],[1.179383,6.963886],[1.186424,6.960302],[1.191367,6.954667],[1.193103,6.94802],[1.191367,6.941373],[1.186424,6.935738],[1.179027,6.931973],[1.170302,6.930651],[1.161576,6.931973],[1.154179,6.935738],[1.149236,6.941373],[1.1475,6.94802]]]}},{"type":"Feature","properties":{"civic_code":"106-02-020","name":"Tokpo","settlement_type":"village","canton_official_code":null,"review_status":"proposed","geometry_role":"non_authoritative_settlement_reference_extent","source":"paired-settlement-reference-extents/settlement-aware-reference-extents.geojson","commune_official_code":"B07047","official_code":"B07047"},"geometry":{"type":"Polygon","coordinates":[[[1.038819,6.864513],[1.036465,6.863315],[1.033689,6.862895],[1.030912,6.863315],[1.028558,6.864513],[1.026986,6.866306],[1.026487,6.868216],[1.033484,6.871072],[1.036786,6.869987],[1.036719,6.869355],[1.040715,6.867544],[1.040391,6.866306],[1.038819,6.864513]]]}},{"type":"Feature","properties":{"civic_code":"207-02-001","name":"Adjivou","settlement_type":"village","canton_official_code":"B07048135","review_status":"proposed","geometry_role":"non_authoritative_settlement_reference_extent","source":"paired-settlement-reference-extents/settlement-aware-reference-extents.geojson","commune_official_code":"B07048","official_code":"B07048"},"geometry":{"type":"Polygon","coordinates":[[[1.418729,6.965458],[1.415953,6.965037],[1.413177,6.965458],[1.410823,6.966656],[1.40925,6.968449],[1.408698,6.970564],[1.40925,6.972679],[1.410823,6.974472],[1.413177,6.97567],[1.415953,6.976091],[1.418729,6.97567],[1.421083,6.974472],[1.422656,6.972679],[1.423208,6.970564],[1.422656,6.968449],[1.421083,6.966656],[1.418729,6.965458]]]}},{"type":"Feature","properties":{"civic_code":"207-02-003","name":"Akétchom","settlement_type":"village","canton_official_code":"B07048135","review_status":"proposed","geometry_role":"non_authoritative_settlement_reference_extent","source":"paired-settlement-reference-extents/settlement-aware-reference-extents.geojson","commune_official_code":"B07048","official_code":"B07048"},"geometry":{"type":"Polygon","coordinates":[[[1.430329,6.9474],[1.427553,6.94782],[1.425199,6.949019],[1.423627,6.950811],[1.423074,6.952926],[1.423627,6.955041],[1.425199,6.956834],[1.427553,6.958032],[1.430329,6.958453],[1.433106,6.958032],[1.435459,6.956834],[1.437032,6.955041],[1.437584,6.952926],[1.437032,6.950811],[1.435459,6.949019],[1.433106,6.94782],[1.430329,6.9474]]]}},{"type":"Feature","properties":{"civic_code":"207-02-005","name":"Badji","settlement_type":"village","canton_official_code":"B07048135","review_status":"proposed","geometry_role":"non_authoritative_settlement_reference_extent","source":"paired-settlement-reference-extents/settlement-aware-reference-extents.geojson","commune_official_code":"B07048","official_code":"B07048"},"geometry":{"type":"Polygon","coordinates":[[[1.466834,6.967076],[1.46448,6.968274],[1.462907,6.970067],[1.462355,6.972182],[1.462907,6.974297],[1.46448,6.97609],[1.466834,6.977288],[1.46961,6.977709],[1.472386,6.977288],[1.47474,6.97609],[1.476313,6.974297],[1.476865,6.972182],[1.476313,6.970067],[1.47474,6.968274],[1.472386,6.967076],[1.46961,6.966655],[1.466834,6.967076]]]}},{"type":"Feature","properties":{"civic_code":"207-02-007","name":"Gbohoulé","settlement_type":"village","canton_official_code":"B07048135","review_status":"proposed","geometry_role":"non_authoritative_settlement_reference_extent","source":"paired-settlement-reference-extents/settlement-aware-reference-extents.geojson","commune_official_code":"B07048","official_code":"B07048"},"geometry":{"type":"Polygon","coordinates":[[[1.524093,6.936526],[1.52252,6.938319],[1.521968,6.940434],[1.52252,6.942549],[1.524093,6.944342],[1.526446,6.94554],[1.529223,6.94596],[1.531999,6.94554],[1.534353,6.944342],[1.535925,6.942549],[1.536478,6.940434],[1.535925,6.938319],[1.534353,6.936526],[1.531999,6.935328],[1.529223,6.934907],[1.526446,6.935328],[1.524093,6.936526]]]}},{"type":"Feature","properties":{"civic_code":"207-02-008","name":"Kotokloè","settlement_type":"village","canton_official_code":"B07048135","review_status":"proposed","geometry_role":"non_authoritative_settlement_reference_extent","source":"paired-settlement-reference-extents/settlement-aware-reference-extents.geojson","commune_official_code":"B07048","official_code":"B07048"},"geometry":{"type":"Polygon","coordinates":[[[1.356336,7.06588],[1.355783,7.067995],[1.356336,7.07011],[1.357908,7.071904],[1.360262,7.073102],[1.363038,7.073523],[1.365815,7.073102],[1.368168,7.071904],[1.369741,7.07011],[1.370293,7.067995],[1.369741,7.06588],[1.368168,7.064086],[1.365815,7.062888],[1.363038,7.062467],[1.360262,7.062888],[1.357908,7.064086],[1.356336,7.06588]]]}},{"type":"Feature","properties":{"civic_code":"207-02-010","name":"Tetetou","settlement_type":"village","canton_official_code":"B07048135","review_status":"proposed","geometry_role":"non_authoritative_settlement_reference_extent","source":"paired-settlement-reference-extents/settlement-aware-reference-extents.geojson","commune_official_code":"B07048","official_code":"B07048"},"geometry":{"type":"Polygon","coordinates":[[[1.493789,7.013752],[1.494341,7.015867],[1.495913,7.01766],[1.498267,7.018858],[1.501043,7.019279],[1.50382,7.018858],[1.506174,7.01766],[1.507746,7.015867],[1.508298,7.013752],[1.507746,7.011637],[1.506174,7.009843],[1.50382,7.008645],[1.501043,7.008225],[1.498267,7.008645],[1.495913,7.009843],[1.494341,7.011637],[1.493789,7.013752]]]}},{"type":"Feature","properties":{"civic_code":"207-02-011","name":"Tohouedehoue","settlement_type":"village","canton_official_code":"B07048135","review_status":"proposed","geometry_role":"non_authoritative_settlement_reference_extent","source":"paired-settlement-reference-extents/settlement-aware-reference-extents.geojson","commune_official_code":"B07048","official_code":"B07048"},"geometry":{"type":"Polygon","coordinates":[[[1.367058,6.985525],[1.36863,6.987318],[1.370984,6.988516],[1.37376,6.988936],[1.376537,6.988516],[1.37889,6.987318],[1.380463,6.985525],[1.381015,6.983409],[1.380463,6.981294],[1.37889,6.979501],[1.376537,6.978303],[1.37376,6.977883],[1.370984,6.978303],[1.36863,6.979501],[1.367058,6.981294],[1.366505,6.983409],[1.367058,6.985525]]]}},{"type":"Feature","properties":{"civic_code":"207-02-013","name":"Zokouvé Kpoguédé","settlement_type":"village","canton_official_code":"B07048135","review_status":"proposed","geometry_role":"non_authoritative_settlement_reference_extent","source":"paired-settlement-reference-extents/settlement-aware-reference-extents.geojson","commune_official_code":"B07048","official_code":"B07048"},"geometry":{"type":"Polygon","coordinates":[[[1.515318,7.015959],[1.517671,7.017158],[1.520448,7.017578],[1.523224,7.017158],[1.525578,7.015959],[1.52715,7.014166],[1.527703,7.012051],[1.52715,7.009936],[1.525578,7.008143],[1.523224,7.006945],[1.520448,7.006524],[1.517671,7.006945],[1.515318,7.008143],[1.513745,7.009936],[1.513193,7.012051],[1.513745,7.014166],[1.515318,7.015959]]]}},{"type":"Feature","properties":{"civic_code":"207-05-005","name":"KOKLOUNOU","settlement_type":"village","canton_official_code":"B02048134","review_status":"proposed","geometry_role":"non_authoritative_settlement_reference_extent","source":"paired-settlement-reference-extents/settlement-aware-reference-extents.geojson","commune_official_code":"B07048","official_code":"B07048"},"geometry":{"type":"Polygon","coordinates":[[[1.277277,6.993365],[1.280054,6.993785],[1.28283,6.993365],[1.285184,6.992166],[1.286756,6.990373],[1.287309,6.988258],[1.286756,6.986143],[1.285184,6.98435],[1.28283,6.983152],[1.280054,6.982731],[1.277277,6.983152],[1.274924,6.98435],[1.273351,6.986143],[1.272799,6.988258],[1.273351,6.990373],[1.274924,6.992166],[1.277277,6.993365]]]}},{"type":"Feature","properties":{"civic_code":"207-05-007","name":"Tiavé","settlement_type":"village","canton_official_code":"B02048134","review_status":"proposed","geometry_role":"non_authoritative_settlement_reference_extent","source":"paired-settlement-reference-extents/settlement-aware-reference-extents.geojson","commune_official_code":"B07048","official_code":"B07048"},"geometry":{"type":"Polygon","coordinates":[[[1.312829,6.943228],[1.315605,6.942807],[1.317959,6.941609],[1.319531,6.939816],[1.320084,6.937701],[1.319531,6.935587],[1.317959,6.933794],[1.315605,6.932596],[1.312829,6.932175],[1.310052,6.932596],[1.307699,6.933794],[1.306126,6.935587],[1.305574,6.937701],[1.306126,6.939816],[1.307699,6.941609],[1.310052,6.942807],[1.312829,6.943228]]]}},{"type":"Feature","properties":{"civic_code":"207-05-008","name":"TODOME","settlement_type":"village","canton_official_code":"B02048134","review_status":"proposed","geometry_role":"non_authoritative_settlement_reference_extent","source":"paired-settlement-reference-extents/settlement-aware-reference-extents.geojson","commune_official_code":"B07048","official_code":"B07048"},"geometry":{"type":"Polygon","coordinates":[[[1.251377,6.926043],[1.253731,6.924845],[1.255304,6.923052],[1.255856,6.920937],[1.255304,6.918822],[1.253731,6.91703],[1.251377,6.915832],[1.248601,6.915411],[1.245825,6.915832],[1.243471,6.91703],[1.241898,6.918822],[1.241346,6.920937],[1.241898,6.923052],[1.243471,6.924845],[1.245825,6.926043],[1.248601,6.926464],[1.251377,6.926043]]]}},{"type":"Feature","properties":{"civic_code":"207-09-001","name":"Agbatitoé","settlement_type":"village","canton_official_code":"B07049136","review_status":"proposed","geometry_role":"non_authoritative_settlement_reference_extent","source":"paired-settlement-reference-extents/settlement-aware-reference-extents.geojson","commune_official_code":"B07049","official_code":"B07049"},"geometry":{"type":"Polygon","coordinates":[[[1.157068,7.066771],[1.154291,7.06635],[1.151515,7.066771],[1.149161,7.067969],[1.147589,7.069763],[1.147036,7.071878],[1.147589,7.073993],[1.149161,7.075787],[1.151515,7.076985],[1.154291,7.077406],[1.157068,7.076985],[1.159421,7.075787],[1.160994,7.073993],[1.161546,7.071878],[1.160994,7.069763],[1.159421,7.067969],[1.157068,7.066771]]]}},{"type":"Feature","properties":{"civic_code":"207-09-002","name":"Akpakpakpé","settlement_type":"village","canton_official_code":null,"review_status":"proposed","geometry_role":"non_authoritative_settlement_reference_extent","source":"paired-settlement-reference-extents/settlement-aware-reference-extents.geojson","commune_official_code":"B07049","official_code":"B07049"},"geometry":{"type":"Polygon","coordinates":[[[1.071787,7.114437],[1.069011,7.114017],[1.066234,7.114437],[1.06388,7.115636],[1.062308,7.117429],[1.061756,7.119545],[1.062308,7.121661],[1.06388,7.123454],[1.066234,7.124653],[1.069011,7.125074],[1.071787,7.124653],[1.074141,7.123454],[1.075713,7.121661],[1.076265,7.119545],[1.075713,7.117429],[1.074141,7.115636],[1.071787,7.114437]]]}},{"type":"Feature","properties":{"civic_code":"207-09-003","name":"Alati kpota","settlement_type":"village","canton_official_code":"B07049136","review_status":"proposed","geometry_role":"non_authoritative_settlement_reference_extent","source":"paired-settlement-reference-extents/settlement-aware-reference-extents.geojson","commune_official_code":"B07049","official_code":"B07049"},"geometry":{"type":"Polygon","coordinates":[[[0.991998,7.050842],[0.989644,7.052041],[0.988071,7.053834],[0.987519,7.055949],[0.988071,7.058065],[0.989644,7.059858],[0.991998,7.061056],[0.994774,7.061477],[0.99755,7.061056],[0.999904,7.059858],[1.001477,7.058065],[1.002029,7.055949],[1.001477,7.053834],[0.999904,7.052041],[0.99755,7.050842],[0.994774,7.050422],[0.991998,7.050842]]]}},{"type":"Feature","properties":{"civic_code":"207-09-004","name":"Alati Marche","settlement_type":"village","canton_official_code":"B07049136","review_status":"proposed","geometry_role":"non_authoritative_settlement_reference_extent","source":"paired-settlement-reference-extents/settlement-aware-reference-extents.geojson","commune_official_code":"B07049","official_code":"B07049"},"geometry":{"type":"Polygon","coordinates":[[[1.136995,6.979276],[1.135422,6.981069],[1.13487,6.983184],[1.135422,6.985299],[1.136995,6.987092],[1.139348,6.98829],[1.142125,6.988711],[1.144901,6.98829],[1.147255,6.987092],[1.148827,6.985299],[1.14938,6.983184],[1.148827,6.981069],[1.147255,6.979276],[1.144901,6.978078],[1.142125,6.977657],[1.139348,6.978078],[1.136995,6.979276]]]}},{"type":"Feature","properties":{"civic_code":"207-09-005","name":"Ali Kopé","settlement_type":"village","canton_official_code":"B07049136","review_status":"proposed","geometry_role":"non_authoritative_settlement_reference_extent","source":"paired-settlement-reference-extents/settlement-aware-reference-extents.geojson","commune_official_code":"B07049","official_code":"B07049"},"geometry":{"type":"Polygon","coordinates":[[[1.152612,7.026547],[1.152059,7.028662],[1.152612,7.030777],[1.154184,7.032571],[1.156538,7.033769],[1.159314,7.03419],[1.162091,7.033769],[1.164444,7.032571],[1.166017,7.030777],[1.166569,7.028662],[1.166017,7.026547],[1.164444,7.024754],[1.162091,7.023555],[1.159314,7.023135],[1.156538,7.023555],[1.154184,7.024754],[1.152612,7.026547]]]}},{"type":"Feature","properties":{"civic_code":"207-09-006","name":"Avoklopé","settlement_type":"village","canton_official_code":"B07049136","review_status":"proposed","geometry_role":"non_authoritative_settlement_reference_extent","source":"paired-settlement-reference-extents/settlement-aware-reference-extents.geojson","commune_official_code":"B07049","official_code":"B07049"},"geometry":{"type":"Polygon","coordinates":[[[0.981518,7.085033],[0.98207,7.087148],[0.983643,7.088942],[0.985996,7.09014],[0.988773,7.090561],[0.991549,7.09014],[0.993903,7.088942],[0.995475,7.087148],[0.996028,7.085033],[0.995475,7.082917],[0.993903,7.081124],[0.991549,7.079925],[0.988773,7.079505],[0.985996,7.079925],[0.983643,7.081124],[0.98207,7.082917],[0.981518,7.085033]]]}},{"type":"Feature","properties":{"civic_code":"207-09-007","name":"Djanta kopé","settlement_type":"village","canton_official_code":"B07049136","review_status":"proposed","geometry_role":"non_authoritative_settlement_reference_extent","source":"paired-settlement-reference-extents/settlement-aware-reference-extents.geojson","commune_official_code":"B07049","official_code":"B07049"},"geometry":{"type":"Polygon","coordinates":[[[1.268058,7.103974],[1.26963,7.105768],[1.271984,7.106966],[1.27476,7.107387],[1.277537,7.106966],[1.279891,7.105768],[1.281463,7.103974],[1.282015,7.101858],[1.281463,7.099743],[1.279891,7.097949],[1.277537,7.096751],[1.27476,7.09633],[1.271984,7.096751],[1.26963,7.097949],[1.268058,7.099743],[1.267506,7.101858],[1.268058,7.103974]]]}},{"type":"Feature","properties":{"civic_code":"207-09-008","name":"Étou Copé","settlement_type":"village","canton_official_code":null,"review_status":"proposed","geometry_role":"non_authoritative_settlement_reference_extent","source":"paired-settlement-reference-extents/settlement-aware-reference-extents.geojson","commune_official_code":"B07049","official_code":"B07049"},"geometry":{"type":"Polygon","coordinates":[[[1.044504,7.116596],[1.046076,7.118389],[1.04843,7.119588],[1.051206,7.120009],[1.053983,7.119588],[1.056337,7.118389],[1.057909,7.116596],[1.058461,7.11448],[1.057909,7.112364],[1.056337,7.110571],[1.053983,7.109372],[1.051206,7.108952],[1.04843,7.109372],[1.046076,7.110571],[1.044504,7.112364],[1.043952,7.11448],[1.044504,7.116596]]]}},{"type":"Feature","properties":{"civic_code":"207-09-009","name":"Hekpe","settlement_type":"village","canton_official_code":"B07049136","review_status":"proposed","geometry_role":"non_authoritative_settlement_reference_extent","source":"paired-settlement-reference-extents/settlement-aware-reference-extents.geojson","commune_official_code":"B07049","official_code":"B07049"},"geometry":{"type":"Polygon","coordinates":[[[1.042907,7.049464],[1.051435,7.047068],[1.051996,7.047019],[1.052448,7.046503],[1.053,7.044388],[1.052448,7.042273],[1.050875,7.040479],[1.048521,7.039281],[1.045745,7.03886],[1.042969,7.039281],[1.040615,7.040479],[1.039042,7.042273],[1.03849,7.044388],[1.039042,7.046503],[1.040615,7.048297],[1.042907,7.049464]]]}},{"type":"Feature","properties":{"civic_code":"207-09-010","name":"Klouloko Cope","settlement_type":"village","canton_official_code":"B07049136","review_status":"proposed","geometry_role":"non_authoritative_settlement_reference_extent","source":"paired-settlement-reference-extents/settlement-aware-reference-extents.geojson","commune_official_code":"B07049","official_code":"B07049"},"geometry":{"type":"Polygon","coordinates":[[[1.122068,7.061038],[1.123641,7.059245],[1.124193,7.05713],[1.123641,7.055014],[1.122068,7.053221],[1.119715,7.052023],[1.116938,7.051602],[1.114162,7.052023],[1.111808,7.053221],[1.110837,7.054329],[1.112667,7.055269],[1.115388,7.062423],[1.116938,7.062657],[1.119715,7.062237],[1.122068,7.061038]]]}},{"type":"Feature","properties":{"civic_code":"207-09-014","name":"Rodokpé","settlement_type":"village","canton_official_code":"B07049136","review_status":"proposed","geometry_role":"non_authoritative_settlement_reference_extent","source":"paired-settlement-reference-extents/settlement-aware-reference-extents.geojson","commune_official_code":"B07049","official_code":"B07049"},"geometry":{"type":"Polygon","coordinates":[[[1.158317,7.050966],[1.16067,7.049768],[1.162243,7.047975],[1.162795,7.045859],[1.162243,7.043744],[1.16067,7.041951],[1.158317,7.040752],[1.15554,7.040332],[1.152764,7.040752],[1.15041,7.041951],[1.148838,7.043744],[1.148285,7.045859],[1.148838,7.047975],[1.15041,7.049768],[1.152764,7.050966],[1.15554,7.051387],[1.158317,7.050966]]]}},{"type":"Feature","properties":{"civic_code":"207-09-015","name":"Tchinigan","settlement_type":"village","canton_official_code":"B07049136","review_status":"proposed","geometry_role":"non_authoritative_settlement_reference_extent","source":"paired-settlement-reference-extents/settlement-aware-reference-extents.geojson","commune_official_code":"B07049","official_code":"B07049"},"geometry":{"type":"Polygon","coordinates":[[[1.011019,7.020651],[1.012592,7.018858],[1.013144,7.016743],[1.012592,7.014627],[1.011019,7.012834],[1.008665,7.011636],[1.005889,7.011215],[1.003113,7.011636],[1.000759,7.012834],[0.999186,7.014627],[0.998634,7.016743],[0.999186,7.018858],[1.000759,7.020651],[1.003113,7.021849],[1.005889,7.02227],[1.008665,7.021849],[1.011019,7.020651]]]}},{"type":"Feature","properties":{"civic_code":"207-09-016","name":"Village de ZOMAÏ","settlement_type":"village","canton_official_code":null,"review_status":"proposed","geometry_role":"non_authoritative_settlement_reference_extent","source":"paired-settlement-reference-extents/settlement-aware-reference-extents.geojson","commune_official_code":"B07049","official_code":"B07049"},"geometry":{"type":"Polygon","coordinates":[[[1.094893,7.080141],[1.096465,7.078347],[1.097018,7.076232],[1.096465,7.074116],[1.094893,7.072323],[1.092539,7.071124],[1.089763,7.070704],[1.086986,7.071124],[1.084633,7.072323],[1.08306,7.074116],[1.082508,7.076232],[1.08306,7.078347],[1.084633,7.080141],[1.086986,7.081339],[1.089763,7.08176],[1.092539,7.081339],[1.094893,7.080141]]]}},{"type":"Feature","properties":{"civic_code":"207-09-013","name":"Médjé","settlement_type":"village","canton_official_code":null,"review_status":"proposed","geometry_role":"non_authoritative_settlement_reference_extent","source":"paired-settlement-reference-extents/settlement-aware-reference-extents.geojson","commune_official_code":"B07050","official_code":"B07050"},"geometry":{"type":"Polygon","coordinates":[[[0.97315,7.084102],[0.971577,7.085895],[0.971025,7.088011],[0.971577,7.090126],[0.97315,7.09192],[0.975503,7.093118],[0.97828,7.093539],[0.981056,7.093118],[0.98341,7.09192],[0.984982,7.090126],[0.984994,7.090082],[0.975328,7.082993],[0.97315,7.084102]]]}},{"type":"Feature","properties":{"civic_code":"207-12-001","name":"Adanka","settlement_type":"village","canton_official_code":"B07050138","review_status":"proposed","geometry_role":"non_authoritative_settlement_reference_extent","source":"paired-settlement-reference-extents/settlement-aware-reference-extents.geojson","commune_official_code":"B07050","official_code":"B07050"},"geometry":{"type":"Polygon","coordinates":[[[1.163112,7.210225],[1.160336,7.210645],[1.157982,7.211844],[1.15641,7.213638],[1.155857,7.215754],[1.15641,7.21787],[1.157982,7.219664],[1.160336,7.220863],[1.163112,7.221284],[1.165889,7.220863],[1.168242,7.219664],[1.169815,7.21787],[1.170367,7.215754],[1.169815,7.213638],[1.168242,7.211844],[1.165889,7.210645],[1.163112,7.210225]]]}},{"type":"Feature","properties":{"civic_code":"207-12-002","name":"Agadjamé","settlement_type":"village","canton_official_code":"B07050138","review_status":"proposed","geometry_role":"non_authoritative_settlement_reference_extent","source":"paired-settlement-reference-extents/settlement-aware-reference-extents.geojson","commune_official_code":"B07050","official_code":"B07050"},"geometry":{"type":"Polygon","coordinates":[[[1.159865,7.22592],[1.157512,7.227118],[1.155939,7.228912],[1.155387,7.231029],[1.155939,7.233145],[1.157512,7.234939],[1.159865,7.236138],[1.162642,7.236558],[1.165418,7.236138],[1.167772,7.234939],[1.169344,7.233145],[1.169897,7.231029],[1.169344,7.228912],[1.167772,7.227118],[1.165418,7.22592],[1.162642,7.225499],[1.159865,7.22592]]]}},{"type":"Feature","properties":{"civic_code":"207-12-004","name":"Gotha Kabyè","settlement_type":"village","canton_official_code":"B07050138","review_status":"proposed","geometry_role":"non_authoritative_settlement_reference_extent","source":"paired-settlement-reference-extents/settlement-aware-reference-extents.geojson","commune_official_code":"B07050","official_code":"B07050"},"geometry":{"type":"Polygon","coordinates":[[[1.195675,7.174122],[1.194102,7.175916],[1.19355,7.178032],[1.194102,7.180148],[1.195675,7.181941],[1.198028,7.18314],[1.200805,7.183561],[1.203581,7.18314],[1.205935,7.181941],[1.207507,7.180148],[1.20806,7.178032],[1.207507,7.175916],[1.205935,7.174122],[1.203581,7.172923],[1.200805,7.172502],[1.198028,7.172923],[1.195675,7.174122]]]}},{"type":"Feature","properties":{"civic_code":"207-12-005","name":"KONAKRY","settlement_type":"village","canton_official_code":"B07050138","review_status":"proposed","geometry_role":"non_authoritative_settlement_reference_extent","source":"paired-settlement-reference-extents/settlement-aware-reference-extents.geojson","commune_official_code":"B07050","official_code":"B07050"},"geometry":{"type":"Polygon","coordinates":[[[1.114002,7.186142],[1.113449,7.188257],[1.114002,7.190373],[1.115574,7.192167],[1.117928,7.193366],[1.120704,7.193787],[1.123481,7.193366],[1.125834,7.192167],[1.127407,7.190373],[1.127959,7.188257],[1.127407,7.186142],[1.125834,7.184348],[1.123481,7.183149],[1.120704,7.182728],[1.117928,7.183149],[1.115574,7.184348],[1.114002,7.186142]]]}},{"type":"Feature","properties":{"civic_code":"207-12-006","name":"Kparou","settlement_type":"village","canton_official_code":"B07050138","review_status":"proposed","geometry_role":"non_authoritative_settlement_reference_extent","source":"paired-settlement-reference-extents/settlement-aware-reference-extents.geojson","commune_official_code":"B07050","official_code":"B07050"},"geometry":{"type":"Polygon","coordinates":[[[1.133242,7.163369],[1.133794,7.165485],[1.135367,7.167279],[1.13772,7.168477],[1.140497,7.168898],[1.143273,7.168477],[1.145627,7.167279],[1.147199,7.165485],[1.147752,7.163369],[1.147199,7.161253],[1.145627,7.15946],[1.143273,7.158261],[1.140497,7.15784],[1.13772,7.158261],[1.135367,7.15946],[1.133794,7.161253],[1.133242,7.163369]]]}},{"type":"Feature","properties":{"civic_code":"207-12-007","name":"Poudè","settlement_type":"village","canton_official_code":"B07050138","review_status":"proposed","geometry_role":"non_authoritative_settlement_reference_extent","source":"paired-settlement-reference-extents/settlement-aware-reference-extents.geojson","commune_official_code":"B07050","official_code":"B07050"},"geometry":{"type":"Polygon","coordinates":[[[1.217152,7.194746],[1.218725,7.19654],[1.221078,7.197739],[1.223855,7.19816],[1.226631,7.197739],[1.228985,7.19654],[1.230557,7.194746],[1.23111,7.19263],[1.230557,7.190514],[1.228985,7.18872],[1.226631,7.187522],[1.223855,7.187101],[1.221078,7.187522],[1.218725,7.18872],[1.217152,7.190514],[1.2166,7.19263],[1.217152,7.194746]]]}},{"type":"Feature","properties":{"civic_code":"207-12-008","name":"Somone-Cope","settlement_type":"village","canton_official_code":"B07050138","review_status":"proposed","geometry_role":"non_authoritative_settlement_reference_extent","source":"paired-settlement-reference-extents/settlement-aware-reference-extents.geojson","commune_official_code":"B07050","official_code":"B07050"},"geometry":{"type":"Polygon","coordinates":[[[1.207387,7.140015],[1.20974,7.141214],[1.212517,7.141635],[1.215293,7.141214],[1.217647,7.140015],[1.219219,7.138222],[1.219772,7.136106],[1.219219,7.13399],[1.217647,7.132196],[1.215293,7.130998],[1.212517,7.130577],[1.20974,7.130998],[1.207387,7.132196],[1.205814,7.13399],[1.205262,7.136106],[1.205814,7.138222],[1.207387,7.140015]]]}},{"type":"Feature","properties":{"civic_code":"207-12-009","name":"Wahala","settlement_type":"village","canton_official_code":"B07050138","review_status":"proposed","geometry_role":"non_authoritative_settlement_reference_extent","source":"paired-settlement-reference-extents/settlement-aware-reference-extents.geojson","commune_official_code":"B07050","official_code":"B07050"},"geometry":{"type":"Polygon","coordinates":[[[1.162616,7.177616],[1.166979,7.178277],[1.171342,7.177616],[1.17504,7.175732],[1.177511,7.172913],[1.178379,7.169588],[1.177511,7.166264],[1.17504,7.163445],[1.171342,7.161561],[1.166979,7.1609],[1.162616,7.161561],[1.158917,7.163445],[1.156446,7.166264],[1.155578,7.169588],[1.156446,7.172913],[1.158917,7.175732],[1.162616,7.177616]]]}},{"type":"Feature","properties":{"civic_code":"208-03-001","name":"Gbalave","settlement_type":"village","canton_official_code":"B08051145","review_status":"proposed","geometry_role":"non_authoritative_settlement_reference_extent","source":"paired-settlement-reference-extents/settlement-aware-reference-extents.geojson","commune_official_code":"B08051","official_code":"B08051"},"geometry":{"type":"Polygon","coordinates":[[[0.602866,6.857705],[0.60009,6.857284],[0.597314,6.857705],[0.59496,6.858903],[0.593387,6.860695],[0.592835,6.86281],[0.593387,6.864924],[0.59496,6.866717],[0.597314,6.867915],[0.60009,6.868335],[0.602866,6.867915],[0.60522,6.866717],[0.606793,6.864924],[0.607345,6.86281],[0.606793,6.860695],[0.60522,6.858903],[0.602866,6.857705]]]}},{"type":"Feature","properties":{"civic_code":"208-03-002","name":"Volove","settlement_type":"village","canton_official_code":"B08051145","review_status":"proposed","geometry_role":"non_authoritative_settlement_reference_extent","source":"paired-settlement-reference-extents/settlement-aware-reference-extents.geojson","commune_official_code":"B08051","official_code":"B08051"},"geometry":{"type":"Polygon","coordinates":[[[0.606961,6.864278],[0.606793,6.864924],[0.60522,6.866717],[0.602866,6.867915],[0.60009,6.868335],[0.598878,6.868152],[0.598494,6.86962],[0.599047,6.871735],[0.600619,6.873527],[0.602973,6.874725],[0.605749,6.875146],[0.608526,6.874725],[0.610879,6.873527],[0.612452,6.871735],[0.613004,6.86962],[0.612452,6.867505],[0.610879,6.865713],[0.608526,6.864515],[0.606961,6.864278]]]}},{"type":"Feature","properties":{"civic_code":"208-04-001","name":"Hanyigba","settlement_type":"village","canton_official_code":"B08051146","review_status":"proposed","geometry_role":"non_authoritative_settlement_reference_extent","source":"paired-settlement-reference-extents/settlement-aware-reference-extents.geojson","commune_official_code":"B08051","official_code":"B08051"},"geometry":{"type":"Polygon","coordinates":[[[0.601797,6.899498],[0.598098,6.90138],[0.595627,6.904197],[0.594759,6.90752],[0.595627,6.910844],[0.598098,6.913661],[0.601797,6.915543],[0.606159,6.916204],[0.606513,6.916151],[0.610498,6.914724],[0.612773,6.909624],[0.614484,6.90168],[0.614221,6.90138],[0.610522,6.899498],[0.606159,6.898837],[0.601797,6.899498]]]}},{"type":"Feature","properties":{"civic_code":"208-04-002","name":"Hanyigba-Todji","settlement_type":"village","canton_official_code":"B08051146","review_status":"proposed","geometry_role":"non_authoritative_settlement_reference_extent","source":"paired-settlement-reference-extents/settlement-aware-reference-extents.geojson","commune_official_code":"B08051","official_code":"B08051"},"geometry":{"type":"Polygon","coordinates":[[[0.557689,6.892184],[0.558134,6.893633],[0.558246,6.894481],[0.557981,6.895149],[0.557831,6.895908],[0.558343,6.897331],[0.559657,6.900082],[0.561857,6.900415],[0.564633,6.899995],[0.566987,6.898797],[0.56856,6.897004],[0.569112,6.894889],[0.56856,6.892775],[0.567558,6.891632],[0.558697,6.889979],[0.558217,6.890224],[0.557717,6.891358],[0.557689,6.892184]]]}},{"type":"Feature","properties":{"civic_code":"208-06-002","name":"Kpadape","settlement_type":"village","canton_official_code":"B08051143","review_status":"proposed","geometry_role":"non_authoritative_settlement_reference_extent","source":"paired-settlement-reference-extents/settlement-aware-reference-extents.geojson","commune_official_code":"B08051","official_code":"B08051"},"geometry":{"type":"Polygon","coordinates":[[[0.58333,6.838413],[0.582462,6.841735],[0.582649,6.842449],[0.5838,6.843877],[0.588562,6.84928],[0.5895,6.849757],[0.593863,6.850418],[0.598226,6.849757],[0.601924,6.847875],[0.604396,6.845058],[0.605264,6.841735],[0.604396,6.838413],[0.601924,6.835596],[0.598226,6.833714],[0.593863,6.833053],[0.5895,6.833714],[0.585802,6.835596],[0.58333,6.838413]]]}},{"type":"Feature","properties":{"civic_code":"208-06-003","name":"Lonto-Dzogbé","settlement_type":"village","canton_official_code":null,"review_status":"proposed","geometry_role":"non_authoritative_settlement_reference_extent","source":"paired-settlement-reference-extents/settlement-aware-reference-extents.geojson","commune_official_code":"B08051","official_code":"B08051"},"geometry":{"type":"Polygon","coordinates":[[[0.629619,6.773838],[0.629067,6.775953],[0.629619,6.778067],[0.631192,6.779859],[0.633545,6.781057],[0.636322,6.781477],[0.639098,6.781057],[0.641452,6.779859],[0.643024,6.778067],[0.643577,6.775953],[0.643024,6.773838],[0.641452,6.772046],[0.639098,6.770849],[0.636322,6.770428],[0.633545,6.770849],[0.631192,6.772046],[0.629619,6.773838]]]}},{"type":"Feature","properties":{"civic_code":"208-06-004","name":"Nyivé","settlement_type":"village","canton_official_code":"B08051143","review_status":"proposed","geometry_role":"non_authoritative_settlement_reference_extent","source":"paired-settlement-reference-extents/settlement-aware-reference-extents.geojson","commune_official_code":"B08051","official_code":"B08051"},"geometry":{"type":"Polygon","coordinates":[[[0.576265,6.772648],[0.576855,6.772587],[0.577135,6.772673],[0.577323,6.772831],[0.577759,6.773624],[0.577863,6.77415],[0.577803,6.774599],[0.577517,6.774801],[0.576829,6.774926],[0.576269,6.775116],[0.575749,6.775552],[0.575433,6.776597],[0.575179,6.777116],[0.574883,6.777489],[0.57637,6.779184],[0.578724,6.780382],[0.5815,6.780802],[0.584276,6.780382],[0.58663,6.779184],[0.586851,6.778932],[0.586065,6.774896],[0.583216,6.770013],[0.5815,6.769753],[0.578724,6.770173],[0.57637,6.771371],[0.574961,6.772977],[0.576265,6.772648]]]}},{"type":"Feature","properties":{"civic_code":"208-06-005","name":"Nyivé wodomé","settlement_type":"village","canton_official_code":null,"review_status":"proposed","geometry_role":"non_authoritative_settlement_reference_extent","source":"paired-settlement-reference-extents/settlement-aware-reference-extents.geojson","commune_official_code":"B08051","official_code":"B08051"},"geometry":{"type":"Polygon","coordinates":[[[0.57948,6.763882],[0.578625,6.765298],[0.578173,6.765454],[0.577845,6.765872],[0.57858,6.766709],[0.580934,6.767907],[0.58371,6.768327],[0.586486,6.767907],[0.58884,6.766709],[0.590413,6.764917],[0.590965,6.762803],[0.590744,6.761957],[0.587676,6.762758],[0.581233,6.761924],[0.58011,6.763244],[0.57948,6.763882]]]}},{"type":"Feature","properties":{"civic_code":"208-06-009","name":"Yeviepe","settlement_type":"village","canton_official_code":"B08051143","review_status":"proposed","geometry_role":"non_authoritative_settlement_reference_extent","source":"paired-settlement-reference-extents/settlement-aware-reference-extents.geojson","commune_official_code":"B08051","official_code":"B08051"},"geometry":{"type":"Polygon","coordinates":[[[0.57771,6.826044],[0.580486,6.826465],[0.583263,6.826044],[0.585616,6.824846],[0.587189,6.823054],[0.587741,6.82094],[0.587189,6.818825],[0.585616,6.817033],[0.583263,6.815835],[0.580486,6.815415],[0.57771,6.815835],[0.575356,6.817033],[0.573784,6.818825],[0.573231,6.82094],[0.573784,6.823054],[0.575356,6.824846],[0.57771,6.826044]]]}},{"type":"Feature","properties":{"civic_code":"208-10-001","name":"AGRIPPA TODZI","settlement_type":"village","canton_official_code":"B08051142","review_status":"proposed","geometry_role":"non_authoritative_settlement_reference_extent","source":"paired-settlement-reference-extents/settlement-aware-reference-extents.geojson","commune_official_code":"B08051","official_code":"B08051"},"geometry":{"type":"Polygon","coordinates":[[[0.632395,6.813145],[0.635171,6.812725],[0.637525,6.811527],[0.639098,6.809735],[0.63965,6.80762],[0.639098,6.805506],[0.637525,6.803714],[0.635171,6.802516],[0.632395,6.802095],[0.629619,6.802516],[0.627265,6.803714],[0.625692,6.805506],[0.62514,6.80762],[0.625692,6.809735],[0.627265,6.811527],[0.629619,6.812725],[0.632395,6.813145]]]}},{"type":"Feature","properties":{"civic_code":"208-10-002","name":"Atchave","settlement_type":"village","canton_official_code":null,"review_status":"proposed","geometry_role":"non_authoritative_settlement_reference_extent","source":"paired-settlement-reference-extents/settlement-aware-reference-extents.geojson","commune_official_code":"B08051","official_code":"B08051"},"geometry":{"type":"Polygon","coordinates":[[[0.643268,6.836819],[0.646044,6.836398],[0.648398,6.8352],[0.649971,6.833408],[0.650523,6.831293],[0.649971,6.829179],[0.648398,6.827387],[0.646044,6.826189],[0.643268,6.825768],[0.640492,6.826189],[0.638138,6.827387],[0.636565,6.829179],[0.636013,6.831293],[0.636565,6.833408],[0.638138,6.8352],[0.640492,6.836398],[0.643268,6.836819]]]}},{"type":"Feature","properties":{"civic_code":"208-10-004","name":"TOME","settlement_type":"village","canton_official_code":"B08051142","review_status":"proposed","geometry_role":"non_authoritative_settlement_reference_extent","source":"paired-settlement-reference-extents/settlement-aware-reference-extents.geojson","commune_official_code":"B08051","official_code":"B08051"},"geometry":{"type":"Polygon","coordinates":[[[0.656861,6.812896],[0.659332,6.815713],[0.66303,6.817595],[0.667393,6.818255],[0.66855,6.81808],[0.67544,6.807794],[0.672965,6.807508],[0.668512,6.806745],[0.66708,6.80506],[0.665354,6.802358],[0.664763,6.801565],[0.664431,6.80134],[0.66303,6.801552],[0.659332,6.803434],[0.656861,6.806251],[0.655993,6.809573],[0.656861,6.812896]]]}},{"type":"Feature","properties":{"civic_code":"208-11-001","name":"Tové","settlement_type":"village","canton_official_code":"B08051139","review_status":"proposed","geometry_role":"non_authoritative_settlement_reference_extent","source":"paired-settlement-reference-extents/settlement-aware-reference-extents.geojson","commune_official_code":"B08051","official_code":"B08051"},"geometry":{"type":"Polygon","coordinates":[[[0.653424,6.882687],[0.657787,6.882026],[0.661486,6.880144],[0.663957,6.877327],[0.664825,6.874004],[0.663957,6.870681],[0.661486,6.867864],[0.659761,6.867812],[0.657462,6.865933],[0.653424,6.865321],[0.649062,6.865982],[0.645363,6.867864],[0.642892,6.870681],[0.642024,6.874004],[0.642892,6.877327],[0.645363,6.880144],[0.649062,6.882026],[0.653424,6.882687]]]}},{"type":"Feature","properties":{"civic_code":"208-12-008","name":"Mayondi","settlement_type":"village","canton_official_code":"B08051144","review_status":"proposed","geometry_role":"non_authoritative_settlement_reference_extent","source":"paired-settlement-reference-extents/settlement-aware-reference-extents.geojson","commune_official_code":"B08051","official_code":"B08051"},"geometry":{"type":"Polygon","coordinates":[[[0.543513,6.843218],[0.54629,6.843639],[0.549066,6.843218],[0.55142,6.842021],[0.552992,6.840228],[0.553545,6.838114],[0.552992,6.835999],[0.55142,6.834207],[0.549066,6.833009],[0.548919,6.832987],[0.548023,6.833628],[0.547649,6.834152],[0.546639,6.833879],[0.54581,6.833448],[0.545141,6.832762],[0.543513,6.833009],[0.54116,6.834207],[0.539587,6.835999],[0.539035,6.838114],[0.539587,6.840228],[0.54116,6.842021],[0.543513,6.843218]]]}},{"type":"Feature","properties":{"civic_code":"208-12-010","name":"Wome","settlement_type":"village","canton_official_code":"B08051144","review_status":"proposed","geometry_role":"non_authoritative_settlement_reference_extent","source":"paired-settlement-reference-extents/settlement-aware-reference-extents.geojson","commune_official_code":"B08051","official_code":"B08051"},"geometry":{"type":"Polygon","coordinates":[[[0.583791,6.843865],[0.580892,6.840272],[0.577453,6.838521],[0.57309,6.83786],[0.568727,6.838521],[0.565028,6.840403],[0.562557,6.84322],[0.561689,6.846543],[0.562557,6.849866],[0.565028,6.852683],[0.568727,6.854565],[0.57309,6.855226],[0.577453,6.854565],[0.581151,6.852683],[0.583623,6.849866],[0.58449,6.846543],[0.583791,6.843865]]]}},{"type":"Feature","properties":{"civic_code":"208-14-012","name":"Kusuntu","settlement_type":"village","canton_official_code":"B08051140","review_status":"proposed","geometry_role":"non_authoritative_settlement_reference_extent","source":"paired-settlement-reference-extents/settlement-aware-reference-extents.geojson","commune_official_code":"B08051","official_code":"B08051"},"geometry":{"type":"Polygon","coordinates":[[[0.615669,6.921451],[0.612893,6.92103],[0.610116,6.921451],[0.607763,6.922649],[0.606521,6.924065],[0.607746,6.928557],[0.608709,6.930946],[0.610116,6.931662],[0.612893,6.932083],[0.615669,6.931662],[0.618023,6.930464],[0.619595,6.928671],[0.620148,6.926557],[0.619595,6.924442],[0.618023,6.922649],[0.615669,6.921451]]]}},{"type":"Feature","properties":{"civic_code":"208-14-009","name":"Kpalimé","settlement_type":"city","canton_official_code":"B08051140","review_status":"proposed","geometry_role":"non_authoritative_settlement_reference_extent","source":"paired-settlement-reference-extents/settlement-aware-reference-extents.geojson","commune_official_code":"B08051","official_code":"B08051"},"geometry":{"type":"Polygon","coordinates":[[[0.619706,6.933996],[0.632398,6.935919],[0.64509,6.933996],[0.64796,6.932535],[0.649393,6.922476],[0.662602,6.914623],[0.664644,6.914179],[0.665564,6.910656],[0.663039,6.900989],[0.65585,6.892794],[0.64509,6.887318],[0.632398,6.885395],[0.619699,6.887322],[0.618681,6.893736],[0.614755,6.900377],[0.612773,6.909624],[0.610498,6.914724],[0.604554,6.916852],[0.606521,6.924065],[0.607763,6.922649],[0.610116,6.921451],[0.612893,6.92103],[0.615669,6.921451],[0.618023,6.922649],[0.619595,6.924442],[0.620148,6.926557],[0.619595,6.928671],[0.618023,6.930464],[0.615669,6.931662],[0.615246,6.931726],[0.619706,6.933996]]]}},{"type":"Feature","properties":{"civic_code":"208-07-002","name":"Kpimé-Hloma","settlement_type":"village","canton_official_code":"B08052149","review_status":"proposed","geometry_role":"non_authoritative_settlement_reference_extent","source":"paired-settlement-reference-extents/settlement-aware-reference-extents.geojson","commune_official_code":"B08052","official_code":"B08052"},"geometry":{"type":"Polygon","coordinates":[[[0.652473,6.968339],[0.649697,6.967918],[0.646921,6.968339],[0.644567,6.969537],[0.642994,6.97133],[0.642442,6.973445],[0.642994,6.97556],[0.644567,6.977353],[0.646921,6.978551],[0.649697,6.978972],[0.652473,6.978551],[0.654827,6.977353],[0.6564,6.97556],[0.656952,6.973445],[0.6564,6.97133],[0.654827,6.969537],[0.652473,6.968339]]]}},{"type":"Feature","properties":{"civic_code":"208-09-001","name":"Lavié","settlement_type":"village","canton_official_code":"B08052148","review_status":"proposed","geometry_role":"non_authoritative_settlement_reference_extent","source":"paired-settlement-reference-extents/settlement-aware-reference-extents.geojson","commune_official_code":"B08052","official_code":"B08052"},"geometry":{"type":"Polygon","coordinates":[[[0.675914,7.005212],[0.673138,7.005633],[0.670784,7.006831],[0.669212,7.008624],[0.668659,7.01074],[0.669212,7.012855],[0.670784,7.014648],[0.670872,7.014693],[0.672923,7.01443],[0.676123,7.012556],[0.677513,7.011882],[0.680839,7.011798],[0.682863,7.011913],[0.683169,7.01074],[0.682617,7.008624],[0.681044,7.006831],[0.678691,7.005633],[0.675914,7.005212]]]}},{"type":"Feature","properties":{"civic_code":"208-13-001","name":"Govu","settlement_type":"village","canton_official_code":"B08051141","review_status":"proposed","geometry_role":"non_authoritative_settlement_reference_extent","source":"paired-settlement-reference-extents/settlement-aware-reference-extents.geojson","commune_official_code":"B08052","official_code":"B08052"},"geometry":{"type":"Polygon","coordinates":[[[0.70022,6.938953],[0.697866,6.940151],[0.696294,6.941944],[0.695741,6.944058],[0.696294,6.946173],[0.697866,6.947966],[0.70022,6.949164],[0.702996,6.949585],[0.705773,6.949164],[0.708126,6.947966],[0.709699,6.946173],[0.710251,6.944058],[0.709699,6.941944],[0.708126,6.940151],[0.705773,6.938953],[0.702996,6.938532],[0.70022,6.938953]]]}},{"type":"Feature","properties":{"civic_code":"208-01-008","name":"Tomegbe","settlement_type":"village","canton_official_code":"B08053151","review_status":"proposed","geometry_role":"non_authoritative_settlement_reference_extent","source":"paired-settlement-reference-extents/settlement-aware-reference-extents.geojson","commune_official_code":"B08053","official_code":"B08053"},"geometry":{"type":"Polygon","coordinates":[[[0.561122,6.950639],[0.558346,6.950219],[0.555569,6.950639],[0.553216,6.951837],[0.551643,6.95363],[0.551091,6.955745],[0.551643,6.95786],[0.553216,6.959653],[0.555569,6.960851],[0.558346,6.961272],[0.561122,6.960851],[0.563476,6.959653],[0.565048,6.95786],[0.565601,6.955745],[0.565048,6.95363],[0.563476,6.951837],[0.561122,6.950639]]]}},{"type":"Feature","properties":{"civic_code":"208-05-001","name":"Agomé-Yoh","settlement_type":"village","canton_official_code":"B08053150","review_status":"proposed","geometry_role":"non_authoritative_settlement_reference_extent","source":"paired-settlement-reference-extents/settlement-aware-reference-extents.geojson","commune_official_code":"B08053","official_code":"B08053"},"geometry":{"type":"Polygon","coordinates":[[[0.597899,6.93913],[0.595122,6.939551],[0.592769,6.940749],[0.591196,6.942542],[0.590644,6.944657],[0.591196,6.946772],[0.592769,6.948565],[0.595122,6.949763],[0.597899,6.950183],[0.600675,6.949763],[0.603029,6.948565],[0.604601,6.946772],[0.605154,6.944657],[0.604601,6.942542],[0.603029,6.940749],[0.600675,6.939551],[0.597899,6.93913]]]}},{"type":"Feature","properties":{"civic_code":"208-05-004","name":"Kouma Adame","settlement_type":"village","canton_official_code":"B08053152","review_status":"proposed","geometry_role":"non_authoritative_settlement_reference_extent","source":"paired-settlement-reference-extents/settlement-aware-reference-extents.geojson","commune_official_code":"B08053","official_code":"B08053"},"geometry":{"type":"Polygon","coordinates":[[[0.594364,6.971462],[0.59201,6.97266],[0.590437,6.974453],[0.589885,6.976568],[0.590437,6.978684],[0.59201,6.980477],[0.594364,6.981675],[0.59714,6.982095],[0.599916,6.981675],[0.60227,6.980477],[0.603843,6.978684],[0.604395,6.976568],[0.603843,6.974453],[0.60227,6.97266],[0.599916,6.971462],[0.59714,6.971042],[0.594364,6.971462]]]}},{"type":"Feature","properties":{"civic_code":"208-05-005","name":"Kouma-Apéyémé","settlement_type":"village","canton_official_code":"B08053152","review_status":"proposed","geometry_role":"non_authoritative_settlement_reference_extent","source":"paired-settlement-reference-extents/settlement-aware-reference-extents.geojson","commune_official_code":"B08053","official_code":"B08053"},"geometry":{"type":"Polygon","coordinates":[[[0.552817,6.973747],[0.551244,6.97554],[0.550692,6.977655],[0.551244,6.97977],[0.552817,6.981563],[0.55517,6.982761],[0.557947,6.983182],[0.560723,6.982761],[0.563077,6.981563],[0.564649,6.97977],[0.565202,6.977655],[0.564649,6.97554],[0.563077,6.973747],[0.560723,6.972549],[0.557947,6.972128],[0.55517,6.972549],[0.552817,6.973747]]]}},{"type":"Feature","properties":{"civic_code":"208-05-007","name":"Kouma Bala","settlement_type":"village","canton_official_code":"B08053152","review_status":"proposed","geometry_role":"non_authoritative_settlement_reference_extent","source":"paired-settlement-reference-extents/settlement-aware-reference-extents.geojson","commune_official_code":"B08053","official_code":"B08053"},"geometry":{"type":"Polygon","coordinates":[[[0.559604,6.988834],[0.559052,6.990949],[0.559604,6.993065],[0.561177,6.994858],[0.563483,6.996032],[0.563717,6.996084],[0.566307,6.996476],[0.569083,6.996056],[0.570929,6.995116],[0.57212,6.994079],[0.57301,6.993065],[0.573562,6.990949],[0.57301,6.988834],[0.571437,6.987041],[0.569083,6.985843],[0.566307,6.985422],[0.563531,6.985843],[0.561177,6.987041],[0.559604,6.988834]]]}},{"type":"Feature","properties":{"civic_code":"208-05-008","name":"Kouma Dougno","settlement_type":"village","canton_official_code":"B08053152","review_status":"proposed","geometry_role":"non_authoritative_settlement_reference_extent","source":"paired-settlement-reference-extents/settlement-aware-reference-extents.geojson","commune_official_code":"B08053","official_code":"B08053"},"geometry":{"type":"Polygon","coordinates":[[[0.588613,6.986256],[0.589165,6.988371],[0.590738,6.990164],[0.593092,6.991362],[0.595868,6.991783],[0.598644,6.991362],[0.600998,6.990164],[0.602571,6.988371],[0.603123,6.986256],[0.602571,6.984141],[0.600998,6.982348],[0.599731,6.981703],[0.59714,6.982095],[0.594364,6.981675],[0.593277,6.981122],[0.593092,6.98115],[0.590738,6.982348],[0.589165,6.984141],[0.588613,6.986256]]]}},{"type":"Feature","properties":{"civic_code":"208-05-009","name":"Kouma Konda","settlement_type":"village","canton_official_code":"B08053152","review_status":"proposed","geometry_role":"non_authoritative_settlement_reference_extent","source":"paired-settlement-reference-extents/settlement-aware-reference-extents.geojson","commune_official_code":"B08053","official_code":"B08053"},"geometry":{"type":"Polygon","coordinates":[[[0.583466,6.959917],[0.58582,6.958719],[0.587392,6.956926],[0.587945,6.954811],[0.587392,6.952696],[0.586223,6.951363],[0.58129,6.950426],[0.574499,6.952112],[0.573987,6.952696],[0.573435,6.954811],[0.573987,6.956926],[0.57556,6.958719],[0.577913,6.959917],[0.58069,6.960337],[0.583466,6.959917]]]}},{"type":"Feature","properties":{"civic_code":"208-05-010","name":"Kouma Tokpli","settlement_type":"village","canton_official_code":"B08053152","review_status":"proposed","geometry_role":"non_authoritative_settlement_reference_extent","source":"paired-settlement-reference-extents/settlement-aware-reference-extents.geojson","commune_official_code":"B08053","official_code":"B08053"},"geometry":{"type":"Polygon","coordinates":[[[0.571332,6.975258],[0.573685,6.976456],[0.576462,6.976877],[0.579238,6.976456],[0.581592,6.975258],[0.583164,6.973465],[0.583717,6.97135],[0.583164,6.969235],[0.581592,6.967442],[0.579238,6.966244],[0.576462,6.965823],[0.573685,6.966244],[0.571332,6.967442],[0.569759,6.969235],[0.569207,6.97135],[0.569759,6.973465],[0.571332,6.975258]]]}},{"type":"Feature","properties":{"civic_code":"208-05-011","name":"Kuma Tsame Totsi","settlement_type":"village","canton_official_code":"B08053152","review_status":"proposed","geometry_role":"non_authoritative_settlement_reference_extent","source":"paired-settlement-reference-extents/settlement-aware-reference-extents.geojson","commune_official_code":"B08053","official_code":"B08053"},"geometry":{"type":"Polygon","coordinates":[[[0.634395,6.954259],[0.636749,6.955457],[0.639525,6.955878],[0.642301,6.955457],[0.644655,6.954259],[0.646228,6.952466],[0.64678,6.950351],[0.646228,6.948236],[0.644655,6.946443],[0.642301,6.945245],[0.641855,6.945178],[0.638935,6.945537],[0.634204,6.946661],[0.632822,6.948236],[0.63227,6.950351],[0.632822,6.952466],[0.634395,6.954259]]]}},{"type":"Feature","properties":{"civic_code":"208-05-013","name":"Missahoé","settlement_type":"village","canton_official_code":null,"review_status":"proposed","geometry_role":"non_authoritative_settlement_reference_extent","source":"paired-settlement-reference-extents/settlement-aware-reference-extents.geojson","commune_official_code":"B08053","official_code":"B08053"},"geometry":{"type":"Polygon","coordinates":[[[0.58129,6.950426],[0.586223,6.951363],[0.587392,6.952696],[0.587925,6.954886],[0.588061,6.954866],[0.590415,6.953667],[0.591987,6.951875],[0.59254,6.94976],[0.591998,6.947686],[0.590415,6.945852],[0.588061,6.944654],[0.585285,6.944233],[0.582508,6.944654],[0.580155,6.945852],[0.578582,6.947645],[0.57803,6.94976],[0.578392,6.951146],[0.58129,6.950426]]]}},{"type":"Feature","properties":{"civic_code":"209-01-001","name":"Adagali","settlement_type":"village","canton_official_code":"B09054155","review_status":"proposed","geometry_role":"non_authoritative_settlement_reference_extent","source":"paired-settlement-reference-extents/settlement-aware-reference-extents.geojson","commune_official_code":"B09054","official_code":"B09054"},"geometry":{"type":"Polygon","coordinates":[[[0.713212,7.061667],[0.710435,7.061246],[0.707659,7.061667],[0.705305,7.062865],[0.703733,7.064659],[0.703181,7.066774],[0.703733,7.06889],[0.705305,7.070683],[0.707659,7.071881],[0.710435,7.072302],[0.713212,7.071881],[0.715566,7.070683],[0.717138,7.06889],[0.71769,7.066774],[0.717138,7.064659],[0.715566,7.062865],[0.713212,7.061667]]]}},{"type":"Feature","properties":{"civic_code":"209-01-002","name":"Akata","settlement_type":"village","canton_official_code":"B09054155","review_status":"proposed","geometry_role":"non_authoritative_settlement_reference_extent","source":"paired-settlement-reference-extents/settlement-aware-reference-extents.geojson","commune_official_code":"B09054","official_code":"B09054"},"geometry":{"type":"Polygon","coordinates":[[[0.709962,7.044608],[0.707186,7.045029],[0.704832,7.046227],[0.703259,7.04802],[0.702707,7.050135],[0.703259,7.052251],[0.704832,7.054044],[0.707186,7.055242],[0.709962,7.055663],[0.712738,7.055242],[0.715092,7.054044],[0.716665,7.052251],[0.717217,7.050135],[0.716665,7.04802],[0.715092,7.046227],[0.712738,7.045029],[0.709962,7.044608]]]}},{"type":"Feature","properties":{"civic_code":"209-01-003","name":"Akata Dzokpé","settlement_type":"village","canton_official_code":"B09054155","review_status":"proposed","geometry_role":"non_authoritative_settlement_reference_extent","source":"paired-settlement-reference-extents/settlement-aware-reference-extents.geojson","commune_official_code":"B09054","official_code":"B09054"},"geometry":{"type":"Polygon","coordinates":[[[0.715566,7.070683],[0.713212,7.071881],[0.710435,7.072302],[0.708747,7.072046],[0.708128,7.072752],[0.707576,7.074867],[0.708128,7.076983],[0.7097,7.078776],[0.712054,7.079975],[0.71483,7.080395],[0.717607,7.079975],[0.719961,7.078776],[0.721533,7.076983],[0.722085,7.074867],[0.721533,7.072752],[0.719961,7.070959],[0.717607,7.06976],[0.716519,7.069595],[0.715566,7.070683]]]}},{"type":"Feature","properties":{"civic_code":"209-03-001","name":"Adéta","settlement_type":"village","canton_official_code":null,"review_status":"proposed","geometry_role":"non_authoritative_settlement_reference_extent","source":"paired-settlement-reference-extents/settlement-aware-reference-extents.geojson","commune_official_code":"B09054","official_code":"B09054"},"geometry":{"type":"Polygon","coordinates":[[[0.729875,7.124451],[0.727521,7.125649],[0.725948,7.127443],[0.725396,7.129559],[0.725948,7.131674],[0.727521,7.133468],[0.729875,7.134667],[0.732651,7.135087],[0.735427,7.134667],[0.737781,7.133468],[0.739354,7.131674],[0.739906,7.129559],[0.739354,7.127443],[0.737781,7.125649],[0.735427,7.124451],[0.732651,7.12403],[0.729875,7.124451]]]}},{"type":"Feature","properties":{"civic_code":"209-03-002","name":"Atime","settlement_type":"village","canton_official_code":null,"review_status":"proposed","geometry_role":"non_authoritative_settlement_reference_extent","source":"paired-settlement-reference-extents/settlement-aware-reference-extents.geojson","commune_official_code":"B09054","official_code":"B09054"},"geometry":{"type":"Polygon","coordinates":[[[0.72427,7.110534],[0.722697,7.112328],[0.722145,7.114444],[0.722697,7.116559],[0.72427,7.118353],[0.726623,7.119551],[0.7294,7.119972],[0.732176,7.119551],[0.73453,7.118353],[0.736102,7.116559],[0.736655,7.114444],[0.736102,7.112328],[0.73453,7.110534],[0.732176,7.109336],[0.7294,7.108915],[0.726623,7.109336],[0.72427,7.110534]]]}},{"type":"Feature","properties":{"civic_code":"209-03-003","name":"Beme","settlement_type":"village","canton_official_code":null,"review_status":"proposed","geometry_role":"non_authoritative_settlement_reference_extent","source":"paired-settlement-reference-extents/settlement-aware-reference-extents.geojson","commune_official_code":"B09054","official_code":"B09054"},"geometry":{"type":"Polygon","coordinates":[[[0.718792,7.100806],[0.71824,7.102921],[0.718792,7.105037],[0.720365,7.106831],[0.722719,7.108029],[0.725495,7.10845],[0.728271,7.108029],[0.730625,7.106831],[0.732198,7.105037],[0.73275,7.102921],[0.732198,7.100806],[0.730625,7.099012],[0.728271,7.097814],[0.725495,7.097393],[0.722719,7.097814],[0.720365,7.099012],[0.718792,7.100806]]]}},{"type":"Feature","properties":{"civic_code":"209-03-004","name":"Bodjé","settlement_type":"village","canton_official_code":null,"review_status":"proposed","geometry_role":"non_authoritative_settlement_reference_extent","source":"paired-settlement-reference-extents/settlement-aware-reference-extents.geojson","commune_official_code":"B09054","official_code":"B09054"},"geometry":{"type":"Polygon","coordinates":[[[0.903866,7.088594],[0.904419,7.09071],[0.905991,7.092503],[0.908345,7.093702],[0.911121,7.094122],[0.913898,7.093702],[0.916251,7.092503],[0.917824,7.09071],[0.918376,7.088594],[0.917824,7.086479],[0.916251,7.084685],[0.913898,7.083487],[0.911121,7.083066],[0.908345,7.083487],[0.905991,7.084685],[0.904419,7.086479],[0.903866,7.088594]]]}},{"type":"Feature","properties":{"civic_code":"209-03-005","name":"Kpélé Adéta","settlement_type":"village","canton_official_code":null,"review_status":"proposed","geometry_role":"non_authoritative_settlement_reference_extent","source":"paired-settlement-reference-extents/settlement-aware-reference-extents.geojson","commune_official_code":"B09054","official_code":"B09054"},"geometry":{"type":"Polygon","coordinates":[[[0.7818,7.119822],[0.783372,7.121616],[0.785726,7.122815],[0.788502,7.123235],[0.791279,7.122815],[0.793632,7.121616],[0.795205,7.119822],[0.795757,7.117707],[0.795205,7.115591],[0.793632,7.113798],[0.791279,7.112599],[0.788502,7.112178],[0.785726,7.112599],[0.783372,7.113798],[0.7818,7.115591],[0.781247,7.117707],[0.7818,7.119822]]]}},{"type":"Feature","properties":{"civic_code":"205-05-003","name":"Woeve","settlement_type":"village","canton_official_code":null,"review_status":"proposed","geometry_role":"non_authoritative_settlement_reference_extent","source":"paired-settlement-reference-extents/settlement-aware-reference-extents.geojson","commune_official_code":"B09055","official_code":"B09055"},"geometry":{"type":"Polygon","coordinates":[[[0.783551,7.286377],[0.784624,7.285831],[0.782207,7.281802],[0.782608,7.281516],[0.779407,7.275945],[0.778002,7.276158],[0.779336,7.279327],[0.783077,7.286449],[0.783551,7.286377]]]}},{"type":"Feature","properties":{"civic_code":"209-02-005","name":"Dzanyipé","settlement_type":"village","canton_official_code":null,"review_status":"proposed","geometry_role":"non_authoritative_settlement_reference_extent","source":"paired-settlement-reference-extents/settlement-aware-reference-extents.geojson","commune_official_code":"B09055","official_code":"B09055"},"geometry":{"type":"Polygon","coordinates":[[[0.75855,7.185734],[0.756196,7.184536],[0.75342,7.184115],[0.750643,7.184536],[0.74829,7.185734],[0.746717,7.187528],[0.746165,7.189644],[0.746717,7.19176],[0.74829,7.193554],[0.750643,7.194753],[0.75342,7.195174],[0.756196,7.194753],[0.75855,7.193554],[0.760122,7.19176],[0.760675,7.189644],[0.760122,7.187528],[0.75855,7.185734]]]}},{"type":"Feature","properties":{"civic_code":"209-02-009","name":"kpele Hoeme","settlement_type":"village","canton_official_code":"B09055161","review_status":"proposed","geometry_role":"non_authoritative_settlement_reference_extent","source":"paired-settlement-reference-extents/settlement-aware-reference-extents.geojson","commune_official_code":"B09055","official_code":"B09055"},"geometry":{"type":"Polygon","coordinates":[[[0.736382,7.165982],[0.736761,7.167434],[0.738333,7.169227],[0.740687,7.170426],[0.743463,7.170847],[0.74624,7.170426],[0.748593,7.169227],[0.750166,7.167434],[0.750718,7.165318],[0.750166,7.163202],[0.749832,7.162821],[0.74276,7.165172],[0.738381,7.165883],[0.736382,7.165982]]]}},{"type":"Feature","properties":{"civic_code":"209-04-001","name":"Agbagnon","settlement_type":"village","canton_official_code":"B09055158","review_status":"proposed","geometry_role":"non_authoritative_settlement_reference_extent","source":"paired-settlement-reference-extents/settlement-aware-reference-extents.geojson","commune_official_code":"B09055","official_code":"B09055"},"geometry":{"type":"Polygon","coordinates":[[[0.795915,7.26327],[0.793561,7.264468],[0.791989,7.266263],[0.791436,7.268379],[0.791989,7.270495],[0.793561,7.272289],[0.795915,7.273488],[0.797306,7.273699],[0.798203,7.273418],[0.801758,7.27334],[0.803821,7.272289],[0.805394,7.270495],[0.805946,7.268379],[0.805394,7.266263],[0.803821,7.264468],[0.801468,7.26327],[0.798691,7.262849],[0.795915,7.26327]]]}},{"type":"Feature","properties":{"civic_code":"209-04-002","name":"Kpélé - Agoté","settlement_type":"village","canton_official_code":"B09055158","review_status":"proposed","geometry_role":"non_authoritative_settlement_reference_extent","source":"paired-settlement-reference-extents/settlement-aware-reference-extents.geojson","commune_official_code":"B09055","official_code":"B09055"},"geometry":{"type":"Polygon","coordinates":[[[0.789418,7.25314],[0.789971,7.255257],[0.791543,7.257051],[0.793897,7.25825],[0.796673,7.258671],[0.79945,7.25825],[0.801803,7.257051],[0.803376,7.255257],[0.803928,7.25314],[0.803376,7.251024],[0.801803,7.24923],[0.800434,7.248533],[0.796721,7.251481],[0.789671,7.25217],[0.789418,7.25314]]]}},{"type":"Feature","properties":{"civic_code":"209-07-001","name":"Kpélé - Agavé","settlement_type":"village","canton_official_code":"B09055159","review_status":"proposed","geometry_role":"non_authoritative_settlement_reference_extent","source":"paired-settlement-reference-extents/settlement-aware-reference-extents.geojson","commune_official_code":"B09055","official_code":"B09055"},"geometry":{"type":"Polygon","coordinates":[[[0.783401,7.233047],[0.782849,7.235163],[0.783401,7.237279],[0.784974,7.239073],[0.787327,7.240272],[0.790104,7.240693],[0.79288,7.240272],[0.795234,7.239073],[0.796806,7.237279],[0.797359,7.235163],[0.796806,7.233047],[0.795234,7.231253],[0.79288,7.230054],[0.790104,7.229633],[0.787327,7.230054],[0.784974,7.231253],[0.783401,7.233047]]]}},{"type":"Feature","properties":{"civic_code":"209-08-001","name":"Kpélé Élé","settlement_type":"village","canton_official_code":"B09055157","review_status":"proposed","geometry_role":"non_authoritative_settlement_reference_extent","source":"paired-settlement-reference-extents/settlement-aware-reference-extents.geojson","commune_official_code":"B09055","official_code":"B09055"},"geometry":{"type":"Polygon","coordinates":[[[0.794677,7.277619],[0.795229,7.279735],[0.796802,7.28153],[0.799155,7.282728],[0.801932,7.283149],[0.804708,7.282728],[0.807062,7.28153],[0.808634,7.279735],[0.809187,7.277619],[0.808634,7.275502],[0.807062,7.273708],[0.805616,7.272972],[0.805015,7.273269],[0.798203,7.273418],[0.796622,7.273914],[0.795229,7.275502],[0.794677,7.277619]]]}},{"type":"Feature","properties":{"civic_code":"210-01-001","name":"Fantchaohoe","settlement_type":"village","canton_official_code":"B10056164","review_status":"proposed","geometry_role":"non_authoritative_settlement_reference_extent","source":"paired-settlement-reference-extents/settlement-aware-reference-extents.geojson","commune_official_code":"B10056","official_code":"B10056"},"geometry":{"type":"Polygon","coordinates":[[[1.53594,7.19239],[1.533164,7.191969],[1.530388,7.19239],[1.528034,7.193588],[1.526461,7.195382],[1.525909,7.197498],[1.526461,7.199614],[1.528034,7.201408],[1.530388,7.202607],[1.533164,7.203028],[1.53594,7.202607],[1.538294,7.201408],[1.539867,7.199614],[1.540419,7.197498],[1.539867,7.195382],[1.538294,7.193588],[1.53594,7.19239]]]}},{"type":"Feature","properties":{"civic_code":"210-01-002","name":"Walime","settlement_type":"village","canton_official_code":"B10056164","review_status":"proposed","geometry_role":"non_authoritative_settlement_reference_extent","source":"paired-settlement-reference-extents/settlement-aware-reference-extents.geojson","commune_official_code":"B10056","official_code":"B10056"},"geometry":{"type":"Polygon","coordinates":[[[1.528286,7.203361],[1.527733,7.205477],[1.528286,7.207593],[1.529858,7.209387],[1.532212,7.210585],[1.534988,7.211006],[1.537765,7.210585],[1.540118,7.209387],[1.541691,7.207593],[1.542243,7.205477],[1.541691,7.203361],[1.540118,7.201567],[1.538761,7.200875],[1.538294,7.201408],[1.53594,7.202607],[1.533164,7.203028],[1.530388,7.202607],[1.529391,7.202099],[1.528286,7.203361]]]}},{"type":"Feature","properties":{"civic_code":"210-05-001","name":"Agbanvikpli","settlement_type":"village","canton_official_code":"B10056163","review_status":"proposed","geometry_role":"non_authoritative_settlement_reference_extent","source":"paired-settlement-reference-extents/settlement-aware-reference-extents.geojson","commune_official_code":"B10056","official_code":"B10056"},"geometry":{"type":"Polygon","coordinates":[[[1.471923,7.115172],[1.469569,7.11637],[1.467997,7.118164],[1.467444,7.120279],[1.467997,7.122395],[1.469569,7.124188],[1.471923,7.125387],[1.474699,7.125808],[1.477476,7.125387],[1.479829,7.124188],[1.481402,7.122395],[1.481954,7.120279],[1.481402,7.118164],[1.479829,7.11637],[1.477476,7.115172],[1.474699,7.114751],[1.471923,7.115172]]]}},{"type":"Feature","properties":{"civic_code":"210-05-005","name":"Gbogbo","settlement_type":"village","canton_official_code":"B10056163","review_status":"proposed","geometry_role":"non_authoritative_settlement_reference_extent","source":"paired-settlement-reference-extents/settlement-aware-reference-extents.geojson","commune_official_code":"B10056","official_code":"B10056"},"geometry":{"type":"Polygon","coordinates":[[[1.543647,7.126967],[1.542074,7.12876],[1.541522,7.130876],[1.542074,7.132992],[1.543647,7.134785],[1.546,7.135984],[1.548777,7.136405],[1.551553,7.135984],[1.553907,7.134785],[1.555479,7.132992],[1.556032,7.130876],[1.555479,7.12876],[1.553907,7.126967],[1.551553,7.125768],[1.548777,7.125347],[1.546,7.125768],[1.543647,7.126967]]]}},{"type":"Feature","properties":{"civic_code":"210-05-006","name":"Halimé","settlement_type":"village","canton_official_code":"B10056163","review_status":"proposed","geometry_role":"non_authoritative_settlement_reference_extent","source":"paired-settlement-reference-extents/settlement-aware-reference-extents.geojson","commune_official_code":"B10056","official_code":"B10056"},"geometry":{"type":"Polygon","coordinates":[[[1.558848,7.129821],[1.558295,7.131936],[1.558848,7.134052],[1.56042,7.135846],[1.562774,7.137044],[1.56555,7.137465],[1.568327,7.137044],[1.57068,7.135846],[1.572253,7.134052],[1.572805,7.131936],[1.572253,7.129821],[1.57068,7.128027],[1.568327,7.126829],[1.56555,7.126408],[1.562774,7.126829],[1.56042,7.128027],[1.558848,7.129821]]]}},{"type":"Feature","properties":{"civic_code":"210-05-008","name":"Klikome","settlement_type":"village","canton_official_code":"B10056163","review_status":"proposed","geometry_role":"non_authoritative_settlement_reference_extent","source":"paired-settlement-reference-extents/settlement-aware-reference-extents.geojson","commune_official_code":"B10056","official_code":"B10056"},"geometry":{"type":"Polygon","coordinates":[[[1.50564,7.133677],[1.506192,7.135792],[1.507765,7.137586],[1.510119,7.138785],[1.512895,7.139205],[1.515671,7.138785],[1.518025,7.137586],[1.519598,7.135792],[1.52015,7.133677],[1.519598,7.131561],[1.518025,7.129767],[1.515671,7.128569],[1.512895,7.128148],[1.510119,7.128569],[1.507765,7.129767],[1.506192,7.131561],[1.50564,7.133677]]]}},{"type":"Feature","properties":{"civic_code":"210-05-010","name":"Kpeyi","settlement_type":"village","canton_official_code":"B10056163","review_status":"proposed","geometry_role":"non_authoritative_settlement_reference_extent","source":"paired-settlement-reference-extents/settlement-aware-reference-extents.geojson","commune_official_code":"B10056","official_code":"B10056"},"geometry":{"type":"Polygon","coordinates":[[[1.607801,7.135994],[1.609373,7.137788],[1.611727,7.138986],[1.614503,7.139407],[1.61728,7.138986],[1.619633,7.137788],[1.621206,7.135994],[1.621758,7.133878],[1.621206,7.131763],[1.619633,7.129969],[1.61728,7.12877],[1.614503,7.12835],[1.611727,7.12877],[1.609373,7.129969],[1.607801,7.131763],[1.607248,7.133878],[1.607801,7.135994]]]}},{"type":"Feature","properties":{"civic_code":"210-05-013","name":"Monota","settlement_type":"village","canton_official_code":"B10056163","review_status":"proposed","geometry_role":"non_authoritative_settlement_reference_extent","source":"paired-settlement-reference-extents/settlement-aware-reference-extents.geojson","commune_official_code":"B10056","official_code":"B10056"},"geometry":{"type":"Polygon","coordinates":[[[1.522964,7.112511],[1.525317,7.11371],[1.528094,7.114131],[1.53087,7.11371],[1.533224,7.112511],[1.534796,7.110718],[1.535349,7.108602],[1.534796,7.106487],[1.533224,7.104693],[1.53087,7.103495],[1.528094,7.103074],[1.525317,7.103495],[1.522964,7.104693],[1.521391,7.106487],[1.520839,7.108602],[1.521391,7.110718],[1.522964,7.112511]]]}},{"type":"Feature","properties":{"civic_code":"210-05-017","name":"Village de Kpégodo","settlement_type":"village","canton_official_code":"B10056163","review_status":"proposed","geometry_role":"non_authoritative_settlement_reference_extent","source":"paired-settlement-reference-extents/settlement-aware-reference-extents.geojson","commune_official_code":"B10056","official_code":"B10056"},"geometry":{"type":"Polygon","coordinates":[[[1.581239,7.190396],[1.584016,7.190817],[1.586792,7.190396],[1.589146,7.189198],[1.590718,7.187404],[1.591271,7.185288],[1.590718,7.183172],[1.589146,7.181378],[1.586792,7.180179],[1.584016,7.179758],[1.581239,7.180179],[1.578886,7.181378],[1.577313,7.183172],[1.576761,7.185288],[1.577313,7.187404],[1.578886,7.189198],[1.581239,7.190396]]]}},{"type":"Feature","properties":{"civic_code":"210-06-007","name":"Bayamè","settlement_type":"village","canton_official_code":"B10056162","review_status":"proposed","geometry_role":"non_authoritative_settlement_reference_extent","source":"paired-settlement-reference-extents/settlement-aware-reference-extents.geojson","commune_official_code":"B10056","official_code":"B10056"},"geometry":{"type":"Polygon","coordinates":[[[1.62684,7.100035],[1.625267,7.101828],[1.624763,7.10376],[1.629448,7.107997],[1.632464,7.107997],[1.632507,7.098497],[1.63197,7.098415],[1.629193,7.098836],[1.62684,7.100035]]]}},{"type":"Feature","properties":{"civic_code":"210-06-028","name":"Lom-nava kpotame (Moyen-Mono)","settlement_type":"village","canton_official_code":"B10056162","review_status":"proposed","geometry_role":"non_authoritative_settlement_reference_extent","source":"paired-settlement-reference-extents/settlement-aware-reference-extents.geojson","commune_official_code":"B10056","official_code":"B10056"},"geometry":{"type":"Polygon","coordinates":[[[1.615251,7.059795],[1.617605,7.058596],[1.619177,7.056803],[1.61973,7.054687],[1.619177,7.052572],[1.617605,7.050779],[1.615251,7.049581],[1.612475,7.04916],[1.609698,7.049581],[1.607345,7.050779],[1.605772,7.052572],[1.60522,7.054687],[1.605772,7.056803],[1.607345,7.058596],[1.609698,7.059795],[1.612475,7.060215],[1.615251,7.059795]]]}},{"type":"Feature","properties":{"civic_code":"210-05-015","name":"Tado","settlement_type":"town","canton_official_code":"B10056163","review_status":"proposed","geometry_role":"non_authoritative_settlement_reference_extent","source":"paired-settlement-reference-extents/settlement-aware-reference-extents.geojson","commune_official_code":"B10056","official_code":"B10056"},"geometry":{"type":"Polygon","coordinates":[[[1.606364,7.156281],[1.611307,7.150643],[1.613043,7.143994],[1.611736,7.138988],[1.609373,7.137788],[1.607801,7.135994],[1.607248,7.133878],[1.607482,7.132982],[1.606364,7.131707],[1.598967,7.12794],[1.590242,7.126618],[1.581516,7.12794],[1.574119,7.131707],[1.572334,7.133743],[1.572253,7.134052],[1.57068,7.135846],[1.570336,7.136021],[1.569176,7.137344],[1.56744,7.143994],[1.569176,7.150643],[1.574119,7.156281],[1.581516,7.160048],[1.590242,7.16137],[1.598967,7.160048],[1.606364,7.156281]]]}},{"type":"Feature","properties":{"civic_code":"210-06-036","name":"Tohoun","settlement_type":"town","canton_official_code":"B10056162","review_status":"proposed","geometry_role":"non_authoritative_settlement_reference_extent","source":"paired-settlement-reference-extents/settlement-aware-reference-extents.geojson","commune_official_code":"B10056","official_code":"B10056"},"geometry":{"type":"Polygon","coordinates":[[[1.629305,7.026852],[1.63041,7.022621],[1.629305,7.018391],[1.62616,7.014804],[1.621453,7.012408],[1.6159,7.011566],[1.610347,7.012408],[1.60564,7.014804],[1.602495,7.018391],[1.60139,7.022621],[1.602495,7.026852],[1.60564,7.030438],[1.610347,7.032834],[1.6159,7.033676],[1.621453,7.032834],[1.62616,7.030438],[1.629305,7.026852]]]}},{"type":"Feature","properties":{"civic_code":"210-02-003","name":"Katahoe","settlement_type":"village","canton_official_code":"B10057165","review_status":"proposed","geometry_role":"non_authoritative_settlement_reference_extent","source":"paired-settlement-reference-extents/settlement-aware-reference-extents.geojson","commune_official_code":"B10057","official_code":"B10057"},"geometry":{"type":"Polygon","coordinates":[[[1.623565,7.386474],[1.620788,7.386053],[1.618012,7.386474],[1.615658,7.387673],[1.614086,7.389468],[1.613939,7.39003],[1.615263,7.390622],[1.616521,7.391399],[1.622027,7.396929],[1.623565,7.396696],[1.625918,7.395497],[1.627491,7.393702],[1.628043,7.391585],[1.627491,7.389468],[1.625918,7.387673],[1.623565,7.386474]]]}},{"type":"Feature","properties":{"civic_code":"210-02-004","name":"Katomé","settlement_type":"village","canton_official_code":"B10057165","review_status":"proposed","geometry_role":"non_authoritative_settlement_reference_extent","source":"paired-settlement-reference-extents/settlement-aware-reference-extents.geojson","commune_official_code":"B10057","official_code":"B10057"},"geometry":{"type":"Polygon","coordinates":[[[1.619439,7.376887],[1.616662,7.377308],[1.614309,7.378507],[1.612736,7.380302],[1.612184,7.382419],[1.612736,7.384536],[1.614309,7.38633],[1.616302,7.387346],[1.618012,7.386474],[1.620788,7.386053],[1.623565,7.386474],[1.623925,7.386658],[1.624569,7.38633],[1.626141,7.384536],[1.626694,7.382419],[1.626141,7.380302],[1.624569,7.378507],[1.622215,7.377308],[1.619439,7.376887]]]}},{"type":"Feature","properties":{"civic_code":"210-03-003","name":"Atifoutou","settlement_type":"village","canton_official_code":"B10057166","review_status":"proposed","geometry_role":"non_authoritative_settlement_reference_extent","source":"paired-settlement-reference-extents/settlement-aware-reference-extents.geojson","commune_official_code":"B10057","official_code":"B10057"},"geometry":{"type":"Polygon","coordinates":[[[1.622704,7.301387],[1.621131,7.303181],[1.620579,7.305298],[1.621131,7.307414],[1.622704,7.309209],[1.625057,7.310408],[1.627834,7.310829],[1.63061,7.310408],[1.631915,7.309743],[1.631954,7.300873],[1.63061,7.300188],[1.627834,7.299767],[1.625057,7.300188],[1.622704,7.301387]]]}},{"type":"Feature","properties":{"civic_code":"210-03-007","name":"Detokpo","settlement_type":"village","canton_official_code":"B10057166","review_status":"proposed","geometry_role":"non_authoritative_settlement_reference_extent","source":"paired-settlement-reference-extents/settlement-aware-reference-extents.geojson","commune_official_code":"B10057","official_code":"B10057"},"geometry":{"type":"Polygon","coordinates":[[[1.585732,7.307564],[1.584159,7.309358],[1.583607,7.311475],[1.584159,7.313591],[1.585732,7.315386],[1.588085,7.316585],[1.590862,7.317006],[1.593638,7.316585],[1.595992,7.315386],[1.597564,7.313591],[1.598117,7.311475],[1.597564,7.309358],[1.595992,7.307564],[1.593638,7.306365],[1.590862,7.305944],[1.588085,7.306365],[1.585732,7.307564]]]}},{"type":"Feature","properties":{"civic_code":"210-03-008","name":"Doloume","settlement_type":"village","canton_official_code":null,"review_status":"proposed","geometry_role":"non_authoritative_settlement_reference_extent","source":"paired-settlement-reference-extents/settlement-aware-reference-extents.geojson","commune_official_code":"B10057","official_code":"B10057"},"geometry":{"type":"Polygon","coordinates":[[[1.619395,7.246448],[1.617822,7.248242],[1.61727,7.250358],[1.617822,7.252475],[1.619395,7.254269],[1.621749,7.255467],[1.624525,7.255888],[1.627301,7.255467],[1.629655,7.254269],[1.631228,7.252475],[1.63178,7.250358],[1.631228,7.248242],[1.629655,7.246448],[1.627301,7.245249],[1.624525,7.244828],[1.621749,7.245249],[1.619395,7.246448]]]}},{"type":"Feature","properties":{"civic_code":"210-03-010","name":"Kativou","settlement_type":"village","canton_official_code":null,"review_status":"proposed","geometry_role":"non_authoritative_settlement_reference_extent","source":"paired-settlement-reference-extents/settlement-aware-reference-extents.geojson","commune_official_code":"B10057","official_code":"B10057"},"geometry":{"type":"Polygon","coordinates":[[[1.620243,7.275016],[1.619691,7.277133],[1.620243,7.279249],[1.621816,7.281043],[1.624169,7.282242],[1.626946,7.282663],[1.629722,7.282242],[1.632066,7.281048],[1.63214,7.273296],[1.632076,7.273222],[1.629722,7.272023],[1.626946,7.271602],[1.624169,7.272023],[1.621816,7.273222],[1.620243,7.275016]]]}},{"type":"Feature","properties":{"civic_code":"210-03-013","name":"Kpékplémé","settlement_type":"village","canton_official_code":"B10057166","review_status":"proposed","geometry_role":"non_authoritative_settlement_reference_extent","source":"paired-settlement-reference-extents/settlement-aware-reference-extents.geojson","commune_official_code":"B10057","official_code":"B10057"},"geometry":{"type":"Polygon","coordinates":[[[1.617015,7.33743],[1.620714,7.339314],[1.625076,7.339976],[1.629439,7.339314],[1.631766,7.338128],[1.631832,7.324473],[1.629439,7.323254],[1.625076,7.322592],[1.620714,7.323254],[1.617015,7.325138],[1.614544,7.327958],[1.613676,7.331284],[1.614544,7.33461],[1.617015,7.33743]]]}},{"type":"Feature","properties":{"civic_code":"210-04-004","name":"Djikame","settlement_type":"village","canton_official_code":"B10057167","review_status":"proposed","geometry_role":"non_authoritative_settlement_reference_extent","source":"paired-settlement-reference-extents/settlement-aware-reference-extents.geojson","commune_official_code":"B10057","official_code":"B10057"},"geometry":{"type":"Polygon","coordinates":[[[1.582829,7.248645],[1.585183,7.249843],[1.587959,7.250264],[1.590736,7.249843],[1.593089,7.248645],[1.594662,7.24685],[1.595214,7.244734],[1.594662,7.242618],[1.593089,7.240824],[1.590736,7.239625],[1.587959,7.239204],[1.585183,7.239625],[1.582829,7.240824],[1.581257,7.242618],[1.580704,7.244734],[1.581257,7.24685],[1.582829,7.248645]]]}},{"type":"Feature","properties":{"civic_code":"211-05-001","name":"Abotessé","settlement_type":"village","canton_official_code":null,"review_status":"proposed","geometry_role":"non_authoritative_settlement_reference_extent","source":"paired-settlement-reference-extents/settlement-aware-reference-extents.geojson","commune_official_code":"B11058","official_code":"B11058"},"geometry":{"type":"Polygon","coordinates":[[[1.196968,7.526325],[1.194614,7.525126],[1.191838,7.524704],[1.189062,7.525126],[1.186708,7.526325],[1.185135,7.52812],[1.184583,7.530238],[1.185135,7.532355],[1.186708,7.534151],[1.189062,7.53535],[1.191838,7.535771],[1.194614,7.53535],[1.196968,7.534151],[1.198541,7.532355],[1.199093,7.530238],[1.198541,7.52812],[1.196968,7.526325]]]}},{"type":"Feature","properties":{"civic_code":"211-05-003","name":"Adjido","settlement_type":"village","canton_official_code":"B11058170","review_status":"proposed","geometry_role":"non_authoritative_settlement_reference_extent","source":"paired-settlement-reference-extents/settlement-aware-reference-extents.geojson","commune_official_code":"B11058","official_code":"B11058"},"geometry":{"type":"Polygon","coordinates":[[[1.184436,7.486632],[1.18166,7.487053],[1.179306,7.488253],[1.177733,7.490048],[1.177181,7.492165],[1.177733,7.494283],[1.179306,7.496078],[1.18166,7.497277],[1.184436,7.497698],[1.187212,7.497277],[1.189566,7.496078],[1.191139,7.494283],[1.191691,7.492165],[1.191139,7.490048],[1.189566,7.488253],[1.187212,7.487053],[1.184436,7.486632]]]}},{"type":"Feature","properties":{"civic_code":"211-05-004","name":"Adjomi","settlement_type":"village","canton_official_code":null,"review_status":"proposed","geometry_role":"non_authoritative_settlement_reference_extent","source":"paired-settlement-reference-extents/settlement-aware-reference-extents.geojson","commune_official_code":"B11058","official_code":"B11058"},"geometry":{"type":"Polygon","coordinates":[[[1.20875,7.540125],[1.205974,7.540546],[1.20362,7.541746],[1.202047,7.543541],[1.201495,7.545659],[1.202047,7.547776],[1.20362,7.549572],[1.205974,7.550771],[1.20875,7.551193],[1.211526,7.550771],[1.21388,7.549572],[1.215453,7.547776],[1.216005,7.545659],[1.215453,7.543541],[1.21388,7.541746],[1.211526,7.540546],[1.20875,7.540125]]]}},{"type":"Feature","properties":{"civic_code":"211-05-008","name":"Akpaka","settlement_type":"village","canton_official_code":"B11058170","review_status":"proposed","geometry_role":"non_authoritative_settlement_reference_extent","source":"paired-settlement-reference-extents/settlement-aware-reference-extents.geojson","commune_official_code":"B11058","official_code":"B11058"},"geometry":{"type":"Polygon","coordinates":[[[1.199499,7.513662],[1.197926,7.515457],[1.197374,7.517574],[1.197926,7.519692],[1.199499,7.521487],[1.201853,7.522687],[1.204629,7.523108],[1.207405,7.522687],[1.209759,7.521487],[1.211332,7.519692],[1.211884,7.517574],[1.211332,7.515457],[1.209759,7.513662],[1.207405,7.512462],[1.204629,7.512041],[1.201853,7.512462],[1.199499,7.513662]]]}},{"type":"Feature","properties":{"civic_code":"211-05-009","name":"Akpatchou","settlement_type":"village","canton_official_code":null,"review_status":"proposed","geometry_role":"non_authoritative_settlement_reference_extent","source":"paired-settlement-reference-extents/settlement-aware-reference-extents.geojson","commune_official_code":"B11058","official_code":"B11058"},"geometry":{"type":"Polygon","coordinates":[[[1.152016,7.526608],[1.150443,7.528403],[1.149891,7.53052],[1.150443,7.532638],[1.152016,7.534433],[1.15437,7.535633],[1.157146,7.536054],[1.159922,7.535633],[1.162276,7.534433],[1.163849,7.532638],[1.164401,7.53052],[1.163849,7.528403],[1.162276,7.526608],[1.159922,7.525408],[1.157146,7.524987],[1.15437,7.525408],[1.152016,7.526608]]]}},{"type":"Feature","properties":{"civic_code":"211-05-010","name":"Alakoyo","settlement_type":"village","canton_official_code":"B11058170","review_status":"proposed","geometry_role":"non_authoritative_settlement_reference_extent","source":"paired-settlement-reference-extents/settlement-aware-reference-extents.geojson","commune_official_code":"B11058","official_code":"B11058"},"geometry":{"type":"Polygon","coordinates":[[[1.191869,7.484855],[1.192421,7.486973],[1.193994,7.488768],[1.196348,7.489967],[1.199124,7.490388],[1.2019,7.489967],[1.204254,7.488768],[1.205827,7.486973],[1.206379,7.484855],[1.205827,7.482738],[1.204254,7.480943],[1.2019,7.479744],[1.199124,7.479322],[1.196348,7.479744],[1.193994,7.480943],[1.192421,7.482738],[1.191869,7.484855]]]}},{"type":"Feature","properties":{"civic_code":"211-05-015","name":"Gbémaho","settlement_type":"village","canton_official_code":"B11058170","review_status":"proposed","geometry_role":"non_authoritative_settlement_reference_extent","source":"paired-settlement-reference-extents/settlement-aware-reference-extents.geojson","commune_official_code":"B11058","official_code":"B11058"},"geometry":{"type":"Polygon","coordinates":[[[1.160237,7.4833],[1.162591,7.4845],[1.165367,7.484921],[1.168143,7.4845],[1.170497,7.4833],[1.17207,7.481505],[1.172622,7.479388],[1.17207,7.477271],[1.170497,7.475476],[1.168143,7.474276],[1.167223,7.474137],[1.163548,7.474752],[1.15863,7.477402],[1.158112,7.479388],[1.158664,7.481505],[1.160237,7.4833]]]}},{"type":"Feature","properties":{"civic_code":"211-05-016","name":"Gnagna","settlement_type":"village","canton_official_code":"B11058170","review_status":"proposed","geometry_role":"non_authoritative_settlement_reference_extent","source":"paired-settlement-reference-extents/settlement-aware-reference-extents.geojson","commune_official_code":"B11058","official_code":"B11058"},"geometry":{"type":"Polygon","coordinates":[[[1.118964,7.527677],[1.119165,7.530434],[1.119558,7.532201],[1.119895,7.532153],[1.122868,7.532667],[1.126685,7.532006],[1.135933,7.53149],[1.137169,7.530078],[1.138037,7.526751],[1.137169,7.523423],[1.134697,7.520602],[1.130999,7.518717],[1.126636,7.518055],[1.122273,7.518717],[1.118575,7.520602],[1.116779,7.522651],[1.118754,7.526732],[1.118679,7.527637],[1.118964,7.527677]]]}},{"type":"Feature","properties":{"civic_code":"211-05-021","name":"Iko Arouka","settlement_type":"village","canton_official_code":"B11058170","review_status":"proposed","geometry_role":"non_authoritative_settlement_reference_extent","source":"paired-settlement-reference-extents/settlement-aware-reference-extents.geojson","commune_official_code":"B11058","official_code":"B11058"},"geometry":{"type":"Polygon","coordinates":[[[1.184434,7.486632],[1.187212,7.487053],[1.187339,7.487118],[1.190114,7.486697],[1.192087,7.485692],[1.191869,7.484855],[1.192421,7.482738],[1.193994,7.480943],[1.194374,7.480749],[1.19404,7.479468],[1.192468,7.477673],[1.190114,7.476474],[1.187338,7.476053],[1.184561,7.476474],[1.182208,7.477673],[1.180635,7.479468],[1.180083,7.481585],[1.180635,7.483703],[1.182208,7.485498],[1.184434,7.486632]]]}},{"type":"Feature","properties":{"civic_code":"211-05-022","name":"Iko Atchou Djama","settlement_type":"village","canton_official_code":null,"review_status":"proposed","geometry_role":"non_authoritative_settlement_reference_extent","source":"paired-settlement-reference-extents/settlement-aware-reference-extents.geojson","commune_official_code":"B11058","official_code":"B11058"},"geometry":{"type":"Polygon","coordinates":[[[1.217563,7.581082],[1.220339,7.581503],[1.223116,7.581082],[1.22547,7.579882],[1.227042,7.578087],[1.227594,7.575969],[1.227042,7.573851],[1.22547,7.572056],[1.223116,7.570856],[1.220339,7.570435],[1.217563,7.570856],[1.215209,7.572056],[1.213637,7.573851],[1.213085,7.575969],[1.213637,7.578087],[1.215209,7.579882],[1.217563,7.581082]]]}},{"type":"Feature","properties":{"civic_code":"211-05-026","name":"Kossi Kopé","settlement_type":"village","canton_official_code":null,"review_status":"proposed","geometry_role":"non_authoritative_settlement_reference_extent","source":"paired-settlement-reference-extents/settlement-aware-reference-extents.geojson","commune_official_code":"B11058","official_code":"B11058"},"geometry":{"type":"Polygon","coordinates":[[[1.164411,7.525295],[1.167188,7.524874],[1.169541,7.523675],[1.171114,7.52188],[1.171666,7.519762],[1.171114,7.517645],[1.169541,7.515849],[1.167188,7.51465],[1.164411,7.514229],[1.161635,7.51465],[1.159281,7.515849],[1.157709,7.517645],[1.157156,7.519762],[1.157709,7.52188],[1.159281,7.523675],[1.161635,7.524874],[1.164411,7.525295]]]}},{"type":"Feature","properties":{"civic_code":"211-05-028","name":"N'tchiri","settlement_type":"village","canton_official_code":null,"review_status":"proposed","geometry_role":"non_authoritative_settlement_reference_extent","source":"paired-settlement-reference-extents/settlement-aware-reference-extents.geojson","commune_official_code":"B11058","official_code":"B11058"},"geometry":{"type":"Polygon","coordinates":[[[1.221329,7.566667],[1.223683,7.565467],[1.225256,7.563672],[1.225808,7.561554],[1.225256,7.559437],[1.223683,7.557641],[1.221329,7.556442],[1.218553,7.55602],[1.215777,7.556442],[1.213423,7.557641],[1.21185,7.559437],[1.211298,7.561554],[1.21185,7.563672],[1.213423,7.565467],[1.215777,7.566667],[1.218553,7.567088],[1.221329,7.566667]]]}},{"type":"Feature","properties":{"civic_code":"211-05-029","name":"Oyo","settlement_type":"village","canton_official_code":null,"review_status":"proposed","geometry_role":"non_authoritative_settlement_reference_extent","source":"paired-settlement-reference-extents/settlement-aware-reference-extents.geojson","commune_official_code":"B11058","official_code":"B11058"},"geometry":{"type":"Polygon","coordinates":[[[1.176151,7.518514],[1.177723,7.516719],[1.178275,7.514601],[1.177723,7.512484],[1.176151,7.510689],[1.173797,7.509489],[1.17102,7.509068],[1.168244,7.509489],[1.16589,7.510689],[1.164318,7.512484],[1.16384,7.514315],[1.164411,7.514229],[1.167188,7.51465],[1.169541,7.515849],[1.171114,7.517645],[1.171666,7.519762],[1.171592,7.520048],[1.173797,7.519714],[1.176151,7.518514]]]}},{"type":"Feature","properties":{"civic_code":"204-02-002","name":"Agbandao","settlement_type":"village","canton_official_code":null,"review_status":"proposed","geometry_role":"non_authoritative_settlement_reference_extent","source":"paired-settlement-reference-extents/settlement-aware-reference-extents.geojson","commune_official_code":"B11058","official_code":"B11058"},"geometry":{"type":"Polygon","coordinates":[[[1.151154,7.731832],[1.153931,7.73141],[1.156285,7.73021],[1.157631,7.728672],[1.153007,7.722197],[1.151052,7.720775],[1.148614,7.721145],[1.148746,7.730354],[1.149014,7.731507],[1.151154,7.731832]]]}},{"type":"Feature","properties":{"civic_code":"211-01-001","name":"Akparé","settlement_type":"village","canton_official_code":"B11059173","review_status":"proposed","geometry_role":"non_authoritative_settlement_reference_extent","source":"paired-settlement-reference-extents/settlement-aware-reference-extents.geojson","commune_official_code":"B11059","official_code":"B11059"},"geometry":{"type":"Polygon","coordinates":[[[1.328538,7.464314],[1.324175,7.463652],[1.319812,7.464314],[1.316113,7.466199],[1.313642,7.46902],[1.312774,7.472347],[1.313642,7.475674],[1.316113,7.478495],[1.319812,7.480379],[1.324175,7.481041],[1.328538,7.480379],[1.332236,7.478495],[1.334708,7.475674],[1.335575,7.472347],[1.334708,7.46902],[1.332236,7.466199],[1.328538,7.464314]]]}},{"type":"Feature","properties":{"civic_code":"211-01-003","name":"KOKOU KOPE","settlement_type":"village","canton_official_code":"B11059173","review_status":"proposed","geometry_role":"non_authoritative_settlement_reference_extent","source":"paired-settlement-reference-extents/settlement-aware-reference-extents.geojson","commune_official_code":"B11059","official_code":"B11059"},"geometry":{"type":"Polygon","coordinates":[[[1.293673,7.449841],[1.290896,7.450262],[1.288543,7.451461],[1.28697,7.453256],[1.286418,7.455373],[1.28697,7.457491],[1.288543,7.459286],[1.290896,7.460485],[1.293673,7.460906],[1.296449,7.460485],[1.298803,7.459286],[1.300375,7.457491],[1.300928,7.455373],[1.300375,7.453256],[1.298803,7.451461],[1.296449,7.450262],[1.293673,7.449841]]]}},{"type":"Feature","properties":{"civic_code":"211-01-004","name":"Ngoboto","settlement_type":"village","canton_official_code":null,"review_status":"proposed","geometry_role":"non_authoritative_settlement_reference_extent","source":"paired-settlement-reference-extents/settlement-aware-reference-extents.geojson","commune_official_code":"B11059","official_code":"B11059"},"geometry":{"type":"Polygon","coordinates":[[[1.411903,7.403986],[1.409126,7.404407],[1.406773,7.405606],[1.4052,7.407401],[1.404648,7.409518],[1.4052,7.411635],[1.406773,7.41343],[1.409126,7.414629],[1.411903,7.41505],[1.414679,7.414629],[1.417033,7.41343],[1.418605,7.411635],[1.419158,7.409518],[1.418605,7.407401],[1.417033,7.405606],[1.414679,7.404407],[1.411903,7.403986]]]}},{"type":"Feature","properties":{"civic_code":"211-01-006","name":"TCHAGALA","settlement_type":"village","canton_official_code":"B11059173","review_status":"proposed","geometry_role":"non_authoritative_settlement_reference_extent","source":"paired-settlement-reference-extents/settlement-aware-reference-extents.geojson","commune_official_code":"B11059","official_code":"B11059"},"geometry":{"type":"Polygon","coordinates":[[[1.315001,7.459598],[1.313428,7.461393],[1.312876,7.46351],[1.313428,7.465628],[1.315029,7.467437],[1.316113,7.466199],[1.319812,7.464314],[1.324175,7.463652],[1.327228,7.464116],[1.327386,7.46351],[1.326833,7.461393],[1.325261,7.459598],[1.322907,7.458399],[1.320131,7.457978],[1.317354,7.458399],[1.315001,7.459598]]]}},{"type":"Feature","properties":{"civic_code":"211-01-007","name":"WODE Tôto","settlement_type":"village","canton_official_code":"B11059173","review_status":"proposed","geometry_role":"non_authoritative_settlement_reference_extent","source":"paired-settlement-reference-extents/settlement-aware-reference-extents.geojson","commune_official_code":"B11059","official_code":"B11059"},"geometry":{"type":"Polygon","coordinates":[[[1.349708,7.510972],[1.349155,7.51309],[1.349708,7.515207],[1.35128,7.517003],[1.353634,7.518202],[1.35641,7.518623],[1.359187,7.518202],[1.36154,7.517003],[1.363113,7.515207],[1.363665,7.51309],[1.363113,7.510972],[1.36154,7.509177],[1.359187,7.507978],[1.35641,7.507557],[1.353634,7.507978],[1.35128,7.509177],[1.349708,7.510972]]]}},{"type":"Feature","properties":{"civic_code":"211-02-002","name":"Avété","settlement_type":"village","canton_official_code":"B11059172","review_status":"proposed","geometry_role":"non_authoritative_settlement_reference_extent","source":"paired-settlement-reference-extents/settlement-aware-reference-extents.geojson","commune_official_code":"B11059","official_code":"B11059"},"geometry":{"type":"Polygon","coordinates":[[[1.146352,7.47281],[1.146905,7.474928],[1.148477,7.476722],[1.150831,7.477922],[1.153607,7.478343],[1.156384,7.477922],[1.158737,7.476722],[1.16031,7.474928],[1.160862,7.47281],[1.16031,7.470693],[1.158737,7.468898],[1.156384,7.467699],[1.153607,7.467277],[1.150831,7.467699],[1.148477,7.468898],[1.146905,7.470693],[1.146352,7.47281]]]}},{"type":"Feature","properties":{"civic_code":"211-02-003","name":"Datcha","settlement_type":"village","canton_official_code":"B11059172","review_status":"proposed","geometry_role":"non_authoritative_settlement_reference_extent","source":"paired-settlement-reference-extents/settlement-aware-reference-extents.geojson","commune_official_code":"B11059","official_code":"B11059"},"geometry":{"type":"Polygon","coordinates":[[[1.154013,7.432989],[1.155586,7.434784],[1.157939,7.435983],[1.160716,7.436405],[1.163492,7.435983],[1.165846,7.434784],[1.167418,7.432989],[1.167971,7.430872],[1.167418,7.428755],[1.165846,7.42696],[1.163492,7.425761],[1.160716,7.42534],[1.157939,7.425761],[1.155586,7.42696],[1.154013,7.428755],[1.153461,7.430872],[1.154013,7.432989]]]}},{"type":"Feature","properties":{"civic_code":"211-06-001","name":"Adédakopé","settlement_type":"village","canton_official_code":"B11059171","review_status":"proposed","geometry_role":"non_authoritative_settlement_reference_extent","source":"paired-settlement-reference-extents/settlement-aware-reference-extents.geojson","commune_official_code":"B11059","official_code":"B11059"},"geometry":{"type":"Polygon","coordinates":[[[1.323706,7.339587],[1.326059,7.340786],[1.328836,7.341207],[1.331612,7.340786],[1.333966,7.339587],[1.335538,7.337792],[1.336091,7.335676],[1.335538,7.333559],[1.333966,7.331765],[1.331612,7.330566],[1.328836,7.330145],[1.326059,7.330566],[1.323706,7.331765],[1.322133,7.333559],[1.321581,7.335676],[1.322133,7.337792],[1.323706,7.339587]]]}},{"type":"Feature","properties":{"civic_code":"211-06-002","name":"Adjimakpé","settlement_type":"village","canton_official_code":"B11059171","review_status":"proposed","geometry_role":"non_authoritative_settlement_reference_extent","source":"paired-settlement-reference-extents/settlement-aware-reference-extents.geojson","commune_official_code":"B11059","official_code":"B11059"},"geometry":{"type":"Polygon","coordinates":[[[1.355433,7.40016],[1.358209,7.400581],[1.360985,7.40016],[1.363339,7.398961],[1.364912,7.397166],[1.365464,7.395049],[1.364912,7.392932],[1.363339,7.391138],[1.360985,7.389938],[1.358209,7.389517],[1.355433,7.389938],[1.353079,7.391138],[1.351506,7.392932],[1.350954,7.395049],[1.351506,7.397166],[1.353079,7.398961],[1.355433,7.40016]]]}},{"type":"Feature","properties":{"civic_code":"211-06-003","name":"AGBANTA","settlement_type":"village","canton_official_code":"B11059171","review_status":"proposed","geometry_role":"non_authoritative_settlement_reference_extent","source":"paired-settlement-reference-extents/settlement-aware-reference-extents.geojson","commune_official_code":"B11059","official_code":"B11059"},"geometry":{"type":"Polygon","coordinates":[[[1.350958,7.395034],[1.351506,7.392932],[1.353079,7.391138],[1.355433,7.389938],[1.358209,7.389517],[1.360749,7.389903],[1.3602,7.387771],[1.358628,7.385976],[1.356274,7.384777],[1.353498,7.384356],[1.350721,7.384777],[1.348368,7.385976],[1.346795,7.387771],[1.346243,7.389888],[1.346795,7.392005],[1.348368,7.393799],[1.350721,7.394999],[1.350958,7.395034]]]}},{"type":"Feature","properties":{"civic_code":"211-06-004","name":"Albanka","settlement_type":"village","canton_official_code":"B11059171","review_status":"proposed","geometry_role":"non_authoritative_settlement_reference_extent","source":"paired-settlement-reference-extents/settlement-aware-reference-extents.geojson","commune_official_code":"B11059","official_code":"B11059"},"geometry":{"type":"Polygon","coordinates":[[[1.328446,7.402799],[1.330799,7.4016],[1.332372,7.399805],[1.332924,7.397688],[1.332372,7.395571],[1.330799,7.393776],[1.328446,7.392577],[1.325669,7.392156],[1.322893,7.392577],[1.320539,7.393776],[1.318967,7.395571],[1.318414,7.397688],[1.318967,7.399805],[1.320539,7.4016],[1.322893,7.402799],[1.325669,7.40322],[1.328446,7.402799]]]}},{"type":"Feature","properties":{"civic_code":"211-06-005","name":"Atokodjè","settlement_type":"village","canton_official_code":null,"review_status":"proposed","geometry_role":"non_authoritative_settlement_reference_extent","source":"paired-settlement-reference-extents/settlement-aware-reference-extents.geojson","commune_official_code":"B11059","official_code":"B11059"},"geometry":{"type":"Polygon","coordinates":[[[1.206187,7.458351],[1.208541,7.457152],[1.210114,7.455357],[1.210666,7.453239],[1.210114,7.451122],[1.208541,7.449327],[1.206187,7.448128],[1.203411,7.447707],[1.200635,7.448128],[1.198281,7.449327],[1.196708,7.451122],[1.196156,7.453239],[1.196708,7.455357],[1.198281,7.457152],[1.200635,7.458351],[1.203411,7.458772],[1.206187,7.458351]]]}},{"type":"Feature","properties":{"civic_code":"211-06-006","name":"Irandomi","settlement_type":"village","canton_official_code":"B11059171","review_status":"proposed","geometry_role":"non_authoritative_settlement_reference_extent","source":"paired-settlement-reference-extents/settlement-aware-reference-extents.geojson","commune_official_code":"B11059","official_code":"B11059"},"geometry":{"type":"Polygon","coordinates":[[[1.360353,7.378997],[1.360905,7.37688],[1.360353,7.374763],[1.35878,7.372969],[1.356426,7.371769],[1.35365,7.371348],[1.350874,7.371769],[1.34852,7.372969],[1.346947,7.374763],[1.346395,7.37688],[1.346947,7.378997],[1.34852,7.380791],[1.350874,7.381991],[1.35365,7.382412],[1.356426,7.381991],[1.35878,7.380791],[1.360353,7.378997]]]}},{"type":"Feature","properties":{"civic_code":"211-06-007","name":"Katoré","settlement_type":"village","canton_official_code":"B11059171","review_status":"proposed","geometry_role":"non_authoritative_settlement_reference_extent","source":"paired-settlement-reference-extents/settlement-aware-reference-extents.geojson","commune_official_code":"B11059","official_code":"B11059"},"geometry":{"type":"Polygon","coordinates":[[[1.343831,7.395668],[1.342963,7.392342],[1.340491,7.389522],[1.336793,7.387637],[1.33243,7.386975],[1.328067,7.387637],[1.324369,7.389522],[1.321897,7.392342],[1.321674,7.393198],[1.322893,7.392577],[1.325669,7.392156],[1.328446,7.392577],[1.330799,7.393776],[1.332372,7.395571],[1.332924,7.397688],[1.332372,7.399805],[1.330799,7.4016],[1.328446,7.402799],[1.326792,7.40305],[1.328067,7.4037],[1.33243,7.404361],[1.336793,7.4037],[1.340491,7.401815],[1.342963,7.398995],[1.343831,7.395668]]]}},{"type":"Feature","properties":{"civic_code":"211-06-008","name":"Kelekpe N'tare","settlement_type":"village","canton_official_code":"B11059171","review_status":"proposed","geometry_role":"non_authoritative_settlement_reference_extent","source":"paired-settlement-reference-extents/settlement-aware-reference-extents.geojson","commune_official_code":"B11059","official_code":"B11059"},"geometry":{"type":"Polygon","coordinates":[[[1.310184,7.398253],[1.308612,7.396458],[1.306258,7.395259],[1.303482,7.394838],[1.300705,7.395259],[1.298352,7.396458],[1.296779,7.398253],[1.296227,7.40037],[1.296779,7.402487],[1.298352,7.404282],[1.300705,7.405481],[1.303482,7.405902],[1.306258,7.405481],[1.308612,7.404282],[1.310184,7.402487],[1.310737,7.40037],[1.310184,7.398253]]]}},{"type":"Feature","properties":{"civic_code":"211-06-010","name":"Kpakpo","settlement_type":"village","canton_official_code":"B11059171","review_status":"proposed","geometry_role":"non_authoritative_settlement_reference_extent","source":"paired-settlement-reference-extents/settlement-aware-reference-extents.geojson","commune_official_code":"B11059","official_code":"B11059"},"geometry":{"type":"Polygon","coordinates":[[[1.255293,7.408789],[1.255845,7.406672],[1.255293,7.404555],[1.25372,7.40276],[1.251366,7.401561],[1.24859,7.40114],[1.248049,7.401222],[1.246554,7.402218],[1.245356,7.403192],[1.244682,7.404764],[1.243522,7.406299],[1.241987,7.40746],[1.241573,7.407584],[1.241887,7.408789],[1.24346,7.410583],[1.245814,7.411783],[1.24859,7.412204],[1.251366,7.411783],[1.25372,7.410583],[1.255293,7.408789]]]}},{"type":"Feature","properties":{"civic_code":"211-04-001","name":"Adanka","settlement_type":"village","canton_official_code":"B11060174","review_status":"proposed","geometry_role":"non_authoritative_settlement_reference_extent","source":"paired-settlement-reference-extents/settlement-aware-reference-extents.geojson","commune_official_code":"B11060","official_code":"B11060"},"geometry":{"type":"Polygon","coordinates":[[[1.167299,7.244673],[1.164523,7.244252],[1.161747,7.244673],[1.159393,7.245872],[1.15782,7.247666],[1.157268,7.249782],[1.15782,7.251899],[1.159393,7.253693],[1.161747,7.254892],[1.164523,7.255313],[1.167299,7.254892],[1.169653,7.253693],[1.171226,7.251899],[1.171778,7.249782],[1.171226,7.247666],[1.169653,7.245872],[1.167299,7.244673]]]}},{"type":"Feature","properties":{"civic_code":"211-04-002","name":"Amou Adjaro","settlement_type":"village","canton_official_code":"B11060174","review_status":"proposed","geometry_role":"non_authoritative_settlement_reference_extent","source":"paired-settlement-reference-extents/settlement-aware-reference-extents.geojson","commune_official_code":"B11060","official_code":"B11060"},"geometry":{"type":"Polygon","coordinates":[[[1.180011,7.339017],[1.177235,7.339438],[1.174881,7.340637],[1.173308,7.342431],[1.172756,7.344548],[1.173308,7.346665],[1.174881,7.348459],[1.177235,7.349658],[1.180011,7.350079],[1.182787,7.349658],[1.185141,7.348459],[1.186714,7.346665],[1.187266,7.344548],[1.186714,7.342431],[1.185141,7.340637],[1.182787,7.339438],[1.180011,7.339017]]]}},{"type":"Feature","properties":{"civic_code":"211-04-003","name":"Atiakéké","settlement_type":"village","canton_official_code":"B11060174","review_status":"proposed","geometry_role":"non_authoritative_settlement_reference_extent","source":"paired-settlement-reference-extents/settlement-aware-reference-extents.geojson","commune_official_code":"B11060","official_code":"B11060"},"geometry":{"type":"Polygon","coordinates":[[[1.316531,7.262851],[1.314178,7.264049],[1.312605,7.265844],[1.312053,7.26796],[1.312605,7.270076],[1.314178,7.271871],[1.316531,7.273069],[1.319308,7.27349],[1.322084,7.273069],[1.324438,7.271871],[1.32601,7.270076],[1.326563,7.26796],[1.32601,7.265844],[1.324438,7.264049],[1.322084,7.262851],[1.319308,7.26243],[1.316531,7.262851]]]}},{"type":"Feature","properties":{"civic_code":"211-04-004","name":"Ayole","settlement_type":"village","canton_official_code":"B11060174","review_status":"proposed","geometry_role":"non_authoritative_settlement_reference_extent","source":"paired-settlement-reference-extents/settlement-aware-reference-extents.geojson","commune_official_code":"B11060","official_code":"B11060"},"geometry":{"type":"Polygon","coordinates":[[[1.109347,7.30074],[1.107775,7.302534],[1.107222,7.30465],[1.107775,7.306767],[1.109347,7.308561],[1.111701,7.30976],[1.114477,7.310181],[1.117254,7.30976],[1.119607,7.308561],[1.12118,7.306767],[1.121732,7.30465],[1.12118,7.302534],[1.119607,7.30074],[1.117254,7.299541],[1.114477,7.29912],[1.111701,7.299541],[1.109347,7.30074]]]}},{"type":"Feature","properties":{"civic_code":"211-04-005","name":"Chila","settlement_type":"village","canton_official_code":"B11060174","review_status":"proposed","geometry_role":"non_authoritative_settlement_reference_extent","source":"paired-settlement-reference-extents/settlement-aware-reference-extents.geojson","commune_official_code":"B11060","official_code":"B11060"},"geometry":{"type":"Polygon","coordinates":[[[1.316195,7.252564],[1.315643,7.25468],[1.316195,7.256796],[1.317768,7.25859],[1.320122,7.259789],[1.322898,7.26021],[1.325674,7.259789],[1.328028,7.25859],[1.329601,7.256796],[1.330153,7.25468],[1.329601,7.252564],[1.328028,7.250769],[1.325674,7.249571],[1.322898,7.24915],[1.320122,7.249571],[1.317768,7.250769],[1.316195,7.252564]]]}},{"type":"Feature","properties":{"civic_code":"211-04-006","name":"Gleï","settlement_type":"village","canton_official_code":"B11060174","review_status":"proposed","geometry_role":"non_authoritative_settlement_reference_extent","source":"paired-settlement-reference-extents/settlement-aware-reference-extents.geojson","commune_official_code":"B11060","official_code":"B11060"},"geometry":{"type":"Polygon","coordinates":[[[1.161747,7.254892],[1.160901,7.254461],[1.160544,7.254643],[1.158073,7.257462],[1.157205,7.260787],[1.158073,7.264113],[1.160544,7.266933],[1.164243,7.268816],[1.168605,7.269478],[1.172968,7.268816],[1.176667,7.266933],[1.179138,7.264113],[1.180006,7.260787],[1.179138,7.257462],[1.176667,7.254643],[1.172968,7.252759],[1.170765,7.252425],[1.169653,7.253693],[1.167299,7.254892],[1.164523,7.255313],[1.161747,7.254892]]]}},{"type":"Feature","properties":{"civic_code":"211-04-007","name":"Kpamba","settlement_type":"village","canton_official_code":"B11060174","review_status":"proposed","geometry_role":"non_authoritative_settlement_reference_extent","source":"paired-settlement-reference-extents/settlement-aware-reference-extents.geojson","commune_official_code":"B11060","official_code":"B11060"},"geometry":{"type":"Polygon","coordinates":[[[1.108228,7.315952],[1.109801,7.317747],[1.112154,7.318946],[1.114931,7.319367],[1.117707,7.318946],[1.120061,7.317747],[1.121633,7.315952],[1.122186,7.313836],[1.121633,7.311719],[1.120061,7.309925],[1.118496,7.309128],[1.117254,7.30976],[1.114477,7.310181],[1.111701,7.30976],[1.110912,7.309359],[1.109801,7.309925],[1.108228,7.311719],[1.107676,7.313836],[1.108228,7.315952]]]}},{"type":"Feature","properties":{"civic_code":"211-04-009","name":"Zolou kokoyo","settlement_type":"village","canton_official_code":"B11060174","review_status":"proposed","geometry_role":"non_authoritative_settlement_reference_extent","source":"paired-settlement-reference-extents/settlement-aware-reference-extents.geojson","commune_official_code":"B11060","official_code":"B11060"},"geometry":{"type":"Polygon","coordinates":[[[1.137721,7.312839],[1.140075,7.314038],[1.142851,7.314459],[1.145628,7.314038],[1.147981,7.312839],[1.149554,7.311044],[1.150106,7.308928],[1.149554,7.306811],[1.147981,7.305017],[1.145628,7.303818],[1.142851,7.303397],[1.140075,7.303818],[1.137721,7.305017],[1.136149,7.306811],[1.135596,7.308928],[1.136149,7.311044],[1.137721,7.312839]]]}},{"type":"Feature","properties":{"civic_code":"211-07-001","name":"Atchakoué 1","settlement_type":"village","canton_official_code":"B11061175","review_status":"proposed","geometry_role":"non_authoritative_settlement_reference_extent","source":"paired-settlement-reference-extents/settlement-aware-reference-extents.geojson","commune_official_code":"B11061","official_code":"B11061"},"geometry":{"type":"Polygon","coordinates":[[[1.521367,7.460179],[1.51859,7.459758],[1.515814,7.460179],[1.51346,7.461378],[1.511888,7.463173],[1.511336,7.46529],[1.511888,7.467408],[1.51346,7.469203],[1.515814,7.470402],[1.51859,7.470823],[1.521367,7.470402],[1.523721,7.469203],[1.525293,7.467408],[1.525845,7.46529],[1.525293,7.463173],[1.523721,7.461378],[1.521367,7.460179]]]}},{"type":"Feature","properties":{"civic_code":"211-07-002","name":"ATOME","settlement_type":"village","canton_official_code":"B11061175","review_status":"proposed","geometry_role":"non_authoritative_settlement_reference_extent","source":"paired-settlement-reference-extents/settlement-aware-reference-extents.geojson","commune_official_code":"B11061","official_code":"B11061"},"geometry":{"type":"Polygon","coordinates":[[[1.534159,7.36406],[1.531383,7.364482],[1.529029,7.365681],[1.527457,7.367475],[1.526904,7.369592],[1.527457,7.371709],[1.529029,7.373503],[1.531383,7.374702],[1.534159,7.375124],[1.536936,7.374702],[1.539289,7.373503],[1.540862,7.371709],[1.541414,7.369592],[1.540862,7.367475],[1.539289,7.365681],[1.536936,7.364482],[1.534159,7.36406]]]}},{"type":"Feature","properties":{"civic_code":"211-07-003","name":"Ayihoe","settlement_type":"village","canton_official_code":"B11061175","review_status":"proposed","geometry_role":"non_authoritative_settlement_reference_extent","source":"paired-settlement-reference-extents/settlement-aware-reference-extents.geojson","commune_official_code":"B11061","official_code":"B11061"},"geometry":{"type":"Polygon","coordinates":[[[1.599426,7.44988],[1.597072,7.451079],[1.5955,7.452874],[1.594947,7.454991],[1.5955,7.457109],[1.597072,7.458903],[1.599426,7.460103],[1.602202,7.460524],[1.604979,7.460103],[1.607332,7.458903],[1.608905,7.457109],[1.609457,7.454991],[1.608905,7.452874],[1.607332,7.451079],[1.604979,7.44988],[1.602202,7.449459],[1.599426,7.44988]]]}},{"type":"Feature","properties":{"civic_code":"211-07-004","name":"Azovou","settlement_type":"village","canton_official_code":"B11061175","review_status":"proposed","geometry_role":"non_authoritative_settlement_reference_extent","source":"paired-settlement-reference-extents/settlement-aware-reference-extents.geojson","commune_official_code":"B11061","official_code":"B11061"},"geometry":{"type":"Polygon","coordinates":[[[1.598017,7.461509],[1.597465,7.463627],[1.598017,7.465744],[1.59959,7.467539],[1.601944,7.468738],[1.60472,7.469159],[1.607496,7.468738],[1.60985,7.467539],[1.611423,7.465744],[1.611975,7.463627],[1.611423,7.461509],[1.60985,7.459715],[1.607618,7.458577],[1.607332,7.458903],[1.604979,7.460103],[1.602202,7.460524],[1.599426,7.460103],[1.599304,7.460041],[1.598017,7.461509]]]}},{"type":"Feature","properties":{"civic_code":"211-07-005","name":"Bétoè","settlement_type":"village","canton_official_code":"B11061175","review_status":"proposed","geometry_role":"non_authoritative_settlement_reference_extent","source":"paired-settlement-reference-extents/settlement-aware-reference-extents.geojson","commune_official_code":"B11061","official_code":"B11061"},"geometry":{"type":"Polygon","coordinates":[[[1.565339,7.378204],[1.564787,7.38032],[1.565339,7.382437],[1.566911,7.384232],[1.569265,7.385431],[1.572042,7.385852],[1.574818,7.385431],[1.577172,7.384232],[1.578744,7.382437],[1.579296,7.38032],[1.578744,7.378204],[1.577172,7.376409],[1.574818,7.37521],[1.572042,7.374789],[1.569265,7.37521],[1.566911,7.376409],[1.565339,7.378204]]]}},{"type":"Feature","properties":{"civic_code":"211-07-011","name":"Nangbéto","settlement_type":"village","canton_official_code":"B11061175","review_status":"proposed","geometry_role":"non_authoritative_settlement_reference_extent","source":"paired-settlement-reference-extents/settlement-aware-reference-extents.geojson","commune_official_code":"B11061","official_code":"B11061"},"geometry":{"type":"Polygon","coordinates":[[[1.439473,7.408995],[1.440025,7.411112],[1.441598,7.412906],[1.443952,7.414106],[1.446728,7.414527],[1.449504,7.414106],[1.451858,7.412906],[1.453431,7.411112],[1.453983,7.408995],[1.453431,7.406878],[1.451858,7.405083],[1.449504,7.403884],[1.446728,7.403463],[1.443952,7.403884],[1.441598,7.405083],[1.440025,7.406878],[1.439473,7.408995]]]}},{"type":"Feature","properties":{"civic_code":"211-07-013","name":"Ountivou","settlement_type":"village","canton_official_code":"B11061175","review_status":"proposed","geometry_role":"non_authoritative_settlement_reference_extent","source":"paired-settlement-reference-extents/settlement-aware-reference-extents.geojson","commune_official_code":"B11061","official_code":"B11061"},"geometry":{"type":"Polygon","coordinates":[[[1.571727,7.36636],[1.575426,7.364476],[1.577897,7.361656],[1.578436,7.359592],[1.573537,7.357406],[1.56886,7.354864],[1.562916,7.350343],[1.559303,7.352183],[1.556832,7.355003],[1.555964,7.35833],[1.556832,7.361656],[1.559303,7.364476],[1.563002,7.36636],[1.567364,7.367022],[1.571727,7.36636]]]}},{"type":"Feature","properties":{"civic_code":"212-01-001","name":"Anonoé","settlement_type":"village","canton_official_code":"B12062178","review_status":"proposed","geometry_role":"non_authoritative_settlement_reference_extent","source":"paired-settlement-reference-extents/settlement-aware-reference-extents.geojson","commune_official_code":"B12062","official_code":"B12062"},"geometry":{"type":"Polygon","coordinates":[[[0.60519,7.553732],[0.602413,7.55331],[0.599637,7.553732],[0.597283,7.554931],[0.595711,7.556726],[0.595158,7.558844],[0.595711,7.560962],[0.597283,7.562757],[0.599637,7.563957],[0.602413,7.564378],[0.60519,7.563957],[0.607543,7.562757],[0.609116,7.560962],[0.609668,7.558844],[0.609116,7.556726],[0.607543,7.554931],[0.60519,7.553732]]]}},{"type":"Feature","properties":{"civic_code":"212-06-002","name":"Akpani","settlement_type":"village","canton_official_code":"B12062179","review_status":"proposed","geometry_role":"non_authoritative_settlement_reference_extent","source":"paired-settlement-reference-extents/settlement-aware-reference-extents.geojson","commune_official_code":"B12062","official_code":"B12062"},"geometry":{"type":"Polygon","coordinates":[[[0.642396,7.592996],[0.63962,7.593417],[0.637266,7.594617],[0.635694,7.596412],[0.635141,7.59853],[0.635694,7.600648],[0.637266,7.602444],[0.63962,7.603643],[0.642396,7.604065],[0.645173,7.603643],[0.647526,7.602444],[0.649099,7.600648],[0.649651,7.59853],[0.649099,7.596412],[0.647526,7.594617],[0.645173,7.593417],[0.642396,7.592996]]]}},{"type":"Feature","properties":{"civic_code":"212-06-003","name":"N'tarre kope","settlement_type":"village","canton_official_code":"B12062179","review_status":"proposed","geometry_role":"non_authoritative_settlement_reference_extent","source":"paired-settlement-reference-extents/settlement-aware-reference-extents.geojson","commune_official_code":"B12062","official_code":"B12062"},"geometry":{"type":"Polygon","coordinates":[[[0.651685,7.5874],[0.652238,7.589518],[0.65381,7.591313],[0.656164,7.592513],[0.65894,7.592934],[0.661717,7.592513],[0.66407,7.591313],[0.665643,7.589518],[0.666195,7.5874],[0.66578,7.585806],[0.664307,7.585023],[0.657359,7.582106],[0.656164,7.582287],[0.65381,7.583487],[0.652238,7.585282],[0.651685,7.5874]]]}},{"type":"Feature","properties":{"civic_code":"212-08-001","name":"Gobe - Egbo","settlement_type":"village","canton_official_code":"B12062176","review_status":"proposed","geometry_role":"non_authoritative_settlement_reference_extent","source":"paired-settlement-reference-extents/settlement-aware-reference-extents.geojson","commune_official_code":"B12062","official_code":"B12062"},"geometry":{"type":"Polygon","coordinates":[[[0.641088,7.415605],[0.639515,7.4174],[0.638963,7.419517],[0.639515,7.421634],[0.641088,7.423429],[0.643442,7.424628],[0.646218,7.425049],[0.648994,7.424628],[0.651348,7.423429],[0.652921,7.421634],[0.653473,7.419517],[0.652921,7.4174],[0.651348,7.415605],[0.648994,7.414406],[0.646218,7.413985],[0.643442,7.414406],[0.641088,7.415605]]]}},{"type":"Feature","properties":{"civic_code":"212-08-002","name":"Itodou - Haut","settlement_type":"village","canton_official_code":"B12062176","review_status":"proposed","geometry_role":"non_authoritative_settlement_reference_extent","source":"paired-settlement-reference-extents/settlement-aware-reference-extents.geojson","commune_official_code":"B12062","official_code":"B12062"},"geometry":{"type":"Polygon","coordinates":[[[0.626252,7.43317],[0.6257,7.435287],[0.626252,7.437405],[0.627825,7.439199],[0.630179,7.440399],[0.632955,7.44082],[0.635731,7.440399],[0.638085,7.439199],[0.639658,7.437405],[0.64021,7.435287],[0.639658,7.43317],[0.638085,7.431376],[0.635731,7.430176],[0.632955,7.429755],[0.630179,7.430176],[0.627825,7.431376],[0.626252,7.43317]]]}},{"type":"Feature","properties":{"civic_code":"212-08-004","name":"KPETE MAFLO","settlement_type":"village","canton_official_code":"B12062176","review_status":"proposed","geometry_role":"non_authoritative_settlement_reference_extent","source":"paired-settlement-reference-extents/settlement-aware-reference-extents.geojson","commune_official_code":"B12062","official_code":"B12062"},"geometry":{"type":"Polygon","coordinates":[[[0.589382,7.463339],[0.589934,7.465456],[0.591507,7.467251],[0.59386,7.46845],[0.596637,7.468872],[0.599413,7.46845],[0.601767,7.467251],[0.603339,7.465456],[0.603892,7.463339],[0.603339,7.461222],[0.601767,7.459427],[0.599413,7.458227],[0.596637,7.457806],[0.59386,7.458227],[0.591507,7.459427],[0.589934,7.461222],[0.589382,7.463339]]]}},{"type":"Feature","properties":{"civic_code":"212-08-005","name":"KPETE MEPEASSEM","settlement_type":"village","canton_official_code":"B12062176","review_status":"proposed","geometry_role":"non_authoritative_settlement_reference_extent","source":"paired-settlement-reference-extents/settlement-aware-reference-extents.geojson","commune_official_code":"B12062","official_code":"B12062"},"geometry":{"type":"Polygon","coordinates":[[[0.596911,7.449958],[0.598483,7.451753],[0.600837,7.452953],[0.603613,7.453374],[0.60639,7.452953],[0.608743,7.451753],[0.610316,7.449958],[0.610868,7.447841],[0.610316,7.445724],[0.608743,7.443929],[0.60639,7.44273],[0.603613,7.442309],[0.600837,7.44273],[0.598483,7.443929],[0.596911,7.445724],[0.596358,7.447841],[0.596911,7.449958]]]}},{"type":"Feature","properties":{"civic_code":"212-12-003","name":"Wobè","settlement_type":"village","canton_official_code":"B12062177","review_status":"proposed","geometry_role":"non_authoritative_settlement_reference_extent","source":"paired-settlement-reference-extents/settlement-aware-reference-extents.geojson","commune_official_code":"B12062","official_code":"B12062"},"geometry":{"type":"Polygon","coordinates":[[[0.603723,7.538426],[0.606077,7.539626],[0.608853,7.540047],[0.61163,7.539626],[0.613983,7.538426],[0.615556,7.536631],[0.616108,7.534514],[0.615556,7.532396],[0.613983,7.530601],[0.61163,7.529401],[0.608853,7.52898],[0.606077,7.529401],[0.603723,7.530601],[0.602151,7.532396],[0.601598,7.534514],[0.602151,7.536631],[0.603723,7.538426]]]}},{"type":"Feature","properties":{"civic_code":"212-01-002","name":"Badou","settlement_type":"town","canton_official_code":"B12062178","review_status":"proposed","geometry_role":"non_authoritative_settlement_reference_extent","source":"paired-settlement-reference-extents/settlement-aware-reference-extents.geojson","commune_official_code":"B12062","official_code":"B12062"},"geometry":{"type":"Polygon","coordinates":[[[0.598698,7.599347],[0.607424,7.600671],[0.61615,7.599347],[0.623547,7.595577],[0.62849,7.589934],[0.630225,7.583278],[0.62849,7.576622],[0.623547,7.570979],[0.61615,7.567209],[0.607424,7.565885],[0.598698,7.567209],[0.591301,7.570979],[0.586358,7.576622],[0.584623,7.583278],[0.586358,7.589934],[0.591301,7.595577],[0.598698,7.599347]]]}},{"type":"Feature","properties":{"civic_code":"212-08-003","name":"Kpété Béna","settlement_type":"town","canton_official_code":"B12062176","review_status":"proposed","geometry_role":"non_authoritative_settlement_reference_extent","source":"paired-settlement-reference-extents/settlement-aware-reference-extents.geojson","commune_official_code":"B12062","official_code":"B12062"},"geometry":{"type":"Polygon","coordinates":[[[0.604171,7.45874],[0.612896,7.457416],[0.620294,7.453647],[0.625236,7.448006],[0.626972,7.441352],[0.625236,7.434698],[0.620294,7.429058],[0.612896,7.425288],[0.604171,7.423965],[0.595445,7.425288],[0.588048,7.429058],[0.583105,7.434698],[0.58137,7.441352],[0.583105,7.448006],[0.588048,7.453647],[0.595445,7.457416],[0.604171,7.45874]],[[0.598483,7.443929],[0.600837,7.44273],[0.603613,7.442309],[0.60639,7.44273],[0.608743,7.443929],[0.610316,7.445724],[0.610868,7.447841],[0.610316,7.449958],[0.608743,7.451753],[0.60639,7.452953],[0.603613,7.453374],[0.600837,7.452953],[0.598483,7.451753],[0.596911,7.449958],[0.596358,7.447841],[0.596911,7.445724],[0.598483,7.443929]]]}},{"type":"Feature","properties":{"civic_code":"212-12-002","name":"Tomegbé","settlement_type":"town","canton_official_code":"B12062177","review_status":"proposed","geometry_role":"non_authoritative_settlement_reference_extent","source":"paired-settlement-reference-extents/settlement-aware-reference-extents.geojson","commune_official_code":"B12062","official_code":"B12062"},"geometry":{"type":"Polygon","coordinates":[[[0.609886,7.519376],[0.614594,7.516977],[0.617739,7.513386],[0.618843,7.509151],[0.617739,7.504916],[0.614594,7.501326],[0.609886,7.498927],[0.604334,7.498085],[0.598781,7.498927],[0.594074,7.501326],[0.590928,7.504916],[0.589824,7.509151],[0.590928,7.513386],[0.594074,7.516977],[0.598781,7.519376],[0.604334,7.520218],[0.609886,7.519376]]]}},{"type":"Feature","properties":{"civic_code":"212-04-002","name":"Agbo Kobe","settlement_type":"village","canton_official_code":"B12063180","review_status":"proposed","geometry_role":"non_authoritative_settlement_reference_extent","source":"paired-settlement-reference-extents/settlement-aware-reference-extents.geojson","commune_official_code":"B12063","official_code":"B12063"},"geometry":{"type":"Polygon","coordinates":[[[0.677617,7.430149],[0.674841,7.429728],[0.672065,7.430149],[0.669711,7.431348],[0.668138,7.433143],[0.667586,7.43526],[0.668138,7.437377],[0.669711,7.439172],[0.672065,7.440371],[0.674841,7.440793],[0.677617,7.440371],[0.679971,7.439172],[0.681544,7.437377],[0.682096,7.43526],[0.681544,7.433143],[0.679971,7.431348],[0.677617,7.430149]]]}},{"type":"Feature","properties":{"civic_code":"212-04-004","name":"Ediwlou","settlement_type":"village","canton_official_code":"B12063180","review_status":"proposed","geometry_role":"non_authoritative_settlement_reference_extent","source":"paired-settlement-reference-extents/settlement-aware-reference-extents.geojson","commune_official_code":"B12063","official_code":"B12063"},"geometry":{"type":"Polygon","coordinates":[[[0.698341,7.39675],[0.695565,7.397171],[0.693211,7.39837],[0.691638,7.400165],[0.691086,7.402282],[0.691638,7.404399],[0.693211,7.406193],[0.695565,7.407392],[0.698341,7.407814],[0.701117,7.407392],[0.703471,7.406193],[0.705044,7.404399],[0.705596,7.402282],[0.705044,7.400165],[0.703471,7.39837],[0.701117,7.397171],[0.698341,7.39675]]]}},{"type":"Feature","properties":{"civic_code":"212-04-005","name":"Ediwoulou","settlement_type":"village","canton_official_code":"B12063180","review_status":"proposed","geometry_role":"non_authoritative_settlement_reference_extent","source":"paired-settlement-reference-extents/settlement-aware-reference-extents.geojson","commune_official_code":"B12063","official_code":"B12063"},"geometry":{"type":"Polygon","coordinates":[[[0.685001,7.408222],[0.682647,7.409421],[0.681074,7.411216],[0.680522,7.413333],[0.681074,7.41545],[0.682647,7.417245],[0.685001,7.418444],[0.687777,7.418865],[0.690553,7.418444],[0.692907,7.417245],[0.69448,7.41545],[0.695032,7.413333],[0.69448,7.411216],[0.692907,7.409421],[0.690553,7.408222],[0.687777,7.407801],[0.685001,7.408222]]]}},{"type":"Feature","properties":{"civic_code":"212-04-006","name":"Gbadi-N'kougna","settlement_type":"village","canton_official_code":"B12063180","review_status":"proposed","geometry_role":"non_authoritative_settlement_reference_extent","source":"paired-settlement-reference-extents/settlement-aware-reference-extents.geojson","commune_official_code":"B12063","official_code":"B12063"},"geometry":{"type":"Polygon","coordinates":[[[0.706621,7.459457],[0.705048,7.461252],[0.704496,7.463369],[0.705048,7.465486],[0.706621,7.467281],[0.708975,7.46848],[0.711751,7.468902],[0.714527,7.46848],[0.716881,7.467281],[0.718454,7.465486],[0.719006,7.463369],[0.718454,7.461252],[0.716881,7.459457],[0.714527,7.458257],[0.711751,7.457836],[0.708975,7.458257],[0.706621,7.459457]]]}},{"type":"Feature","properties":{"civic_code":"212-04-007","name":"Kouma-konta","settlement_type":"village","canton_official_code":"B12063180","review_status":"proposed","geometry_role":"non_authoritative_settlement_reference_extent","source":"paired-settlement-reference-extents/settlement-aware-reference-extents.geojson","commune_official_code":"B12063","official_code":"B12063"},"geometry":{"type":"Polygon","coordinates":[[[0.709061,7.492523],[0.708508,7.49464],[0.709061,7.496757],[0.710633,7.498552],[0.712987,7.499752],[0.715763,7.500173],[0.71854,7.499752],[0.720893,7.498552],[0.722466,7.496757],[0.723018,7.49464],[0.722466,7.492523],[0.720893,7.490728],[0.71854,7.489528],[0.715763,7.489107],[0.712987,7.489528],[0.710633,7.490728],[0.709061,7.492523]]]}},{"type":"Feature","properties":{"civic_code":"212-04-008","name":"Ouvlawlou","settlement_type":"village","canton_official_code":"B12063180","review_status":"proposed","geometry_role":"non_authoritative_settlement_reference_extent","source":"paired-settlement-reference-extents/settlement-aware-reference-extents.geojson","commune_official_code":"B12063","official_code":"B12063"},"geometry":{"type":"Polygon","coordinates":[[[0.682573,7.430785],[0.683126,7.432902],[0.684698,7.434697],[0.687052,7.435896],[0.689828,7.436317],[0.692605,7.435896],[0.694958,7.434697],[0.696531,7.432902],[0.697083,7.430785],[0.696531,7.428668],[0.694958,7.426873],[0.692605,7.425674],[0.689828,7.425253],[0.687052,7.425674],[0.684698,7.426873],[0.683126,7.428668],[0.682573,7.430785]]]}},{"type":"Feature","properties":{"civic_code":"212-04-009","name":"Zogbe kope","settlement_type":"village","canton_official_code":"B12063180","review_status":"proposed","geometry_role":"non_authoritative_settlement_reference_extent","source":"paired-settlement-reference-extents/settlement-aware-reference-extents.geojson","commune_official_code":"B12063","official_code":"B12063"},"geometry":{"type":"Polygon","coordinates":[[[0.678943,7.504005],[0.680516,7.505801],[0.682869,7.507],[0.685646,7.507421],[0.688422,7.507],[0.690776,7.505801],[0.692348,7.504005],[0.692901,7.501888],[0.692348,7.499771],[0.690776,7.497975],[0.688422,7.496776],[0.685646,7.496355],[0.682869,7.496776],[0.680516,7.497975],[0.678943,7.499771],[0.678391,7.501888],[0.678943,7.504005]]]}},{"type":"Feature","properties":{"civic_code":"212-07-001","name":"Adossou","settlement_type":"village","canton_official_code":"B12064183","review_status":"proposed","geometry_role":"non_authoritative_settlement_reference_extent","source":"paired-settlement-reference-extents/settlement-aware-reference-extents.geojson","commune_official_code":"B12064","official_code":"B12064"},"geometry":{"type":"Polygon","coordinates":[[[0.693818,7.53864],[0.691041,7.538219],[0.688265,7.53864],[0.685911,7.53984],[0.684339,7.541635],[0.683786,7.543752],[0.684339,7.54587],[0.685911,7.547665],[0.688265,7.548865],[0.691041,7.549286],[0.693818,7.548865],[0.696171,7.547665],[0.697744,7.54587],[0.698296,7.543752],[0.697744,7.541635],[0.696171,7.53984],[0.693818,7.53864]]]}},{"type":"Feature","properties":{"civic_code":"212-07-002","name":"Ikavi-Kope","settlement_type":"village","canton_official_code":null,"review_status":"proposed","geometry_role":"non_authoritative_settlement_reference_extent","source":"paired-settlement-reference-extents/settlement-aware-reference-extents.geojson","commune_official_code":"B12064","official_code":"B12064"},"geometry":{"type":"Polygon","coordinates":[[[0.748634,7.597511],[0.745858,7.59709],[0.743082,7.597511],[0.740728,7.598711],[0.739155,7.600507],[0.738603,7.602624],[0.739155,7.604742],[0.740728,7.606538],[0.743082,7.607738],[0.745858,7.608159],[0.748634,7.607738],[0.750988,7.606538],[0.752561,7.604742],[0.753113,7.602624],[0.752561,7.600507],[0.750988,7.598711],[0.748634,7.597511]]]}},{"type":"Feature","properties":{"civic_code":"212-07-003","name":"Klabé","settlement_type":"village","canton_official_code":null,"review_status":"proposed","geometry_role":"non_authoritative_settlement_reference_extent","source":"paired-settlement-reference-extents/settlement-aware-reference-extents.geojson","commune_official_code":"B12064","official_code":"B12064"},"geometry":{"type":"Polygon","coordinates":[[[0.883175,7.63697],[0.880399,7.637392],[0.878045,7.638591],[0.876472,7.640387],[0.87592,7.642505],[0.876472,7.644623],[0.878045,7.646419],[0.879073,7.646943],[0.881604,7.645797],[0.887034,7.644431],[0.890056,7.643939],[0.89043,7.642505],[0.889878,7.640387],[0.888305,7.638591],[0.885951,7.637392],[0.883175,7.63697]]]}},{"type":"Feature","properties":{"civic_code":"212-07-004","name":"Klabe - Adape","settlement_type":"village","canton_official_code":null,"review_status":"proposed","geometry_role":"non_authoritative_settlement_reference_extent","source":"paired-settlement-reference-extents/settlement-aware-reference-extents.geojson","commune_official_code":"B12064","official_code":"B12064"},"geometry":{"type":"Polygon","coordinates":[[[0.788125,7.612182],[0.785771,7.613381],[0.784198,7.615177],[0.783646,7.617295],[0.784198,7.619413],[0.785771,7.621209],[0.788125,7.622408],[0.790901,7.62283],[0.793677,7.622408],[0.796031,7.621209],[0.797604,7.619413],[0.798156,7.617295],[0.797604,7.615177],[0.796031,7.613381],[0.793677,7.612182],[0.790901,7.61176],[0.788125,7.612182]]]}},{"type":"Feature","properties":{"civic_code":"212-07-005","name":"Klabè lomnava","settlement_type":"village","canton_official_code":null,"review_status":"proposed","geometry_role":"non_authoritative_settlement_reference_extent","source":"paired-settlement-reference-extents/settlement-aware-reference-extents.geojson","commune_official_code":"B12064","official_code":"B12064"},"geometry":{"type":"Polygon","coordinates":[[[0.724209,7.598247],[0.722637,7.600042],[0.722084,7.60216],[0.722637,7.604278],[0.724209,7.606074],[0.726563,7.607274],[0.729339,7.607695],[0.732116,7.607274],[0.734469,7.606074],[0.736042,7.604278],[0.736594,7.60216],[0.736042,7.600042],[0.734469,7.598247],[0.732116,7.597047],[0.729339,7.596626],[0.726563,7.597047],[0.724209,7.598247]]]}},{"type":"Feature","properties":{"civic_code":"212-07-006","name":"Klabe-Azafi","settlement_type":"village","canton_official_code":"B12064183","review_status":"proposed","geometry_role":"non_authoritative_settlement_reference_extent","source":"paired-settlement-reference-extents/settlement-aware-reference-extents.geojson","commune_official_code":"B12064","official_code":"B12064"},"geometry":{"type":"Polygon","coordinates":[[[0.711587,7.598578],[0.71214,7.600696],[0.713712,7.602491],[0.716066,7.603691],[0.718842,7.604112],[0.719216,7.604056],[0.725111,7.595965],[0.723972,7.594665],[0.721619,7.593465],[0.718842,7.593044],[0.716066,7.593465],[0.713712,7.594665],[0.71214,7.59646],[0.711587,7.598578]]]}},{"type":"Feature","properties":{"civic_code":"212-07-007","name":"Klabe-Efoukpa","settlement_type":"village","canton_official_code":null,"review_status":"proposed","geometry_role":"non_authoritative_settlement_reference_extent","source":"paired-settlement-reference-extents/settlement-aware-reference-extents.geojson","commune_official_code":"B12064","official_code":"B12064"},"geometry":{"type":"Polygon","coordinates":[[[0.752632,7.600779],[0.753113,7.602624],[0.752613,7.604543],[0.752999,7.606025],[0.755471,7.608847],[0.759169,7.610732],[0.763532,7.611394],[0.767895,7.610732],[0.771594,7.608847],[0.774065,7.606025],[0.774933,7.602697],[0.774065,7.599369],[0.771594,7.596547],[0.767895,7.594662],[0.763532,7.594],[0.759169,7.594662],[0.755471,7.596547],[0.752999,7.599369],[0.752632,7.600779]]]}},{"type":"Feature","properties":{"civic_code":"212-07-009","name":"Otandjobo","settlement_type":"village","canton_official_code":"B12064183","review_status":"proposed","geometry_role":"non_authoritative_settlement_reference_extent","source":"paired-settlement-reference-extents/settlement-aware-reference-extents.geojson","commune_official_code":"B12064","official_code":"B12064"},"geometry":{"type":"Polygon","coordinates":[[[0.690584,7.586902],[0.692938,7.588101],[0.695714,7.588522],[0.69849,7.588101],[0.700844,7.586902],[0.702417,7.585106],[0.702969,7.582988],[0.702417,7.58087],[0.700844,7.579075],[0.69849,7.577875],[0.695714,7.577454],[0.692938,7.577875],[0.690584,7.579075],[0.689011,7.58087],[0.688459,7.582988],[0.689011,7.585106],[0.690584,7.586902]]]}},{"type":"Feature","properties":{"civic_code":"212-07-010","name":"Tetetou","settlement_type":"village","canton_official_code":"B12064183","review_status":"proposed","geometry_role":"non_authoritative_settlement_reference_extent","source":"paired-settlement-reference-extents/settlement-aware-reference-extents.geojson","commune_official_code":"B12064","official_code":"B12064"},"geometry":{"type":"Polygon","coordinates":[[[0.701454,7.604995],[0.70423,7.605416],[0.707007,7.604995],[0.70936,7.603795],[0.710933,7.602],[0.711485,7.599882],[0.710933,7.597764],[0.70936,7.595968],[0.707007,7.594769],[0.70423,7.594347],[0.701454,7.594769],[0.6991,7.595968],[0.697528,7.597764],[0.696975,7.599882],[0.697528,7.602],[0.6991,7.603795],[0.701454,7.604995]]]}},{"type":"Feature","properties":{"civic_code":"212-07-011","name":"Zogbégan","settlement_type":"village","canton_official_code":"B12064183","review_status":"proposed","geometry_role":"non_authoritative_settlement_reference_extent","source":"paired-settlement-reference-extents/settlement-aware-reference-extents.geojson","commune_official_code":"B12064","official_code":"B12064"},"geometry":{"type":"Polygon","coordinates":[[[0.679081,7.576406],[0.681858,7.575985],[0.684211,7.574785],[0.685784,7.57299],[0.686336,7.570872],[0.685784,7.568754],[0.684211,7.566959],[0.681858,7.565759],[0.679081,7.565338],[0.676305,7.565759],[0.673951,7.566959],[0.672379,7.568754],[0.671826,7.570872],[0.672379,7.57299],[0.673951,7.574785],[0.676305,7.575985],[0.679081,7.576406]]]}},{"type":"Feature","properties":{"civic_code":"212-09-001","name":"Alossonou","settlement_type":"village","canton_official_code":"B12064185","review_status":"proposed","geometry_role":"non_authoritative_settlement_reference_extent","source":"paired-settlement-reference-extents/settlement-aware-reference-extents.geojson","commune_official_code":"B12064","official_code":"B12064"},"geometry":{"type":"Polygon","coordinates":[[[0.879843,7.512034],[0.882197,7.510834],[0.883769,7.509039],[0.884322,7.506922],[0.883769,7.504804],[0.882197,7.503009],[0.879843,7.50181],[0.877067,7.501389],[0.87429,7.50181],[0.871937,7.503009],[0.870364,7.504804],[0.869812,7.506922],[0.870364,7.509039],[0.871937,7.510834],[0.87429,7.512034],[0.877067,7.512455],[0.879843,7.512034]]]}},{"type":"Feature","properties":{"civic_code":"212-09-003","name":"Okou","settlement_type":"village","canton_official_code":"B12064185","review_status":"proposed","geometry_role":"non_authoritative_settlement_reference_extent","source":"paired-settlement-reference-extents/settlement-aware-reference-extents.geojson","commune_official_code":"B12064","official_code":"B12064"},"geometry":{"type":"Polygon","coordinates":[[[0.861988,7.578847],[0.864459,7.576026],[0.865327,7.572698],[0.864459,7.56937],[0.861988,7.566549],[0.85829,7.564663],[0.853927,7.564002],[0.849564,7.564663],[0.845865,7.566549],[0.843394,7.56937],[0.842526,7.572698],[0.843394,7.576026],[0.845865,7.578847],[0.849564,7.580732],[0.853927,7.581394],[0.85829,7.580732],[0.861988,7.578847]]]}},{"type":"Feature","properties":{"civic_code":"212-10-001","name":"IMOUSSA","settlement_type":"village","canton_official_code":"B12064184","review_status":"proposed","geometry_role":"non_authoritative_settlement_reference_extent","source":"paired-settlement-reference-extents/settlement-aware-reference-extents.geojson","commune_official_code":"B12064","official_code":"B12064"},"geometry":{"type":"Polygon","coordinates":[[[0.946445,7.559993],[0.946997,7.557875],[0.946445,7.555757],[0.944872,7.553962],[0.942518,7.552763],[0.939742,7.552341],[0.936966,7.552763],[0.934612,7.553962],[0.933039,7.555757],[0.932487,7.557875],[0.933039,7.559993],[0.934612,7.561788],[0.936966,7.562988],[0.939742,7.563409],[0.942518,7.562988],[0.944872,7.561788],[0.946445,7.559993]]]}},{"type":"Feature","properties":{"civic_code":"212-10-002","name":"OUITA GONOBÈ","settlement_type":"village","canton_official_code":"B12064184","review_status":"proposed","geometry_role":"non_authoritative_settlement_reference_extent","source":"paired-settlement-reference-extents/settlement-aware-reference-extents.geojson","commune_official_code":"B12064","official_code":"B12064"},"geometry":{"type":"Polygon","coordinates":[[[0.934599,7.552657],[0.934047,7.55054],[0.932474,7.548744],[0.93012,7.547545],[0.927344,7.547124],[0.924568,7.547545],[0.922214,7.548744],[0.920641,7.55054],[0.920089,7.552657],[0.920641,7.554775],[0.922214,7.55657],[0.924568,7.55777],[0.927344,7.558191],[0.93012,7.55777],[0.932474,7.55657],[0.932977,7.555996],[0.933039,7.555757],[0.934109,7.554536],[0.934599,7.552657]]]}},{"type":"Feature","properties":{"civic_code":"212-10-003","name":"Ounabé","settlement_type":"village","canton_official_code":"B12064184","review_status":"proposed","geometry_role":"non_authoritative_settlement_reference_extent","source":"paired-settlement-reference-extents/settlement-aware-reference-extents.geojson","commune_official_code":"B12064","official_code":"B12064"},"geometry":{"type":"Polygon","coordinates":[[[0.986666,7.555356],[0.984194,7.552535],[0.980496,7.55065],[0.976133,7.549988],[0.97177,7.55065],[0.968072,7.552535],[0.9656,7.555356],[0.964732,7.558684],[0.9656,7.562012],[0.968072,7.564833],[0.97177,7.566718],[0.976133,7.56738],[0.980496,7.566718],[0.984194,7.564833],[0.986666,7.562012],[0.987534,7.558684],[0.986666,7.555356]]]}},{"type":"Feature","properties":{"civic_code":"301-03-002","name":"Kpawa","settlement_type":"village","canton_official_code":"C01065190","review_status":"proposed","geometry_role":"non_authoritative_settlement_reference_extent","source":"paired-settlement-reference-extents/settlement-aware-reference-extents.geojson","commune_official_code":"C01065","official_code":"C01065"},"geometry":{"type":"Polygon","coordinates":[[[0.953351,8.354473],[0.950575,8.354051],[0.947799,8.354473],[0.945445,8.355675],[0.943872,8.357474],[0.94332,8.359595],[0.943872,8.361717],[0.945445,8.363516],[0.947799,8.364718],[0.950575,8.36514],[0.953351,8.364718],[0.955705,8.363516],[0.957162,8.361849],[0.956796,8.361313],[0.957762,8.359857],[0.95783,8.359595],[0.957278,8.357474],[0.955705,8.355675],[0.953351,8.354473]]]}},{"type":"Feature","properties":{"civic_code":"301-03-003","name":"You","settlement_type":"village","canton_official_code":"C01065190","review_status":"proposed","geometry_role":"non_authoritative_settlement_reference_extent","source":"paired-settlement-reference-extents/settlement-aware-reference-extents.geojson","commune_official_code":"C01065","official_code":"C01065"},"geometry":{"type":"Polygon","coordinates":[[[0.993396,8.272651],[0.99062,8.273073],[0.988266,8.274275],[0.986693,8.276073],[0.986141,8.278194],[0.986693,8.280316],[0.988266,8.282114],[0.99062,8.283316],[0.993396,8.283738],[0.996172,8.283316],[0.998526,8.282114],[1.000099,8.280316],[1.000651,8.278194],[1.000099,8.276073],[0.998526,8.274275],[0.996172,8.273073],[0.993396,8.272651]]]}},{"type":"Feature","properties":{"civic_code":"301-03-004","name":"You 1","settlement_type":"village","canton_official_code":"C01065190","review_status":"proposed","geometry_role":"non_authoritative_settlement_reference_extent","source":"paired-settlement-reference-extents/settlement-aware-reference-extents.geojson","commune_official_code":"C01065","official_code":"C01065"},"geometry":{"type":"Polygon","coordinates":[[[0.990175,8.271089],[0.989623,8.27321],[0.989708,8.273538],[0.99062,8.273073],[0.993396,8.272651],[0.996172,8.273073],[0.998526,8.274275],[1.000099,8.276073],[1.000565,8.277866],[1.002008,8.27713],[1.00358,8.275332],[1.004048,8.273534],[0.997624,8.272878],[0.996409,8.267738],[0.994101,8.268089],[0.991747,8.269291],[0.990175,8.271089]]]}},{"type":"Feature","properties":{"civic_code":"301-04-002","name":"Katakpé","settlement_type":"village","canton_official_code":"C01065189","review_status":"proposed","geometry_role":"non_authoritative_settlement_reference_extent","source":"paired-settlement-reference-extents/settlement-aware-reference-extents.geojson","commune_official_code":"C01065","official_code":"C01065"},"geometry":{"type":"Polygon","coordinates":[[[1.017847,8.330824],[1.016274,8.332623],[1.015722,8.334744],[1.016274,8.336866],[1.017847,8.338665],[1.020201,8.339866],[1.022977,8.340288],[1.025753,8.339866],[1.028107,8.338665],[1.02968,8.336866],[1.030232,8.334744],[1.02968,8.332623],[1.028107,8.330824],[1.025753,8.329622],[1.022977,8.3292],[1.020201,8.329622],[1.017847,8.330824]]]}},{"type":"Feature","properties":{"civic_code":"301-07-001","name":"Doufouli","settlement_type":"village","canton_official_code":"C01065193","review_status":"proposed","geometry_role":"non_authoritative_settlement_reference_extent","source":"paired-settlement-reference-extents/settlement-aware-reference-extents.geojson","commune_official_code":"C01065","official_code":"C01065"},"geometry":{"type":"Polygon","coordinates":[[[0.91734,8.304569],[0.916472,8.307903],[0.91734,8.311236],[0.919811,8.314063],[0.92351,8.315951],[0.927873,8.316614],[0.932236,8.315951],[0.935934,8.314063],[0.938406,8.311236],[0.939273,8.307903],[0.938406,8.304569],[0.935934,8.301743],[0.932236,8.299854],[0.927873,8.299191],[0.92351,8.299854],[0.919811,8.301743],[0.91734,8.304569]]]}},{"type":"Feature","properties":{"civic_code":"301-12-001","name":"Agodeka","settlement_type":"village","canton_official_code":"C01065187","review_status":"proposed","geometry_role":"non_authoritative_settlement_reference_extent","source":"paired-settlement-reference-extents/settlement-aware-reference-extents.geojson","commune_official_code":"C01065","official_code":"C01065"},"geometry":{"type":"Polygon","coordinates":[[[0.969285,8.142832],[0.969837,8.144953],[0.97141,8.146751],[0.973763,8.147952],[0.97654,8.148374],[0.979316,8.147952],[0.98167,8.146751],[0.983242,8.144953],[0.983795,8.142832],[0.983242,8.140712],[0.98167,8.138914],[0.979316,8.137713],[0.97654,8.137291],[0.973763,8.137713],[0.97141,8.138914],[0.969837,8.140712],[0.969285,8.142832]]]}},{"type":"Feature","properties":{"civic_code":"301-12-002","name":"Bounoussasou","settlement_type":"village","canton_official_code":"C01065187","review_status":"proposed","geometry_role":"non_authoritative_settlement_reference_extent","source":"paired-settlement-reference-extents/settlement-aware-reference-extents.geojson","commune_official_code":"C01065","official_code":"C01065"},"geometry":{"type":"Polygon","coordinates":[[[0.936392,8.162338],[0.937965,8.164135],[0.940319,8.165337],[0.943095,8.165759],[0.945871,8.165337],[0.948225,8.164135],[0.949798,8.162338],[0.95035,8.160217],[0.949798,8.158096],[0.948225,8.156298],[0.945871,8.155097],[0.943095,8.154675],[0.940319,8.155097],[0.937965,8.156298],[0.936392,8.158096],[0.93584,8.160217],[0.936392,8.162338]]]}},{"type":"Feature","properties":{"civic_code":"301-12-003","name":"Ondokodi","settlement_type":"village","canton_official_code":"C01065187","review_status":"proposed","geometry_role":"non_authoritative_settlement_reference_extent","source":"paired-settlement-reference-extents/settlement-aware-reference-extents.geojson","commune_official_code":"C01065","official_code":"C01065"},"geometry":{"type":"Polygon","coordinates":[[[0.951563,8.152929],[0.953917,8.154131],[0.956693,8.154552],[0.95947,8.154131],[0.961823,8.152929],[0.963396,8.151132],[0.963948,8.149011],[0.963396,8.14689],[0.961823,8.145092],[0.95947,8.143891],[0.956693,8.143469],[0.953917,8.143891],[0.951563,8.145092],[0.949991,8.14689],[0.949438,8.149011],[0.949991,8.151132],[0.951563,8.152929]]]}},{"type":"Feature","properties":{"civic_code":"301-12-005","name":"Pagala Lassa","settlement_type":"village","canton_official_code":"C01065187","review_status":"proposed","geometry_role":"non_authoritative_settlement_reference_extent","source":"paired-settlement-reference-extents/settlement-aware-reference-extents.geojson","commune_official_code":"C01065","official_code":"C01065"},"geometry":{"type":"Polygon","coordinates":[[[0.980833,8.216888],[0.983609,8.21731],[0.986386,8.216888],[0.988739,8.215687],[0.990312,8.213889],[0.990864,8.211768],[0.990312,8.209647],[0.988739,8.207849],[0.986386,8.206647],[0.983609,8.206226],[0.980833,8.206647],[0.978479,8.207849],[0.976907,8.209647],[0.976354,8.211768],[0.976907,8.213889],[0.978479,8.215687],[0.980833,8.216888]]]}},{"type":"Feature","properties":{"civic_code":"301-12-006","name":"Tantako","settlement_type":"village","canton_official_code":"C01065187","review_status":"proposed","geometry_role":"non_authoritative_settlement_reference_extent","source":"paired-settlement-reference-extents/settlement-aware-reference-extents.geojson","commune_official_code":"C01065","official_code":"C01065"},"geometry":{"type":"Polygon","coordinates":[[[0.918416,8.160171],[0.921192,8.159749],[0.923546,8.158548],[0.925118,8.15675],[0.925671,8.154629],[0.925118,8.152508],[0.923546,8.150711],[0.921192,8.149509],[0.918416,8.149088],[0.915639,8.149509],[0.913286,8.150711],[0.911713,8.152508],[0.911161,8.154629],[0.911713,8.15675],[0.913286,8.158548],[0.915639,8.159749],[0.918416,8.160171]]]}},{"type":"Feature","properties":{"civic_code":"301-12-007","name":"Tchanie","settlement_type":"village","canton_official_code":"C01065187","review_status":"proposed","geometry_role":"non_authoritative_settlement_reference_extent","source":"paired-settlement-reference-extents/settlement-aware-reference-extents.geojson","commune_official_code":"C01065","official_code":"C01065"},"geometry":{"type":"Polygon","coordinates":[[[1.013066,8.181234],[1.01542,8.180033],[1.016992,8.178235],[1.017545,8.176114],[1.016992,8.173993],[1.01542,8.172195],[1.013066,8.170994],[1.01029,8.170572],[1.007513,8.170994],[1.00516,8.172195],[1.003587,8.173993],[1.003035,8.176114],[1.003587,8.178235],[1.00516,8.180033],[1.007513,8.181234],[1.01029,8.181656],[1.013066,8.181234]]]}},{"type":"Feature","properties":{"civic_code":"301-12-008","name":"Yao-Copé","settlement_type":"village","canton_official_code":"C01065187","review_status":"proposed","geometry_role":"non_authoritative_settlement_reference_extent","source":"paired-settlement-reference-extents/settlement-aware-reference-extents.geojson","commune_official_code":"C01065","official_code":"C01065"},"geometry":{"type":"Polygon","coordinates":[[[0.967044,8.168082],[0.968617,8.166284],[0.969169,8.164163],[0.968617,8.162042],[0.967044,8.160244],[0.964691,8.159043],[0.961914,8.158621],[0.959138,8.159043],[0.956784,8.160244],[0.955212,8.162042],[0.954659,8.164163],[0.955212,8.166284],[0.956784,8.168082],[0.959138,8.169283],[0.961914,8.169705],[0.964691,8.169283],[0.967044,8.168082]]]}},{"type":"Feature","properties":{"civic_code":"301-12-009","name":"Yeloum Lekohan","settlement_type":"village","canton_official_code":"C01065187","review_status":"proposed","geometry_role":"non_authoritative_settlement_reference_extent","source":"paired-settlement-reference-extents/settlement-aware-reference-extents.geojson","commune_official_code":"C01065","official_code":"C01065"},"geometry":{"type":"Polygon","coordinates":[[[1.051358,8.168602],[1.05191,8.166481],[1.051358,8.164361],[1.049785,8.162563],[1.047432,8.161362],[1.044655,8.16094],[1.041879,8.161362],[1.039525,8.162563],[1.037953,8.164361],[1.0374,8.166481],[1.037953,8.168602],[1.039525,8.1704],[1.041879,8.171601],[1.044655,8.172023],[1.047432,8.171601],[1.049785,8.1704],[1.051358,8.168602]]]}},{"type":"Feature","properties":{"civic_code":"301-12-010","name":"Youloum","settlement_type":"village","canton_official_code":"C01065187","review_status":"proposed","geometry_role":"non_authoritative_settlement_reference_extent","source":"paired-settlement-reference-extents/settlement-aware-reference-extents.geojson","commune_official_code":"C01065","official_code":"C01065"},"geometry":{"type":"Polygon","coordinates":[[[0.986988,8.100604],[0.986435,8.098483],[0.984863,8.096686],[0.982509,8.095485],[0.979733,8.095063],[0.976956,8.095485],[0.974603,8.096686],[0.97303,8.098483],[0.972478,8.100604],[0.97303,8.102724],[0.974603,8.104522],[0.976956,8.105723],[0.979733,8.106145],[0.982509,8.105723],[0.984863,8.104522],[0.986435,8.102724],[0.986988,8.100604]]]}},{"type":"Feature","properties":{"civic_code":"301-13-002","name":"Akparaoua","settlement_type":"village","canton_official_code":null,"review_status":"proposed","geometry_role":"non_authoritative_settlement_reference_extent","source":"paired-settlement-reference-extents/settlement-aware-reference-extents.geojson","commune_official_code":"C01065","official_code":"C01065"},"geometry":{"type":"Polygon","coordinates":[[[0.945904,8.134825],[0.944331,8.133027],[0.941978,8.131826],[0.9404,8.131586],[0.933305,8.133903],[0.932499,8.134825],[0.931946,8.136945],[0.932499,8.139066],[0.934071,8.140864],[0.936425,8.142065],[0.939201,8.142487],[0.941978,8.142065],[0.944331,8.140864],[0.945904,8.139066],[0.946456,8.136945],[0.945904,8.134825]]]}},{"type":"Feature","properties":{"civic_code":"301-14-001","name":"Kaza-copé","settlement_type":"village","canton_official_code":"C01065192","review_status":"proposed","geometry_role":"non_authoritative_settlement_reference_extent","source":"paired-settlement-reference-extents/settlement-aware-reference-extents.geojson","commune_official_code":"C01065","official_code":"C01065"},"geometry":{"type":"Polygon","coordinates":[[[1.115988,8.267691],[1.113635,8.266489],[1.110858,8.266067],[1.108082,8.266489],[1.105728,8.267691],[1.104156,8.269489],[1.103603,8.27161],[1.104156,8.273732],[1.105728,8.27553],[1.108082,8.276732],[1.110858,8.277154],[1.113635,8.276732],[1.115988,8.27553],[1.117561,8.273732],[1.118113,8.27161],[1.117561,8.269489],[1.115988,8.267691]]]}},{"type":"Feature","properties":{"civic_code":"301-14-002","name":"Konada","settlement_type":"village","canton_official_code":"C01065192","review_status":"proposed","geometry_role":"non_authoritative_settlement_reference_extent","source":"paired-settlement-reference-extents/settlement-aware-reference-extents.geojson","commune_official_code":"C01065","official_code":"C01065"},"geometry":{"type":"Polygon","coordinates":[[[1.123118,8.248283],[1.120342,8.247861],[1.117566,8.248283],[1.115212,8.249485],[1.113639,8.251283],[1.113087,8.253404],[1.113639,8.255525],[1.115212,8.257324],[1.117566,8.258525],[1.120342,8.258947],[1.123118,8.258525],[1.125472,8.257324],[1.127045,8.255525],[1.127597,8.253404],[1.127045,8.251283],[1.125472,8.249485],[1.123118,8.248283]]]}},{"type":"Feature","properties":{"civic_code":"301-14-004","name":"Yao-copé","settlement_type":"village","canton_official_code":"C01065192","review_status":"proposed","geometry_role":"non_authoritative_settlement_reference_extent","source":"paired-settlement-reference-extents/settlement-aware-reference-extents.geojson","commune_official_code":"C01065","official_code":"C01065"},"geometry":{"type":"Polygon","coordinates":[[[1.114346,8.256631],[1.111992,8.257832],[1.110419,8.259631],[1.109867,8.261752],[1.110419,8.263873],[1.111992,8.265671],[1.114403,8.266882],[1.117122,8.267295],[1.119898,8.266873],[1.122252,8.265671],[1.123825,8.263873],[1.124377,8.261752],[1.123825,8.259631],[1.122888,8.25856],[1.120342,8.258947],[1.117566,8.258525],[1.115212,8.257324],[1.114575,8.256596],[1.114346,8.256631]]]}},{"type":"Feature","properties":{"civic_code":"301-15-002","name":"Animba","settlement_type":"village","canton_official_code":null,"review_status":"proposed","geometry_role":"non_authoritative_settlement_reference_extent","source":"paired-settlement-reference-extents/settlement-aware-reference-extents.geojson","commune_official_code":"C01065","official_code":"C01065"},"geometry":{"type":"Polygon","coordinates":[[[0.994781,8.10424],[0.997135,8.105441],[0.999911,8.105863],[1.002647,8.105447],[1.00054,8.104327],[1.000727,8.094905],[0.999911,8.094781],[0.997135,8.095203],[0.994781,8.096404],[0.993209,8.098202],[0.992656,8.100322],[0.993209,8.102442],[0.994781,8.10424]]]}},{"type":"Feature","properties":{"civic_code":"301-15-008","name":"Kountouferou","settlement_type":"village","canton_official_code":null,"review_status":"proposed","geometry_role":"non_authoritative_settlement_reference_extent","source":"paired-settlement-reference-extents/settlement-aware-reference-extents.geojson","commune_official_code":"C01065","official_code":"C01065"},"geometry":{"type":"Polygon","coordinates":[[[1.025862,8.119776],[1.023508,8.120977],[1.021935,8.122774],[1.021383,8.124895],[1.021935,8.127015],[1.023508,8.128813],[1.025862,8.130014],[1.028638,8.130436],[1.031414,8.130014],[1.033768,8.128813],[1.035341,8.127015],[1.035893,8.124895],[1.035341,8.122774],[1.033768,8.120977],[1.031414,8.119776],[1.028638,8.119354],[1.025862,8.119776]]]}},{"type":"Feature","properties":{"civic_code":"301-18-001","name":"Waragni","settlement_type":"village","canton_official_code":"C01065188","review_status":"proposed","geometry_role":"non_authoritative_settlement_reference_extent","source":"paired-settlement-reference-extents/settlement-aware-reference-extents.geojson","commune_official_code":"C01065","official_code":"C01065"},"geometry":{"type":"Polygon","coordinates":[[[1.028995,8.265573],[1.028127,8.268907],[1.028995,8.27224],[1.031466,8.275066],[1.035165,8.276954],[1.039528,8.277618],[1.04389,8.276954],[1.047589,8.275066],[1.05006,8.27224],[1.050928,8.268907],[1.05006,8.265573],[1.047589,8.262747],[1.04389,8.260859],[1.039528,8.260196],[1.035165,8.260859],[1.031466,8.262747],[1.028995,8.265573]]]}},{"type":"Feature","properties":{"civic_code":"301-18-002","name":"Waragnin","settlement_type":"village","canton_official_code":"C01065188","review_status":"proposed","geometry_role":"non_authoritative_settlement_reference_extent","source":"paired-settlement-reference-extents/settlement-aware-reference-extents.geojson","commune_official_code":"C01065","official_code":"C01065"},"geometry":{"type":"Polygon","coordinates":[[[1.015178,8.271085],[1.01573,8.273206],[1.017303,8.275005],[1.019656,8.276206],[1.022433,8.276628],[1.025209,8.276206],[1.027563,8.275005],[1.029135,8.273206],[1.029297,8.272586],[1.028995,8.27224],[1.028127,8.268907],[1.028347,8.268062],[1.027563,8.267166],[1.025209,8.265964],[1.022433,8.265542],[1.019656,8.265964],[1.017303,8.267166],[1.01573,8.268964],[1.015178,8.271085]]]}},{"type":"Feature","properties":{"civic_code":"301-03-001","name":"Blitta-Gare","settlement_type":"town","canton_official_code":"C01065190","review_status":"proposed","geometry_role":"non_authoritative_settlement_reference_extent","source":"paired-settlement-reference-extents/settlement-aware-reference-extents.geojson","commune_official_code":"C01065","official_code":"C01065"},"geometry":{"type":"Polygon","coordinates":[[[0.961395,8.311837],[0.956452,8.31749],[0.954717,8.324158],[0.956452,8.330825],[0.961395,8.336478],[0.968792,8.340255],[0.977518,8.341582],[0.986243,8.340255],[0.993641,8.336478],[0.998583,8.330825],[0.998769,8.33011],[0.996538,8.325304],[0.996886,8.323239],[0.999912,8.322595],[0.998583,8.31749],[0.993641,8.311837],[0.986243,8.308061],[0.977518,8.306734],[0.968792,8.308061],[0.961395,8.311837]]]}},{"type":"Feature","properties":{"civic_code":"301-04-001","name":"Blitta","settlement_type":"town","canton_official_code":"C01065189","review_status":"proposed","geometry_role":"non_authoritative_settlement_reference_extent","source":"paired-settlement-reference-extents/settlement-aware-reference-extents.geojson","commune_official_code":"C01065","official_code":"C01065"},"geometry":{"type":"Polygon","coordinates":[[[1.025753,8.339866],[1.022977,8.340288],[1.020201,8.339866],[1.017847,8.338665],[1.016274,8.336866],[1.015722,8.334744],[1.016274,8.332623],[1.017847,8.330824],[1.020201,8.329622],[1.022202,8.329318],[1.019133,8.327751],[1.010407,8.326425],[1.001681,8.327751],[0.998442,8.329405],[1.000668,8.333903],[1.00271,8.335596],[1.001661,8.337801],[1.000349,8.339645],[0.997855,8.341506],[0.99481,8.351775],[0.997594,8.354769],[0.998874,8.358514],[1.001681,8.359948],[1.010407,8.361274],[1.019133,8.359948],[1.02653,8.35617],[1.031473,8.350517],[1.033208,8.343849],[1.031473,8.337181],[1.030028,8.335529],[1.02968,8.336866],[1.028107,8.338665],[1.025753,8.339866]]]}},{"type":"Feature","properties":{"civic_code":"301-12-004","name":"Pagala Gare","settlement_type":"town","canton_official_code":"C01065187","review_status":"proposed","geometry_role":"non_authoritative_settlement_reference_extent","source":"paired-settlement-reference-extents/settlement-aware-reference-extents.geojson","commune_official_code":"C01065","official_code":"C01065"},"geometry":{"type":"Polygon","coordinates":[[[0.959138,8.169283],[0.958815,8.169118],[0.95625,8.17205],[0.954514,8.178716],[0.95625,8.185381],[0.961193,8.191032],[0.96859,8.194808],[0.977315,8.196134],[0.986041,8.194808],[0.993438,8.191032],[0.998381,8.185381],[1.000117,8.178716],[0.998381,8.17205],[0.993438,8.1664],[0.986041,8.162624],[0.977315,8.161299],[0.968762,8.162598],[0.969169,8.164163],[0.968617,8.166284],[0.967044,8.168082],[0.964691,8.169283],[0.961914,8.169705],[0.959138,8.169283]]]}},{"type":"Feature","properties":{"civic_code":"301-01-001","name":"Agbandi","settlement_type":"village","canton_official_code":"C01066197","review_status":"proposed","geometry_role":"non_authoritative_settlement_reference_extent","source":"paired-settlement-reference-extents/settlement-aware-reference-extents.geojson","commune_official_code":"C01066","official_code":"C01066"},"geometry":{"type":"Polygon","coordinates":[[[1.137682,8.216779],[1.133319,8.216116],[1.128956,8.216779],[1.125257,8.218667],[1.122786,8.221492],[1.121918,8.224825],[1.122786,8.228159],[1.125257,8.230984],[1.128956,8.232872],[1.133319,8.233535],[1.137682,8.232872],[1.14138,8.230984],[1.143851,8.228159],[1.144719,8.224825],[1.143851,8.221492],[1.14138,8.218667],[1.137682,8.216779]]]}},{"type":"Feature","properties":{"civic_code":"301-01-002","name":"unknow","settlement_type":"village","canton_official_code":"C01066197","review_status":"proposed","geometry_role":"non_authoritative_settlement_reference_extent","source":"paired-settlement-reference-extents/settlement-aware-reference-extents.geojson","commune_official_code":"C01066","official_code":"C01066"},"geometry":{"type":"Polygon","coordinates":[[[1.141711,8.190667],[1.137464,8.191128],[1.134281,8.191182],[1.133682,8.191488],[1.132109,8.193286],[1.131557,8.195407],[1.132109,8.197528],[1.133682,8.199326],[1.136035,8.200527],[1.138812,8.200949],[1.141588,8.200527],[1.143942,8.199326],[1.145514,8.197528],[1.146067,8.195407],[1.145514,8.193286],[1.143942,8.191488],[1.142409,8.190706],[1.141711,8.190667]]]}},{"type":"Feature","properties":{"civic_code":"301-09-002","name":"Atikpai","settlement_type":"village","canton_official_code":"C01066195","review_status":"proposed","geometry_role":"non_authoritative_settlement_reference_extent","source":"paired-settlement-reference-extents/settlement-aware-reference-extents.geojson","commune_official_code":"C01066","official_code":"C01066"},"geometry":{"type":"Polygon","coordinates":[[[1.156833,8.039514],[1.15448,8.040714],[1.152907,8.042512],[1.152355,8.044632],[1.152907,8.046752],[1.15448,8.048549],[1.156833,8.04975],[1.15961,8.050172],[1.162386,8.04975],[1.16474,8.048549],[1.166312,8.046752],[1.166865,8.044632],[1.166312,8.042512],[1.16474,8.040714],[1.162386,8.039514],[1.15961,8.039092],[1.156833,8.039514]]]}},{"type":"Feature","properties":{"civic_code":"301-09-003","name":"Babamé","settlement_type":"village","canton_official_code":"C01066195","review_status":"proposed","geometry_role":"non_authoritative_settlement_reference_extent","source":"paired-settlement-reference-extents/settlement-aware-reference-extents.geojson","commune_official_code":"C01066","official_code":"C01066"},"geometry":{"type":"Polygon","coordinates":[[[1.17754,8.002272],[1.175967,8.004069],[1.175415,8.006189],[1.175967,8.008309],[1.17754,8.010107],[1.179894,8.011307],[1.18267,8.011729],[1.185446,8.011307],[1.1878,8.010107],[1.189373,8.008309],[1.189925,8.006189],[1.189373,8.004069],[1.1878,8.002272],[1.185446,8.001071],[1.18267,8.00065],[1.179894,8.001071],[1.17754,8.002272]]]}},{"type":"Feature","properties":{"civic_code":"301-09-005","name":"Maloni","settlement_type":"village","canton_official_code":"C01066195","review_status":"proposed","geometry_role":"non_authoritative_settlement_reference_extent","source":"paired-settlement-reference-extents/settlement-aware-reference-extents.geojson","commune_official_code":"C01066","official_code":"C01066"},"geometry":{"type":"Polygon","coordinates":[[[1.1695,8.015738],[1.168947,8.017858],[1.1695,8.019978],[1.171072,8.021776],[1.173426,8.022976],[1.176202,8.023398],[1.178979,8.022976],[1.181332,8.021776],[1.182905,8.019978],[1.183457,8.017858],[1.182905,8.015738],[1.181332,8.013941],[1.178979,8.01274],[1.176202,8.012319],[1.173426,8.01274],[1.171072,8.013941],[1.1695,8.015738]]]}},{"type":"Feature","properties":{"civic_code":"301-09-006","name":"Matékpé","settlement_type":"village","canton_official_code":"C01066195","review_status":"proposed","geometry_role":"non_authoritative_settlement_reference_extent","source":"paired-settlement-reference-extents/settlement-aware-reference-extents.geojson","commune_official_code":"C01066","official_code":"C01066"},"geometry":{"type":"Polygon","coordinates":[[[1.145212,8.060085],[1.145764,8.062206],[1.147337,8.064003],[1.14969,8.065204],[1.152467,8.065626],[1.155243,8.065204],[1.157597,8.064003],[1.159169,8.062206],[1.159722,8.060085],[1.159169,8.057965],[1.157597,8.056168],[1.155243,8.054967],[1.152467,8.054545],[1.14969,8.054967],[1.147337,8.056168],[1.145764,8.057965],[1.145212,8.060085]]]}},{"type":"Feature","properties":{"civic_code":"301-10-001","name":"Adéwi Copé","settlement_type":"village","canton_official_code":null,"review_status":"proposed","geometry_role":"non_authoritative_settlement_reference_extent","source":"paired-settlement-reference-extents/settlement-aware-reference-extents.geojson","commune_official_code":"C01066","official_code":"C01066"},"geometry":{"type":"Polygon","coordinates":[[[1.127632,8.102354],[1.128184,8.104474],[1.129757,8.106272],[1.132111,8.107473],[1.134887,8.107895],[1.137663,8.107473],[1.140017,8.106272],[1.14159,8.104474],[1.142142,8.102354],[1.14159,8.100233],[1.140017,8.098436],[1.137663,8.097235],[1.134887,8.096813],[1.132111,8.097235],[1.129757,8.098436],[1.128184,8.100233],[1.127632,8.102354]]]}},{"type":"Feature","properties":{"civic_code":"301-10-003","name":"Assouma-Kondji","settlement_type":"village","canton_official_code":"C01066196","review_status":"proposed","geometry_role":"non_authoritative_settlement_reference_extent","source":"paired-settlement-reference-extents/settlement-aware-reference-extents.geojson","commune_official_code":"C01066","official_code":"C01066"},"geometry":{"type":"Polygon","coordinates":[[[1.134492,8.179102],[1.136846,8.180303],[1.139622,8.180725],[1.142399,8.180303],[1.144752,8.179102],[1.146325,8.177304],[1.146877,8.175183],[1.146325,8.173062],[1.144752,8.171264],[1.142399,8.170063],[1.139622,8.169641],[1.136846,8.170063],[1.134492,8.171264],[1.13292,8.173062],[1.132367,8.175183],[1.13292,8.177304],[1.134492,8.179102]]]}},{"type":"Feature","properties":{"civic_code":"301-10-004","name":"Atikpai","settlement_type":"village","canton_official_code":null,"review_status":"proposed","geometry_role":"non_authoritative_settlement_reference_extent","source":"paired-settlement-reference-extents/settlement-aware-reference-extents.geojson","commune_official_code":"C01066","official_code":"C01066"},"geometry":{"type":"Polygon","coordinates":[[[1.134696,8.091047],[1.13705,8.092248],[1.139826,8.09267],[1.142603,8.092248],[1.144956,8.091047],[1.146529,8.08925],[1.147081,8.087129],[1.146529,8.085009],[1.144956,8.083212],[1.142603,8.082011],[1.139826,8.081589],[1.13705,8.082011],[1.134696,8.083212],[1.133124,8.085009],[1.132571,8.087129],[1.133124,8.08925],[1.134696,8.091047]]]}},{"type":"Feature","properties":{"civic_code":"301-10-005","name":"Gbégué","settlement_type":"village","canton_official_code":"C01066196","review_status":"proposed","geometry_role":"non_authoritative_settlement_reference_extent","source":"paired-settlement-reference-extents/settlement-aware-reference-extents.geojson","commune_official_code":"C01066","official_code":"C01066"},"geometry":{"type":"Polygon","coordinates":[[[1.135173,8.146398],[1.13795,8.145976],[1.140303,8.144775],[1.141876,8.142977],[1.142428,8.140856],[1.141876,8.138736],[1.140303,8.136938],[1.13795,8.135737],[1.135173,8.135315],[1.132397,8.135737],[1.130043,8.136938],[1.128471,8.138736],[1.127918,8.140856],[1.128471,8.142977],[1.130043,8.144775],[1.132397,8.145976],[1.135173,8.146398]]]}},{"type":"Feature","properties":{"civic_code":"301-10-006","name":"Langabou","settlement_type":"village","canton_official_code":"C01066196","review_status":"proposed","geometry_role":"non_authoritative_settlement_reference_extent","source":"paired-settlement-reference-extents/settlement-aware-reference-extents.geojson","commune_official_code":"C01066","official_code":"C01066"},"geometry":{"type":"Polygon","coordinates":[[[1.139632,8.131918],[1.143331,8.130031],[1.145802,8.127206],[1.14667,8.123873],[1.145802,8.120541],[1.143331,8.117716],[1.139632,8.115829],[1.135269,8.115166],[1.130907,8.115829],[1.127208,8.117716],[1.124737,8.120541],[1.123869,8.123873],[1.124737,8.127206],[1.127208,8.130031],[1.130907,8.131918],[1.135269,8.132581],[1.139632,8.131918]]]}},{"type":"Feature","properties":{"civic_code":"301-15-001","name":"Afima","settlement_type":"village","canton_official_code":"C01066194","review_status":"proposed","geometry_role":"non_authoritative_settlement_reference_extent","source":"paired-settlement-reference-extents/settlement-aware-reference-extents.geojson","commune_official_code":"C01066","official_code":"C01066"},"geometry":{"type":"Polygon","coordinates":[[[1.031247,8.104245],[1.032819,8.102448],[1.033372,8.100327],[1.032819,8.098207],[1.031247,8.096409],[1.028893,8.095208],[1.026117,8.094787],[1.02334,8.095208],[1.020987,8.096409],[1.019414,8.098207],[1.018862,8.100327],[1.019414,8.102448],[1.020987,8.104245],[1.02334,8.105447],[1.026117,8.105868],[1.028893,8.105447],[1.031247,8.104245]]]}},{"type":"Feature","properties":{"civic_code":"301-15-003","name":"Atikpaï Balidéo","settlement_type":"village","canton_official_code":"C01066194","review_status":"proposed","geometry_role":"non_authoritative_settlement_reference_extent","source":"paired-settlement-reference-extents/settlement-aware-reference-extents.geojson","commune_official_code":"C01066","official_code":"C01066"},"geometry":{"type":"Polygon","coordinates":[[[1.057335,8.057079],[1.057887,8.054959],[1.057335,8.052839],[1.055762,8.051042],[1.053408,8.049841],[1.050632,8.049419],[1.047856,8.049841],[1.045502,8.051042],[1.043929,8.052839],[1.043377,8.054959],[1.043929,8.057079],[1.045502,8.058877],[1.047856,8.060078],[1.050632,8.060499],[1.053408,8.060078],[1.055762,8.058877],[1.057335,8.057079]]]}},{"type":"Feature","properties":{"civic_code":"301-15-004","name":"AtikpaÏ Kadanga","settlement_type":"village","canton_official_code":"C01066194","review_status":"proposed","geometry_role":"non_authoritative_settlement_reference_extent","source":"paired-settlement-reference-extents/settlement-aware-reference-extents.geojson","commune_official_code":"C01066","official_code":"C01066"},"geometry":{"type":"Polygon","coordinates":[[[1.057006,8.084497],[1.056453,8.082376],[1.054881,8.080579],[1.052527,8.079378],[1.049751,8.078956],[1.046974,8.079378],[1.044621,8.080579],[1.043048,8.082376],[1.042496,8.084497],[1.043048,8.086617],[1.044621,8.088415],[1.046974,8.089616],[1.049751,8.090037],[1.052527,8.089616],[1.054881,8.088415],[1.056453,8.086617],[1.057006,8.084497]]]}},{"type":"Feature","properties":{"civic_code":"301-15-006","name":"Foudjaï","settlement_type":"village","canton_official_code":"C01066194","review_status":"proposed","geometry_role":"non_authoritative_settlement_reference_extent","source":"paired-settlement-reference-extents/settlement-aware-reference-extents.geojson","commune_official_code":"C01066","official_code":"C01066"},"geometry":{"type":"Polygon","coordinates":[[[1.059453,8.07206],[1.057881,8.070263],[1.055527,8.069062],[1.05275,8.06864],[1.049974,8.069062],[1.04762,8.070263],[1.046048,8.07206],[1.045496,8.07418],[1.046048,8.076301],[1.04762,8.078098],[1.049405,8.079009],[1.049751,8.078956],[1.052527,8.079378],[1.053097,8.079668],[1.055527,8.079299],[1.057881,8.078098],[1.059453,8.076301],[1.060005,8.07418],[1.059453,8.07206]]]}},{"type":"Feature","properties":{"civic_code":"301-15-007","name":"Gnamagnama","settlement_type":"village","canton_official_code":"C01066194","review_status":"proposed","geometry_role":"non_authoritative_settlement_reference_extent","source":"paired-settlement-reference-extents/settlement-aware-reference-extents.geojson","commune_official_code":"C01066","official_code":"C01066"},"geometry":{"type":"Polygon","coordinates":[[[0.998201,8.077955],[0.995847,8.076754],[0.993071,8.076332],[0.990295,8.076754],[0.987941,8.077955],[0.986368,8.079752],[0.985816,8.081873],[0.986368,8.083993],[0.987941,8.085791],[0.990295,8.086992],[0.993071,8.087413],[0.995847,8.086992],[0.998201,8.085791],[0.999774,8.083993],[1.000326,8.081873],[0.999774,8.079752],[0.998201,8.077955]]]}},{"type":"Feature","properties":{"civic_code":"301-15-010","name":"Martyro","settlement_type":"village","canton_official_code":"C01066194","review_status":"proposed","geometry_role":"non_authoritative_settlement_reference_extent","source":"paired-settlement-reference-extents/settlement-aware-reference-extents.geojson","commune_official_code":"C01066","official_code":"C01066"},"geometry":{"type":"Polygon","coordinates":[[[1.044651,8.092052],[1.041875,8.091631],[1.039098,8.092052],[1.036745,8.093253],[1.035172,8.095051],[1.03462,8.097171],[1.035172,8.099292],[1.036745,8.101089],[1.039098,8.10229],[1.041875,8.102712],[1.044651,8.10229],[1.047005,8.101089],[1.048577,8.099292],[1.04913,8.097171],[1.048577,8.095051],[1.047005,8.093253],[1.044651,8.092052]]]}},{"type":"Feature","properties":{"civic_code":"301-15-011","name":"Niamtougou Copé","settlement_type":"village","canton_official_code":"C01066194","review_status":"proposed","geometry_role":"non_authoritative_settlement_reference_extent","source":"paired-settlement-reference-extents/settlement-aware-reference-extents.geojson","commune_official_code":"C01066","official_code":"C01066"},"geometry":{"type":"Polygon","coordinates":[[[1.027147,8.063993],[1.02437,8.064415],[1.022017,8.065616],[1.020444,8.067413],[1.019892,8.069534],[1.020444,8.071654],[1.022017,8.073451],[1.02437,8.074652],[1.027147,8.075074],[1.029923,8.074652],[1.032277,8.073451],[1.033849,8.071654],[1.034402,8.069534],[1.033849,8.067413],[1.032277,8.065616],[1.029923,8.064415],[1.027147,8.063993]]]}},{"type":"Feature","properties":{"civic_code":"301-15-012","name":"Pakouté","settlement_type":"village","canton_official_code":"C01066194","review_status":"proposed","geometry_role":"non_authoritative_settlement_reference_extent","source":"paired-settlement-reference-extents/settlement-aware-reference-extents.geojson","commune_official_code":"C01066","official_code":"C01066"},"geometry":{"type":"Polygon","coordinates":[[[1.046735,7.958878],[1.043858,7.958471],[1.038328,7.96065],[1.037256,7.961875],[1.036704,7.963995],[1.037256,7.966115],[1.038829,7.967912],[1.041182,7.969112],[1.043959,7.969534],[1.046735,7.969112],[1.049089,7.967912],[1.050661,7.966115],[1.051214,7.963995],[1.050661,7.961875],[1.049089,7.960078],[1.046735,7.958878]]]}},{"type":"Feature","properties":{"civic_code":"301-15-014","name":"Siou Copé","settlement_type":"village","canton_official_code":"C01066194","review_status":"proposed","geometry_role":"non_authoritative_settlement_reference_extent","source":"paired-settlement-reference-extents/settlement-aware-reference-extents.geojson","commune_official_code":"C01066","official_code":"C01066"},"geometry":{"type":"Polygon","coordinates":[[[1.014624,8.067316],[1.013052,8.069113],[1.012499,8.071233],[1.013052,8.073354],[1.014624,8.075151],[1.016978,8.076352],[1.019754,8.076774],[1.022531,8.076352],[1.024884,8.075151],[1.025209,8.07478],[1.02437,8.074652],[1.022017,8.073451],[1.020444,8.071654],[1.019892,8.069534],[1.020444,8.067413],[1.021692,8.065987],[1.019754,8.065693],[1.016978,8.066115],[1.014624,8.067316]]]}},{"type":"Feature","properties":{"civic_code":"301-15-015","name":"Soussoukparogan","settlement_type":"village","canton_official_code":"C01066194","review_status":"proposed","geometry_role":"non_authoritative_settlement_reference_extent","source":"paired-settlement-reference-extents/settlement-aware-reference-extents.geojson","commune_official_code":"C01066","official_code":"C01066"},"geometry":{"type":"Polygon","coordinates":[[[1.026377,8.025367],[1.025825,8.027487],[1.026377,8.029607],[1.02795,8.031405],[1.030303,8.032606],[1.03308,8.033027],[1.035856,8.032606],[1.03821,8.031405],[1.039782,8.029607],[1.040335,8.027487],[1.039782,8.025367],[1.03821,8.02357],[1.035856,8.022369],[1.03308,8.021947],[1.030303,8.022369],[1.02795,8.02357],[1.026377,8.025367]]]}},{"type":"Feature","properties":{"civic_code":"301-15-016","name":"Soussoukparovi","settlement_type":"village","canton_official_code":"C01066194","review_status":"proposed","geometry_role":"non_authoritative_settlement_reference_extent","source":"paired-settlement-reference-extents/settlement-aware-reference-extents.geojson","commune_official_code":"C01066","official_code":"C01066"},"geometry":{"type":"Polygon","coordinates":[[[1.032734,8.013166],[1.033286,8.015286],[1.034859,8.017083],[1.037213,8.018284],[1.039989,8.018706],[1.042765,8.018284],[1.045119,8.017083],[1.046692,8.015286],[1.047244,8.013166],[1.046692,8.011046],[1.045119,8.009249],[1.042765,8.008048],[1.039989,8.007627],[1.037213,8.008048],[1.034859,8.009249],[1.033286,8.011046],[1.032734,8.013166]]]}},{"type":"Feature","properties":{"civic_code":"301-15-017","name":"Tcharè","settlement_type":"village","canton_official_code":"C01066194","review_status":"proposed","geometry_role":"non_authoritative_settlement_reference_extent","source":"paired-settlement-reference-extents/settlement-aware-reference-extents.geojson","commune_official_code":"C01066","official_code":"C01066"},"geometry":{"type":"Polygon","coordinates":[[[0.998201,8.085791],[0.997894,8.085948],[0.997983,8.086292],[0.999556,8.088089],[1.001909,8.08929],[1.004686,8.089712],[1.007462,8.08929],[1.009816,8.088089],[1.011388,8.086292],[1.011941,8.084171],[1.011388,8.082051],[1.009816,8.080254],[1.007462,8.079053],[1.004686,8.078631],[1.001909,8.079053],[0.999863,8.080097],[1.000326,8.081873],[0.999774,8.083993],[0.998201,8.085791]]]}},{"type":"Feature","properties":{"civic_code":"301-15-018","name":"Tcharè-Baou","settlement_type":"village","canton_official_code":"C01066194","review_status":"proposed","geometry_role":"non_authoritative_settlement_reference_extent","source":"paired-settlement-reference-extents/settlement-aware-reference-extents.geojson","commune_official_code":"C01066","official_code":"C01066"},"geometry":{"type":"Polygon","coordinates":[[[1.006364,8.061589],[1.006424,8.061819],[1.008895,8.064643],[1.012594,8.066531],[1.015344,8.066949],[1.016978,8.066115],[1.019754,8.065693],[1.021692,8.065987],[1.022017,8.065616],[1.02437,8.064415],[1.025348,8.064267],[1.027489,8.061819],[1.028357,8.058487],[1.027489,8.055155],[1.025018,8.052331],[1.021319,8.050444],[1.016956,8.049781],[1.012594,8.050444],[1.011947,8.050774],[1.013634,8.052366],[1.007531,8.057815],[1.006364,8.061589]]]}},{"type":"Feature","properties":{"civic_code":"301-15-020","name":"Yadè","settlement_type":"village","canton_official_code":"C01066194","review_status":"proposed","geometry_role":"non_authoritative_settlement_reference_extent","source":"paired-settlement-reference-extents/settlement-aware-reference-extents.geojson","commune_official_code":"C01066","official_code":"C01066"},"geometry":{"type":"Polygon","coordinates":[[[1.023326,8.051279],[1.024899,8.049481],[1.025451,8.047361],[1.024899,8.045241],[1.023326,8.043444],[1.020972,8.042243],[1.018196,8.041821],[1.01542,8.042243],[1.013066,8.043444],[1.011493,8.045241],[1.010941,8.047361],[1.011493,8.049481],[1.012415,8.050535],[1.012594,8.050444],[1.016956,8.049781],[1.021319,8.050444],[1.023141,8.051373],[1.023326,8.051279]]]}},{"type":"Feature","properties":{"civic_code":"301-15-021","name":"Yadè Aboussa","settlement_type":"village","canton_official_code":"C01066194","review_status":"proposed","geometry_role":"non_authoritative_settlement_reference_extent","source":"paired-settlement-reference-extents/settlement-aware-reference-extents.geojson","commune_official_code":"C01066","official_code":"C01066"},"geometry":{"type":"Polygon","coordinates":[[[1.044257,8.057454],[1.043929,8.057079],[1.043377,8.054959],[1.043929,8.052839],[1.045502,8.051042],[1.046128,8.050722],[1.044883,8.0493],[1.042529,8.048099],[1.039753,8.047677],[1.036977,8.048099],[1.034623,8.0493],[1.03305,8.051097],[1.032498,8.053217],[1.03305,8.055337],[1.034623,8.057135],[1.036977,8.058336],[1.039753,8.058757],[1.042529,8.058336],[1.044257,8.057454]]]}},{"type":"Feature","properties":{"civic_code":"301-02-001","name":"Assoukoko","settlement_type":"village","canton_official_code":"C01067202","review_status":"proposed","geometry_role":"non_authoritative_settlement_reference_extent","source":"paired-settlement-reference-extents/settlement-aware-reference-extents.geojson","commune_official_code":"C01067","official_code":"C01067"},"geometry":{"type":"Polygon","coordinates":[[[0.661803,7.998741],[0.659027,7.998319],[0.65625,7.998741],[0.653897,7.999941],[0.652324,8.001739],[0.651772,8.003858],[0.652324,8.005978],[0.653897,8.007776],[0.65625,8.008976],[0.659027,8.009398],[0.661803,8.008976],[0.664157,8.007776],[0.665729,8.005978],[0.666282,8.003858],[0.665729,8.001739],[0.664157,7.999941],[0.661803,7.998741]]]}},{"type":"Feature","properties":{"civic_code":"301-02-002","name":"Atchintchin","settlement_type":"village","canton_official_code":"C01067202","review_status":"proposed","geometry_role":"non_authoritative_settlement_reference_extent","source":"paired-settlement-reference-extents/settlement-aware-reference-extents.geojson","commune_official_code":"C01067","official_code":"C01067"},"geometry":{"type":"Polygon","coordinates":[[[0.683384,8.024996],[0.680608,8.025418],[0.678254,8.026619],[0.676681,8.028416],[0.676129,8.030536],[0.676681,8.032656],[0.678254,8.034454],[0.680608,8.035654],[0.683384,8.036076],[0.68616,8.035654],[0.688514,8.034454],[0.690087,8.032656],[0.690639,8.030536],[0.690087,8.028416],[0.688514,8.026619],[0.68616,8.025418],[0.683384,8.024996]]]}},{"type":"Feature","properties":{"civic_code":"301-02-003","name":"Etuve","settlement_type":"village","canton_official_code":"C01067202","review_status":"proposed","geometry_role":"non_authoritative_settlement_reference_extent","source":"paired-settlement-reference-extents/settlement-aware-reference-extents.geojson","commune_official_code":"C01067","official_code":"C01067"},"geometry":{"type":"Polygon","coordinates":[[[0.651111,7.936989],[0.648757,7.93819],[0.647185,7.939987],[0.646632,7.942107],[0.647185,7.944226],[0.648757,7.946023],[0.651111,7.947224],[0.653887,7.947645],[0.656664,7.947224],[0.659017,7.946023],[0.66059,7.944226],[0.661142,7.942107],[0.66059,7.939987],[0.659017,7.93819],[0.656664,7.936989],[0.653887,7.936568],[0.651111,7.936989]]]}},{"type":"Feature","properties":{"civic_code":"301-08-001","name":"Katchanké","settlement_type":"village","canton_official_code":"C01067206","review_status":"proposed","geometry_role":"non_authoritative_settlement_reference_extent","source":"paired-settlement-reference-extents/settlement-aware-reference-extents.geojson","commune_official_code":"C01067","official_code":"C01067"},"geometry":{"type":"Polygon","coordinates":[[[0.683038,8.196236],[0.681465,8.198034],[0.680913,8.200155],[0.681465,8.202276],[0.683038,8.204074],[0.685391,8.205275],[0.688168,8.205697],[0.690944,8.205275],[0.693298,8.204074],[0.69487,8.202276],[0.695423,8.200155],[0.69487,8.198034],[0.693298,8.196236],[0.690944,8.195034],[0.688168,8.194612],[0.685391,8.195034],[0.683038,8.196236]]]}},{"type":"Feature","properties":{"civic_code":"301-11-001","name":"M'poti","settlement_type":"village","canton_official_code":"C01067207","review_status":"proposed","geometry_role":"non_authoritative_settlement_reference_extent","source":"paired-settlement-reference-extents/settlement-aware-reference-extents.geojson","commune_official_code":"C01067","official_code":"C01067"},"geometry":{"type":"Polygon","coordinates":[[[0.764068,8.233711],[0.7632,8.237044],[0.764068,8.240377],[0.766539,8.243203],[0.770238,8.245091],[0.7746,8.245754],[0.778963,8.245091],[0.782662,8.243203],[0.785133,8.240377],[0.786001,8.237044],[0.785133,8.233711],[0.782662,8.230885],[0.778963,8.228997],[0.7746,8.228334],[0.770238,8.228997],[0.766539,8.230885],[0.764068,8.233711]]]}},{"type":"Feature","properties":{"civic_code":"301-11-002","name":"Tadjan","settlement_type":"village","canton_official_code":"C01067207","review_status":"proposed","geometry_role":"non_authoritative_settlement_reference_extent","source":"paired-settlement-reference-extents/settlement-aware-reference-extents.geojson","commune_official_code":"C01067","official_code":"C01067"},"geometry":{"type":"Polygon","coordinates":[[[0.801451,8.219522],[0.802003,8.221643],[0.803576,8.223441],[0.805929,8.224643],[0.808706,8.225065],[0.811482,8.224643],[0.813836,8.223441],[0.815408,8.221643],[0.815961,8.219522],[0.815408,8.217401],[0.813836,8.215603],[0.811482,8.214402],[0.808706,8.21398],[0.805929,8.214402],[0.803576,8.215603],[0.802003,8.217401],[0.801451,8.219522]]]}},{"type":"Feature","properties":{"civic_code":"301-13-001","name":"Akpale","settlement_type":"village","canton_official_code":"C01067200","review_status":"proposed","geometry_role":"non_authoritative_settlement_reference_extent","source":"paired-settlement-reference-extents/settlement-aware-reference-extents.geojson","commune_official_code":"C01067","official_code":"C01067"},"geometry":{"type":"Polygon","coordinates":[[[0.887129,8.164321],[0.888702,8.166119],[0.891056,8.16732],[0.893832,8.167742],[0.896608,8.16732],[0.898962,8.166119],[0.900535,8.164321],[0.901087,8.1622],[0.900535,8.160079],[0.898962,8.158282],[0.896608,8.15708],[0.893832,8.156659],[0.891056,8.15708],[0.888702,8.158282],[0.887129,8.160079],[0.886577,8.1622],[0.887129,8.164321]]]}},{"type":"Feature","properties":{"civic_code":"301-13-003","name":"Obadabou","settlement_type":"village","canton_official_code":null,"review_status":"proposed","geometry_role":"non_authoritative_settlement_reference_extent","source":"paired-settlement-reference-extents/settlement-aware-reference-extents.geojson","commune_official_code":"C01067","official_code":"C01067"},"geometry":{"type":"Polygon","coordinates":[[[0.901894,8.116998],[0.903467,8.118796],[0.90582,8.119997],[0.908597,8.120419],[0.911373,8.119997],[0.913727,8.118796],[0.915299,8.116998],[0.915852,8.114878],[0.915299,8.112758],[0.913727,8.11096],[0.911373,8.109759],[0.908597,8.109337],[0.90582,8.109759],[0.903467,8.11096],[0.901894,8.112758],[0.901342,8.114878],[0.901894,8.116998]]]}},{"type":"Feature","properties":{"civic_code":"301-13-004","name":"Pagala-village","settlement_type":"village","canton_official_code":"C01067200","review_status":"proposed","geometry_role":"non_authoritative_settlement_reference_extent","source":"paired-settlement-reference-extents/settlement-aware-reference-extents.geojson","commune_official_code":"C01067","official_code":"C01067"},"geometry":{"type":"Polygon","coordinates":[[[0.87699,8.220896],[0.881352,8.221559],[0.885715,8.220896],[0.889414,8.219008],[0.891885,8.216183],[0.892753,8.21285],[0.891885,8.209517],[0.889414,8.206691],[0.885715,8.204803],[0.881352,8.20414],[0.87699,8.204803],[0.873291,8.206691],[0.87082,8.209517],[0.869952,8.21285],[0.87082,8.216183],[0.873291,8.219008],[0.87699,8.220896]]]}},{"type":"Feature","properties":{"civic_code":"301-13-005","name":"Paoua","settlement_type":"village","canton_official_code":"C01067200","review_status":"proposed","geometry_role":"non_authoritative_settlement_reference_extent","source":"paired-settlement-reference-extents/settlement-aware-reference-extents.geojson","commune_official_code":"C01067","official_code":"C01067"},"geometry":{"type":"Polygon","coordinates":[[[0.869336,8.189854],[0.872112,8.189433],[0.874466,8.188231],[0.876039,8.186433],[0.876591,8.184312],[0.876039,8.182192],[0.874466,8.180394],[0.872112,8.179192],[0.869336,8.17877],[0.86656,8.179192],[0.864206,8.180394],[0.862633,8.182192],[0.862081,8.184312],[0.862633,8.186433],[0.864206,8.188231],[0.86656,8.189433],[0.869336,8.189854]]]}},{"type":"Feature","properties":{"civic_code":"301-13-006","name":"Yaya","settlement_type":"village","canton_official_code":"C01067200","review_status":"proposed","geometry_role":"non_authoritative_settlement_reference_extent","source":"paired-settlement-reference-extents/settlement-aware-reference-extents.geojson","commune_official_code":"C01067","official_code":"C01067"},"geometry":{"type":"Polygon","coordinates":[[[0.886883,8.161027],[0.887129,8.160079],[0.888702,8.158282],[0.891056,8.15708],[0.893023,8.156781],[0.893329,8.155608],[0.892777,8.153487],[0.891204,8.15169],[0.88885,8.150488],[0.886074,8.150067],[0.883298,8.150488],[0.880944,8.15169],[0.879371,8.153487],[0.878819,8.155608],[0.879371,8.157729],[0.880944,8.159527],[0.883298,8.160728],[0.886074,8.16115],[0.886883,8.161027]]]}},{"type":"Feature","properties":{"civic_code":"301-16-001","name":"Bohou-Copé","settlement_type":"village","canton_official_code":"C01067201","review_status":"proposed","geometry_role":"non_authoritative_settlement_reference_extent","source":"paired-settlement-reference-extents/settlement-aware-reference-extents.geojson","commune_official_code":"C01067","official_code":"C01067"},"geometry":{"type":"Polygon","coordinates":[[[0.849888,8.213379],[0.851461,8.211581],[0.852013,8.20946],[0.851461,8.207339],[0.849888,8.205541],[0.847534,8.20434],[0.844758,8.203918],[0.841982,8.20434],[0.839628,8.205541],[0.838055,8.207339],[0.837503,8.20946],[0.838055,8.211581],[0.839628,8.213379],[0.841982,8.214581],[0.844758,8.215002],[0.847534,8.214581],[0.849888,8.213379]]]}},{"type":"Feature","properties":{"civic_code":"301-16-002","name":"Tsifama","settlement_type":"village","canton_official_code":"C01067201","review_status":"proposed","geometry_role":"non_authoritative_settlement_reference_extent","source":"paired-settlement-reference-extents/settlement-aware-reference-extents.geojson","commune_official_code":"C01067","official_code":"C01067"},"geometry":{"type":"Polygon","coordinates":[[[0.81519,8.192139],[0.815743,8.190018],[0.81519,8.187897],[0.813618,8.186099],[0.811264,8.184898],[0.808488,8.184476],[0.805711,8.184898],[0.803358,8.186099],[0.801785,8.187897],[0.801233,8.190018],[0.801785,8.192139],[0.803358,8.193937],[0.805711,8.195138],[0.808488,8.19556],[0.811264,8.195138],[0.813618,8.193937],[0.81519,8.192139]]]}},{"type":"Feature","properties":{"civic_code":"301-17-001","name":"Nkingbé","settlement_type":"village","canton_official_code":"C01067198","review_status":"proposed","geometry_role":"non_authoritative_settlement_reference_extent","source":"paired-settlement-reference-extents/settlement-aware-reference-extents.geojson","commune_official_code":"C01067","official_code":"C01067"},"geometry":{"type":"Polygon","coordinates":[[[0.777183,8.12792],[0.77663,8.1258],[0.775058,8.124002],[0.772704,8.122801],[0.769928,8.122379],[0.767151,8.122801],[0.764798,8.124002],[0.763225,8.1258],[0.762673,8.12792],[0.763225,8.130041],[0.764798,8.131838],[0.767151,8.13304],[0.769928,8.133461],[0.772704,8.13304],[0.775058,8.131838],[0.77663,8.130041],[0.777183,8.12792]]]}},{"type":"Feature","properties":{"civic_code":"301-17-002","name":"Tintchro-Koflo","settlement_type":"village","canton_official_code":"C01067198","review_status":"proposed","geometry_role":"non_authoritative_settlement_reference_extent","source":"paired-settlement-reference-extents/settlement-aware-reference-extents.geojson","commune_official_code":"C01067","official_code":"C01067"},"geometry":{"type":"Polygon","coordinates":[[[0.767714,8.080919],[0.766142,8.079122],[0.763788,8.077921],[0.761012,8.077499],[0.758235,8.077921],[0.755882,8.079122],[0.754309,8.080919],[0.753757,8.083039],[0.754309,8.08516],[0.755882,8.086957],[0.758235,8.088158],[0.761012,8.08858],[0.763788,8.088158],[0.766142,8.086957],[0.767714,8.08516],[0.768267,8.083039],[0.767714,8.080919]]]}},{"type":"Feature","properties":{"civic_code":"301-19-001","name":"Pintorio","settlement_type":"village","canton_official_code":null,"review_status":"proposed","geometry_role":"non_authoritative_settlement_reference_extent","source":"paired-settlement-reference-extents/settlement-aware-reference-extents.geojson","commune_official_code":"C01067","official_code":"C01067"},"geometry":{"type":"Polygon","coordinates":[[[0.899733,8.137172],[0.89816,8.135375],[0.895806,8.134173],[0.89303,8.133752],[0.890254,8.134173],[0.8879,8.135375],[0.886327,8.137172],[0.885775,8.139293],[0.886327,8.141414],[0.8879,8.143211],[0.890254,8.144413],[0.89303,8.144834],[0.895806,8.144413],[0.89816,8.143211],[0.899733,8.141414],[0.900285,8.139293],[0.899733,8.137172]]]}},{"type":"Feature","properties":{"civic_code":"301-19-002","name":"Sansi","settlement_type":"village","canton_official_code":"C01067199","review_status":"proposed","geometry_role":"non_authoritative_settlement_reference_extent","source":"paired-settlement-reference-extents/settlement-aware-reference-extents.geojson","commune_official_code":"C01067","official_code":"C01067"},"geometry":{"type":"Polygon","coordinates":[[[0.88718,8.110693],[0.884403,8.110271],[0.881627,8.110693],[0.879273,8.111894],[0.877701,8.113692],[0.877148,8.115812],[0.877701,8.117933],[0.879273,8.11973],[0.881627,8.120932],[0.884403,8.121353],[0.88718,8.120932],[0.889533,8.11973],[0.891106,8.117933],[0.891658,8.115812],[0.891106,8.113692],[0.889533,8.111894],[0.88718,8.110693]]]}},{"type":"Feature","properties":{"civic_code":"301-22-001","name":"Konkoa","settlement_type":"village","canton_official_code":null,"review_status":"proposed","geometry_role":"non_authoritative_settlement_reference_extent","source":"paired-settlement-reference-extents/settlement-aware-reference-extents.geojson","commune_official_code":"C01067","official_code":"C01067"},"geometry":{"type":"Polygon","coordinates":[[[0.689309,8.171666],[0.686533,8.171245],[0.683756,8.171666],[0.681403,8.172868],[0.67983,8.174666],[0.679278,8.176786],[0.67983,8.178907],[0.681403,8.180705],[0.683756,8.181906],[0.686533,8.182328],[0.689309,8.181906],[0.691663,8.180705],[0.693235,8.178907],[0.693788,8.176786],[0.693235,8.174666],[0.691663,8.172868],[0.689309,8.171666]]]}},{"type":"Feature","properties":{"civic_code":"301-22-003","name":"Yégué","settlement_type":"village","canton_official_code":"C01067204","review_status":"proposed","geometry_role":"non_authoritative_settlement_reference_extent","source":"paired-settlement-reference-extents/settlement-aware-reference-extents.geojson","commune_official_code":"C01067","official_code":"C01067"},"geometry":{"type":"Polygon","coordinates":[[[0.649882,8.167872],[0.646183,8.16976],[0.643712,8.172585],[0.642844,8.175918],[0.643712,8.179251],[0.646183,8.182076],[0.649882,8.183964],[0.654245,8.184627],[0.658608,8.183964],[0.662306,8.182076],[0.664777,8.179251],[0.665645,8.175918],[0.664777,8.172585],[0.662306,8.16976],[0.658608,8.167872],[0.654245,8.167209],[0.649882,8.167872]]]}},{"type":"Feature","properties":{"civic_code":"303-04-001","name":"Fazao","settlement_type":"village","canton_official_code":null,"review_status":"proposed","geometry_role":"non_authoritative_settlement_reference_extent","source":"paired-settlement-reference-extents/settlement-aware-reference-extents.geojson","commune_official_code":"C02068","official_code":"C02068"},"geometry":{"type":"Polygon","coordinates":[[[0.779234,8.688485],[0.775536,8.686594],[0.771173,8.685931],[0.76681,8.686594],[0.763111,8.688485],[0.76064,8.691314],[0.759772,8.694651],[0.76064,8.697988],[0.763111,8.700817],[0.76681,8.702707],[0.771173,8.703371],[0.775536,8.702707],[0.779234,8.700817],[0.781706,8.697988],[0.782573,8.694651],[0.781706,8.691314],[0.779234,8.688485]]]}},{"type":"Feature","properties":{"civic_code":"303-05-001","name":"Kaniamboua","settlement_type":"village","canton_official_code":"C03070215","review_status":"proposed","geometry_role":"non_authoritative_settlement_reference_extent","source":"paired-settlement-reference-extents/settlement-aware-reference-extents.geojson","commune_official_code":"C03070","official_code":"C03070"},"geometry":{"type":"Polygon","coordinates":[[[1.007098,8.598953],[1.002735,8.598289],[0.998372,8.598953],[0.994674,8.600843],[0.992203,8.603671],[0.991335,8.607007],[0.992203,8.610343],[0.994674,8.613172],[0.998372,8.615062],[1.002735,8.615725],[1.007098,8.615062],[1.010797,8.613172],[1.013268,8.610343],[1.014136,8.607007],[1.013268,8.603671],[1.010797,8.600843],[1.007098,8.598953]]]}},{"type":"Feature","properties":{"civic_code":"303-09-001","name":"Kpete-kpete","settlement_type":"village","canton_official_code":"C03070214","review_status":"proposed","geometry_role":"non_authoritative_settlement_reference_extent","source":"paired-settlement-reference-extents/settlement-aware-reference-extents.geojson","commune_official_code":"C03070","official_code":"C03070"},"geometry":{"type":"Polygon","coordinates":[[[0.971392,8.498581],[0.968615,8.499004],[0.966262,8.500206],[0.964689,8.502005],[0.964137,8.504128],[0.964689,8.50625],[0.966262,8.50805],[0.968615,8.509252],[0.971392,8.509674],[0.974168,8.509252],[0.976522,8.50805],[0.978094,8.50625],[0.978647,8.504128],[0.978094,8.502005],[0.976522,8.500206],[0.974168,8.499004],[0.971392,8.498581]]]}},{"type":"Feature","properties":{"civic_code":"303-09-003","name":"Watchalo","settlement_type":"village","canton_official_code":"C03070214","review_status":"proposed","geometry_role":"non_authoritative_settlement_reference_extent","source":"paired-settlement-reference-extents/settlement-aware-reference-extents.geojson","commune_official_code":"C03070","official_code":"C03070"},"geometry":{"type":"Polygon","coordinates":[[[0.98168,8.571287],[0.979326,8.57249],[0.977753,8.574289],[0.977201,8.576412],[0.977753,8.578535],[0.979326,8.580335],[0.98168,8.581538],[0.984456,8.58196],[0.987232,8.581538],[0.989586,8.580335],[0.991159,8.578535],[0.991711,8.576412],[0.991159,8.574289],[0.989586,8.57249],[0.987232,8.571287],[0.984456,8.570865],[0.98168,8.571287]]]}},{"type":"Feature","properties":{"civic_code":"303-10-002","name":"Egbande","settlement_type":"village","canton_official_code":"C03070213","review_status":"proposed","geometry_role":"non_authoritative_settlement_reference_extent","source":"paired-settlement-reference-extents/settlement-aware-reference-extents.geojson","commune_official_code":"C03070","official_code":"C03070"},"geometry":{"type":"Polygon","coordinates":[[[1.107184,8.532402],[1.105611,8.534202],[1.105059,8.536324],[1.105611,8.538447],[1.107184,8.540246],[1.109538,8.541449],[1.112314,8.541871],[1.11509,8.541449],[1.117444,8.540246],[1.119017,8.538447],[1.119569,8.536324],[1.119017,8.534202],[1.117444,8.532402],[1.11509,8.5312],[1.112314,8.530777],[1.109538,8.5312],[1.107184,8.532402]]]}},{"type":"Feature","properties":{"civic_code":"303-09-002","name":"Sotouboua","settlement_type":"town","canton_official_code":"C03070214","review_status":"proposed","geometry_role":"non_authoritative_settlement_reference_extent","source":"paired-settlement-reference-extents/settlement-aware-reference-extents.geojson","commune_official_code":"C03070","official_code":"C03070"},"geometry":{"type":"Polygon","coordinates":[[[0.954795,8.555269],[0.95306,8.561941],[0.954795,8.568613],[0.959738,8.574269],[0.967135,8.578048],[0.975861,8.579375],[0.978179,8.579023],[0.977753,8.578535],[0.977201,8.576412],[0.977753,8.574289],[0.979326,8.57249],[0.98168,8.571287],[0.984456,8.570865],[0.987232,8.571287],[0.989586,8.57249],[0.991159,8.574289],[0.991251,8.574643],[0.991984,8.574269],[0.996926,8.568613],[0.998662,8.561941],[0.996926,8.555269],[0.991984,8.549613],[0.984587,8.545834],[0.975861,8.544507],[0.967135,8.545834],[0.959738,8.549613],[0.954795,8.555269]]]}},{"type":"Feature","properties":{"civic_code":"303-01-002","name":"Dalanda","settlement_type":"village","canton_official_code":"C03071219","review_status":"proposed","geometry_role":"non_authoritative_settlement_reference_extent","source":"paired-settlement-reference-extents/settlement-aware-reference-extents.geojson","commune_official_code":"C03071","official_code":"C03071"},"geometry":{"type":"Polygon","coordinates":[[[1.015686,8.633461],[1.012909,8.633038],[1.010133,8.633461],[1.007779,8.634663],[1.006207,8.636463],[1.005654,8.638586],[1.006207,8.64071],[1.007779,8.64251],[1.010133,8.643713],[1.012909,8.644135],[1.015686,8.643713],[1.018039,8.64251],[1.019612,8.64071],[1.020164,8.638586],[1.019612,8.636463],[1.018039,8.634663],[1.015686,8.633461]]]}},{"type":"Feature","properties":{"civic_code":"303-01-003","name":"Dalangda","settlement_type":"village","canton_official_code":"C03071219","review_status":"proposed","geometry_role":"non_authoritative_settlement_reference_extent","source":"paired-settlement-reference-extents/settlement-aware-reference-extents.geojson","commune_official_code":"C03071","official_code":"C03071"},"geometry":{"type":"Polygon","coordinates":[[[1.008081,8.624488],[1.005305,8.624911],[1.002951,8.626113],[1.001378,8.627913],[1.000826,8.630036],[1.001378,8.63216],[1.002951,8.63396],[1.005305,8.635162],[1.007104,8.635436],[1.007779,8.634663],[1.010133,8.633461],[1.012909,8.633038],[1.013886,8.633187],[1.014784,8.63216],[1.015336,8.630036],[1.014784,8.627913],[1.013211,8.626113],[1.010857,8.624911],[1.008081,8.624488]]]}},{"type":"Feature","properties":{"civic_code":"303-02-001","name":"Babadé","settlement_type":"village","canton_official_code":null,"review_status":"proposed","geometry_role":"non_authoritative_settlement_reference_extent","source":"paired-settlement-reference-extents/settlement-aware-reference-extents.geojson","commune_official_code":"C03071","official_code":"C03071"},"geometry":{"type":"Polygon","coordinates":[[[1.025102,8.691287],[1.022325,8.691709],[1.019972,8.692912],[1.018399,8.694712],[1.017847,8.696836],[1.018399,8.698959],[1.019972,8.70076],[1.022325,8.701963],[1.025102,8.702385],[1.027878,8.701963],[1.030232,8.70076],[1.031804,8.698959],[1.032357,8.696836],[1.031804,8.694712],[1.030232,8.692912],[1.027878,8.691709],[1.025102,8.691287]]]}},{"type":"Feature","properties":{"civic_code":"303-08-001","name":"MAZADA village","settlement_type":"village","canton_official_code":"C03071216","review_status":"proposed","geometry_role":"non_authoritative_settlement_reference_extent","source":"paired-settlement-reference-extents/settlement-aware-reference-extents.geojson","commune_official_code":"C03071","official_code":"C03071"},"geometry":{"type":"Polygon","coordinates":[[[1.177756,8.615213],[1.176183,8.617013],[1.175631,8.619136],[1.176183,8.621259],[1.177756,8.623059],[1.18011,8.624262],[1.182886,8.624684],[1.185662,8.624262],[1.188016,8.623059],[1.189589,8.621259],[1.190141,8.619136],[1.189589,8.617013],[1.188016,8.615213],[1.185662,8.614011],[1.182886,8.613588],[1.18011,8.614011],[1.177756,8.615213]]]}},{"type":"Feature","properties":{"civic_code":"303-10-001","name":"Dagnie","settlement_type":"village","canton_official_code":null,"review_status":"proposed","geometry_role":"non_authoritative_settlement_reference_extent","source":"paired-settlement-reference-extents/settlement-aware-reference-extents.geojson","commune_official_code":"C03071","official_code":"C03071"},"geometry":{"type":"Polygon","coordinates":[[[1.082516,8.577006],[1.082295,8.582156],[1.083119,8.583098],[1.085473,8.584301],[1.088249,8.584723],[1.091025,8.584301],[1.093379,8.583098],[1.094952,8.581298],[1.095504,8.579175],[1.094952,8.577053],[1.093379,8.575253],[1.091025,8.57405],[1.088249,8.573628],[1.087484,8.573744],[1.082516,8.577006]]]}},{"type":"Feature","properties":{"civic_code":"303-12-001","name":"KAOU","settlement_type":"village","canton_official_code":null,"review_status":"proposed","geometry_role":"non_authoritative_settlement_reference_extent","source":"paired-settlement-reference-extents/settlement-aware-reference-extents.geojson","commune_official_code":"C03071","official_code":"C03071"},"geometry":{"type":"Polygon","coordinates":[[[1.022794,8.643818],[1.022241,8.645941],[1.022794,8.648064],[1.024366,8.649864],[1.02672,8.651067],[1.029496,8.65149],[1.032273,8.651067],[1.034626,8.649864],[1.036199,8.648064],[1.036751,8.645941],[1.036199,8.643818],[1.034626,8.642018],[1.032273,8.640815],[1.029496,8.640393],[1.02672,8.640815],[1.024366,8.642018],[1.022794,8.643818]]]}},{"type":"Feature","properties":{"civic_code":"303-12-002","name":"Pouda","settlement_type":"village","canton_official_code":"C03071217","review_status":"proposed","geometry_role":"non_authoritative_settlement_reference_extent","source":"paired-settlement-reference-extents/settlement-aware-reference-extents.geojson","commune_official_code":"C03071","official_code":"C03071"},"geometry":{"type":"Polygon","coordinates":[[[1.092479,8.587632],[1.095255,8.588054],[1.098031,8.587632],[1.100385,8.586429],[1.101958,8.58463],[1.10251,8.582507],[1.101958,8.580384],[1.100385,8.578584],[1.098031,8.577381],[1.095255,8.576959],[1.094915,8.577011],[1.095504,8.579175],[1.094952,8.581298],[1.093379,8.583098],[1.091025,8.584301],[1.088589,8.584671],[1.090125,8.586429],[1.092479,8.587632]]]}},{"type":"Feature","properties":{"civic_code":"303-01-001","name":"Adjengré","settlement_type":"town","canton_official_code":"C03071219","review_status":"proposed","geometry_role":"non_authoritative_settlement_reference_extent","source":"paired-settlement-reference-extents/settlement-aware-reference-extents.geojson","commune_official_code":"C03071","official_code":"C03071"},"geometry":{"type":"Polygon","coordinates":[[[1.000696,8.673621],[1.008093,8.677401],[1.016819,8.678729],[1.025545,8.677401],[1.032942,8.673621],[1.037885,8.667963],[1.03962,8.66129],[1.037885,8.654616],[1.034009,8.65018],[1.032273,8.651067],[1.029496,8.65149],[1.02672,8.651067],[1.024366,8.649864],[1.022794,8.648064],[1.022241,8.645941],[1.022558,8.644724],[1.016819,8.643851],[1.008093,8.645179],[1.000696,8.648959],[0.995754,8.654616],[0.994018,8.66129],[0.995754,8.667963],[1.000696,8.673621]]]}},{"type":"Feature","properties":{"civic_code":"303-06-001","name":"Kazaboua","settlement_type":"village","canton_official_code":"C03072221","review_status":"proposed","geometry_role":"non_authoritative_settlement_reference_extent","source":"paired-settlement-reference-extents/settlement-aware-reference-extents.geojson","commune_official_code":"C03072","official_code":"C03072"},"geometry":{"type":"Polygon","coordinates":[[[1.085373,8.419316],[1.081011,8.418653],[1.076648,8.419316],[1.072949,8.421205],[1.070478,8.424032],[1.06961,8.427367],[1.070035,8.429002],[1.073994,8.434063],[1.076648,8.435418],[1.081011,8.436081],[1.085373,8.435418],[1.089072,8.433529],[1.091543,8.430702],[1.092411,8.427367],[1.091543,8.424032],[1.089072,8.421205],[1.085373,8.419316]]]}},{"type":"Feature","properties":{"civic_code":"303-11-001","name":"Fondah","settlement_type":"village","canton_official_code":"C03072223","review_status":"proposed","geometry_role":"non_authoritative_settlement_reference_extent","source":"paired-settlement-reference-extents/settlement-aware-reference-extents.geojson","commune_official_code":"C03072","official_code":"C03072"},"geometry":{"type":"Polygon","coordinates":[[[0.991914,8.413349],[0.989137,8.413771],[0.986784,8.414973],[0.985211,8.416772],[0.984659,8.418894],[0.985211,8.421016],[0.986784,8.422815],[0.989137,8.424017],[0.991914,8.424439],[0.99469,8.424017],[0.997044,8.422815],[0.998616,8.421016],[0.999169,8.418894],[0.998616,8.416772],[0.997044,8.414973],[0.99469,8.413771],[0.991914,8.413349]]]}},{"type":"Feature","properties":{"civic_code":"303-11-002","name":"Kpande-kpandé","settlement_type":"village","canton_official_code":"C03072223","review_status":"proposed","geometry_role":"non_authoritative_settlement_reference_extent","source":"paired-settlement-reference-extents/settlement-aware-reference-extents.geojson","commune_official_code":"C03072","official_code":"C03072"},"geometry":{"type":"Polygon","coordinates":[[[0.986651,8.452004],[0.984297,8.453206],[0.982724,8.455005],[0.982172,8.457127],[0.982724,8.45925],[0.984297,8.461049],[0.986651,8.462251],[0.989427,8.462673],[0.992203,8.462251],[0.994557,8.461049],[0.99613,8.45925],[0.996682,8.457127],[0.99613,8.455005],[0.994557,8.453206],[0.992203,8.452004],[0.989427,8.451582],[0.986651,8.452004]]]}},{"type":"Feature","properties":{"civic_code":"303-11-003","name":"Tchébébé","settlement_type":"village","canton_official_code":"C03072223","review_status":"proposed","geometry_role":"non_authoritative_settlement_reference_extent","source":"paired-settlement-reference-extents/settlement-aware-reference-extents.geojson","commune_official_code":"C03072","official_code":"C03072"},"geometry":{"type":"Polygon","coordinates":[[[0.982838,8.425923],[0.980366,8.42875],[0.979498,8.432084],[0.980366,8.435419],[0.982838,8.438246],[0.986536,8.440135],[0.990899,8.440799],[0.995262,8.440135],[0.99896,8.438246],[1.001432,8.435419],[1.0023,8.432084],[1.001432,8.42875],[0.99896,8.425923],[0.995262,8.424034],[0.994797,8.423963],[0.991914,8.424439],[0.989137,8.424017],[0.988565,8.423725],[0.986536,8.424034],[0.982838,8.425923]]]}},{"type":"Feature","properties":{"civic_code":"303-11-004","name":"Tigbada","settlement_type":"village","canton_official_code":null,"review_status":"proposed","geometry_role":"non_authoritative_settlement_reference_extent","source":"paired-settlement-reference-extents/settlement-aware-reference-extents.geojson","commune_official_code":"C03072","official_code":"C03072"},"geometry":{"type":"Polygon","coordinates":[[[0.977633,8.47301],[0.97606,8.47481],[0.97561,8.476543],[0.981131,8.47832],[0.988752,8.479871],[0.989466,8.479054],[0.990018,8.476932],[0.989466,8.47481],[0.987893,8.47301],[0.985539,8.471808],[0.982763,8.471386],[0.979987,8.471808],[0.977633,8.47301]]]}},{"type":"Feature","properties":{"civic_code":"303-11-005","name":"Yomaboua","settlement_type":"village","canton_official_code":"C03072223","review_status":"proposed","geometry_role":"non_authoritative_settlement_reference_extent","source":"paired-settlement-reference-extents/settlement-aware-reference-extents.geojson","commune_official_code":"C03072","official_code":"C03072"},"geometry":{"type":"Polygon","coordinates":[[[0.983518,8.40049],[0.984071,8.402612],[0.985643,8.404411],[0.987997,8.405613],[0.990773,8.406035],[0.99355,8.405613],[0.995903,8.404411],[0.997476,8.402612],[0.998028,8.40049],[0.997476,8.398368],[0.995903,8.39657],[0.99355,8.395368],[0.990773,8.394945],[0.987997,8.395368],[0.985643,8.39657],[0.984071,8.398368],[0.983518,8.40049]]]}},{"type":"Feature","properties":{"civic_code":"303-11-006","name":"Yomaboua","settlement_type":"village","canton_official_code":"C03072223","review_status":"proposed","geometry_role":"non_authoritative_settlement_reference_extent","source":"paired-settlement-reference-extents/settlement-aware-reference-extents.geojson","commune_official_code":"C03072","official_code":"C03072"},"geometry":{"type":"Polygon","coordinates":[[[0.998081,8.396658],[0.998634,8.394536],[0.998561,8.394257],[0.995938,8.394095],[0.984573,8.392811],[0.984124,8.394536],[0.984676,8.396658],[0.985121,8.397167],[0.985643,8.39657],[0.987997,8.395368],[0.990773,8.394945],[0.99355,8.395368],[0.995903,8.39657],[0.997031,8.39786],[0.998081,8.396658]]]}},{"type":"Feature","properties":{"civic_code":"304-01-001","name":"Afem-Bossou","settlement_type":"village","canton_official_code":"C04073224","review_status":"proposed","geometry_role":"non_authoritative_settlement_reference_extent","source":"paired-settlement-reference-extents/settlement-aware-reference-extents.geojson","commune_official_code":"C04073","official_code":"C04073"},"geometry":{"type":"Polygon","coordinates":[[[1.537301,9.117331],[1.534525,9.116908],[1.531748,9.117331],[1.529395,9.118535],[1.527822,9.120338],[1.52727,9.122463],[1.527822,9.124589],[1.529395,9.126392],[1.531748,9.127596],[1.534525,9.128019],[1.537301,9.127596],[1.539655,9.126392],[1.541227,9.124589],[1.54178,9.122463],[1.541227,9.120338],[1.539655,9.118535],[1.537301,9.117331]]]}},{"type":"Feature","properties":{"civic_code":"304-02-001","name":"Alibi","settlement_type":"village","canton_official_code":"C04073225","review_status":"proposed","geometry_role":"non_authoritative_settlement_reference_extent","source":"paired-settlement-reference-extents/settlement-aware-reference-extents.geojson","commune_official_code":"C04073","official_code":"C04073"},"geometry":{"type":"Polygon","coordinates":[[[1.418259,8.937136],[1.415482,8.937559],[1.413128,8.938762],[1.411556,8.940564],[1.411004,8.942689],[1.411556,8.944814],[1.413128,8.946615],[1.415482,8.947819],[1.418259,8.948241],[1.421035,8.947819],[1.423389,8.946615],[1.424961,8.944814],[1.425513,8.942689],[1.424961,8.940564],[1.423389,8.938762],[1.421035,8.937559],[1.418259,8.937136]]]}},{"type":"Feature","properties":{"civic_code":"304-02-003","name":"Koutangoli","settlement_type":"village","canton_official_code":"C04073225","review_status":"proposed","geometry_role":"non_authoritative_settlement_reference_extent","source":"paired-settlement-reference-extents/settlement-aware-reference-extents.geojson","commune_official_code":"C04073","official_code":"C04073"},"geometry":{"type":"Polygon","coordinates":[[[1.396278,8.865189],[1.393924,8.866392],[1.392352,8.868193],[1.3918,8.870318],[1.392352,8.872442],[1.393924,8.874243],[1.396278,8.875447],[1.399055,8.875869],[1.401831,8.875447],[1.404185,8.874243],[1.405757,8.872442],[1.406309,8.870318],[1.405757,8.868193],[1.404185,8.866392],[1.401831,8.865189],[1.399055,8.864766],[1.396278,8.865189]]]}},{"type":"Feature","properties":{"civic_code":"304-02-004","name":"Omoidjawa","settlement_type":"village","canton_official_code":"C04073225","review_status":"proposed","geometry_role":"non_authoritative_settlement_reference_extent","source":"paired-settlement-reference-extents/settlement-aware-reference-extents.geojson","commune_official_code":"C04073","official_code":"C04073"},"geometry":{"type":"Polygon","coordinates":[[[1.421122,8.952278],[1.419549,8.954079],[1.418997,8.956204],[1.419549,8.958329],[1.421122,8.960131],[1.423476,8.961334],[1.426252,8.961757],[1.429028,8.961334],[1.431382,8.960131],[1.432955,8.958329],[1.433507,8.956204],[1.432955,8.954079],[1.431382,8.952278],[1.429028,8.951074],[1.426252,8.950651],[1.423476,8.951074],[1.421122,8.952278]]]}},{"type":"Feature","properties":{"civic_code":"304-08-002","name":"Adjeïdé","settlement_type":"village","canton_official_code":"C04073227","review_status":"proposed","geometry_role":"non_authoritative_settlement_reference_extent","source":"paired-settlement-reference-extents/settlement-aware-reference-extents.geojson","commune_official_code":"C04073","official_code":"C04073"},"geometry":{"type":"Polygon","coordinates":[[[1.40798,9.202707],[1.407428,9.204833],[1.40798,9.20696],[1.409553,9.208763],[1.411906,9.209967],[1.414683,9.21039],[1.417459,9.209967],[1.419813,9.208763],[1.421385,9.20696],[1.421938,9.204833],[1.421385,9.202707],[1.419813,9.200904],[1.417459,9.1997],[1.414683,9.199277],[1.411906,9.1997],[1.409553,9.200904],[1.40798,9.202707]]]}},{"type":"Feature","properties":{"civic_code":"304-09-001","name":"Dagma","settlement_type":"village","canton_official_code":"C04073226","review_status":"proposed","geometry_role":"non_authoritative_settlement_reference_extent","source":"paired-settlement-reference-extents/settlement-aware-reference-extents.geojson","commune_official_code":"C04073","official_code":"C04073"},"geometry":{"type":"Polygon","coordinates":[[[1.411492,9.049868],[1.412045,9.051994],[1.413617,9.053796],[1.415971,9.055],[1.418747,9.055423],[1.421524,9.055],[1.423877,9.053796],[1.42545,9.051994],[1.426002,9.049868],[1.42545,9.047743],[1.423877,9.045941],[1.421524,9.044737],[1.418747,9.044314],[1.415971,9.044737],[1.413617,9.045941],[1.412045,9.047743],[1.411492,9.049868]]]}},{"type":"Feature","properties":{"civic_code":"304-10-021","name":"Dagma","settlement_type":"village","canton_official_code":"C04073228","review_status":"proposed","geometry_role":"non_authoritative_settlement_reference_extent","source":"paired-settlement-reference-extents/settlement-aware-reference-extents.geojson","commune_official_code":"C04073","official_code":"C04073"},"geometry":{"type":"Polygon","coordinates":[[[1.410033,9.011561],[1.411606,9.013362],[1.41396,9.014566],[1.416736,9.014989],[1.419512,9.014566],[1.421866,9.013362],[1.423439,9.011561],[1.423991,9.009435],[1.423439,9.00731],[1.421866,9.005508],[1.419512,9.004304],[1.416736,9.003881],[1.41396,9.004304],[1.411606,9.005508],[1.410033,9.00731],[1.409481,9.009435],[1.410033,9.011561]]]}},{"type":"Feature","properties":{"civic_code":"304-10-022","name":"Dantcho","settlement_type":"village","canton_official_code":"C04073228","review_status":"proposed","geometry_role":"non_authoritative_settlement_reference_extent","source":"paired-settlement-reference-extents/settlement-aware-reference-extents.geojson","commune_official_code":"C04073","official_code":"C04073"},"geometry":{"type":"Polygon","coordinates":[[[1.478814,9.005737],[1.481168,9.006941],[1.483944,9.007364],[1.486721,9.006941],[1.489074,9.005737],[1.490647,9.003935],[1.491199,9.00181],[1.490647,8.999685],[1.489074,8.997883],[1.486721,8.996679],[1.483944,8.996256],[1.481168,8.996679],[1.478814,8.997883],[1.477242,8.999685],[1.476689,9.00181],[1.477242,9.003935],[1.478814,9.005737]]]}},{"type":"Feature","properties":{"civic_code":"304-10-027","name":"Kagnigada","settlement_type":"village","canton_official_code":"C04073228","review_status":"proposed","geometry_role":"non_authoritative_settlement_reference_extent","source":"paired-settlement-reference-extents/settlement-aware-reference-extents.geojson","commune_official_code":"C04073","official_code":"C04073"},"geometry":{"type":"Polygon","coordinates":[[[1.604403,9.009243],[1.60718,9.009666],[1.609956,9.009243],[1.61231,9.00804],[1.613882,9.006238],[1.614435,9.004112],[1.613882,9.001987],[1.61231,9.000185],[1.609956,8.998982],[1.60718,8.998559],[1.604403,8.998982],[1.60205,9.000185],[1.600477,9.001987],[1.599925,9.004112],[1.600477,9.006238],[1.60205,9.00804],[1.604403,9.009243]]]}},{"type":"Feature","properties":{"civic_code":"304-10-029","name":"Larini","settlement_type":"village","canton_official_code":"C04073226","review_status":"proposed","geometry_role":"non_authoritative_settlement_reference_extent","source":"paired-settlement-reference-extents/settlement-aware-reference-extents.geojson","commune_official_code":"C04073","official_code":"C04073"},"geometry":{"type":"Polygon","coordinates":[[[1.416913,9.033423],[1.41566,9.032529],[1.41462,9.032716],[1.41232,9.033404],[1.409077,9.034183],[1.406979,9.034076],[1.407436,9.035835],[1.409009,9.037637],[1.411362,9.038841],[1.414139,9.039264],[1.416915,9.038841],[1.419269,9.037637],[1.420841,9.035835],[1.421097,9.034849],[1.419204,9.034947],[1.416913,9.033423]]]}},{"type":"Feature","properties":{"civic_code":"304-10-030","name":"Nadjoubi","settlement_type":"village","canton_official_code":"C04073228","review_status":"proposed","geometry_role":"non_authoritative_settlement_reference_extent","source":"paired-settlement-reference-extents/settlement-aware-reference-extents.geojson","commune_official_code":"C04073","official_code":"C04073"},"geometry":{"type":"Polygon","coordinates":[[[1.46153,9.016161],[1.463884,9.014957],[1.465456,9.013155],[1.466009,9.01103],[1.465456,9.008904],[1.463884,9.007103],[1.46153,9.005899],[1.458754,9.005476],[1.455977,9.005899],[1.453624,9.007103],[1.452051,9.008904],[1.451499,9.01103],[1.452051,9.013155],[1.453624,9.014957],[1.455977,9.016161],[1.458754,9.016584],[1.46153,9.016161]]]}},{"type":"Feature","properties":{"civic_code":"304-10-031","name":"Ntchourou","settlement_type":"village","canton_official_code":"C04073228","review_status":"proposed","geometry_role":"non_authoritative_settlement_reference_extent","source":"paired-settlement-reference-extents/settlement-aware-reference-extents.geojson","commune_official_code":"C04073","official_code":"C04073"},"geometry":{"type":"Polygon","coordinates":[[[1.595219,9.013349],[1.596791,9.011547],[1.597344,9.009421],[1.596791,9.007296],[1.595219,9.005494],[1.592865,9.00429],[1.590089,9.003868],[1.587312,9.00429],[1.584959,9.005494],[1.583386,9.007296],[1.582834,9.009421],[1.583386,9.011547],[1.584959,9.013349],[1.587312,9.014552],[1.590089,9.014975],[1.592865,9.014552],[1.595219,9.013349]]]}},{"type":"Feature","properties":{"civic_code":"304-10-040","name":"Tchèkèlè","settlement_type":"village","canton_official_code":"C04073225","review_status":"proposed","geometry_role":"non_authoritative_settlement_reference_extent","source":"paired-settlement-reference-extents/settlement-aware-reference-extents.geojson","commune_official_code":"C04073","official_code":"C04073"},"geometry":{"type":"Polygon","coordinates":[[[1.422267,8.995072],[1.422819,8.992947],[1.422267,8.990822],[1.420694,8.98902],[1.418341,8.987816],[1.415564,8.987394],[1.412788,8.987816],[1.410434,8.98902],[1.408862,8.990822],[1.408309,8.992947],[1.408862,8.995072],[1.410434,8.996874],[1.412788,8.998078],[1.415564,8.998501],[1.418341,8.998078],[1.420694,8.996874],[1.422267,8.995072]]]}},{"type":"Feature","properties":{"civic_code":"304-10-041","name":"Tibona (Koutchoni-Kabye)","settlement_type":"village","canton_official_code":"C04073225","review_status":"proposed","geometry_role":"non_authoritative_settlement_reference_extent","source":"paired-settlement-reference-extents/settlement-aware-reference-extents.geojson","commune_official_code":"C04073","official_code":"C04073"},"geometry":{"type":"Polygon","coordinates":[[[1.4571,8.944076],[1.456548,8.941951],[1.454975,8.940149],[1.452621,8.938946],[1.449845,8.938523],[1.447069,8.938946],[1.444715,8.940149],[1.443142,8.941951],[1.44259,8.944076],[1.443142,8.946201],[1.444715,8.948002],[1.447069,8.949206],[1.449845,8.949629],[1.452621,8.949206],[1.454975,8.948002],[1.456548,8.946201],[1.4571,8.944076]]]}},{"type":"Feature","properties":{"civic_code":"304-10-038","name":"Tchamba","settlement_type":"town","canton_official_code":"C04073228","review_status":"proposed","geometry_role":"non_authoritative_settlement_reference_extent","source":"paired-settlement-reference-extents/settlement-aware-reference-extents.geojson","commune_official_code":"C04073","official_code":"C04073"},"geometry":{"type":"Polygon","coordinates":[[[1.416913,9.033423],[1.419204,9.034947],[1.422637,9.03477],[1.429261,9.034846],[1.433174,9.035824],[1.434486,9.036908],[1.437582,9.033361],[1.439317,9.026681],[1.437582,9.020001],[1.432639,9.014338],[1.425242,9.010555],[1.423759,9.010329],[1.423439,9.011561],[1.421866,9.013362],[1.419512,9.014566],[1.416736,9.014989],[1.41396,9.014566],[1.411606,9.013362],[1.410033,9.011561],[1.409697,9.010264],[1.40779,9.010555],[1.400393,9.014338],[1.39545,9.020001],[1.393715,9.026681],[1.39545,9.033361],[1.396115,9.034122],[1.401967,9.034608],[1.406491,9.034051],[1.409077,9.034183],[1.41232,9.033404],[1.41462,9.032716],[1.41566,9.032529],[1.416913,9.033423]]]}},{"type":"Feature","properties":{"civic_code":"304-03-001","name":"Afitialakofé","settlement_type":"village","canton_official_code":"C04074229","review_status":"proposed","geometry_role":"non_authoritative_settlement_reference_extent","source":"paired-settlement-reference-extents/settlement-aware-reference-extents.geojson","commune_official_code":"C04074","official_code":"C04074"},"geometry":{"type":"Polygon","coordinates":[[[1.295782,8.4467],[1.293006,8.446278],[1.29023,8.4467],[1.287876,8.447903],[1.286303,8.449702],[1.285751,8.451824],[1.286303,8.453946],[1.287876,8.455745],[1.29023,8.456947],[1.293006,8.45737],[1.295782,8.456947],[1.298136,8.455745],[1.299709,8.453946],[1.300261,8.451824],[1.299709,8.449702],[1.298136,8.447903],[1.295782,8.4467]]]}},{"type":"Feature","properties":{"civic_code":"304-03-002","name":"Akpango","settlement_type":"village","canton_official_code":"C04074229","review_status":"proposed","geometry_role":"non_authoritative_settlement_reference_extent","source":"paired-settlement-reference-extents/settlement-aware-reference-extents.geojson","commune_official_code":"C04074","official_code":"C04074"},"geometry":{"type":"Polygon","coordinates":[[[1.329996,8.473762],[1.327219,8.474184],[1.324866,8.475386],[1.323293,8.477185],[1.322741,8.479308],[1.323293,8.48143],[1.324866,8.483229],[1.327219,8.484432],[1.329996,8.484854],[1.332772,8.484432],[1.335126,8.483229],[1.336698,8.48143],[1.337251,8.479308],[1.336698,8.477185],[1.335126,8.475386],[1.332772,8.474184],[1.329996,8.473762]]]}},{"type":"Feature","properties":{"civic_code":"304-03-003","name":"Oronko","settlement_type":"village","canton_official_code":"C04074229","review_status":"proposed","geometry_role":"non_authoritative_settlement_reference_extent","source":"paired-settlement-reference-extents/settlement-aware-reference-extents.geojson","commune_official_code":"C04074","official_code":"C04074"},"geometry":{"type":"Polygon","coordinates":[[[1.258196,8.492143],[1.255843,8.493345],[1.25427,8.495144],[1.253872,8.496673],[1.253971,8.496954],[1.253766,8.49708],[1.253718,8.497267],[1.25427,8.499389],[1.255843,8.501189],[1.258196,8.502391],[1.260973,8.502813],[1.263749,8.502391],[1.266103,8.501189],[1.267675,8.499389],[1.268228,8.497267],[1.267675,8.495144],[1.266103,8.493345],[1.263749,8.492143],[1.260973,8.491721],[1.258196,8.492143]]]}},{"type":"Feature","properties":{"civic_code":"304-03-004","name":"Oronko","settlement_type":"village","canton_official_code":"C04074229","review_status":"proposed","geometry_role":"non_authoritative_settlement_reference_extent","source":"paired-settlement-reference-extents/settlement-aware-reference-extents.geojson","commune_official_code":"C04074","official_code":"C04074"},"geometry":{"type":"Polygon","coordinates":[[[1.315169,8.467954],[1.313597,8.469753],[1.313045,8.471876],[1.313597,8.473998],[1.315169,8.475797],[1.317523,8.477],[1.320299,8.477422],[1.323076,8.477],[1.323761,8.476649],[1.324866,8.475386],[1.326534,8.474534],[1.327002,8.473998],[1.327554,8.471876],[1.327002,8.469753],[1.32543,8.467954],[1.323076,8.466752],[1.320299,8.46633],[1.317523,8.466752],[1.315169,8.467954]]]}},{"type":"Feature","properties":{"civic_code":"304-06-011","name":"Bagou","settlement_type":"village","canton_official_code":null,"review_status":"proposed","geometry_role":"non_authoritative_settlement_reference_extent","source":"paired-settlement-reference-extents/settlement-aware-reference-extents.geojson","commune_official_code":"C04074","official_code":"C04074"},"geometry":{"type":"Polygon","coordinates":[[[1.397184,8.514261],[1.395611,8.516061],[1.395059,8.518183],[1.395611,8.520306],[1.397184,8.522105],[1.399538,8.523308],[1.402314,8.52373],[1.40509,8.523308],[1.407444,8.522105],[1.409017,8.520306],[1.409569,8.518183],[1.409017,8.516061],[1.407444,8.514261],[1.40509,8.513059],[1.402314,8.512637],[1.399538,8.513059],[1.397184,8.514261]]]}},{"type":"Feature","properties":{"civic_code":"304-06-032","name":"Toure","settlement_type":"village","canton_official_code":null,"review_status":"proposed","geometry_role":"non_authoritative_settlement_reference_extent","source":"paired-settlement-reference-extents/settlement-aware-reference-extents.geojson","commune_official_code":"C04074","official_code":"C04074"},"geometry":{"type":"Polygon","coordinates":[[[1.252907,8.50758],[1.252355,8.509703],[1.252907,8.511825],[1.25448,8.513625],[1.256834,8.514827],[1.25961,8.515249],[1.262386,8.514827],[1.26474,8.513625],[1.266313,8.511825],[1.266865,8.509703],[1.266313,8.50758],[1.26474,8.505781],[1.262386,8.504579],[1.25961,8.504156],[1.256834,8.504579],[1.25448,8.505781],[1.252907,8.50758]]]}},{"type":"Feature","properties":{"civic_code":"304-07-001","name":"Kouloumi","settlement_type":"village","canton_official_code":"C04074230","review_status":"proposed","geometry_role":"non_authoritative_settlement_reference_extent","source":"paired-settlement-reference-extents/settlement-aware-reference-extents.geojson","commune_official_code":"C04074","official_code":"C04074"},"geometry":{"type":"Polygon","coordinates":[[[1.509342,8.960638],[1.510915,8.962439],[1.513269,8.963643],[1.516045,8.964066],[1.518821,8.963643],[1.521175,8.962439],[1.522748,8.960638],[1.5233,8.958513],[1.522748,8.956388],[1.521175,8.954586],[1.518821,8.953383],[1.516045,8.95296],[1.513269,8.953383],[1.510915,8.954586],[1.509342,8.956388],[1.50879,8.958513],[1.509342,8.960638]]]}},{"type":"Feature","properties":{"civic_code":"304-07-002","name":"Koussountou","settlement_type":"town","canton_official_code":"C04074230","review_status":"proposed","geometry_role":"non_authoritative_settlement_reference_extent","source":"paired-settlement-reference-extents/settlement-aware-reference-extents.geojson","commune_official_code":"C04074","official_code":"C04074"},"geometry":{"type":"Polygon","coordinates":[[[1.499742,8.847949],[1.507139,8.851731],[1.515865,8.853059],[1.524591,8.851731],[1.531988,8.847949],[1.53693,8.842289],[1.538666,8.835612],[1.53693,8.828936],[1.531988,8.823276],[1.524591,8.819494],[1.515865,8.818166],[1.507139,8.819494],[1.499742,8.823276],[1.494799,8.828936],[1.493064,8.835612],[1.494799,8.842289],[1.499742,8.847949]]]}},{"type":"Feature","properties":{"civic_code":"304-04-006","name":"Balanka","settlement_type":"village","canton_official_code":"C04075231","review_status":"proposed","geometry_role":"non_authoritative_settlement_reference_extent","source":"paired-settlement-reference-extents/settlement-aware-reference-extents.geojson","commune_official_code":"C04075","official_code":"C04075"},"geometry":{"type":"Polygon","coordinates":[[[1.617061,8.859155],[1.612698,8.858491],[1.608335,8.859155],[1.604637,8.861047],[1.602165,8.863877],[1.601298,8.867215],[1.602165,8.870554],[1.604637,8.873384],[1.608335,8.875275],[1.612698,8.875939],[1.617061,8.875275],[1.62076,8.873384],[1.623231,8.870554],[1.624099,8.867215],[1.623231,8.863877],[1.62076,8.861047],[1.617061,8.859155]]]}},{"type":"Feature","properties":{"civic_code":"304-05-001","name":"Goubi","settlement_type":"village","canton_official_code":"C04075232","review_status":"proposed","geometry_role":"non_authoritative_settlement_reference_extent","source":"paired-settlement-reference-extents/settlement-aware-reference-extents.geojson","commune_official_code":"C04075","official_code":"C04075"},"geometry":{"type":"Polygon","coordinates":[[[1.468642,8.643239],[1.464279,8.643902],[1.460581,8.645792],[1.458109,8.648621],[1.457242,8.651958],[1.458109,8.655294],[1.460581,8.658123],[1.464279,8.660013],[1.468642,8.660677],[1.473005,8.660013],[1.476704,8.658123],[1.479175,8.655294],[1.480043,8.651958],[1.479175,8.648621],[1.476704,8.645792],[1.473005,8.643902],[1.468642,8.643239]]]}},{"type":"Feature","properties":{"civic_code":"304-06-021","name":"Kambolé","settlement_type":"town","canton_official_code":"C04075233","review_status":"proposed","geometry_role":"non_authoritative_settlement_reference_extent","source":"paired-settlement-reference-extents/settlement-aware-reference-extents.geojson","commune_official_code":"C04075","official_code":"C04075"},"geometry":{"type":"Polygon","coordinates":[[[1.583403,8.728528],[1.576006,8.732309],[1.571063,8.737967],[1.569327,8.744642],[1.571063,8.751317],[1.576006,8.756976],[1.583403,8.760757],[1.592128,8.762085],[1.600854,8.760757],[1.608251,8.756976],[1.613194,8.751317],[1.61493,8.744642],[1.613194,8.737967],[1.608251,8.732309],[1.600854,8.728528],[1.592128,8.7272],[1.583403,8.728528]]]}},{"type":"Feature","properties":{"civic_code":"304-02-002","name":"Alibi 2","settlement_type":"village","canton_official_code":null,"review_status":"proposed","geometry_role":"non_authoritative_settlement_reference_extent","source":"paired-settlement-reference-extents/settlement-aware-reference-extents.geojson","commune_official_code":"C05076","official_code":"C05076"},"geometry":{"type":"Polygon","coordinates":[[[1.303115,8.957733],[1.300762,8.95653],[1.297985,8.956107],[1.295748,8.956447],[1.295086,8.966727],[1.295209,8.96679],[1.297985,8.967213],[1.300762,8.96679],[1.303115,8.965587],[1.304688,8.963785],[1.30524,8.96166],[1.304688,8.959535],[1.303115,8.957733]]]}},{"type":"Feature","properties":{"civic_code":"305-04-001","name":"Abatchang","settlement_type":"village","canton_official_code":"C05076235","review_status":"proposed","geometry_role":"non_authoritative_settlement_reference_extent","source":"paired-settlement-reference-extents/settlement-aware-reference-extents.geojson","commune_official_code":"C05076","official_code":"C05076"},"geometry":{"type":"Polygon","coordinates":[[[1.186289,8.797508],[1.183513,8.797086],[1.180737,8.797508],[1.178383,8.798711],[1.17681,8.800512],[1.176258,8.802636],[1.17681,8.804761],[1.178383,8.806561],[1.180737,8.807765],[1.183513,8.808187],[1.186289,8.807765],[1.188643,8.806561],[1.190216,8.804761],[1.190768,8.802636],[1.190216,8.800512],[1.188643,8.798711],[1.186289,8.797508]]]}},{"type":"Feature","properties":{"civic_code":"305-07-002","name":"Tchalanide","settlement_type":"village","canton_official_code":"C05076238","review_status":"proposed","geometry_role":"non_authoritative_settlement_reference_extent","source":"paired-settlement-reference-extents/settlement-aware-reference-extents.geojson","commune_official_code":"C05076","official_code":"C05076"},"geometry":{"type":"Polygon","coordinates":[[[1.135501,9.038842],[1.132725,9.039265],[1.130371,9.040469],[1.128798,9.042271],[1.128246,9.044396],[1.128798,9.046522],[1.130371,9.048324],[1.132725,9.049528],[1.135501,9.049951],[1.138277,9.049528],[1.140631,9.048324],[1.142204,9.046522],[1.142756,9.044396],[1.142204,9.042271],[1.140631,9.040469],[1.138277,9.039265],[1.135501,9.038842]]]}},{"type":"Feature","properties":{"civic_code":"305-08-001","name":"Afadade - Nima","settlement_type":"village","canton_official_code":"C05076236","review_status":"proposed","geometry_role":"non_authoritative_settlement_reference_extent","source":"paired-settlement-reference-extents/settlement-aware-reference-extents.geojson","commune_official_code":"C05076","official_code":"C05076"},"geometry":{"type":"Polygon","coordinates":[[[1.358579,9.000142],[1.356225,9.001346],[1.354653,9.003147],[1.3541,9.005273],[1.354653,9.007398],[1.356225,9.0092],[1.358579,9.010404],[1.361355,9.010827],[1.364132,9.010404],[1.366485,9.0092],[1.368058,9.007398],[1.36861,9.005273],[1.368058,9.003147],[1.366485,9.001346],[1.364132,9.000142],[1.361355,8.999719],[1.358579,9.000142]]]}},{"type":"Feature","properties":{"civic_code":"305-08-002","name":"Atchibodow","settlement_type":"village","canton_official_code":"C05076236","review_status":"proposed","geometry_role":"non_authoritative_settlement_reference_extent","source":"paired-settlement-reference-extents/settlement-aware-reference-extents.geojson","commune_official_code":"C05076","official_code":"C05076"},"geometry":{"type":"Polygon","coordinates":[[[1.236946,8.950714],[1.235373,8.952516],[1.234821,8.954641],[1.235373,8.956766],[1.236946,8.958568],[1.239299,8.959771],[1.242076,8.960194],[1.244852,8.959771],[1.247206,8.958568],[1.248778,8.956766],[1.249331,8.954641],[1.248778,8.952516],[1.247206,8.950714],[1.244852,8.949511],[1.242076,8.949088],[1.239299,8.949511],[1.236946,8.950714]]]}},{"type":"Feature","properties":{"civic_code":"305-08-003","name":"Esso - Vallai","settlement_type":"village","canton_official_code":"C05076236","review_status":"proposed","geometry_role":"non_authoritative_settlement_reference_extent","source":"paired-settlement-reference-extents/settlement-aware-reference-extents.geojson","commune_official_code":"C05076","official_code":"C05076"},"geometry":{"type":"Polygon","coordinates":[[[1.332278,8.991168],[1.331725,8.993293],[1.332278,8.995418],[1.33385,8.99722],[1.336204,8.998424],[1.33898,8.998847],[1.341757,8.998424],[1.34411,8.99722],[1.345683,8.995418],[1.346235,8.993293],[1.345683,8.991168],[1.34411,8.989366],[1.341757,8.988162],[1.33898,8.98774],[1.336204,8.988162],[1.33385,8.989366],[1.332278,8.991168]]]}},{"type":"Feature","properties":{"civic_code":"305-08-004","name":"Koloware","settlement_type":"village","canton_official_code":"C05076236","review_status":"proposed","geometry_role":"non_authoritative_settlement_reference_extent","source":"paired-settlement-reference-extents/settlement-aware-reference-extents.geojson","commune_official_code":"C05076","official_code":"C05076"},"geometry":{"type":"Polygon","coordinates":[[[1.278993,8.956817],[1.279545,8.958942],[1.281118,8.960743],[1.283472,8.961947],[1.286248,8.96237],[1.289024,8.961947],[1.291378,8.960743],[1.292951,8.958942],[1.293503,8.956817],[1.292951,8.954692],[1.291378,8.95289],[1.289024,8.951686],[1.286248,8.951264],[1.283472,8.951686],[1.281118,8.95289],[1.279545,8.954692],[1.278993,8.956817]]]}},{"type":"Feature","properties":{"civic_code":"305-08-005","name":"Kparatao","settlement_type":"village","canton_official_code":"C05076236","review_status":"proposed","geometry_role":"non_authoritative_settlement_reference_extent","source":"paired-settlement-reference-extents/settlement-aware-reference-extents.geojson","commune_official_code":"C05076","official_code":"C05076"},"geometry":{"type":"Polygon","coordinates":[[[1.191919,8.951753],[1.191413,8.953029],[1.191922,8.954989],[1.193495,8.95679],[1.195848,8.957994],[1.198625,8.958416],[1.201401,8.957994],[1.203755,8.95679],[1.205327,8.954989],[1.20588,8.952863],[1.205327,8.950738],[1.203755,8.948937],[1.201401,8.947733],[1.198625,8.947311],[1.195848,8.947733],[1.193495,8.948937],[1.191922,8.950738],[1.191783,8.951272],[1.191919,8.951753]]]}},{"type":"Feature","properties":{"civic_code":"305-08-006","name":"Nigbaoude 1","settlement_type":"village","canton_official_code":"C05076236","review_status":"proposed","geometry_role":"non_authoritative_settlement_reference_extent","source":"paired-settlement-reference-extents/settlement-aware-reference-extents.geojson","commune_official_code":"C05076","official_code":"C05076"},"geometry":{"type":"Polygon","coordinates":[[[1.324806,8.988424],[1.327159,8.989628],[1.329936,8.990051],[1.332712,8.989628],[1.335066,8.988424],[1.336638,8.986623],[1.337191,8.984498],[1.336638,8.982372],[1.335066,8.980571],[1.332712,8.979367],[1.329936,8.978944],[1.327159,8.979367],[1.324806,8.980571],[1.323233,8.982372],[1.322681,8.984498],[1.323233,8.986623],[1.324806,8.988424]]]}},{"type":"Feature","properties":{"civic_code":"305-08-007","name":"Ningbaoude 2","settlement_type":"village","canton_official_code":"C05076236","review_status":"proposed","geometry_role":"non_authoritative_settlement_reference_extent","source":"paired-settlement-reference-extents/settlement-aware-reference-extents.geojson","commune_official_code":"C05076","official_code":"C05076"},"geometry":{"type":"Polygon","coordinates":[[[1.263766,8.965501],[1.266543,8.965924],[1.269319,8.965501],[1.271673,8.964297],[1.273245,8.962496],[1.273798,8.960371],[1.273245,8.958246],[1.271673,8.956444],[1.269319,8.95524],[1.266543,8.954818],[1.263766,8.95524],[1.261413,8.956444],[1.25984,8.958246],[1.259288,8.960371],[1.25984,8.962496],[1.261413,8.964297],[1.263766,8.965501]]]}},{"type":"Feature","properties":{"civic_code":"305-08-008","name":"Sabaringade","settlement_type":"village","canton_official_code":"C05076236","review_status":"proposed","geometry_role":"non_authoritative_settlement_reference_extent","source":"paired-settlement-reference-extents/settlement-aware-reference-extents.geojson","commune_official_code":"C05076","official_code":"C05076"},"geometry":{"type":"Polygon","coordinates":[[[1.322681,8.984498],[1.323233,8.982372],[1.324806,8.980571],[1.327159,8.979367],[1.329936,8.978944],[1.332712,8.979367],[1.332975,8.979502],[1.33254,8.977826],[1.330967,8.976025],[1.328614,8.974821],[1.325837,8.974398],[1.323061,8.974821],[1.320707,8.976025],[1.319135,8.977826],[1.318582,8.979951],[1.319135,8.982077],[1.320707,8.983878],[1.322798,8.984947],[1.322681,8.984498]]]}},{"type":"Feature","properties":{"civic_code":"305-08-009","name":"Yélivo","settlement_type":"village","canton_official_code":"C05076236","review_status":"proposed","geometry_role":"non_authoritative_settlement_reference_extent","source":"paired-settlement-reference-extents/settlement-aware-reference-extents.geojson","commune_official_code":"C05076","official_code":"C05076"},"geometry":{"type":"Polygon","coordinates":[[[1.215975,8.957334],[1.218329,8.95613],[1.219902,8.954329],[1.220454,8.952204],[1.219902,8.950079],[1.218329,8.948277],[1.215975,8.947074],[1.213199,8.946651],[1.210423,8.947074],[1.208069,8.948277],[1.206496,8.950079],[1.205944,8.952204],[1.206496,8.954329],[1.208069,8.95613],[1.210423,8.957334],[1.213199,8.957757],[1.215975,8.957334]]]}},{"type":"Feature","properties":{"civic_code":"305-11-004","name":"Tchavadé","settlement_type":"village","canton_official_code":"C05076237","review_status":"proposed","geometry_role":"non_authoritative_settlement_reference_extent","source":"paired-settlement-reference-extents/settlement-aware-reference-extents.geojson","commune_official_code":"C05076","official_code":"C05076"},"geometry":{"type":"Polygon","coordinates":[[[1.189875,9.020778],[1.195524,9.019815],[1.196662,9.018511],[1.197214,9.016386],[1.196662,9.014261],[1.195089,9.012459],[1.192736,9.011255],[1.189959,9.010832],[1.187183,9.011255],[1.184829,9.012459],[1.183257,9.014261],[1.182704,9.016386],[1.183257,9.018511],[1.184644,9.020101],[1.185078,9.02044],[1.187183,9.021517],[1.188088,9.021655],[1.189875,9.020778]]]}},{"type":"Feature","properties":{"civic_code":"305-12-001","name":"Grand Tchalo","settlement_type":"village","canton_official_code":"C05076234","review_status":"proposed","geometry_role":"non_authoritative_settlement_reference_extent","source":"paired-settlement-reference-extents/settlement-aware-reference-extents.geojson","commune_official_code":"C05076","official_code":"C05076"},"geometry":{"type":"Polygon","coordinates":[[[1.119892,8.931964],[1.120444,8.929839],[1.119892,8.927714],[1.118319,8.925913],[1.115965,8.924709],[1.113189,8.924287],[1.110413,8.924709],[1.108059,8.925913],[1.106486,8.927714],[1.105934,8.929839],[1.106486,8.931964],[1.108059,8.933765],[1.110413,8.934969],[1.113189,8.935392],[1.115965,8.934969],[1.118319,8.933765],[1.119892,8.931964]]]}},{"type":"Feature","properties":{"civic_code":"305-12-002","name":"TCHALO","settlement_type":"village","canton_official_code":"C05076234","review_status":"proposed","geometry_role":"non_authoritative_settlement_reference_extent","source":"paired-settlement-reference-extents/settlement-aware-reference-extents.geojson","commune_official_code":"C05076","official_code":"C05076"},"geometry":{"type":"Polygon","coordinates":[[[1.131978,8.942321],[1.127615,8.941657],[1.123252,8.942321],[1.119553,8.944212],[1.117082,8.947043],[1.116214,8.950382],[1.117082,8.953722],[1.119553,8.956553],[1.123351,8.958459],[1.138904,8.949954],[1.138148,8.947043],[1.135676,8.944212],[1.131978,8.942321]]]}},{"type":"Feature","properties":{"civic_code":"305-11-003","name":"Sokodé","settlement_type":"city","canton_official_code":"C05076237","review_status":"proposed","geometry_role":"non_authoritative_settlement_reference_extent","source":"paired-settlement-reference-extents/settlement-aware-reference-extents.geojson","commune_official_code":"C05076","official_code":"C05076"},"geometry":{"type":"Polygon","coordinates":[[[1.145447,8.992723],[1.147113,8.988945],[1.153506,8.986726],[1.167471,8.99314],[1.16826,9],[1.168223,9.000231],[1.174405,8.993149],[1.17693,8.983433],[1.174405,8.973718],[1.167216,8.965483],[1.159135,8.961349],[1.157861,8.962547],[1.153235,8.959489],[1.151235,8.959185],[1.145457,8.961116],[1.112404,8.976487],[1.110599,8.983433],[1.113124,8.993149],[1.120313,9.001385],[1.127782,9.005205],[1.12871,9.005122],[1.132946,9.002074],[1.135953,8.997689],[1.1408,8.995769],[1.145447,8.992723]]]}},{"type":"Feature","properties":{"civic_code":"305-10-001","name":"Aou-Losso","settlement_type":"village","canton_official_code":"C05077239","review_status":"proposed","geometry_role":"non_authoritative_settlement_reference_extent","source":"paired-settlement-reference-extents/settlement-aware-reference-extents.geojson","commune_official_code":"C05077","official_code":"C05077"},"geometry":{"type":"Polygon","coordinates":[[[1.066229,8.772168],[1.063453,8.771745],[1.060677,8.772168],[1.058323,8.773371],[1.05675,8.775171],[1.056198,8.777295],[1.05675,8.779419],[1.058323,8.78122],[1.060677,8.782423],[1.063453,8.782846],[1.066229,8.782423],[1.068583,8.78122],[1.070156,8.779419],[1.070708,8.777295],[1.070156,8.775171],[1.068583,8.773371],[1.066229,8.772168]]]}},{"type":"Feature","properties":{"civic_code":"305-10-002","name":"Babade","settlement_type":"village","canton_official_code":"C05077239","review_status":"proposed","geometry_role":"non_authoritative_settlement_reference_extent","source":"paired-settlement-reference-extents/settlement-aware-reference-extents.geojson","commune_official_code":"C05077","official_code":"C05077"},"geometry":{"type":"Polygon","coordinates":[[[1.095822,8.902521],[1.093045,8.902944],[1.090692,8.904147],[1.089119,8.905948],[1.088567,8.908073],[1.089119,8.910198],[1.090692,8.911999],[1.093045,8.913203],[1.095822,8.913625],[1.098598,8.913203],[1.099234,8.912878],[1.10151,8.911359],[1.102524,8.910198],[1.103077,8.908073],[1.102524,8.905948],[1.100952,8.904147],[1.098598,8.902944],[1.095822,8.902521]]]}},{"type":"Feature","properties":{"civic_code":"305-10-003","name":"Kassena","settlement_type":"village","canton_official_code":"C05077239","review_status":"proposed","geometry_role":"non_authoritative_settlement_reference_extent","source":"paired-settlement-reference-extents/settlement-aware-reference-extents.geojson","commune_official_code":"C05077","official_code":"C05077"},"geometry":{"type":"Polygon","coordinates":[[[1.082474,8.881296],[1.080121,8.8825],[1.078548,8.884301],[1.077996,8.886425],[1.078548,8.88855],[1.080121,8.890351],[1.082474,8.891555],[1.085251,8.891977],[1.088027,8.891555],[1.090381,8.890351],[1.091953,8.88855],[1.092506,8.886425],[1.091953,8.884301],[1.090381,8.8825],[1.088027,8.881296],[1.085251,8.880873],[1.082474,8.881296]]]}},{"type":"Feature","properties":{"civic_code":"305-10-004","name":"Lama Téssi","settlement_type":"village","canton_official_code":"C05077239","review_status":"proposed","geometry_role":"non_authoritative_settlement_reference_extent","source":"paired-settlement-reference-extents/settlement-aware-reference-extents.geojson","commune_official_code":"C05077","official_code":"C05077"},"geometry":{"type":"Polygon","coordinates":[[[1.070585,8.828462],[1.068114,8.831292],[1.067246,8.83463],[1.068114,8.837968],[1.070585,8.840798],[1.074284,8.842689],[1.078647,8.843353],[1.08301,8.842689],[1.086708,8.840798],[1.08918,8.837968],[1.090047,8.83463],[1.08918,8.831292],[1.086708,8.828462],[1.08301,8.826571],[1.078647,8.825907],[1.074284,8.826571],[1.070585,8.828462]]]}},{"type":"Feature","properties":{"civic_code":"305-10-005","name":"Lama-Tessi","settlement_type":"village","canton_official_code":"C05077239","review_status":"proposed","geometry_role":"non_authoritative_settlement_reference_extent","source":"paired-settlement-reference-extents/settlement-aware-reference-extents.geojson","commune_official_code":"C05077","official_code":"C05077"},"geometry":{"type":"Polygon","coordinates":[[[1.060374,8.844843],[1.059506,8.848181],[1.060374,8.85152],[1.062845,8.85435],[1.066544,8.856241],[1.070907,8.856905],[1.07527,8.856241],[1.078968,8.85435],[1.08144,8.85152],[1.082307,8.848181],[1.08144,8.844843],[1.079964,8.843153],[1.078647,8.843353],[1.074284,8.842689],[1.070585,8.840798],[1.06959,8.839658],[1.066544,8.840122],[1.062845,8.842013],[1.060374,8.844843]]]}},{"type":"Feature","properties":{"civic_code":"305-10-006","name":"Yao-Cope","settlement_type":"village","canton_official_code":"C05077239","review_status":"proposed","geometry_role":"non_authoritative_settlement_reference_extent","source":"paired-settlement-reference-extents/settlement-aware-reference-extents.geojson","commune_official_code":"C05077","official_code":"C05077"},"geometry":{"type":"Polygon","coordinates":[[[1.069791,8.867645],[1.070344,8.869769],[1.071916,8.87157],[1.07427,8.872774],[1.077046,8.873196],[1.079823,8.872774],[1.082176,8.87157],[1.083749,8.869769],[1.084301,8.867645],[1.083749,8.86552],[1.082176,8.863719],[1.079823,8.862516],[1.077046,8.862093],[1.07427,8.862516],[1.071916,8.863719],[1.070344,8.86552],[1.069791,8.867645]]]}},{"type":"Feature","properties":{"civic_code":"305-10-007","name":"Yara-Kabiye","settlement_type":"village","canton_official_code":"C05077239","review_status":"proposed","geometry_role":"non_authoritative_settlement_reference_extent","source":"paired-settlement-reference-extents/settlement-aware-reference-extents.geojson","commune_official_code":"C05077","official_code":"C05077"},"geometry":{"type":"Polygon","coordinates":[[[1.065215,8.80334],[1.066788,8.80514],[1.069142,8.806344],[1.071918,8.806766],[1.074694,8.806344],[1.077048,8.80514],[1.078621,8.80334],[1.079173,8.801215],[1.078621,8.799091],[1.077048,8.79729],[1.074694,8.796087],[1.071918,8.795665],[1.069142,8.796087],[1.066788,8.79729],[1.065215,8.799091],[1.064663,8.801215],[1.065215,8.80334]]]}},{"type":"Feature","properties":{"civic_code":"305-02-001","name":"Aléhéridé","settlement_type":"village","canton_official_code":"C05078241","review_status":"proposed","geometry_role":"non_authoritative_settlement_reference_extent","source":"paired-settlement-reference-extents/settlement-aware-reference-extents.geojson","commune_official_code":"C05078","official_code":"C05078"},"geometry":{"type":"Polygon","coordinates":[[[1.205895,9.196918],[1.201532,9.196253],[1.197169,9.196918],[1.193471,9.19881],[1.190999,9.201643],[1.190131,9.204985],[1.190999,9.208326],[1.193471,9.211159],[1.197169,9.213052],[1.198024,9.213182],[1.198326,9.21232],[1.200866,9.213616],[1.201532,9.213717],[1.205895,9.213052],[1.209593,9.211159],[1.212065,9.208326],[1.212933,9.204985],[1.212065,9.201643],[1.209593,9.19881],[1.205895,9.196918]]]}},{"type":"Feature","properties":{"civic_code":"305-02-002","name":"Amaïdè","settlement_type":"village","canton_official_code":null,"review_status":"proposed","geometry_role":"non_authoritative_settlement_reference_extent","source":"paired-settlement-reference-extents/settlement-aware-reference-extents.geojson","commune_official_code":"C05078","official_code":"C05078"},"geometry":{"type":"Polygon","coordinates":[[[1.193472,9.175569],[1.190696,9.175146],[1.18792,9.175569],[1.185566,9.176773],[1.183993,9.178576],[1.183441,9.180702],[1.183993,9.182829],[1.185566,9.184631],[1.18792,9.185836],[1.190696,9.186259],[1.193472,9.185836],[1.195826,9.184631],[1.197399,9.182829],[1.197951,9.180702],[1.197399,9.178576],[1.195826,9.176773],[1.193472,9.175569]]]}},{"type":"Feature","properties":{"civic_code":"305-02-003","name":"Amaoude","settlement_type":"village","canton_official_code":null,"review_status":"proposed","geometry_role":"non_authoritative_settlement_reference_extent","source":"paired-settlement-reference-extents/settlement-aware-reference-extents.geojson","commune_official_code":"C05078","official_code":"C05078"},"geometry":{"type":"Polygon","coordinates":[[[1.152753,9.131895],[1.149977,9.132318],[1.147623,9.133522],[1.14605,9.135325],[1.145498,9.137451],[1.14605,9.139577],[1.147623,9.141379],[1.149977,9.142584],[1.152753,9.143007],[1.155529,9.142584],[1.157883,9.141379],[1.159456,9.139577],[1.160008,9.137451],[1.159456,9.135325],[1.157883,9.133522],[1.155529,9.132318],[1.152753,9.131895]]]}},{"type":"Feature","properties":{"civic_code":"305-05-001","name":"Kémini","settlement_type":"village","canton_official_code":"C05078240","review_status":"proposed","geometry_role":"non_authoritative_settlement_reference_extent","source":"paired-settlement-reference-extents/settlement-aware-reference-extents.geojson","commune_official_code":"C05078","official_code":"C05078"},"geometry":{"type":"Polygon","coordinates":[[[1.242777,9.231763],[1.241204,9.233566],[1.240652,9.235693],[1.241204,9.23782],[1.242637,9.239462],[1.245521,9.240887],[1.247907,9.24125],[1.250683,9.240827],[1.253037,9.239623],[1.254609,9.23782],[1.255162,9.235693],[1.254609,9.233566],[1.253037,9.231763],[1.250683,9.230559],[1.247907,9.230136],[1.24513,9.230559],[1.242777,9.231763]]]}},{"type":"Feature","properties":{"civic_code":"305-05-002","name":"Village DOSSIDE","settlement_type":"village","canton_official_code":null,"review_status":"proposed","geometry_role":"non_authoritative_settlement_reference_extent","source":"paired-settlement-reference-extents/settlement-aware-reference-extents.geojson","commune_official_code":"C05078","official_code":"C05078"},"geometry":{"type":"Polygon","coordinates":[[[1.215141,9.182594],[1.213568,9.184397],[1.213016,9.186523],[1.213568,9.18865],[1.215141,9.190452],[1.217494,9.191657],[1.220271,9.19208],[1.223047,9.191657],[1.225401,9.190452],[1.226973,9.18865],[1.227526,9.186523],[1.226973,9.184397],[1.225401,9.182594],[1.223047,9.18139],[1.220271,9.180967],[1.217494,9.18139],[1.215141,9.182594]]]}},{"type":"Feature","properties":{"civic_code":"305-06-001","name":"Kolina Bas","settlement_type":"village","canton_official_code":"C05078242","review_status":"proposed","geometry_role":"non_authoritative_settlement_reference_extent","source":"paired-settlement-reference-extents/settlement-aware-reference-extents.geojson","commune_official_code":"C05078","official_code":"C05078"},"geometry":{"type":"Polygon","coordinates":[[[1.132632,9.098877],[1.133184,9.101003],[1.134757,9.102805],[1.137111,9.104009],[1.139887,9.104432],[1.142663,9.104009],[1.145017,9.102805],[1.14659,9.101003],[1.147142,9.098877],[1.14659,9.096751],[1.145017,9.094949],[1.142663,9.093745],[1.139887,9.093322],[1.137111,9.093745],[1.134757,9.094949],[1.133184,9.096751],[1.132632,9.098877]]]}},{"type":"Feature","properties":{"civic_code":"305-06-002","name":"Kolina Haute","settlement_type":"village","canton_official_code":"C05078242","review_status":"proposed","geometry_role":"non_authoritative_settlement_reference_extent","source":"paired-settlement-reference-extents/settlement-aware-reference-extents.geojson","commune_official_code":"C05078","official_code":"C05078"},"geometry":{"type":"Polygon","coordinates":[[[1.138227,9.113056],[1.1398,9.114858],[1.142154,9.116063],[1.14493,9.116485],[1.147706,9.116063],[1.15006,9.114858],[1.151633,9.113056],[1.152185,9.11093],[1.151633,9.108804],[1.15006,9.107002],[1.147706,9.105798],[1.14493,9.105375],[1.142154,9.105798],[1.1398,9.107002],[1.138227,9.108804],[1.137675,9.11093],[1.138227,9.113056]]]}},{"type":"Feature","properties":{"civic_code":"305-06-003","name":"Koumoniade","settlement_type":"village","canton_official_code":"C05078242","review_status":"proposed","geometry_role":"non_authoritative_settlement_reference_extent","source":"paired-settlement-reference-extents/settlement-aware-reference-extents.geojson","commune_official_code":"C05078","official_code":"C05078"},"geometry":{"type":"Polygon","coordinates":[[[1.130089,9.072899],[1.132443,9.074103],[1.135219,9.074526],[1.137995,9.074103],[1.140349,9.072899],[1.141922,9.071097],[1.142474,9.068971],[1.141922,9.066845],[1.140349,9.065043],[1.137995,9.063839],[1.135219,9.063416],[1.132443,9.063839],[1.130089,9.065043],[1.128516,9.066845],[1.127964,9.068971],[1.128516,9.071097],[1.130089,9.072899]]]}},{"type":"Feature","properties":{"civic_code":"305-01-002","name":"Agoulou","settlement_type":"village","canton_official_code":"C05079246","review_status":"proposed","geometry_role":"non_authoritative_settlement_reference_extent","source":"paired-settlement-reference-extents/settlement-aware-reference-extents.geojson","commune_official_code":"C05079","official_code":"C05079"},"geometry":{"type":"Polygon","coordinates":[[[1.327053,9.115693],[1.324277,9.11527],[1.3215,9.115693],[1.319146,9.116897],[1.317574,9.118699],[1.317022,9.120825],[1.317574,9.122951],[1.319146,9.124754],[1.3215,9.125958],[1.324277,9.126381],[1.327053,9.125958],[1.329407,9.124754],[1.330979,9.122951],[1.331531,9.120825],[1.330979,9.118699],[1.329407,9.116897],[1.327053,9.115693]]]}},{"type":"Feature","properties":{"civic_code":"305-01-014","name":"Pasa","settlement_type":"village","canton_official_code":"C05079246","review_status":"proposed","geometry_role":"non_authoritative_settlement_reference_extent","source":"paired-settlement-reference-extents/settlement-aware-reference-extents.geojson","commune_official_code":"C05079","official_code":"C05079"},"geometry":{"type":"Polygon","coordinates":[[[1.344982,9.217912],[1.342206,9.218335],[1.339852,9.21954],[1.33828,9.221343],[1.337728,9.223469],[1.33828,9.225596],[1.339852,9.227399],[1.342206,9.228603],[1.344982,9.229026],[1.347759,9.228603],[1.350113,9.227399],[1.351685,9.225596],[1.352237,9.223469],[1.351685,9.221343],[1.350113,9.21954],[1.347759,9.218335],[1.344982,9.217912]]]}},{"type":"Feature","properties":{"civic_code":"305-09-001","name":"Doubouranda","settlement_type":"village","canton_official_code":"C05079245","review_status":"proposed","geometry_role":"non_authoritative_settlement_reference_extent","source":"paired-settlement-reference-extents/settlement-aware-reference-extents.geojson","commune_official_code":"C05079","official_code":"C05079"},"geometry":{"type":"Polygon","coordinates":[[[1.285671,9.023977],[1.281994,9.025382],[1.280421,9.027184],[1.279869,9.02931],[1.280421,9.031435],[1.281994,9.033237],[1.284348,9.034441],[1.287124,9.034864],[1.2899,9.034441],[1.292254,9.033237],[1.293827,9.031435],[1.294379,9.02931],[1.293827,9.027184],[1.292254,9.025382],[1.2899,9.024178],[1.287124,9.023756],[1.285671,9.023977]]]}},{"type":"Feature","properties":{"civic_code":"305-09-002","name":"Passoua","settlement_type":"village","canton_official_code":"C05079245","review_status":"proposed","geometry_role":"non_authoritative_settlement_reference_extent","source":"paired-settlement-reference-extents/settlement-aware-reference-extents.geojson","commune_official_code":"C05079","official_code":"C05079"},"geometry":{"type":"Polygon","coordinates":[[[1.289761,9.054631],[1.288189,9.056433],[1.287636,9.058559],[1.288189,9.060685],[1.289761,9.062487],[1.292115,9.063691],[1.294891,9.064114],[1.297668,9.063691],[1.300021,9.062487],[1.301594,9.060685],[1.302146,9.058559],[1.301594,9.056433],[1.300021,9.054631],[1.297668,9.053427],[1.294891,9.053005],[1.292115,9.053427],[1.289761,9.054631]]]}},{"type":"Feature","properties":{"civic_code":"305-11-001","name":"Bowounda","settlement_type":"village","canton_official_code":null,"review_status":"proposed","geometry_role":"non_authoritative_settlement_reference_extent","source":"paired-settlement-reference-extents/settlement-aware-reference-extents.geojson","commune_official_code":"C05079","official_code":"C05079"},"geometry":{"type":"Polygon","coordinates":[[[1.249595,9.033692],[1.248022,9.035494],[1.24747,9.037619],[1.248022,9.039744],[1.249595,9.041546],[1.251949,9.04275],[1.254725,9.043173],[1.257501,9.04275],[1.259855,9.041546],[1.261428,9.039744],[1.26198,9.037619],[1.261428,9.035494],[1.259855,9.033692],[1.257501,9.032488],[1.254725,9.032065],[1.251949,9.032488],[1.249595,9.033692]]]}},{"type":"Feature","properties":{"civic_code":"305-11-002","name":"Kédji Kandjo","settlement_type":"village","canton_official_code":null,"review_status":"proposed","geometry_role":"non_authoritative_settlement_reference_extent","source":"paired-settlement-reference-extents/settlement-aware-reference-extents.geojson","commune_official_code":"C05079","official_code":"C05079"},"geometry":{"type":"Polygon","coordinates":[[[1.21036,9.031917],[1.210139,9.03277],[1.218981,9.036397],[1.219033,9.039296],[1.219839,9.039174],[1.222193,9.03797],[1.223766,9.036168],[1.224318,9.034042],[1.223766,9.031917],[1.222193,9.030115],[1.219839,9.028911],[1.217063,9.028488],[1.214287,9.028911],[1.211933,9.030115],[1.21036,9.031917]]]}},{"type":"Feature","properties":{"civic_code":"305-13-001","name":"Aguidagbadé","settlement_type":"village","canton_official_code":"C05079244","review_status":"proposed","geometry_role":"non_authoritative_settlement_reference_extent","source":"paired-settlement-reference-extents/settlement-aware-reference-extents.geojson","commune_official_code":"C05079","official_code":"C05079"},"geometry":{"type":"Polygon","coordinates":[[[1.273263,9.020317],[1.274836,9.022119],[1.27719,9.023323],[1.279966,9.023746],[1.282742,9.023323],[1.285096,9.022119],[1.286669,9.020317],[1.287221,9.018192],[1.286669,9.016067],[1.285096,9.014265],[1.282742,9.013061],[1.279966,9.012638],[1.27719,9.013061],[1.274836,9.014265],[1.273263,9.016067],[1.272711,9.018192],[1.273263,9.020317]]]}},{"type":"Feature","properties":{"civic_code":"401-02-001","name":"Bafilo","settlement_type":"village","canton_official_code":"D01080249","review_status":"proposed","geometry_role":"non_authoritative_settlement_reference_extent","source":"paired-settlement-reference-extents/settlement-aware-reference-extents.geojson","commune_official_code":"D01080","official_code":"D01080"},"geometry":{"type":"Polygon","coordinates":[[[1.249101,9.342979],[1.244738,9.342314],[1.240375,9.342979],[1.236677,9.344872],[1.234205,9.347706],[1.233337,9.351049],[1.234205,9.354392],[1.236677,9.357226],[1.240375,9.35912],[1.244738,9.359785],[1.249101,9.35912],[1.252799,9.357226],[1.255271,9.354392],[1.256139,9.351049],[1.255271,9.347706],[1.252799,9.344872],[1.249101,9.342979]]]}},{"type":"Feature","properties":{"civic_code":"401-03-001","name":"Bouladè","settlement_type":"village","canton_official_code":"D01080248","review_status":"proposed","geometry_role":"non_authoritative_settlement_reference_extent","source":"paired-settlement-reference-extents/settlement-aware-reference-extents.geojson","commune_official_code":"D01080","official_code":"D01080"},"geometry":{"type":"Polygon","coordinates":[[[1.222114,9.413797],[1.217751,9.414462],[1.214053,9.416356],[1.211582,9.41919],[1.210714,9.422534],[1.211582,9.425877],[1.214053,9.428712],[1.217751,9.430606],[1.222114,9.431271],[1.226477,9.430606],[1.230176,9.428712],[1.232647,9.425877],[1.233515,9.422534],[1.232647,9.41919],[1.230176,9.416356],[1.226477,9.414462],[1.222114,9.413797]]]}},{"type":"Feature","properties":{"civic_code":"401-04-001","name":"Dako","settlement_type":"village","canton_official_code":"D01080247","review_status":"proposed","geometry_role":"non_authoritative_settlement_reference_extent","source":"paired-settlement-reference-extents/settlement-aware-reference-extents.geojson","commune_official_code":"D01080","official_code":"D01080"},"geometry":{"type":"Polygon","coordinates":[[[1.073516,9.315064],[1.071163,9.316269],[1.06959,9.318072],[1.069038,9.320199],[1.06959,9.322327],[1.071163,9.32413],[1.073516,9.325335],[1.076293,9.325758],[1.079069,9.325335],[1.081423,9.32413],[1.082995,9.322327],[1.083548,9.320199],[1.082995,9.318072],[1.081423,9.316269],[1.079069,9.315064],[1.076293,9.314641],[1.073516,9.315064]]]}},{"type":"Feature","properties":{"civic_code":"401-04-002","name":"Daoudè","settlement_type":"village","canton_official_code":"D01080247","review_status":"proposed","geometry_role":"non_authoritative_settlement_reference_extent","source":"paired-settlement-reference-extents/settlement-aware-reference-extents.geojson","commune_official_code":"D01080","official_code":"D01080"},"geometry":{"type":"Polygon","coordinates":[[[1.054181,9.320027],[1.052608,9.32183],[1.052056,9.323958],[1.052608,9.326085],[1.054181,9.327888],[1.056535,9.329093],[1.059311,9.329516],[1.062087,9.329093],[1.064441,9.327888],[1.066014,9.326085],[1.066566,9.323958],[1.066014,9.32183],[1.064441,9.320027],[1.062087,9.318822],[1.059311,9.318399],[1.056535,9.318822],[1.054181,9.320027]]]}},{"type":"Feature","properties":{"civic_code":"402-03-011","name":"Kawa","settlement_type":"village","canton_official_code":null,"review_status":"proposed","geometry_role":"non_authoritative_settlement_reference_extent","source":"paired-settlement-reference-extents/settlement-aware-reference-extents.geojson","commune_official_code":"D01080","official_code":"D01080"},"geometry":{"type":"Polygon","coordinates":[[[0.990523,9.307822],[0.988621,9.311467],[0.988016,9.313998],[0.988974,9.313867],[0.990027,9.31226],[0.990394,9.309035],[0.991808,9.308255],[0.991147,9.307917],[0.990523,9.307822]]]}},{"type":"Feature","properties":{"civic_code":"305-02-004","name":"Essowazinam","settlement_type":"village","canton_official_code":null,"review_status":"proposed","geometry_role":"non_authoritative_settlement_reference_extent","source":"paired-settlement-reference-extents/settlement-aware-reference-extents.geojson","commune_official_code":"D01081","official_code":"D01081"},"geometry":{"type":"Polygon","coordinates":[[[1.194443,9.229993],[1.192089,9.228788],[1.189834,9.228444],[1.188604,9.230023],[1.187895,9.235325],[1.189133,9.235237],[1.190506,9.235407],[1.196138,9.235575],[1.196568,9.233922],[1.196016,9.231795],[1.194443,9.229993]]]}},{"type":"Feature","properties":{"civic_code":"401-01-001","name":"Agarade","settlement_type":"village","canton_official_code":"D01081250","review_status":"proposed","geometry_role":"non_authoritative_settlement_reference_extent","source":"paired-settlement-reference-extents/settlement-aware-reference-extents.geojson","commune_official_code":"D01081","official_code":"D01081"},"geometry":{"type":"Polygon","coordinates":[[[1.227845,9.275391],[1.225068,9.274968],[1.222292,9.275391],[1.219938,9.276596],[1.218366,9.278399],[1.217813,9.280526],[1.218366,9.282653],[1.219938,9.284456],[1.222292,9.285661],[1.225068,9.286084],[1.227845,9.285661],[1.230198,9.284456],[1.231771,9.282653],[1.232323,9.280526],[1.231771,9.278399],[1.230198,9.276596],[1.227845,9.275391]]]}},{"type":"Feature","properties":{"civic_code":"401-01-002","name":"Alédjo Kadara","settlement_type":"village","canton_official_code":"D01081250","review_status":"proposed","geometry_role":"non_authoritative_settlement_reference_extent","source":"paired-settlement-reference-extents/settlement-aware-reference-extents.geojson","commune_official_code":"D01081","official_code":"D01081"},"geometry":{"type":"Polygon","coordinates":[[[1.206745,9.246804],[1.203968,9.247227],[1.201615,9.248432],[1.200042,9.250235],[1.19949,9.252362],[1.200042,9.254489],[1.201615,9.256292],[1.203968,9.257496],[1.206745,9.257919],[1.209521,9.257496],[1.211875,9.256292],[1.213447,9.254489],[1.214,9.252362],[1.213447,9.250235],[1.211875,9.248432],[1.209521,9.247227],[1.206745,9.246804]]]}},{"type":"Feature","properties":{"civic_code":"401-01-003","name":"Bola","settlement_type":"village","canton_official_code":null,"review_status":"proposed","geometry_role":"non_authoritative_settlement_reference_extent","source":"paired-settlement-reference-extents/settlement-aware-reference-extents.geojson","commune_official_code":"D01081","official_code":"D01081"},"geometry":{"type":"Polygon","coordinates":[[[1.236426,9.307106],[1.233649,9.307529],[1.231296,9.308734],[1.229723,9.310537],[1.229171,9.312664],[1.229723,9.314792],[1.231296,9.316595],[1.233649,9.3178],[1.236426,9.318223],[1.239202,9.3178],[1.241556,9.316595],[1.243128,9.314792],[1.243681,9.312664],[1.243128,9.310537],[1.241556,9.308734],[1.239202,9.307529],[1.236426,9.307106]]]}},{"type":"Feature","properties":{"civic_code":"401-01-004","name":"Koumondè","settlement_type":"village","canton_official_code":null,"review_status":"proposed","geometry_role":"non_authoritative_settlement_reference_extent","source":"paired-settlement-reference-extents/settlement-aware-reference-extents.geojson","commune_official_code":"D01081","official_code":"D01081"},"geometry":{"type":"Polygon","coordinates":[[[1.23436,9.295806],[1.232006,9.297011],[1.230433,9.298814],[1.229881,9.300941],[1.230433,9.303068],[1.232006,9.304871],[1.23436,9.306076],[1.237136,9.306499],[1.239912,9.306076],[1.242266,9.304871],[1.243839,9.303068],[1.244391,9.300941],[1.243839,9.298814],[1.242266,9.297011],[1.239912,9.295806],[1.237136,9.295383],[1.23436,9.295806]]]}},{"type":"Feature","properties":{"civic_code":"401-01-005","name":"Tagbade","settlement_type":"village","canton_official_code":"D01081250","review_status":"proposed","geometry_role":"non_authoritative_settlement_reference_extent","source":"paired-settlement-reference-extents/settlement-aware-reference-extents.geojson","commune_official_code":"D01081","official_code":"D01081"},"geometry":{"type":"Polygon","coordinates":[[[1.177108,9.287791],[1.176555,9.289918],[1.177108,9.292045],[1.17868,9.293848],[1.181034,9.295053],[1.18381,9.295476],[1.186587,9.295053],[1.18894,9.293848],[1.190513,9.292045],[1.191065,9.289918],[1.190513,9.287791],[1.18894,9.285988],[1.186587,9.284783],[1.18381,9.28436],[1.181034,9.284783],[1.17868,9.285988],[1.177108,9.287791]]]}},{"type":"Feature","properties":{"civic_code":"401-01-006","name":"Tchonde","settlement_type":"village","canton_official_code":"D01081250","review_status":"proposed","geometry_role":"non_authoritative_settlement_reference_extent","source":"paired-settlement-reference-extents/settlement-aware-reference-extents.geojson","commune_official_code":"D01081","official_code":"D01081"},"geometry":{"type":"Polygon","coordinates":[[[1.219319,9.268962],[1.219872,9.271089],[1.221444,9.272892],[1.223798,9.274097],[1.226574,9.27452],[1.229351,9.274097],[1.231704,9.272892],[1.233277,9.271089],[1.233829,9.268962],[1.233277,9.266835],[1.231704,9.265032],[1.229351,9.263827],[1.226574,9.263404],[1.223798,9.263827],[1.221444,9.265032],[1.219872,9.266835],[1.219319,9.268962]]]}},{"type":"Feature","properties":{"civic_code":"401-06-006","name":"Gande","settlement_type":"village","canton_official_code":"D01082252","review_status":"proposed","geometry_role":"non_authoritative_settlement_reference_extent","source":"paired-settlement-reference-extents/settlement-aware-reference-extents.geojson","commune_official_code":"D01082","official_code":"D01082"},"geometry":{"type":"Polygon","coordinates":[[[1.333205,9.353108],[1.330428,9.352685],[1.327652,9.353108],[1.325298,9.354313],[1.323726,9.356117],[1.323173,9.358244],[1.323726,9.360371],[1.325298,9.362175],[1.327652,9.36338],[1.330428,9.363803],[1.333205,9.36338],[1.335558,9.362175],[1.337131,9.360371],[1.337683,9.358244],[1.337131,9.356117],[1.335558,9.354313],[1.333205,9.353108]]]}},{"type":"Feature","properties":{"civic_code":"401-06-007","name":"Kolo","settlement_type":"village","canton_official_code":"D01082252","review_status":"proposed","geometry_role":"non_authoritative_settlement_reference_extent","source":"paired-settlement-reference-extents/settlement-aware-reference-extents.geojson","commune_official_code":"D01082","official_code":"D01082"},"geometry":{"type":"Polygon","coordinates":[[[1.297443,9.342519],[1.294666,9.342943],[1.293376,9.343603],[1.295688,9.34694],[1.290414,9.348951],[1.29074,9.350206],[1.292312,9.352009],[1.294666,9.353214],[1.297443,9.353637],[1.300219,9.353214],[1.302573,9.352009],[1.304145,9.350206],[1.304697,9.348078],[1.304145,9.345951],[1.302573,9.344148],[1.300219,9.342943],[1.297443,9.342519]]]}},{"type":"Feature","properties":{"civic_code":"401-06-019","name":"Soudou","settlement_type":"village","canton_official_code":"D01082252","review_status":"proposed","geometry_role":"non_authoritative_settlement_reference_extent","source":"paired-settlement-reference-extents/settlement-aware-reference-extents.geojson","commune_official_code":"D01082","official_code":"D01082"},"geometry":{"type":"Polygon","coordinates":[[[1.339681,9.349139],[1.335982,9.351033],[1.333874,9.353451],[1.335558,9.354313],[1.337131,9.356117],[1.337683,9.358244],[1.337131,9.360371],[1.335558,9.362175],[1.335121,9.362399],[1.335982,9.363387],[1.339681,9.36528],[1.344044,9.365945],[1.348407,9.36528],[1.352105,9.363387],[1.354577,9.360553],[1.355444,9.35721],[1.354577,9.353867],[1.352105,9.351033],[1.348407,9.349139],[1.344044,9.348474],[1.339681,9.349139]]]}},{"type":"Feature","properties":{"civic_code":"402-03-001","name":"Adani","settlement_type":"village","canton_official_code":"D02083254","review_status":"proposed","geometry_role":"non_authoritative_settlement_reference_extent","source":"paired-settlement-reference-extents/settlement-aware-reference-extents.geojson","commune_official_code":"D02083","official_code":"D02083"},"geometry":{"type":"Polygon","coordinates":[[[0.901326,9.339374],[0.89855,9.33895],[0.895773,9.339374],[0.89342,9.340579],[0.891847,9.342382],[0.891295,9.344509],[0.891847,9.346637],[0.89342,9.34844],[0.895773,9.349645],[0.89855,9.350068],[0.901326,9.349645],[0.90368,9.34844],[0.905252,9.346637],[0.905805,9.344509],[0.905252,9.342382],[0.90368,9.340579],[0.901326,9.339374]]]}},{"type":"Feature","properties":{"civic_code":"402-03-002","name":"Azagade","settlement_type":"village","canton_official_code":"D02083254","review_status":"proposed","geometry_role":"non_authoritative_settlement_reference_extent","source":"paired-settlement-reference-extents/settlement-aware-reference-extents.geojson","commune_official_code":"D02083","official_code":"D02083"},"geometry":{"type":"Polygon","coordinates":[[[0.842986,9.248951],[0.84021,9.249374],[0.837856,9.250578],[0.836283,9.252381],[0.835731,9.254508],[0.836283,9.256635],[0.837856,9.258438],[0.84021,9.259642],[0.842986,9.260066],[0.845762,9.259642],[0.848116,9.258438],[0.849689,9.256635],[0.850241,9.254508],[0.849689,9.252381],[0.848116,9.250578],[0.845762,9.249374],[0.842986,9.248951]]]}},{"type":"Feature","properties":{"civic_code":"402-03-003","name":"Baghan","settlement_type":"village","canton_official_code":"D02083253","review_status":"proposed","geometry_role":"non_authoritative_settlement_reference_extent","source":"paired-settlement-reference-extents/settlement-aware-reference-extents.geojson","commune_official_code":"D02083","official_code":"D02083"},"geometry":{"type":"Polygon","coordinates":[[[0.691325,9.069149],[0.688971,9.070354],[0.687399,9.072156],[0.686846,9.074281],[0.687399,9.076407],[0.688971,9.078209],[0.691325,9.079413],[0.694101,9.079836],[0.696878,9.079413],[0.699231,9.078209],[0.700804,9.076407],[0.701356,9.074281],[0.700804,9.072156],[0.699231,9.070354],[0.696878,9.069149],[0.694101,9.068727],[0.691325,9.069149]]]}},{"type":"Feature","properties":{"civic_code":"402-03-005","name":"Bikotiba","settlement_type":"village","canton_official_code":"D02083254","review_status":"proposed","geometry_role":"non_authoritative_settlement_reference_extent","source":"paired-settlement-reference-extents/settlement-aware-reference-extents.geojson","commune_official_code":"D02083","official_code":"D02083"},"geometry":{"type":"Polygon","coordinates":[[[0.749042,9.242039],[0.747469,9.243841],[0.746917,9.245968],[0.747469,9.248095],[0.749042,9.249898],[0.751395,9.251103],[0.754172,9.251526],[0.756948,9.251103],[0.759302,9.249898],[0.760874,9.248095],[0.761427,9.245968],[0.760874,9.243841],[0.759302,9.242039],[0.756948,9.240834],[0.754172,9.240411],[0.751395,9.240834],[0.749042,9.242039]]]}},{"type":"Feature","properties":{"civic_code":"402-03-007","name":"Boloou","settlement_type":"village","canton_official_code":"D02083254","review_status":"proposed","geometry_role":"non_authoritative_settlement_reference_extent","source":"paired-settlement-reference-extents/settlement-aware-reference-extents.geojson","commune_official_code":"D02083","official_code":"D02083"},"geometry":{"type":"Polygon","coordinates":[[[0.931039,9.273436],[0.930487,9.275563],[0.931039,9.27769],[0.932612,9.279493],[0.934965,9.280698],[0.937742,9.281121],[0.940518,9.280698],[0.942872,9.279493],[0.944444,9.27769],[0.944997,9.275563],[0.944444,9.273436],[0.942872,9.271633],[0.940518,9.270428],[0.937742,9.270005],[0.934965,9.270428],[0.932612,9.271633],[0.931039,9.273436]]]}},{"type":"Feature","properties":{"civic_code":"402-03-008","name":"Djimbiri","settlement_type":"village","canton_official_code":"D02083254","review_status":"proposed","geometry_role":"non_authoritative_settlement_reference_extent","source":"paired-settlement-reference-extents/settlement-aware-reference-extents.geojson","commune_official_code":"D02083","official_code":"D02083"},"geometry":{"type":"Polygon","coordinates":[[[0.781765,9.230682],[0.782317,9.232808],[0.78389,9.234611],[0.786243,9.235816],[0.78902,9.236239],[0.791796,9.235816],[0.79415,9.234611],[0.795722,9.232808],[0.796275,9.230682],[0.795722,9.228555],[0.79415,9.226752],[0.791796,9.225548],[0.78902,9.225125],[0.786243,9.225548],[0.78389,9.226752],[0.782317,9.228555],[0.781765,9.230682]]]}},{"type":"Feature","properties":{"civic_code":"402-03-009","name":"Kakoundi","settlement_type":"village","canton_official_code":"D02083254","review_status":"proposed","geometry_role":"non_authoritative_settlement_reference_extent","source":"paired-settlement-reference-extents/settlement-aware-reference-extents.geojson","commune_official_code":"D02083","official_code":"D02083"},"geometry":{"type":"Polygon","coordinates":[[[0.777798,9.225774],[0.779371,9.227577],[0.781725,9.228782],[0.782238,9.22886],[0.782317,9.228555],[0.78389,9.226752],[0.786243,9.225548],[0.78902,9.225125],[0.791283,9.22547],[0.791756,9.223648],[0.791204,9.221521],[0.789631,9.219719],[0.787277,9.218514],[0.784501,9.218091],[0.781725,9.218514],[0.779371,9.219719],[0.777798,9.221521],[0.777246,9.223648],[0.777798,9.225774]]]}},{"type":"Feature","properties":{"civic_code":"402-03-010","name":"Kamagbande","settlement_type":"village","canton_official_code":"D02083254","review_status":"proposed","geometry_role":"non_authoritative_settlement_reference_extent","source":"paired-settlement-reference-extents/settlement-aware-reference-extents.geojson","commune_official_code":"D02083","official_code":"D02083"},"geometry":{"type":"Polygon","coordinates":[[[0.829134,9.277678],[0.831487,9.278883],[0.834264,9.279306],[0.83704,9.278883],[0.839394,9.277678],[0.840966,9.275875],[0.841519,9.273748],[0.840966,9.271621],[0.839394,9.269818],[0.83704,9.268613],[0.834264,9.26819],[0.831487,9.268613],[0.829134,9.269818],[0.827561,9.271621],[0.827009,9.273748],[0.827561,9.275875],[0.829134,9.277678]]]}},{"type":"Feature","properties":{"civic_code":"402-03-012","name":"Kikpeou","settlement_type":"village","canton_official_code":"D02083254","review_status":"proposed","geometry_role":"non_authoritative_settlement_reference_extent","source":"paired-settlement-reference-extents/settlement-aware-reference-extents.geojson","commune_official_code":"D02083","official_code":"D02083"},"geometry":{"type":"Polygon","coordinates":[[[0.78559,9.355174],[0.788366,9.355597],[0.791143,9.355174],[0.793496,9.353969],[0.795069,9.352166],[0.795621,9.350038],[0.795069,9.347911],[0.793496,9.346107],[0.791143,9.344902],[0.788366,9.344479],[0.78559,9.344902],[0.783236,9.346107],[0.781664,9.347911],[0.781111,9.350038],[0.781664,9.352166],[0.783236,9.353969],[0.78559,9.355174]]]}},{"type":"Feature","properties":{"civic_code":"402-03-014","name":"Kpalou","settlement_type":"village","canton_official_code":"D02083254","review_status":"proposed","geometry_role":"non_authoritative_settlement_reference_extent","source":"paired-settlement-reference-extents/settlement-aware-reference-extents.geojson","commune_official_code":"D02083","official_code":"D02083"},"geometry":{"type":"Polygon","coordinates":[[[0.750607,9.170247],[0.753383,9.169824],[0.755737,9.168619],[0.757309,9.166817],[0.757862,9.16469],[0.757309,9.162564],[0.755737,9.160762],[0.753383,9.159557],[0.750607,9.159134],[0.74783,9.159557],[0.745477,9.160762],[0.743904,9.162564],[0.743352,9.16469],[0.743904,9.166817],[0.745477,9.168619],[0.74783,9.169824],[0.750607,9.170247]]]}},{"type":"Feature","properties":{"civic_code":"402-03-015","name":"Malfakassa","settlement_type":"village","canton_official_code":"D02083254","review_status":"proposed","geometry_role":"non_authoritative_settlement_reference_extent","source":"paired-settlement-reference-extents/settlement-aware-reference-extents.geojson","commune_official_code":"D02083","official_code":"D02083"},"geometry":{"type":"Polygon","coordinates":[[[0.977777,9.180551],[0.980131,9.179346],[0.981704,9.177544],[0.982256,9.175418],[0.981704,9.173291],[0.980131,9.171489],[0.977777,9.170284],[0.975001,9.169861],[0.972225,9.170284],[0.969871,9.171489],[0.968298,9.173291],[0.967746,9.175418],[0.968298,9.177544],[0.969871,9.179346],[0.972225,9.180551],[0.975001,9.180974],[0.977777,9.180551]]]}},{"type":"Feature","properties":{"civic_code":"402-03-016","name":"Mô","settlement_type":"village","canton_official_code":"D02083253","review_status":"proposed","geometry_role":"non_authoritative_settlement_reference_extent","source":"paired-settlement-reference-extents/settlement-aware-reference-extents.geojson","commune_official_code":"D02083","official_code":"D02083"},"geometry":{"type":"Polygon","coordinates":[[[0.685278,9.019318],[0.68419,9.018278],[0.68387,9.018645],[0.683317,9.02077],[0.68387,9.022895],[0.685442,9.024697],[0.687796,9.025901],[0.690572,9.026324],[0.693349,9.025901],[0.695702,9.024697],[0.697256,9.022917],[0.695204,9.022134],[0.692271,9.01791],[0.688493,9.017234],[0.685278,9.019318]]]}},{"type":"Feature","properties":{"civic_code":"402-03-017","name":"N'Laboun","settlement_type":"village","canton_official_code":"D02083254","review_status":"proposed","geometry_role":"non_authoritative_settlement_reference_extent","source":"paired-settlement-reference-extents/settlement-aware-reference-extents.geojson","commune_official_code":"D02083","official_code":"D02083"},"geometry":{"type":"Polygon","coordinates":[[[0.836484,9.256864],[0.836283,9.256635],[0.835731,9.254508],[0.836283,9.252381],[0.836872,9.251707],[0.835499,9.250133],[0.833145,9.248929],[0.830369,9.248506],[0.827593,9.248929],[0.825239,9.250133],[0.823666,9.251936],[0.823114,9.254063],[0.823666,9.25619],[0.825239,9.257993],[0.827593,9.259198],[0.830369,9.259621],[0.833145,9.259198],[0.835499,9.257993],[0.836484,9.256864]]]}},{"type":"Feature","properties":{"civic_code":"402-03-018","name":"N'nababoun","settlement_type":"village","canton_official_code":"D02083254","review_status":"proposed","geometry_role":"non_authoritative_settlement_reference_extent","source":"paired-settlement-reference-extents/settlement-aware-reference-extents.geojson","commune_official_code":"D02083","official_code":"D02083"},"geometry":{"type":"Polygon","coordinates":[[[0.807318,9.376524],[0.806766,9.374396],[0.805193,9.372593],[0.802839,9.371388],[0.800063,9.370964],[0.797287,9.371388],[0.794933,9.372593],[0.79336,9.374396],[0.792808,9.376524],[0.79336,9.378651],[0.794933,9.380455],[0.797287,9.38166],[0.800063,9.382083],[0.802839,9.38166],[0.805193,9.380455],[0.806766,9.378651],[0.807318,9.376524]]]}},{"type":"Feature","properties":{"civic_code":"402-03-019","name":"Tablo II","settlement_type":"village","canton_official_code":"D02083254","review_status":"proposed","geometry_role":"non_authoritative_settlement_reference_extent","source":"paired-settlement-reference-extents/settlement-aware-reference-extents.geojson","commune_official_code":"D02083","official_code":"D02083"},"geometry":{"type":"Polygon","coordinates":[[[0.999199,9.213077],[1.001552,9.214282],[1.004329,9.214705],[1.007105,9.214282],[1.009459,9.213077],[1.011031,9.211274],[1.011104,9.210994],[1.006583,9.20991],[0.999936,9.206087],[0.999083,9.205352],[0.997626,9.207022],[0.997074,9.209148],[0.997626,9.211274],[0.999199,9.213077]]]}},{"type":"Feature","properties":{"civic_code":"402-03-020","name":"Tchapossi","settlement_type":"village","canton_official_code":"D02083253","review_status":"proposed","geometry_role":"non_authoritative_settlement_reference_extent","source":"paired-settlement-reference-extents/settlement-aware-reference-extents.geojson","commune_official_code":"D02083","official_code":"D02083"},"geometry":{"type":"Polygon","coordinates":[[[0.62074,9.055717],[0.618386,9.054513],[0.61561,9.054091],[0.612834,9.054513],[0.61048,9.055717],[0.608907,9.057519],[0.608355,9.059645],[0.608907,9.061771],[0.61048,9.063573],[0.612834,9.064777],[0.61561,9.0652],[0.618386,9.064777],[0.62074,9.063573],[0.622313,9.061771],[0.622865,9.059645],[0.622313,9.057519],[0.62074,9.055717]]]}},{"type":"Feature","properties":{"civic_code":"402-03-021","name":"Tekfaté","settlement_type":"village","canton_official_code":"D02083254","review_status":"proposed","geometry_role":"non_authoritative_settlement_reference_extent","source":"paired-settlement-reference-extents/settlement-aware-reference-extents.geojson","commune_official_code":"D02083","official_code":"D02083"},"geometry":{"type":"Polygon","coordinates":[[[0.985028,9.188735],[0.982251,9.188312],[0.979475,9.188735],[0.977121,9.189939],[0.975549,9.191742],[0.974996,9.193868],[0.975549,9.195995],[0.977121,9.197797],[0.979475,9.199002],[0.982251,9.199425],[0.985028,9.199002],[0.987381,9.197797],[0.988954,9.195995],[0.989506,9.193868],[0.988954,9.191742],[0.987381,9.189939],[0.985028,9.188735]]]}},{"type":"Feature","properties":{"civic_code":"402-03-022","name":"Watao","settlement_type":"village","canton_official_code":"D02083254","review_status":"proposed","geometry_role":"non_authoritative_settlement_reference_extent","source":"paired-settlement-reference-extents/settlement-aware-reference-extents.geojson","commune_official_code":"D02083","official_code":"D02083"},"geometry":{"type":"Polygon","coordinates":[[[0.903115,9.308473],[0.900339,9.308896],[0.897985,9.310101],[0.896412,9.311904],[0.89586,9.314031],[0.896412,9.316158],[0.897985,9.317961],[0.900339,9.319166],[0.903115,9.319589],[0.905891,9.319166],[0.908245,9.317961],[0.909818,9.316158],[0.91037,9.314031],[0.909818,9.311904],[0.908245,9.310101],[0.905891,9.308896],[0.903115,9.308473]]]}},{"type":"Feature","properties":{"civic_code":"402-07-001","name":"Kalanga","settlement_type":"village","canton_official_code":"D02083255","review_status":"proposed","geometry_role":"non_authoritative_settlement_reference_extent","source":"paired-settlement-reference-extents/settlement-aware-reference-extents.geojson","commune_official_code":"D02083","official_code":"D02083"},"geometry":{"type":"Polygon","coordinates":[[[0.697603,9.258278],[0.693905,9.260171],[0.691434,9.263004],[0.690566,9.266346],[0.691434,9.269689],[0.693905,9.272522],[0.697603,9.274415],[0.701966,9.27508],[0.706329,9.274415],[0.710028,9.272522],[0.712499,9.269689],[0.713367,9.266346],[0.712499,9.263004],[0.710028,9.260171],[0.706329,9.258278],[0.701966,9.257613],[0.697603,9.258278]]]}},{"type":"Feature","properties":{"civic_code":"402-03-004","name":"Bassar","settlement_type":"town","canton_official_code":"D02083254","review_status":"proposed","geometry_role":"non_authoritative_settlement_reference_extent","source":"paired-settlement-reference-extents/settlement-aware-reference-extents.geojson","commune_official_code":"D02083","official_code":"D02083"},"geometry":{"type":"Polygon","coordinates":[[[0.762904,9.249691],[0.757961,9.255358],[0.756226,9.262042],[0.757961,9.268726],[0.762904,9.274393],[0.770301,9.27818],[0.779027,9.279509],[0.787753,9.27818],[0.79515,9.274393],[0.800093,9.268726],[0.801828,9.262042],[0.800093,9.255358],[0.79515,9.249691],[0.787753,9.245905],[0.779027,9.244576],[0.770301,9.245905],[0.762904,9.249691]]]}},{"type":"Feature","properties":{"civic_code":"402-01-001","name":"Dantchessi","settlement_type":"village","canton_official_code":null,"review_status":"proposed","geometry_role":"non_authoritative_settlement_reference_extent","source":"paired-settlement-reference-extents/settlement-aware-reference-extents.geojson","commune_official_code":"D02084","official_code":"D02084"},"geometry":{"type":"Polygon","coordinates":[[[0.604958,8.9536],[0.602604,8.952396],[0.599828,8.951974],[0.597051,8.952396],[0.594698,8.9536],[0.593125,8.955402],[0.592573,8.957527],[0.593125,8.959652],[0.594698,8.961453],[0.597051,8.962657],[0.599828,8.96308],[0.602604,8.962657],[0.604958,8.961453],[0.60653,8.959652],[0.607083,8.957527],[0.60653,8.955402],[0.604958,8.9536]]]}},{"type":"Feature","properties":{"civic_code":"402-01-002","name":"Dogmendo","settlement_type":"village","canton_official_code":null,"review_status":"proposed","geometry_role":"non_authoritative_settlement_reference_extent","source":"paired-settlement-reference-extents/settlement-aware-reference-extents.geojson","commune_official_code":"D02084","official_code":"D02084"},"geometry":{"type":"Polygon","coordinates":[[[0.478965,9.069929],[0.476189,9.069506],[0.473412,9.069929],[0.471059,9.071133],[0.469486,9.072935],[0.468934,9.075061],[0.469486,9.077186],[0.471059,9.078988],[0.473412,9.080193],[0.476189,9.080615],[0.478965,9.080193],[0.481319,9.078988],[0.482891,9.077186],[0.483444,9.075061],[0.482891,9.072935],[0.481319,9.071133],[0.478965,9.069929]]]}},{"type":"Feature","properties":{"civic_code":"402-01-003","name":"Foukou","settlement_type":"village","canton_official_code":null,"review_status":"proposed","geometry_role":"non_authoritative_settlement_reference_extent","source":"paired-settlement-reference-extents/settlement-aware-reference-extents.geojson","commune_official_code":"D02084","official_code":"D02084"},"geometry":{"type":"Polygon","coordinates":[[[0.512581,9.048571],[0.509804,9.048994],[0.507451,9.050198],[0.505878,9.052],[0.505326,9.054125],[0.505878,9.056251],[0.507451,9.058053],[0.509804,9.059257],[0.512581,9.05968],[0.515357,9.059257],[0.517711,9.058053],[0.519283,9.056251],[0.519836,9.054125],[0.519283,9.052],[0.517711,9.050198],[0.515357,9.048994],[0.512581,9.048571]]]}},{"type":"Feature","properties":{"civic_code":"402-01-005","name":"Kissafô","settlement_type":"village","canton_official_code":null,"review_status":"proposed","geometry_role":"non_authoritative_settlement_reference_extent","source":"paired-settlement-reference-extents/settlement-aware-reference-extents.geojson","commune_official_code":"D02084","official_code":"D02084"},"geometry":{"type":"Polygon","coordinates":[[[0.566732,8.892238],[0.564378,8.893442],[0.562805,8.895243],[0.562253,8.897368],[0.562805,8.899492],[0.564378,8.901294],[0.566732,8.902497],[0.569508,8.90292],[0.572284,8.902497],[0.574638,8.901294],[0.576211,8.899492],[0.576763,8.897368],[0.576211,8.895243],[0.574638,8.893442],[0.572284,8.892238],[0.569508,8.891816],[0.566732,8.892238]]]}},{"type":"Feature","properties":{"civic_code":"402-01-006","name":"Malam","settlement_type":"village","canton_official_code":null,"review_status":"proposed","geometry_role":"non_authoritative_settlement_reference_extent","source":"paired-settlement-reference-extents/settlement-aware-reference-extents.geojson","commune_official_code":"D02084","official_code":"D02084"},"geometry":{"type":"Polygon","coordinates":[[[0.606758,8.956277],[0.607083,8.957527],[0.60653,8.959652],[0.604958,8.961453],[0.604721,8.961574],[0.604948,8.96245],[0.606521,8.964251],[0.608875,8.965455],[0.611651,8.965878],[0.614427,8.965455],[0.616781,8.964251],[0.618354,8.96245],[0.618733,8.960989],[0.618292,8.960157],[0.617224,8.956906],[0.616781,8.956398],[0.614427,8.955194],[0.611651,8.954772],[0.608875,8.955194],[0.606758,8.956277]]]}},{"type":"Feature","properties":{"civic_code":"402-01-007","name":"Massadjoun","settlement_type":"village","canton_official_code":null,"review_status":"proposed","geometry_role":"non_authoritative_settlement_reference_extent","source":"paired-settlement-reference-extents/settlement-aware-reference-extents.geojson","commune_official_code":"D02084","official_code":"D02084"},"geometry":{"type":"Polygon","coordinates":[[[0.544116,9.060115],[0.543563,9.062241],[0.544116,9.064367],[0.545688,9.066169],[0.548042,9.067373],[0.550818,9.067795],[0.553595,9.067373],[0.555948,9.066169],[0.557521,9.064367],[0.558073,9.062241],[0.557521,9.060115],[0.555948,9.058313],[0.553595,9.057109],[0.550818,9.056686],[0.548042,9.057109],[0.545688,9.058313],[0.544116,9.060115]]]}},{"type":"Feature","properties":{"civic_code":"402-01-008","name":"Momondo","settlement_type":"village","canton_official_code":null,"review_status":"proposed","geometry_role":"non_authoritative_settlement_reference_extent","source":"paired-settlement-reference-extents/settlement-aware-reference-extents.geojson","commune_official_code":"D02084","official_code":"D02084"},"geometry":{"type":"Polygon","coordinates":[[[0.580321,8.930103],[0.582675,8.931306],[0.585451,8.931729],[0.588227,8.931306],[0.590581,8.930103],[0.592154,8.928301],[0.592289,8.927783],[0.590708,8.927149],[0.589057,8.924724],[0.588158,8.921036],[0.585451,8.920624],[0.582675,8.921047],[0.580321,8.92225],[0.578748,8.924052],[0.578196,8.926176],[0.578748,8.928301],[0.580321,8.930103]]]}},{"type":"Feature","properties":{"civic_code":"402-01-009","name":"Natchindo","settlement_type":"village","canton_official_code":null,"review_status":"proposed","geometry_role":"non_authoritative_settlement_reference_extent","source":"paired-settlement-reference-extents/settlement-aware-reference-extents.geojson","commune_official_code":"D02084","official_code":"D02084"},"geometry":{"type":"Polygon","coordinates":[[[0.481889,9.034975],[0.483461,9.036777],[0.485815,9.037981],[0.488591,9.038404],[0.491368,9.037981],[0.493721,9.036777],[0.495294,9.034975],[0.495846,9.032849],[0.495294,9.030724],[0.493721,9.028922],[0.491368,9.027718],[0.488591,9.027295],[0.485815,9.027718],[0.483461,9.028922],[0.481889,9.030724],[0.481336,9.032849],[0.481889,9.034975]]]}},{"type":"Feature","properties":{"civic_code":"402-01-010","name":"Tadjal","settlement_type":"village","canton_official_code":null,"review_status":"proposed","geometry_role":"non_authoritative_settlement_reference_extent","source":"paired-settlement-reference-extents/settlement-aware-reference-extents.geojson","commune_official_code":"D02084","official_code":"D02084"},"geometry":{"type":"Polygon","coordinates":[[[0.548124,8.970716],[0.550478,8.97192],[0.553254,8.972342],[0.55603,8.97192],[0.558384,8.970716],[0.559957,8.968914],[0.560509,8.966789],[0.559957,8.964664],[0.558384,8.962863],[0.55603,8.961659],[0.553254,8.961236],[0.550478,8.961659],[0.548124,8.962863],[0.546551,8.964664],[0.545999,8.966789],[0.546551,8.968914],[0.548124,8.970716]]]}},{"type":"Feature","properties":{"civic_code":"402-01-011","name":"Yakedji","settlement_type":"village","canton_official_code":null,"review_status":"proposed","geometry_role":"non_authoritative_settlement_reference_extent","source":"paired-settlement-reference-extents/settlement-aware-reference-extents.geojson","commune_official_code":"D02084","official_code":"D02084"},"geometry":{"type":"Polygon","coordinates":[[[0.477618,9.062986],[0.480394,9.063409],[0.483171,9.062986],[0.485524,9.061782],[0.487097,9.05998],[0.487649,9.057855],[0.487097,9.055729],[0.485524,9.053927],[0.483171,9.052723],[0.480394,9.0523],[0.477618,9.052723],[0.475264,9.053927],[0.473692,9.055729],[0.473139,9.057855],[0.473692,9.05998],[0.475264,9.061782],[0.477618,9.062986]]]}},{"type":"Feature","properties":{"civic_code":"402-01-012","name":"Yakedji","settlement_type":"village","canton_official_code":null,"review_status":"proposed","geometry_role":"non_authoritative_settlement_reference_extent","source":"paired-settlement-reference-extents/settlement-aware-reference-extents.geojson","commune_official_code":"D02084","official_code":"D02084"},"geometry":{"type":"Polygon","coordinates":[[[0.478034,9.036051],[0.48081,9.035628],[0.48195,9.035045],[0.481336,9.032849],[0.481889,9.030724],[0.483461,9.028922],[0.484675,9.028301],[0.483164,9.02657],[0.48081,9.025366],[0.478034,9.024943],[0.475258,9.025366],[0.472904,9.02657],[0.471331,9.028372],[0.470779,9.030497],[0.471331,9.032623],[0.472904,9.034424],[0.475258,9.035628],[0.478034,9.036051]]]}},{"type":"Feature","properties":{"civic_code":"402-02-001","name":"Bangeli","settlement_type":"village","canton_official_code":"D02084258","review_status":"proposed","geometry_role":"non_authoritative_settlement_reference_extent","source":"paired-settlement-reference-extents/settlement-aware-reference-extents.geojson","commune_official_code":"D02084","official_code":"D02084"},"geometry":{"type":"Polygon","coordinates":[[[0.631519,9.428618],[0.63399,9.425783],[0.634858,9.422439],[0.63399,9.419096],[0.631519,9.416261],[0.62782,9.414367],[0.623457,9.413702],[0.619095,9.414367],[0.615396,9.416261],[0.612925,9.419096],[0.612057,9.422439],[0.612925,9.425783],[0.615396,9.428618],[0.619095,9.430512],[0.623457,9.431177],[0.62782,9.430512],[0.631519,9.428618]]]}},{"type":"Feature","properties":{"civic_code":"402-02-002","name":"Biyakpabé","settlement_type":"village","canton_official_code":"D02084258","review_status":"proposed","geometry_role":"non_authoritative_settlement_reference_extent","source":"paired-settlement-reference-extents/settlement-aware-reference-extents.geojson","commune_official_code":"D02084","official_code":"D02084"},"geometry":{"type":"Polygon","coordinates":[[[0.60465,9.421097],[0.605202,9.41897],[0.60465,9.416842],[0.603078,9.415038],[0.600724,9.413833],[0.597947,9.41341],[0.595171,9.413833],[0.592817,9.415038],[0.591245,9.416842],[0.590693,9.41897],[0.591245,9.421097],[0.592817,9.422901],[0.595171,9.424106],[0.597947,9.42453],[0.600724,9.424106],[0.603078,9.422901],[0.60465,9.421097]]]}},{"type":"Feature","properties":{"civic_code":"402-02-004","name":"Tankpayabour","settlement_type":"village","canton_official_code":"D02084258","review_status":"proposed","geometry_role":"non_authoritative_settlement_reference_extent","source":"paired-settlement-reference-extents/settlement-aware-reference-extents.geojson","commune_official_code":"D02084","official_code":"D02084"},"geometry":{"type":"Polygon","coordinates":[[[0.705583,9.438729],[0.70503,9.436601],[0.703458,9.434797],[0.701104,9.433592],[0.698328,9.433169],[0.695551,9.433592],[0.693198,9.434797],[0.691625,9.436601],[0.691073,9.438729],[0.691625,9.440857],[0.693198,9.442661],[0.695551,9.443866],[0.698328,9.444289],[0.701104,9.443866],[0.703458,9.442661],[0.70503,9.440857],[0.705583,9.438729]]]}},{"type":"Feature","properties":{"civic_code":"402-04-001","name":"Binadjoube","settlement_type":"village","canton_official_code":"D02084257","review_status":"proposed","geometry_role":"non_authoritative_settlement_reference_extent","source":"paired-settlement-reference-extents/settlement-aware-reference-extents.geojson","commune_official_code":"D02084","official_code":"D02084"},"geometry":{"type":"Polygon","coordinates":[[[0.576418,9.297261],[0.574846,9.295458],[0.572492,9.294253],[0.569716,9.29383],[0.566939,9.294253],[0.564586,9.295458],[0.563013,9.297261],[0.562461,9.299388],[0.563013,9.301515],[0.564586,9.303318],[0.566939,9.304523],[0.569716,9.304946],[0.572492,9.304523],[0.574846,9.303318],[0.576418,9.301515],[0.576971,9.299388],[0.576418,9.297261]]]}},{"type":"Feature","properties":{"civic_code":"402-04-002","name":"Bissokpabe","settlement_type":"village","canton_official_code":"D02084257","review_status":"proposed","geometry_role":"non_authoritative_settlement_reference_extent","source":"paired-settlement-reference-extents/settlement-aware-reference-extents.geojson","commune_official_code":"D02084","official_code":"D02084"},"geometry":{"type":"Polygon","coordinates":[[[0.56878,9.284229],[0.566426,9.283024],[0.56365,9.282601],[0.560874,9.283024],[0.55852,9.284229],[0.556947,9.286032],[0.556395,9.288159],[0.556947,9.290286],[0.55852,9.292089],[0.560874,9.293294],[0.56365,9.293717],[0.566426,9.293294],[0.56878,9.292089],[0.570353,9.290286],[0.570905,9.288159],[0.570353,9.286032],[0.56878,9.284229]]]}},{"type":"Feature","properties":{"civic_code":"402-04-003","name":"Bitchabe","settlement_type":"village","canton_official_code":"D02084257","review_status":"proposed","geometry_role":"non_authoritative_settlement_reference_extent","source":"paired-settlement-reference-extents/settlement-aware-reference-extents.geojson","commune_official_code":"D02084","official_code":"D02084"},"geometry":{"type":"Polygon","coordinates":[[[0.589425,9.315657],[0.585062,9.314992],[0.5807,9.315657],[0.577001,9.31755],[0.57453,9.320384],[0.573662,9.323727],[0.57453,9.32707],[0.577001,9.329903],[0.5807,9.331797],[0.585062,9.332462],[0.589425,9.331797],[0.593124,9.329903],[0.595595,9.32707],[0.596463,9.323727],[0.595595,9.320384],[0.593124,9.31755],[0.589425,9.315657]]]}},{"type":"Feature","properties":{"civic_code":"402-04-004","name":"Gnankpale","settlement_type":"village","canton_official_code":"D02084257","review_status":"proposed","geometry_role":"non_authoritative_settlement_reference_extent","source":"paired-settlement-reference-extents/settlement-aware-reference-extents.geojson","commune_official_code":"D02084","official_code":"D02084"},"geometry":{"type":"Polygon","coordinates":[[[0.587189,9.259603],[0.584413,9.260026],[0.582059,9.261231],[0.580487,9.263034],[0.579934,9.265161],[0.580487,9.267287],[0.582059,9.26909],[0.584413,9.270295],[0.587189,9.270718],[0.589966,9.270295],[0.592319,9.26909],[0.593892,9.267287],[0.594444,9.265161],[0.593892,9.263034],[0.592319,9.261231],[0.589966,9.260026],[0.587189,9.259603]]]}},{"type":"Feature","properties":{"civic_code":"402-04-005","name":"Gnankpale","settlement_type":"village","canton_official_code":"D02084257","review_status":"proposed","geometry_role":"non_authoritative_settlement_reference_extent","source":"paired-settlement-reference-extents/settlement-aware-reference-extents.geojson","commune_official_code":"D02084","official_code":"D02084"},"geometry":{"type":"Polygon","coordinates":[[[0.612158,9.253863],[0.609804,9.255068],[0.608231,9.256871],[0.607679,9.258998],[0.608231,9.261125],[0.609804,9.262928],[0.612158,9.264132],[0.614934,9.264555],[0.61771,9.264132],[0.620064,9.262928],[0.621637,9.261125],[0.622189,9.258998],[0.621637,9.256871],[0.620064,9.255068],[0.61771,9.253863],[0.614934,9.25344],[0.612158,9.253863]]]}},{"type":"Feature","properties":{"civic_code":"402-04-006","name":"Koulangbal","settlement_type":"village","canton_official_code":"D02084257","review_status":"proposed","geometry_role":"non_authoritative_settlement_reference_extent","source":"paired-settlement-reference-extents/settlement-aware-reference-extents.geojson","commune_official_code":"D02084","official_code":"D02084"},"geometry":{"type":"Polygon","coordinates":[[[0.54041,9.250748],[0.538837,9.252551],[0.538285,9.254677],[0.538837,9.256804],[0.54041,9.258607],[0.542763,9.259812],[0.54554,9.260235],[0.548316,9.259812],[0.55067,9.258607],[0.552242,9.256804],[0.552795,9.254677],[0.552242,9.252551],[0.55067,9.250748],[0.548316,9.249543],[0.54554,9.24912],[0.542763,9.249543],[0.54041,9.250748]]]}},{"type":"Feature","properties":{"civic_code":"402-04-007","name":"Koussetcheou","settlement_type":"village","canton_official_code":"D02084257","review_status":"proposed","geometry_role":"non_authoritative_settlement_reference_extent","source":"paired-settlement-reference-extents/settlement-aware-reference-extents.geojson","commune_official_code":"D02084","official_code":"D02084"},"geometry":{"type":"Polygon","coordinates":[[[0.605549,9.247828],[0.604997,9.249955],[0.605549,9.252081],[0.607122,9.253884],[0.609475,9.255089],[0.609749,9.255131],[0.612158,9.253863],[0.614934,9.25344],[0.617436,9.253822],[0.618954,9.252081],[0.619507,9.249955],[0.618954,9.247828],[0.617382,9.246025],[0.615028,9.24482],[0.612252,9.244397],[0.609475,9.24482],[0.607122,9.246025],[0.605549,9.247828]]]}},{"type":"Feature","properties":{"civic_code":"402-05-001","name":"Bikpadjabé","settlement_type":"village","canton_official_code":"D02084256","review_status":"proposed","geometry_role":"non_authoritative_settlement_reference_extent","source":"paired-settlement-reference-extents/settlement-aware-reference-extents.geojson","commune_official_code":"D02084","official_code":"D02084"},"geometry":{"type":"Polygon","coordinates":[[[0.547136,9.220759],[0.547688,9.222885],[0.549261,9.224688],[0.551615,9.225893],[0.554391,9.226316],[0.557167,9.225893],[0.559521,9.224688],[0.561094,9.222885],[0.561646,9.220759],[0.561094,9.218632],[0.559521,9.216829],[0.557167,9.215625],[0.554391,9.215202],[0.551615,9.215625],[0.549261,9.216829],[0.547688,9.218632],[0.547136,9.220759]]]}},{"type":"Feature","properties":{"civic_code":"402-05-002","name":"Bissakerim-Do","settlement_type":"village","canton_official_code":"D02084256","review_status":"proposed","geometry_role":"non_authoritative_settlement_reference_extent","source":"paired-settlement-reference-extents/settlement-aware-reference-extents.geojson","commune_official_code":"D02084","official_code":"D02084"},"geometry":{"type":"Polygon","coordinates":[[[0.53285,9.231537],[0.534423,9.23334],[0.536777,9.234545],[0.539553,9.234968],[0.542329,9.234545],[0.544683,9.23334],[0.546256,9.231537],[0.546808,9.229411],[0.546256,9.227284],[0.544683,9.225481],[0.542329,9.224277],[0.539553,9.223854],[0.536777,9.224277],[0.534423,9.225481],[0.53285,9.227284],[0.532298,9.229411],[0.53285,9.231537]]]}},{"type":"Feature","properties":{"civic_code":"402-05-003","name":"Dimori","settlement_type":"village","canton_official_code":"D02084256","review_status":"proposed","geometry_role":"non_authoritative_settlement_reference_extent","source":"paired-settlement-reference-extents/settlement-aware-reference-extents.geojson","commune_official_code":"D02084","official_code":"D02084"},"geometry":{"type":"Polygon","coordinates":[[[0.588762,9.20966],[0.592461,9.211553],[0.596824,9.212218],[0.601187,9.211553],[0.604885,9.20966],[0.607356,9.206827],[0.608224,9.203486],[0.607356,9.200144],[0.604885,9.197311],[0.601187,9.195418],[0.596824,9.194754],[0.592461,9.195418],[0.588762,9.197311],[0.586291,9.200144],[0.585423,9.203486],[0.586291,9.206827],[0.588762,9.20966]]]}},{"type":"Feature","properties":{"civic_code":"402-05-004","name":"Natagbande","settlement_type":"village","canton_official_code":"D02084256","review_status":"proposed","geometry_role":"non_authoritative_settlement_reference_extent","source":"paired-settlement-reference-extents/settlement-aware-reference-extents.geojson","commune_official_code":"D02084","official_code":"D02084"},"geometry":{"type":"Polygon","coordinates":[[[0.596649,9.240325],[0.595077,9.238522],[0.592723,9.237318],[0.589947,9.236895],[0.58717,9.237318],[0.584816,9.238522],[0.583244,9.240325],[0.582692,9.242452],[0.583292,9.244634],[0.586431,9.244799],[0.597068,9.242967],[0.597201,9.242452],[0.596649,9.240325]]]}},{"type":"Feature","properties":{"civic_code":"402-05-006","name":"Tamo","settlement_type":"village","canton_official_code":"D02084256","review_status":"proposed","geometry_role":"non_authoritative_settlement_reference_extent","source":"paired-settlement-reference-extents/settlement-aware-reference-extents.geojson","commune_official_code":"D02084","official_code":"D02084"},"geometry":{"type":"Polygon","coordinates":[[[0.585515,9.218892],[0.588292,9.218469],[0.590646,9.217264],[0.592218,9.215461],[0.59277,9.213335],[0.592284,9.211463],[0.588762,9.20966],[0.587366,9.20806],[0.585515,9.207778],[0.582739,9.208201],[0.580385,9.209406],[0.578813,9.211208],[0.578261,9.213335],[0.578813,9.215461],[0.580385,9.217264],[0.582739,9.218469],[0.585515,9.218892]]]}},{"type":"Feature","properties":{"civic_code":"402-06-002","name":"TEMEME","settlement_type":"village","canton_official_code":"D02085260","review_status":"proposed","geometry_role":"non_authoritative_settlement_reference_extent","source":"paired-settlement-reference-extents/settlement-aware-reference-extents.geojson","commune_official_code":"D02085","official_code":"D02085"},"geometry":{"type":"Polygon","coordinates":[[[0.852453,9.468201],[0.849676,9.467778],[0.8469,9.468201],[0.844546,9.469406],[0.842974,9.47121],[0.842421,9.473338],[0.842974,9.475467],[0.844546,9.477271],[0.8469,9.478476],[0.849676,9.478899],[0.852453,9.478476],[0.854806,9.477271],[0.856379,9.475467],[0.856931,9.473338],[0.856379,9.47121],[0.854806,9.469406],[0.852453,9.468201]]]}},{"type":"Feature","properties":{"civic_code":"402-06-001","name":"Kabou","settlement_type":"town","canton_official_code":"D02085260","review_status":"proposed","geometry_role":"non_authoritative_settlement_reference_extent","source":"paired-settlement-reference-extents/settlement-aware-reference-extents.geojson","commune_official_code":"D02085","official_code":"D02085"},"geometry":{"type":"Polygon","coordinates":[[[0.811962,9.43857],[0.803236,9.4399],[0.795839,9.443689],[0.790896,9.449358],[0.789161,9.456046],[0.790896,9.462734],[0.795839,9.468404],[0.803236,9.472192],[0.811962,9.473523],[0.820688,9.472192],[0.828085,9.468404],[0.833028,9.462734],[0.834763,9.456046],[0.833028,9.449358],[0.828085,9.443689],[0.820688,9.4399],[0.811962,9.43857]]]}},{"type":"Feature","properties":{"civic_code":"402-09-001","name":"Sanda Afohou","settlement_type":"village","canton_official_code":"D02086261","review_status":"proposed","geometry_role":"non_authoritative_settlement_reference_extent","source":"paired-settlement-reference-extents/settlement-aware-reference-extents.geojson","commune_official_code":"D02086","official_code":"D02086"},"geometry":{"type":"Polygon","coordinates":[[[0.94756,9.474269],[0.943197,9.473604],[0.938834,9.474269],[0.935136,9.476164],[0.932664,9.478999],[0.931796,9.482343],[0.932664,9.485687],[0.935136,9.488522],[0.938834,9.490416],[0.943197,9.491082],[0.94756,9.490416],[0.951258,9.488522],[0.95373,9.485687],[0.954598,9.482343],[0.95373,9.478999],[0.951258,9.476164],[0.94756,9.474269]]]}},{"type":"Feature","properties":{"civic_code":"402-09-002","name":"Sanda Kgbanda","settlement_type":"village","canton_official_code":null,"review_status":"proposed","geometry_role":"non_authoritative_settlement_reference_extent","source":"paired-settlement-reference-extents/settlement-aware-reference-extents.geojson","commune_official_code":"D02086","official_code":"D02086"},"geometry":{"type":"Polygon","coordinates":[[[0.902062,9.478754],[0.899286,9.478331],[0.896509,9.478754],[0.894156,9.479959],[0.892583,9.481764],[0.892031,9.483892],[0.892583,9.48602],[0.894156,9.487824],[0.896509,9.489029],[0.899286,9.489453],[0.902062,9.489029],[0.904416,9.487824],[0.905988,9.48602],[0.906541,9.483892],[0.905988,9.481764],[0.904416,9.479959],[0.902062,9.478754]]]}},{"type":"Feature","properties":{"civic_code":"403-01-001","name":"BOUFALE","settlement_type":"village","canton_official_code":"D03087265","review_status":"proposed","geometry_role":"non_authoritative_settlement_reference_extent","source":"paired-settlement-reference-extents/settlement-aware-reference-extents.geojson","commune_official_code":"D03087","official_code":"D03087"},"geometry":{"type":"Polygon","coordinates":[[[1.336421,9.844458],[1.332058,9.843792],[1.327695,9.844458],[1.323996,9.846355],[1.321525,9.849193],[1.320657,9.85254],[1.321525,9.855888],[1.323996,9.858726],[1.327695,9.860623],[1.332058,9.861289],[1.336421,9.860623],[1.340119,9.858726],[1.342591,9.855888],[1.343458,9.85254],[1.342591,9.849193],[1.340119,9.846355],[1.336421,9.844458]]]}},{"type":"Feature","properties":{"civic_code":"403-04-001","name":"Farendè","settlement_type":"village","canton_official_code":"D03087267","review_status":"proposed","geometry_role":"non_authoritative_settlement_reference_extent","source":"paired-settlement-reference-extents/settlement-aware-reference-extents.geojson","commune_official_code":"D03087","official_code":"D03087"},"geometry":{"type":"Polygon","coordinates":[[[1.242745,9.724434],[1.239969,9.724858],[1.237615,9.726064],[1.236042,9.72787],[1.23549,9.729999],[1.236042,9.732129],[1.237615,9.733934],[1.239969,9.735141],[1.242745,9.735564],[1.245521,9.735141],[1.247875,9.733934],[1.249448,9.732129],[1.25,9.729999],[1.249448,9.72787],[1.247875,9.726064],[1.245521,9.724858],[1.242745,9.724434]]]}},{"type":"Feature","properties":{"civic_code":"403-04-002","name":"Koukoudè","settlement_type":"village","canton_official_code":"D03087267","review_status":"proposed","geometry_role":"non_authoritative_settlement_reference_extent","source":"paired-settlement-reference-extents/settlement-aware-reference-extents.geojson","commune_official_code":"D03087","official_code":"D03087"},"geometry":{"type":"Polygon","coordinates":[[[1.267735,9.737705],[1.265381,9.738911],[1.263809,9.740717],[1.263257,9.742847],[1.263809,9.744976],[1.265381,9.746782],[1.266675,9.747445],[1.276568,9.745718],[1.277214,9.744976],[1.277766,9.742847],[1.277214,9.740717],[1.275642,9.738911],[1.273288,9.737705],[1.270511,9.737281],[1.267735,9.737705]]]}},{"type":"Feature","properties":{"civic_code":"403-04-003","name":"Kpamlo","settlement_type":"village","canton_official_code":"D03087267","review_status":"proposed","geometry_role":"non_authoritative_settlement_reference_extent","source":"paired-settlement-reference-extents/settlement-aware-reference-extents.geojson","commune_official_code":"D03087","official_code":"D03087"},"geometry":{"type":"Polygon","coordinates":[[[1.255462,9.738314],[1.25389,9.740119],[1.253337,9.742249],[1.25389,9.744379],[1.255462,9.746184],[1.257816,9.74739],[1.260592,9.747814],[1.263369,9.74739],[1.265127,9.746489],[1.263809,9.744976],[1.263257,9.742847],[1.263809,9.740717],[1.265381,9.738911],[1.265977,9.738606],[1.265722,9.738314],[1.263369,9.737107],[1.260592,9.736684],[1.257816,9.737107],[1.255462,9.738314]]]}},{"type":"Feature","properties":{"civic_code":"403-04-004","name":"Tchade-Lemde","settlement_type":"village","canton_official_code":"D03087267","review_status":"proposed","geometry_role":"non_authoritative_settlement_reference_extent","source":"paired-settlement-reference-extents/settlement-aware-reference-extents.geojson","commune_official_code":"D03087","official_code":"D03087"},"geometry":{"type":"Polygon","coordinates":[[[1.229374,9.734826],[1.228821,9.736955],[1.229374,9.739085],[1.230946,9.740891],[1.2333,9.742097],[1.236076,9.742521],[1.238853,9.742097],[1.241206,9.740891],[1.242779,9.739085],[1.243331,9.736955],[1.242962,9.735531],[1.242745,9.735564],[1.239969,9.735141],[1.237615,9.733934],[1.236042,9.732129],[1.235859,9.731423],[1.2333,9.731814],[1.230946,9.73302],[1.229374,9.734826]]]}},{"type":"Feature","properties":{"civic_code":"403-05-001","name":"Alambourgou","settlement_type":"village","canton_official_code":"D03087268","review_status":"proposed","geometry_role":"non_authoritative_settlement_reference_extent","source":"paired-settlement-reference-extents/settlement-aware-reference-extents.geojson","commune_official_code":"D03087","official_code":"D03087"},"geometry":{"type":"Polygon","coordinates":[[[1.312852,9.729653],[1.313404,9.731783],[1.314977,9.733588],[1.31733,9.734794],[1.320107,9.735218],[1.322883,9.734794],[1.325237,9.733588],[1.326809,9.731783],[1.327362,9.729653],[1.326809,9.727523],[1.325237,9.725718],[1.322883,9.724512],[1.320107,9.724088],[1.31733,9.724512],[1.314977,9.725718],[1.313404,9.727523],[1.312852,9.729653]]]}},{"type":"Feature","properties":{"civic_code":"403-05-002","name":"Assere-Bas","settlement_type":"village","canton_official_code":"D03087268","review_status":"proposed","geometry_role":"non_authoritative_settlement_reference_extent","source":"paired-settlement-reference-extents/settlement-aware-reference-extents.geojson","commune_official_code":"D03087","official_code":"D03087"},"geometry":{"type":"Polygon","coordinates":[[[1.294322,9.802558],[1.297098,9.802982],[1.299875,9.802558],[1.302229,9.801352],[1.303801,9.799546],[1.304353,9.797416],[1.303801,9.795286],[1.302229,9.79348],[1.299875,9.792274],[1.297098,9.79185],[1.296302,9.791971],[1.289853,9.797454],[1.290396,9.799546],[1.291968,9.801352],[1.294322,9.802558]]]}},{"type":"Feature","properties":{"civic_code":"403-05-003","name":"Faladè","settlement_type":"village","canton_official_code":"D03087268","review_status":"proposed","geometry_role":"non_authoritative_settlement_reference_extent","source":"paired-settlement-reference-extents/settlement-aware-reference-extents.geojson","commune_official_code":"D03087","official_code":"D03087"},"geometry":{"type":"Polygon","coordinates":[[[1.307454,9.699247],[1.309807,9.700453],[1.312584,9.700877],[1.31536,9.700453],[1.317714,9.699247],[1.319286,9.697442],[1.319839,9.695312],[1.319286,9.693183],[1.317714,9.691378],[1.31536,9.690171],[1.312584,9.689748],[1.309807,9.690171],[1.307454,9.691378],[1.305881,9.693183],[1.305329,9.695312],[1.305881,9.697442],[1.307454,9.699247]]]}},{"type":"Feature","properties":{"civic_code":"403-05-004","name":"Kagnissi","settlement_type":"village","canton_official_code":"D03087268","review_status":"proposed","geometry_role":"non_authoritative_settlement_reference_extent","source":"paired-settlement-reference-extents/settlement-aware-reference-extents.geojson","commune_official_code":"D03087","official_code":"D03087"},"geometry":{"type":"Polygon","coordinates":[[[1.311979,9.792395],[1.314755,9.792819],[1.317531,9.792395],[1.319885,9.791189],[1.321458,9.789383],[1.32201,9.787253],[1.321458,9.785123],[1.319885,9.783317],[1.317531,9.782111],[1.314755,9.781687],[1.311979,9.782111],[1.309625,9.783317],[1.308052,9.785123],[1.3075,9.787253],[1.308052,9.789383],[1.309625,9.791189],[1.311979,9.792395]]]}},{"type":"Feature","properties":{"civic_code":"403-05-005","name":"Kawa","settlement_type":"village","canton_official_code":"D03087268","review_status":"proposed","geometry_role":"non_authoritative_settlement_reference_extent","source":"paired-settlement-reference-extents/settlement-aware-reference-extents.geojson","commune_official_code":"D03087","official_code":"D03087"},"geometry":{"type":"Polygon","coordinates":[[[1.317495,9.746049],[1.320271,9.745625],[1.322625,9.744418],[1.324198,9.742613],[1.32475,9.740483],[1.324198,9.738354],[1.322625,9.736548],[1.320271,9.735342],[1.317495,9.734918],[1.314719,9.735342],[1.312365,9.736548],[1.310792,9.738354],[1.31024,9.740483],[1.310792,9.742613],[1.312365,9.744418],[1.314719,9.745625],[1.317495,9.746049]]]}},{"type":"Feature","properties":{"civic_code":"403-05-010","name":"Pagouda","settlement_type":"village","canton_official_code":"D03087268","review_status":"proposed","geometry_role":"non_authoritative_settlement_reference_extent","source":"paired-settlement-reference-extents/settlement-aware-reference-extents.geojson","commune_official_code":"D03087","official_code":"D03087"},"geometry":{"type":"Polygon","coordinates":[[[1.333583,9.760937],[1.337281,9.759041],[1.339753,9.756204],[1.340621,9.752857],[1.339753,9.74951],[1.337281,9.746673],[1.333583,9.744777],[1.32922,9.744112],[1.324857,9.744777],[1.321159,9.746673],[1.318687,9.74951],[1.317819,9.752857],[1.318687,9.756204],[1.321159,9.759041],[1.324857,9.760937],[1.32922,9.761603],[1.333583,9.760937]]]}},{"type":"Feature","properties":{"civic_code":"403-05-013","name":"Somsia","settlement_type":"village","canton_official_code":"D03087268","review_status":"proposed","geometry_role":"non_authoritative_settlement_reference_extent","source":"paired-settlement-reference-extents/settlement-aware-reference-extents.geojson","commune_official_code":"D03087","official_code":"D03087"},"geometry":{"type":"Polygon","coordinates":[[[1.320565,9.71469],[1.322138,9.712884],[1.32269,9.710755],[1.322138,9.708625],[1.320565,9.70682],[1.318212,9.705614],[1.315435,9.70519],[1.312659,9.705614],[1.310305,9.70682],[1.308733,9.708625],[1.308268,9.710418],[1.309829,9.714143],[1.310305,9.71469],[1.312659,9.715896],[1.315435,9.71632],[1.318212,9.715896],[1.320565,9.71469]]]}},{"type":"Feature","properties":{"civic_code":"403-05-017","name":"Wazé","settlement_type":"village","canton_official_code":"D03087268","review_status":"proposed","geometry_role":"non_authoritative_settlement_reference_extent","source":"paired-settlement-reference-extents/settlement-aware-reference-extents.geojson","commune_official_code":"D03087","official_code":"D03087"},"geometry":{"type":"Polygon","coordinates":[[[1.318687,9.74951],[1.321159,9.746673],[1.321556,9.746469],[1.321212,9.745143],[1.320271,9.745625],[1.317495,9.746049],[1.314719,9.745625],[1.312365,9.744418],[1.310792,9.742613],[1.310725,9.742352],[1.309312,9.743076],[1.307739,9.744882],[1.307187,9.747012],[1.307739,9.749141],[1.309312,9.750947],[1.311665,9.752153],[1.314442,9.752577],[1.317218,9.752153],[1.318122,9.75169],[1.318687,9.74951]]]}},{"type":"Feature","properties":{"civic_code":"403-06-001","name":"Agbarada","settlement_type":"village","canton_official_code":null,"review_status":"proposed","geometry_role":"non_authoritative_settlement_reference_extent","source":"paired-settlement-reference-extents/settlement-aware-reference-extents.geojson","commune_official_code":"D03087","official_code":"D03087"},"geometry":{"type":"Polygon","coordinates":[[[1.258421,9.84375],[1.258973,9.84162],[1.258421,9.839489],[1.256848,9.837683],[1.254494,9.836477],[1.251718,9.836053],[1.248942,9.836477],[1.246588,9.837683],[1.245015,9.839489],[1.244463,9.84162],[1.245015,9.84375],[1.246588,9.845556],[1.248942,9.846763],[1.251718,9.847186],[1.254494,9.846763],[1.256848,9.845556],[1.258421,9.84375]]]}},{"type":"Feature","properties":{"civic_code":"403-06-002","name":"Confess kwane","settlement_type":"village","canton_official_code":"D03087264","review_status":"proposed","geometry_role":"non_authoritative_settlement_reference_extent","source":"paired-settlement-reference-extents/settlement-aware-reference-extents.geojson","commune_official_code":"D03087","official_code":"D03087"},"geometry":{"type":"Polygon","coordinates":[[[1.254915,9.785421],[1.253343,9.783616],[1.250989,9.782409],[1.248213,9.781986],[1.245436,9.782409],[1.243083,9.783616],[1.24151,9.785421],[1.240958,9.787551],[1.24151,9.789681],[1.243083,9.791487],[1.245436,9.792694],[1.248213,9.793117],[1.250989,9.792694],[1.253343,9.791487],[1.254915,9.789681],[1.255468,9.787551],[1.254915,9.785421]]]}},{"type":"Feature","properties":{"civic_code":"403-06-003","name":"Hilou","settlement_type":"village","canton_official_code":"D03087264","review_status":"proposed","geometry_role":"non_authoritative_settlement_reference_extent","source":"paired-settlement-reference-extents/settlement-aware-reference-extents.geojson","commune_official_code":"D03087","official_code":"D03087"},"geometry":{"type":"Polygon","coordinates":[[[1.237673,9.783697],[1.239245,9.781891],[1.239798,9.779761],[1.239646,9.779175],[1.225327,9.779914],[1.22584,9.781891],[1.227413,9.783697],[1.229766,9.784903],[1.232543,9.785327],[1.235319,9.784903],[1.237673,9.783697]]]}},{"type":"Feature","properties":{"civic_code":"403-06-004","name":"Pessaré","settlement_type":"village","canton_official_code":"D03087264","review_status":"proposed","geometry_role":"non_authoritative_settlement_reference_extent","source":"paired-settlement-reference-extents/settlement-aware-reference-extents.geojson","commune_official_code":"D03087","official_code":"D03087"},"geometry":{"type":"Polygon","coordinates":[[[1.253343,9.791487],[1.250989,9.792694],[1.248213,9.793117],[1.245436,9.792694],[1.243083,9.791487],[1.24151,9.789681],[1.241058,9.787936],[1.240046,9.788091],[1.236347,9.789987],[1.233876,9.792824],[1.233008,9.796172],[1.233876,9.799519],[1.236347,9.802356],[1.240046,9.804253],[1.244409,9.804918],[1.248771,9.804253],[1.25247,9.802356],[1.254941,9.799519],[1.255809,9.796172],[1.254941,9.792824],[1.25356,9.791238],[1.253343,9.791487]]]}},{"type":"Feature","properties":{"civic_code":"403-06-005","name":"Pessare-pouh","settlement_type":"village","canton_official_code":"D03087264","review_status":"proposed","geometry_role":"non_authoritative_settlement_reference_extent","source":"paired-settlement-reference-extents/settlement-aware-reference-extents.geojson","commune_official_code":"D03087","official_code":"D03087"},"geometry":{"type":"Polygon","coordinates":[[[1.225523,9.785459],[1.222747,9.785883],[1.220393,9.78709],[1.21882,9.788895],[1.218268,9.791025],[1.21882,9.793155],[1.220393,9.794961],[1.222747,9.796168],[1.225523,9.796591],[1.228299,9.796168],[1.230653,9.794961],[1.232226,9.793155],[1.232778,9.791025],[1.232226,9.788895],[1.230653,9.78709],[1.228299,9.785883],[1.225523,9.785459]]]}},{"type":"Feature","properties":{"civic_code":"403-06-006","name":"Sondé","settlement_type":"village","canton_official_code":null,"review_status":"proposed","geometry_role":"non_authoritative_settlement_reference_extent","source":"paired-settlement-reference-extents/settlement-aware-reference-extents.geojson","commune_official_code":"D03087","official_code":"D03087"},"geometry":{"type":"Polygon","coordinates":[[[1.220609,9.767834],[1.217833,9.768258],[1.215479,9.769464],[1.213906,9.77127],[1.213354,9.7734],[1.213906,9.77553],[1.215479,9.777335],[1.217833,9.778542],[1.220609,9.778966],[1.223385,9.778542],[1.225739,9.777335],[1.227312,9.77553],[1.227864,9.7734],[1.227312,9.77127],[1.225739,9.769464],[1.223385,9.768258],[1.220609,9.767834]]]}},{"type":"Feature","properties":{"civic_code":"403-07-001","name":"Assere-Pouh","settlement_type":"village","canton_official_code":"D03087266","review_status":"proposed","geometry_role":"non_authoritative_settlement_reference_extent","source":"paired-settlement-reference-extents/settlement-aware-reference-extents.geojson","commune_official_code":"D03087","official_code":"D03087"},"geometry":{"type":"Polygon","coordinates":[[[1.271923,9.770979],[1.27137,9.773109],[1.271923,9.775239],[1.273495,9.777044],[1.275098,9.777866],[1.281436,9.778233],[1.283755,9.777044],[1.285328,9.775239],[1.28588,9.773109],[1.285328,9.770979],[1.283755,9.769173],[1.281402,9.767967],[1.278625,9.767543],[1.275849,9.767967],[1.273495,9.769173],[1.271923,9.770979]]]}},{"type":"Feature","properties":{"civic_code":"403-09-036","name":"SOLLA","settlement_type":"village","canton_official_code":"D03087263","review_status":"proposed","geometry_role":"non_authoritative_settlement_reference_extent","source":"paired-settlement-reference-extents/settlement-aware-reference-extents.geojson","commune_official_code":"D03087","official_code":"D03087"},"geometry":{"type":"Polygon","coordinates":[[[1.344267,9.896583],[1.34863,9.897249],[1.352992,9.896583],[1.353908,9.896114],[1.354804,9.881346],[1.352992,9.880417],[1.34863,9.879751],[1.344267,9.880417],[1.340568,9.882314],[1.338097,9.885152],[1.337229,9.8885],[1.338097,9.891848],[1.340568,9.894687],[1.344267,9.896583]]]}},{"type":"Feature","properties":{"civic_code":"403-02-003","name":"Kémèrida","settlement_type":"village","canton_official_code":"D03088271","review_status":"proposed","geometry_role":"non_authoritative_settlement_reference_extent","source":"paired-settlement-reference-extents/settlement-aware-reference-extents.geojson","commune_official_code":"D03088","official_code":"D03088"},"geometry":{"type":"Polygon","coordinates":[[[1.357978,9.658457],[1.353615,9.657791],[1.349252,9.658457],[1.345554,9.660352],[1.343082,9.663189],[1.342215,9.666534],[1.343082,9.66988],[1.345554,9.672717],[1.349252,9.674612],[1.353615,9.675278],[1.357978,9.674612],[1.361677,9.672717],[1.363148,9.671028],[1.364835,9.665839],[1.364148,9.663189],[1.361677,9.660352],[1.357978,9.658457]]]}},{"type":"Feature","properties":{"civic_code":"403-03-001","name":"Kétao","settlement_type":"village","canton_official_code":"D03088270","review_status":"proposed","geometry_role":"non_authoritative_settlement_reference_extent","source":"paired-settlement-reference-extents/settlement-aware-reference-extents.geojson","commune_official_code":"D03088","official_code":"D03088"},"geometry":{"type":"Polygon","coordinates":[[[1.314181,9.653312],[1.309818,9.653977],[1.306119,9.655873],[1.306003,9.656006],[1.305688,9.663552],[1.304105,9.665926],[1.306119,9.668238],[1.309818,9.670133],[1.314181,9.670798],[1.318544,9.670133],[1.322242,9.668238],[1.324714,9.665401],[1.325581,9.662055],[1.324714,9.658709],[1.322242,9.655873],[1.318544,9.653977],[1.314181,9.653312]]]}},{"type":"Feature","properties":{"civic_code":"403-08-001","name":"Sangayinlao","settlement_type":"village","canton_official_code":"D03088269","review_status":"proposed","geometry_role":"non_authoritative_settlement_reference_extent","source":"paired-settlement-reference-extents/settlement-aware-reference-extents.geojson","commune_official_code":"D03088","official_code":"D03088"},"geometry":{"type":"Polygon","coordinates":[[[1.298948,9.578363],[1.296595,9.579569],[1.295022,9.581373],[1.29447,9.583502],[1.295022,9.585631],[1.296595,9.587435],[1.298948,9.588641],[1.301725,9.589065],[1.304501,9.588641],[1.306855,9.587435],[1.308427,9.585631],[1.30898,9.583502],[1.308427,9.581373],[1.306855,9.579569],[1.304501,9.578363],[1.301725,9.577939],[1.298948,9.578363]]]}},{"type":"Feature","properties":{"civic_code":"404-02-002","name":"Koumer","settlement_type":"village","canton_official_code":"D04089274","review_status":"proposed","geometry_role":"non_authoritative_settlement_reference_extent","source":"paired-settlement-reference-extents/settlement-aware-reference-extents.geojson","commune_official_code":"D04089","official_code":"D04089"},"geometry":{"type":"Polygon","coordinates":[[[0.594458,9.729618],[0.591681,9.729194],[0.588905,9.729618],[0.586551,9.730824],[0.584979,9.732629],[0.584426,9.734759],[0.584979,9.736889],[0.586551,9.738694],[0.588905,9.739901],[0.591681,9.740324],[0.594458,9.739901],[0.596811,9.738694],[0.598384,9.736889],[0.598936,9.734759],[0.598384,9.732629],[0.596811,9.730824],[0.594458,9.729618]]]}},{"type":"Feature","properties":{"civic_code":"404-02-003","name":"Koupassassi","settlement_type":"village","canton_official_code":"D04089274","review_status":"proposed","geometry_role":"non_authoritative_settlement_reference_extent","source":"paired-settlement-reference-extents/settlement-aware-reference-extents.geojson","commune_official_code":"D04089","official_code":"D04089"},"geometry":{"type":"Polygon","coordinates":[[[0.672624,9.721438],[0.669848,9.721862],[0.667494,9.723068],[0.665921,9.724873],[0.665369,9.727003],[0.665921,9.729133],[0.667494,9.730938],[0.669848,9.732144],[0.672624,9.732568],[0.6754,9.732144],[0.677754,9.730938],[0.679327,9.729133],[0.679879,9.727003],[0.679327,9.724873],[0.677754,9.723068],[0.6754,9.721862],[0.672624,9.721438]]]}},{"type":"Feature","properties":{"civic_code":"404-03-001","name":"Katchamba","settlement_type":"village","canton_official_code":"D04089273","review_status":"proposed","geometry_role":"non_authoritative_settlement_reference_extent","source":"paired-settlement-reference-extents/settlement-aware-reference-extents.geojson","commune_official_code":"D04089","official_code":"D04089"},"geometry":{"type":"Polygon","coordinates":[[[0.526914,9.878603],[0.523216,9.8805],[0.520744,9.883338],[0.519876,9.886686],[0.520744,9.890034],[0.523216,9.892873],[0.526914,9.894769],[0.531277,9.895435],[0.53564,9.894769],[0.539338,9.892873],[0.54181,9.890034],[0.542678,9.886686],[0.54181,9.883338],[0.539338,9.8805],[0.53564,9.878603],[0.531277,9.877937],[0.526914,9.878603]]]}},{"type":"Feature","properties":{"civic_code":"404-04-005","name":"Kloubal","settlement_type":"village","canton_official_code":null,"review_status":"proposed","geometry_role":"non_authoritative_settlement_reference_extent","source":"paired-settlement-reference-extents/settlement-aware-reference-extents.geojson","commune_official_code":"D04089","official_code":"D04089"},"geometry":{"type":"Polygon","coordinates":[[[0.600812,9.75874],[0.598458,9.759947],[0.596886,9.761752],[0.596333,9.763882],[0.596886,9.766012],[0.597056,9.766208],[0.603262,9.761995],[0.602557,9.76929],[0.603588,9.769448],[0.606365,9.769024],[0.608718,9.767818],[0.610291,9.766012],[0.610843,9.763882],[0.610291,9.761752],[0.608718,9.759947],[0.606365,9.75874],[0.603588,9.758317],[0.600812,9.75874]]]}},{"type":"Feature","properties":{"civic_code":"404-02-001","name":"Guérin-Kouka","settlement_type":"town","canton_official_code":"D04089274","review_status":"proposed","geometry_role":"non_authoritative_settlement_reference_extent","source":"paired-settlement-reference-extents/settlement-aware-reference-extents.geojson","commune_official_code":"D04089","official_code":"D04089"},"geometry":{"type":"Polygon","coordinates":[[[0.589762,9.681837],[0.588027,9.688529],[0.589762,9.695221],[0.594705,9.700895],[0.602102,9.704686],[0.610828,9.706017],[0.619554,9.704686],[0.626951,9.700895],[0.631894,9.695221],[0.633629,9.688529],[0.631894,9.681837],[0.626951,9.676163],[0.619554,9.672373],[0.610828,9.671042],[0.602102,9.672373],[0.594705,9.676163],[0.589762,9.681837]]]}},{"type":"Feature","properties":{"civic_code":"404-06-001","name":"Kpongode","settlement_type":"village","canton_official_code":null,"review_status":"proposed","geometry_role":"non_authoritative_settlement_reference_extent","source":"paired-settlement-reference-extents/settlement-aware-reference-extents.geojson","commune_official_code":"D04090","official_code":"D04090"},"geometry":{"type":"Polygon","coordinates":[[[0.789823,9.657503],[0.787469,9.656297],[0.784693,9.655873],[0.781916,9.656297],[0.779563,9.657503],[0.77799,9.659308],[0.777438,9.661437],[0.77799,9.663566],[0.779563,9.665371],[0.781916,9.666577],[0.784693,9.667001],[0.787469,9.666577],[0.789823,9.665371],[0.791395,9.663566],[0.791948,9.661437],[0.791395,9.659308],[0.789823,9.657503]]]}},{"type":"Feature","properties":{"civic_code":"404-07-001","name":"Garimbom","settlement_type":"village","canton_official_code":"D04090276","review_status":"proposed","geometry_role":"non_authoritative_settlement_reference_extent","source":"paired-settlement-reference-extents/settlement-aware-reference-extents.geojson","commune_official_code":"D04090","official_code":"D04090"},"geometry":{"type":"Polygon","coordinates":[[[0.76343,9.741628],[0.760653,9.742051],[0.7583,9.743258],[0.758129,9.743454],[0.756725,9.746574],[0.76976,9.74975],[0.770132,9.749323],[0.770685,9.747193],[0.770132,9.745063],[0.76856,9.743258],[0.766206,9.742051],[0.76343,9.741628]]]}},{"type":"Feature","properties":{"civic_code":"404-07-003","name":"Tipoul","settlement_type":"village","canton_official_code":null,"review_status":"proposed","geometry_role":"non_authoritative_settlement_reference_extent","source":"paired-settlement-reference-extents/settlement-aware-reference-extents.geojson","commune_official_code":"D04090","official_code":"D04090"},"geometry":{"type":"Polygon","coordinates":[[[0.763392,9.707154],[0.760616,9.707578],[0.758262,9.708784],[0.75669,9.710589],[0.756137,9.712719],[0.75669,9.714848],[0.758262,9.716654],[0.760616,9.71786],[0.763392,9.718284],[0.766169,9.71786],[0.768522,9.716654],[0.770095,9.714848],[0.770647,9.712719],[0.770095,9.710589],[0.768522,9.708784],[0.766169,9.707578],[0.763392,9.707154]]]}},{"type":"Feature","properties":{"civic_code":"404-07-002","name":"Namon","settlement_type":"town","canton_official_code":"D04090276","review_status":"proposed","geometry_role":"non_authoritative_settlement_reference_extent","source":"paired-settlement-reference-extents/settlement-aware-reference-extents.geojson","commune_official_code":"D04090","official_code":"D04090"},"geometry":{"type":"Polygon","coordinates":[[[0.79361,9.71558],[0.788668,9.721254],[0.786932,9.727947],[0.788668,9.734641],[0.79361,9.740315],[0.801008,9.744106],[0.809733,9.745438],[0.818459,9.744106],[0.825856,9.740315],[0.830799,9.734641],[0.832534,9.727947],[0.830799,9.721254],[0.825856,9.71558],[0.818459,9.711789],[0.809733,9.710458],[0.801008,9.711789],[0.79361,9.71558]]]}},{"type":"Feature","properties":{"civic_code":"404-01-002","name":"Kpatchile","settlement_type":"village","canton_official_code":"D04091281","review_status":"proposed","geometry_role":"non_authoritative_settlement_reference_extent","source":"paired-settlement-reference-extents/settlement-aware-reference-extents.geojson","commune_official_code":"D04091","official_code":"D04091"},"geometry":{"type":"Polygon","coordinates":[[[0.583498,9.531276],[0.580721,9.530852],[0.577945,9.531276],[0.575591,9.532481],[0.574019,9.534286],[0.573466,9.536414],[0.574019,9.538543],[0.575591,9.540347],[0.577945,9.541553],[0.580721,9.541976],[0.583498,9.541553],[0.585851,9.540347],[0.587424,9.538543],[0.587976,9.536414],[0.587424,9.534286],[0.585851,9.532481],[0.583498,9.531276]]]}},{"type":"Feature","properties":{"civic_code":"404-04-002","name":"Djapoutando","settlement_type":"village","canton_official_code":"D04091283","review_status":"proposed","geometry_role":"non_authoritative_settlement_reference_extent","source":"paired-settlement-reference-extents/settlement-aware-reference-extents.geojson","commune_official_code":"D04091","official_code":"D04091"},"geometry":{"type":"Polygon","coordinates":[[[0.461261,9.797467],[0.458484,9.797891],[0.456131,9.799098],[0.454558,9.800903],[0.454006,9.803033],[0.454558,9.805164],[0.456131,9.806969],[0.458484,9.808176],[0.461261,9.8086],[0.464037,9.808176],[0.466391,9.806969],[0.467963,9.805164],[0.468516,9.803033],[0.467963,9.800903],[0.466391,9.799098],[0.464037,9.797891],[0.461261,9.797467]]]}},{"type":"Feature","properties":{"civic_code":"404-04-003","name":"Kidjaboun","settlement_type":"village","canton_official_code":"D04091283","review_status":"proposed","geometry_role":"non_authoritative_settlement_reference_extent","source":"paired-settlement-reference-extents/settlement-aware-reference-extents.geojson","commune_official_code":"D04091","official_code":"D04091"},"geometry":{"type":"Polygon","coordinates":[[[0.462792,9.776991],[0.460438,9.778197],[0.458866,9.780003],[0.458313,9.782133],[0.458866,9.784263],[0.460438,9.786069],[0.462792,9.787275],[0.465568,9.787699],[0.468345,9.787275],[0.470698,9.786069],[0.472271,9.784263],[0.472823,9.782133],[0.472271,9.780003],[0.470698,9.778197],[0.468345,9.776991],[0.465568,9.776567],[0.462792,9.776991]]]}},{"type":"Feature","properties":{"civic_code":"404-04-008","name":"Nada","settlement_type":"village","canton_official_code":"D04091283","review_status":"proposed","geometry_role":"non_authoritative_settlement_reference_extent","source":"paired-settlement-reference-extents/settlement-aware-reference-extents.geojson","commune_official_code":"D04091","official_code":"D04091"},"geometry":{"type":"Polygon","coordinates":[[[0.453374,9.777181],[0.451801,9.778987],[0.451249,9.781117],[0.451801,9.783247],[0.453374,9.785052],[0.455728,9.786259],[0.458504,9.786682],[0.460917,9.786314],[0.460438,9.786069],[0.458866,9.784263],[0.458313,9.782133],[0.458866,9.780003],[0.460438,9.778197],[0.462792,9.776991],[0.463155,9.776936],[0.46128,9.775974],[0.458504,9.775551],[0.455728,9.775974],[0.453374,9.777181]]]}},{"type":"Feature","properties":{"civic_code":"404-04-012","name":"Nawakou","settlement_type":"village","canton_official_code":"D04091283","review_status":"proposed","geometry_role":"non_authoritative_settlement_reference_extent","source":"paired-settlement-reference-extents/settlement-aware-reference-extents.geojson","commune_official_code":"D04091","official_code":"D04091"},"geometry":{"type":"Polygon","coordinates":[[[0.475505,9.879661],[0.474953,9.881792],[0.475505,9.883922],[0.477078,9.885729],[0.479432,9.886936],[0.482208,9.887359],[0.484984,9.886936],[0.487338,9.885729],[0.488911,9.883922],[0.489463,9.881792],[0.488911,9.879661],[0.487338,9.877855],[0.484984,9.876648],[0.482208,9.876224],[0.479432,9.876648],[0.477078,9.877855],[0.475505,9.879661]]]}},{"type":"Feature","properties":{"civic_code":"404-04-015","name":"Sadjalé","settlement_type":"village","canton_official_code":"D04091283","review_status":"proposed","geometry_role":"non_authoritative_settlement_reference_extent","source":"paired-settlement-reference-extents/settlement-aware-reference-extents.geojson","commune_official_code":"D04091","official_code":"D04091"},"geometry":{"type":"Polygon","coordinates":[[[0.344537,9.792154],[0.345089,9.794284],[0.346662,9.79609],[0.349016,9.797297],[0.351792,9.79772],[0.354568,9.797297],[0.356922,9.79609],[0.358495,9.794284],[0.359047,9.792154],[0.358495,9.790024],[0.356922,9.788219],[0.354568,9.787012],[0.351792,9.786588],[0.349016,9.787012],[0.346662,9.788219],[0.345089,9.790024],[0.344537,9.792154]]]}},{"type":"Feature","properties":{"civic_code":"404-04-018","name":"Téma","settlement_type":"village","canton_official_code":"D04091283","review_status":"proposed","geometry_role":"non_authoritative_settlement_reference_extent","source":"paired-settlement-reference-extents/settlement-aware-reference-extents.geojson","commune_official_code":"D04091","official_code":"D04091"},"geometry":{"type":"Polygon","coordinates":[[[0.506298,9.825742],[0.507871,9.827548],[0.510224,9.828755],[0.513001,9.829178],[0.515777,9.828755],[0.518131,9.827548],[0.519703,9.825742],[0.520256,9.823612],[0.519703,9.821482],[0.518131,9.819676],[0.515777,9.818469],[0.513001,9.818045],[0.510224,9.818469],[0.507871,9.819676],[0.506298,9.821482],[0.505746,9.823612],[0.506298,9.825742]]]}},{"type":"Feature","properties":{"civic_code":"404-08-001","name":"Djampil","settlement_type":"village","canton_official_code":"D04091280","review_status":"proposed","geometry_role":"non_authoritative_settlement_reference_extent","source":"paired-settlement-reference-extents/settlement-aware-reference-extents.geojson","commune_official_code":"D04091","official_code":"D04091"},"geometry":{"type":"Polygon","coordinates":[[[0.499322,9.663911],[0.501676,9.665117],[0.504452,9.665541],[0.507228,9.665117],[0.509582,9.663911],[0.511155,9.662106],[0.511707,9.659977],[0.511155,9.657847],[0.509582,9.656042],[0.507228,9.654836],[0.504452,9.654413],[0.501676,9.654836],[0.499322,9.656042],[0.497749,9.657847],[0.497197,9.659977],[0.497749,9.662106],[0.499322,9.663911]]]}},{"type":"Feature","properties":{"civic_code":"404-08-002","name":"Koukou boun","settlement_type":"village","canton_official_code":"D04091280","review_status":"proposed","geometry_role":"non_authoritative_settlement_reference_extent","source":"paired-settlement-reference-extents/settlement-aware-reference-extents.geojson","commune_official_code":"D04091","official_code":"D04091"},"geometry":{"type":"Polygon","coordinates":[[[0.623671,9.637719],[0.62588,9.631232],[0.627589,9.627219],[0.627509,9.627178],[0.624733,9.626754],[0.621956,9.627178],[0.619603,9.628384],[0.61803,9.630188],[0.617478,9.632317],[0.61803,9.634447],[0.619603,9.636251],[0.621956,9.637457],[0.623671,9.637719]]]}},{"type":"Feature","properties":{"civic_code":"404-08-003","name":"Koulamon","settlement_type":"village","canton_official_code":null,"review_status":"proposed","geometry_role":"non_authoritative_settlement_reference_extent","source":"paired-settlement-reference-extents/settlement-aware-reference-extents.geojson","commune_official_code":"D04091","official_code":"D04091"},"geometry":{"type":"Polygon","coordinates":[[[0.389396,9.690624],[0.392172,9.691047],[0.394948,9.690624],[0.397302,9.689418],[0.397704,9.688956],[0.398406,9.686998],[0.398421,9.686291],[0.398145,9.684839],[0.398236,9.684271],[0.398607,9.683497],[0.398661,9.683109],[0.397302,9.681548],[0.394948,9.680342],[0.392172,9.679919],[0.389396,9.680342],[0.387042,9.681548],[0.385469,9.683354],[0.384917,9.685483],[0.385469,9.687612],[0.387042,9.689418],[0.389396,9.690624]]]}},{"type":"Feature","properties":{"civic_code":"404-08-004","name":"Mabode","settlement_type":"village","canton_official_code":"D04091280","review_status":"proposed","geometry_role":"non_authoritative_settlement_reference_extent","source":"paired-settlement-reference-extents/settlement-aware-reference-extents.geojson","commune_official_code":"D04091","official_code":"D04091"},"geometry":{"type":"Polygon","coordinates":[[[0.559803,9.645423],[0.562157,9.644217],[0.563729,9.642412],[0.564282,9.640283],[0.563729,9.638154],[0.562157,9.636349],[0.559803,9.635143],[0.557027,9.63472],[0.55425,9.635143],[0.551897,9.636349],[0.550324,9.638154],[0.549772,9.640283],[0.550324,9.642412],[0.551897,9.644217],[0.55425,9.645423],[0.557027,9.645847],[0.559803,9.645423]]]}},{"type":"Feature","properties":{"civic_code":"404-08-005","name":"Wadjado","settlement_type":"village","canton_official_code":"D04091280","review_status":"proposed","geometry_role":"non_authoritative_settlement_reference_extent","source":"paired-settlement-reference-extents/settlement-aware-reference-extents.geojson","commune_official_code":"D04091","official_code":"D04091"},"geometry":{"type":"Polygon","coordinates":[[[0.533132,9.65704],[0.534704,9.655235],[0.535257,9.653106],[0.534704,9.650977],[0.533132,9.649172],[0.530778,9.647966],[0.528002,9.647542],[0.525225,9.647966],[0.522872,9.649172],[0.521299,9.650977],[0.520747,9.653106],[0.521299,9.655235],[0.522872,9.65704],[0.525225,9.658246],[0.528002,9.65867],[0.530778,9.658246],[0.533132,9.65704]]]}},{"type":"Feature","properties":{"civic_code":"405-01-001","name":"Bontigah","settlement_type":"village","canton_official_code":null,"review_status":"proposed","geometry_role":"non_authoritative_settlement_reference_extent","source":"paired-settlement-reference-extents/settlement-aware-reference-extents.geojson","commune_official_code":"D05092","official_code":"D05092"},"geometry":{"type":"Polygon","coordinates":[[[1.108162,9.762066],[1.105808,9.76086],[1.103031,9.760436],[1.100255,9.76086],[1.097901,9.762066],[1.096329,9.763872],[1.095777,9.766002],[1.096329,9.768132],[1.097901,9.769937],[1.100255,9.771144],[1.103031,9.771567],[1.105808,9.771144],[1.108162,9.769937],[1.109734,9.768132],[1.110286,9.766002],[1.109734,9.763872],[1.108162,9.762066]]]}},{"type":"Feature","properties":{"civic_code":"405-01-003","name":"Douga-eni","settlement_type":"village","canton_official_code":null,"review_status":"proposed","geometry_role":"non_authoritative_settlement_reference_extent","source":"paired-settlement-reference-extents/settlement-aware-reference-extents.geojson","commune_official_code":"D05092","official_code":"D05092"},"geometry":{"type":"Polygon","coordinates":[[[1.114459,9.748465],[1.111682,9.748041],[1.108906,9.748465],[1.106552,9.749671],[1.10498,9.751477],[1.104427,9.753606],[1.10498,9.755736],[1.106552,9.757542],[1.108906,9.758748],[1.111682,9.759172],[1.114459,9.758748],[1.116812,9.757542],[1.118385,9.755736],[1.118937,9.753606],[1.118385,9.751477],[1.116812,9.749671],[1.114459,9.748465]]]}},{"type":"Feature","properties":{"civic_code":"405-06-001","name":"Niamtaragou","settlement_type":"village","canton_official_code":null,"review_status":"proposed","geometry_role":"non_authoritative_settlement_reference_extent","source":"paired-settlement-reference-extents/settlement-aware-reference-extents.geojson","commune_official_code":"D05092","official_code":"D05092"},"geometry":{"type":"Polygon","coordinates":[[[1.110168,9.766457],[1.109734,9.768132],[1.108162,9.769937],[1.105808,9.771144],[1.103031,9.771567],[1.102494,9.771485],[1.102376,9.771941],[1.102928,9.774071],[1.104501,9.775876],[1.106854,9.777083],[1.109631,9.777506],[1.112407,9.777083],[1.114761,9.775876],[1.116333,9.774071],[1.116886,9.771941],[1.116333,9.769811],[1.114761,9.768005],[1.112407,9.766799],[1.110168,9.766457]]]}},{"type":"Feature","properties":{"civic_code":"405-12-001","name":"Konfaga","settlement_type":"village","canton_official_code":null,"review_status":"proposed","geometry_role":"non_authoritative_settlement_reference_extent","source":"paired-settlement-reference-extents/settlement-aware-reference-extents.geojson","commune_official_code":"D05092","official_code":"D05092"},"geometry":{"type":"Polygon","coordinates":[[[1.175214,9.772808],[1.17286,9.774015],[1.171288,9.775821],[1.170735,9.77795],[1.171288,9.78008],[1.17286,9.781886],[1.175214,9.783093],[1.17799,9.783516],[1.180767,9.783093],[1.18312,9.781886],[1.184693,9.78008],[1.185245,9.77795],[1.184693,9.775821],[1.18312,9.774015],[1.180767,9.772808],[1.17799,9.772385],[1.175214,9.772808]]]}},{"type":"Feature","properties":{"civic_code":"405-12-002","name":"Siou","settlement_type":"village","canton_official_code":"D05092284","review_status":"proposed","geometry_role":"non_authoritative_settlement_reference_extent","source":"paired-settlement-reference-extents/settlement-aware-reference-extents.geojson","commune_official_code":"D05092","official_code":"D05092"},"geometry":{"type":"Polygon","coordinates":[[[1.190623,9.819765],[1.189755,9.823112],[1.190623,9.826459],[1.193094,9.829297],[1.196793,9.831194],[1.201156,9.831859],[1.205519,9.831194],[1.209217,9.829297],[1.211689,9.826459],[1.212556,9.823112],[1.211689,9.819765],[1.209217,9.816927],[1.205519,9.815031],[1.201156,9.814365],[1.196793,9.815031],[1.193094,9.816927],[1.190623,9.819765]]]}},{"type":"Feature","properties":{"civic_code":"405-14-001","name":"Centre communautaire Natango","settlement_type":"village","canton_official_code":"D05092287","review_status":"proposed","geometry_role":"non_authoritative_settlement_reference_extent","source":"paired-settlement-reference-extents/settlement-aware-reference-extents.geojson","commune_official_code":"D05092","official_code":"D05092"},"geometry":{"type":"Polygon","coordinates":[[[1.139734,9.833614],[1.140287,9.835745],[1.141859,9.837551],[1.144213,9.838757],[1.146989,9.839181],[1.149766,9.838757],[1.152119,9.837551],[1.153692,9.835745],[1.154244,9.833614],[1.153692,9.831484],[1.152119,9.829678],[1.149766,9.828471],[1.146989,9.828048],[1.144213,9.828471],[1.141859,9.829678],[1.140287,9.831484],[1.139734,9.833614]]]}},{"type":"Feature","properties":{"civic_code":"405-14-002","name":"Djeregou","settlement_type":"village","canton_official_code":"D05092287","review_status":"proposed","geometry_role":"non_authoritative_settlement_reference_extent","source":"paired-settlement-reference-extents/settlement-aware-reference-extents.geojson","commune_official_code":"D05092","official_code":"D05092"},"geometry":{"type":"Polygon","coordinates":[[[1.137993,9.823634],[1.139566,9.82544],[1.14192,9.826647],[1.144696,9.82707],[1.147472,9.826647],[1.149826,9.82544],[1.151399,9.823634],[1.151951,9.821504],[1.151399,9.819374],[1.149826,9.817568],[1.147472,9.816361],[1.144696,9.815937],[1.14192,9.816361],[1.139566,9.817568],[1.137993,9.819374],[1.137441,9.821504],[1.137993,9.823634]]]}},{"type":"Feature","properties":{"civic_code":"405-02-001","name":"Broukou","settlement_type":"village","canton_official_code":"D05093293","review_status":"proposed","geometry_role":"non_authoritative_settlement_reference_extent","source":"paired-settlement-reference-extents/settlement-aware-reference-extents.geojson","commune_official_code":"D05093","official_code":"D05093"},"geometry":{"type":"Polygon","coordinates":[[[0.921649,9.735309],[0.918872,9.734886],[0.916096,9.735309],[0.913742,9.736516],[0.91217,9.738321],[0.911617,9.740451],[0.91217,9.74258],[0.913742,9.744386],[0.916096,9.745592],[0.918872,9.746016],[0.921649,9.745592],[0.924002,9.744386],[0.925575,9.74258],[0.926127,9.740451],[0.925575,9.738321],[0.924002,9.736516],[0.921649,9.735309]]]}},{"type":"Feature","properties":{"civic_code":"405-02-002","name":"Misseouta","settlement_type":"village","canton_official_code":"D05093293","review_status":"proposed","geometry_role":"non_authoritative_settlement_reference_extent","source":"paired-settlement-reference-extents/settlement-aware-reference-extents.geojson","commune_official_code":"D05093","official_code":"D05093"},"geometry":{"type":"Polygon","coordinates":[[[0.89409,9.70889],[0.891314,9.709313],[0.88896,9.710519],[0.887387,9.712325],[0.886835,9.714454],[0.887387,9.716584],[0.88896,9.718389],[0.891314,9.719595],[0.89409,9.720019],[0.896866,9.719595],[0.89922,9.718389],[0.900793,9.716584],[0.901345,9.714454],[0.900793,9.712325],[0.89922,9.710519],[0.896866,9.709313],[0.89409,9.70889]]]}},{"type":"Feature","properties":{"civic_code":"405-05-001","name":"Agbassa","settlement_type":"village","canton_official_code":"D05093294","review_status":"proposed","geometry_role":"non_authoritative_settlement_reference_extent","source":"paired-settlement-reference-extents/settlement-aware-reference-extents.geojson","commune_official_code":"D05093","official_code":"D05093"},"geometry":{"type":"Polygon","coordinates":[[[0.913859,9.777754],[0.911506,9.778961],[0.909933,9.780766],[0.909381,9.782896],[0.909933,9.785026],[0.911506,9.786832],[0.913859,9.788038],[0.916636,9.788462],[0.919412,9.788038],[0.921766,9.786832],[0.923338,9.785026],[0.923891,9.782896],[0.923338,9.780766],[0.921766,9.778961],[0.919412,9.777754],[0.916636,9.77733],[0.913859,9.777754]]]}},{"type":"Feature","properties":{"civic_code":"405-05-002","name":"Kadjala","settlement_type":"village","canton_official_code":"D05093294","review_status":"proposed","geometry_role":"non_authoritative_settlement_reference_extent","source":"paired-settlement-reference-extents/settlement-aware-reference-extents.geojson","commune_official_code":"D05093","official_code":"D05093"},"geometry":{"type":"Polygon","coordinates":[[[0.96984,9.797539],[0.968267,9.799345],[0.967715,9.801475],[0.968267,9.803605],[0.96984,9.805411],[0.972194,9.806617],[0.97497,9.807041],[0.977746,9.806617],[0.9801,9.805411],[0.981673,9.803605],[0.982225,9.801475],[0.981673,9.799345],[0.9801,9.797539],[0.977746,9.796333],[0.97497,9.795909],[0.972194,9.796333],[0.96984,9.797539]]]}},{"type":"Feature","properties":{"civic_code":"405-08-001","name":"Bidjande","settlement_type":"village","canton_official_code":"D05093292","review_status":"proposed","geometry_role":"non_authoritative_settlement_reference_extent","source":"paired-settlement-reference-extents/settlement-aware-reference-extents.geojson","commune_official_code":"D05093","official_code":"D05093"},"geometry":{"type":"Polygon","coordinates":[[[0.907411,9.673087],[0.906859,9.675216],[0.907411,9.677345],[0.908984,9.67915],[0.911338,9.680356],[0.914114,9.68078],[0.91689,9.680356],[0.919244,9.67915],[0.920817,9.677345],[0.921369,9.675216],[0.920817,9.673087],[0.919244,9.671281],[0.91689,9.670075],[0.914114,9.669652],[0.911338,9.670075],[0.908984,9.671281],[0.907411,9.673087]]]}},{"type":"Feature","properties":{"civic_code":"405-13-001","name":"Adjindane","settlement_type":"village","canton_official_code":null,"review_status":"proposed","geometry_role":"non_authoritative_settlement_reference_extent","source":"paired-settlement-reference-extents/settlement-aware-reference-extents.geojson","commune_official_code":"D05093","official_code":"D05093"},"geometry":{"type":"Polygon","coordinates":[[[0.843643,9.832343],[0.843091,9.834473],[0.843643,9.836603],[0.845216,9.838409],[0.84757,9.839616],[0.850346,9.84004],[0.853122,9.839616],[0.855476,9.838409],[0.857049,9.836603],[0.857601,9.834473],[0.857049,9.832343],[0.855476,9.830537],[0.853122,9.82933],[0.850346,9.828906],[0.84757,9.82933],[0.845216,9.830537],[0.843643,9.832343]]]}},{"type":"Feature","properties":{"civic_code":"405-13-002","name":"Nakoko","settlement_type":"village","canton_official_code":null,"review_status":"proposed","geometry_role":"non_authoritative_settlement_reference_extent","source":"paired-settlement-reference-extents/settlement-aware-reference-extents.geojson","commune_official_code":"D05093","official_code":"D05093"},"geometry":{"type":"Polygon","coordinates":[[[0.875186,9.859588],[0.875738,9.861719],[0.877311,9.863525],[0.879664,9.864732],[0.882441,9.865156],[0.885217,9.864732],[0.887571,9.863525],[0.889143,9.861719],[0.889696,9.859588],[0.889143,9.857458],[0.887571,9.855652],[0.885217,9.854445],[0.882441,9.854021],[0.879664,9.854445],[0.877311,9.855652],[0.875738,9.857458],[0.875186,9.859588]]]}},{"type":"Feature","properties":{"civic_code":"406-01-018","name":"Kokou temberma","settlement_type":"village","canton_official_code":"D06094300","review_status":"proposed","geometry_role":"non_authoritative_settlement_reference_extent","source":"paired-settlement-reference-extents/settlement-aware-reference-extents.geojson","commune_official_code":"D06094","official_code":"D06094"},"geometry":{"type":"Polygon","coordinates":[[[0.933887,10.214066],[0.93111,10.213641],[0.928334,10.214066],[0.92598,10.215274],[0.924408,10.217082],[0.923856,10.219215],[0.924408,10.221347],[0.92598,10.223155],[0.928334,10.224364],[0.93111,10.224788],[0.933887,10.224364],[0.936241,10.223155],[0.937813,10.221347],[0.938365,10.219215],[0.937813,10.217082],[0.936241,10.215274],[0.933887,10.214066]]]}},{"type":"Feature","properties":{"civic_code":"406-01-030","name":"Nayoni","settlement_type":"village","canton_official_code":"D06094300","review_status":"proposed","geometry_role":"non_authoritative_settlement_reference_extent","source":"paired-settlement-reference-extents/settlement-aware-reference-extents.geojson","commune_official_code":"D06094","official_code":"D06094"},"geometry":{"type":"Polygon","coordinates":[[[0.902963,10.232765],[0.900187,10.233189],[0.897833,10.234397],[0.896261,10.236205],[0.895708,10.238338],[0.896261,10.240471],[0.897833,10.242279],[0.900187,10.243488],[0.902963,10.243912],[0.90574,10.243488],[0.908093,10.242279],[0.909666,10.240471],[0.910218,10.238338],[0.909666,10.236205],[0.908093,10.234397],[0.90574,10.233189],[0.902963,10.232765]]]}},{"type":"Feature","properties":{"civic_code":"406-08-001","name":"Houkio","settlement_type":"village","canton_official_code":"D06094299","review_status":"proposed","geometry_role":"non_authoritative_settlement_reference_extent","source":"paired-settlement-reference-extents/settlement-aware-reference-extents.geojson","commune_official_code":"D06094","official_code":"D06094"},"geometry":{"type":"Polygon","coordinates":[[[0.854339,10.016364],[0.851986,10.017571],[0.850413,10.019378],[0.849861,10.02151],[0.850413,10.023641],[0.851986,10.025448],[0.854339,10.026656],[0.857116,10.02708],[0.859892,10.026656],[0.862246,10.025448],[0.863818,10.023641],[0.864371,10.02151],[0.863818,10.019378],[0.862246,10.017571],[0.859892,10.016364],[0.857116,10.01594],[0.854339,10.016364]]]}},{"type":"Feature","properties":{"civic_code":"406-08-003","name":"Natchangou","settlement_type":"village","canton_official_code":"D06094299","review_status":"proposed","geometry_role":"non_authoritative_settlement_reference_extent","source":"paired-settlement-reference-extents/settlement-aware-reference-extents.geojson","commune_official_code":"D06094","official_code":"D06094"},"geometry":{"type":"Polygon","coordinates":[[[0.991196,10.000034],[0.989623,10.001841],[0.989071,10.003972],[0.989623,10.006104],[0.991196,10.007911],[0.993549,10.009118],[0.996326,10.009542],[0.999102,10.009118],[1.001456,10.007911],[1.003028,10.006104],[1.003581,10.003972],[1.003028,10.001841],[1.001456,10.000034],[0.999102,9.998827],[0.996326,9.998403],[0.993549,9.998827],[0.991196,10.000034]]]}},{"type":"Feature","properties":{"civic_code":"406-08-004","name":"Sikoute","settlement_type":"village","canton_official_code":"D06094299","review_status":"proposed","geometry_role":"non_authoritative_settlement_reference_extent","source":"paired-settlement-reference-extents/settlement-aware-reference-extents.geojson","commune_official_code":"D06094","official_code":"D06094"},"geometry":{"type":"Polygon","coordinates":[[[0.847694,10.047458],[0.847142,10.04959],[0.847694,10.051722],[0.849267,10.053529],[0.85162,10.054736],[0.854397,10.05516],[0.857173,10.054736],[0.859527,10.053529],[0.861099,10.051722],[0.861652,10.04959],[0.861099,10.047458],[0.859527,10.045651],[0.857173,10.044444],[0.854397,10.04402],[0.85162,10.044444],[0.849267,10.045651],[0.847694,10.047458]]]}},{"type":"Feature","properties":{"civic_code":"406-08-005","name":"Souté-Kokoté","settlement_type":"village","canton_official_code":"D06094299","review_status":"proposed","geometry_role":"non_authoritative_settlement_reference_extent","source":"paired-settlement-reference-extents/settlement-aware-reference-extents.geojson","commune_official_code":"D06094","official_code":"D06094"},"geometry":{"type":"Polygon","coordinates":[[[0.99405,9.954417],[0.994602,9.956548],[0.996175,9.958354],[0.998528,9.959561],[1.001305,9.959985],[1.004081,9.959561],[1.006435,9.958354],[1.008007,9.956548],[1.00856,9.954417],[1.008007,9.952286],[1.006435,9.950479],[1.004081,9.949272],[1.001305,9.948848],[0.998528,9.949272],[0.996175,9.950479],[0.994602,9.952286],[0.99405,9.954417]]]}},{"type":"Feature","properties":{"civic_code":"406-08-002","name":"Kanté","settlement_type":"town","canton_official_code":null,"review_status":"proposed","geometry_role":"non_authoritative_settlement_reference_extent","source":"paired-settlement-reference-extents/settlement-aware-reference-extents.geojson","commune_official_code":"D06094","official_code":"D06094"},"geometry":{"type":"Polygon","coordinates":[[[1.029109,9.955859],[1.030214,9.960121],[1.033359,9.963734],[1.038066,9.966149],[1.043619,9.966997],[1.049172,9.966149],[1.053879,9.963734],[1.057024,9.960121],[1.058129,9.955859],[1.057024,9.951597],[1.053879,9.947984],[1.049172,9.94557],[1.043619,9.944722],[1.038066,9.94557],[1.033359,9.947984],[1.030214,9.951597],[1.029109,9.955859]]]}},{"type":"Feature","properties":{"civic_code":"406-02-001","name":"Ataloté","settlement_type":"village","canton_official_code":"D06095303","review_status":"proposed","geometry_role":"non_authoritative_settlement_reference_extent","source":"paired-settlement-reference-extents/settlement-aware-reference-extents.geojson","commune_official_code":"D06095","official_code":"D06095"},"geometry":{"type":"Polygon","coordinates":[[[0.949601,9.933582],[0.945238,9.932916],[0.940876,9.933582],[0.937177,9.935479],[0.934706,9.938318],[0.933838,9.941666],[0.934706,9.945015],[0.937177,9.947854],[0.940876,9.949751],[0.945238,9.950417],[0.949601,9.949751],[0.9533,9.947854],[0.955602,9.945209],[0.956639,9.941666],[0.955771,9.938318],[0.9533,9.935479],[0.949601,9.933582]]]}},{"type":"Feature","properties":{"civic_code":"406-02-002","name":"Warte ferme","settlement_type":"village","canton_official_code":"D06095303","review_status":"proposed","geometry_role":"non_authoritative_settlement_reference_extent","source":"paired-settlement-reference-extents/settlement-aware-reference-extents.geojson","commune_official_code":"D06095","official_code":"D06095"},"geometry":{"type":"Polygon","coordinates":[[[0.900003,9.874364],[0.897226,9.874788],[0.894873,9.875995],[0.8933,9.877801],[0.892748,9.879931],[0.8933,9.882062],[0.894873,9.883868],[0.897226,9.885075],[0.900003,9.885499],[0.902779,9.885075],[0.905133,9.883868],[0.906705,9.882062],[0.907258,9.879931],[0.906705,9.877801],[0.905133,9.875995],[0.902779,9.874788],[0.900003,9.874364]]]}},{"type":"Feature","properties":{"civic_code":"406-03-001","name":"M'boratchika","settlement_type":"village","canton_official_code":"D06095301","review_status":"proposed","geometry_role":"non_authoritative_settlement_reference_extent","source":"paired-settlement-reference-extents/settlement-aware-reference-extents.geojson","commune_official_code":"D06095","official_code":"D06095"},"geometry":{"type":"Polygon","coordinates":[[[0.705141,9.961416],[0.702787,9.962623],[0.701214,9.96443],[0.700662,9.966561],[0.701214,9.968692],[0.702787,9.970499],[0.705141,9.971706],[0.707917,9.97213],[0.710693,9.971706],[0.713047,9.970499],[0.71462,9.968692],[0.715172,9.966561],[0.71462,9.96443],[0.713047,9.962623],[0.710693,9.961416],[0.707917,9.960992],[0.705141,9.961416]]]}},{"type":"Feature","properties":{"civic_code":"406-06-076","name":"Nadoba","settlement_type":"village","canton_official_code":"D06096304","review_status":"proposed","geometry_role":"non_authoritative_settlement_reference_extent","source":"paired-settlement-reference-extents/settlement-aware-reference-extents.geojson","commune_official_code":"D06096","official_code":"D06096"},"geometry":{"type":"Polygon","coordinates":[[[1.084934,10.130432],[1.080571,10.129766],[1.076208,10.130432],[1.07251,10.13233],[1.070038,10.135171],[1.06917,10.138521],[1.070038,10.141872],[1.07251,10.144713],[1.076208,10.146611],[1.080571,10.147277],[1.084934,10.146611],[1.088632,10.144713],[1.091104,10.141872],[1.091972,10.138521],[1.091104,10.135171],[1.088632,10.13233],[1.084934,10.130432]]]}},{"type":"Feature","properties":{"civic_code":"407-02-001","name":"Tchanadè","settlement_type":"village","canton_official_code":null,"review_status":"proposed","geometry_role":"non_authoritative_settlement_reference_extent","source":"paired-settlement-reference-extents/settlement-aware-reference-extents.geojson","commune_official_code":"D07097","official_code":"D07097"},"geometry":{"type":"Polygon","coordinates":[[[1.181187,9.507963],[1.178833,9.506758],[1.176057,9.506334],[1.173281,9.506758],[1.170927,9.507963],[1.169354,9.509768],[1.168802,9.511896],[1.169354,9.514024],[1.170927,9.515828],[1.173281,9.517034],[1.176057,9.517457],[1.178833,9.517034],[1.181187,9.515828],[1.18276,9.514024],[1.183312,9.511896],[1.18276,9.509768],[1.181187,9.507963]]]}},{"type":"Feature","properties":{"civic_code":"407-03-003","name":"Poudè","settlement_type":"village","canton_official_code":null,"review_status":"proposed","geometry_role":"non_authoritative_settlement_reference_extent","source":"paired-settlement-reference-extents/settlement-aware-reference-extents.geojson","commune_official_code":"D07097","official_code":"D07097"},"geometry":{"type":"Polygon","coordinates":[[[1.187186,9.57823],[1.18441,9.577806],[1.181634,9.57823],[1.17928,9.579436],[1.177707,9.58124],[1.177155,9.583369],[1.177707,9.585498],[1.17928,9.587302],[1.181634,9.588508],[1.18441,9.588932],[1.187186,9.588508],[1.18954,9.587302],[1.191113,9.585498],[1.191665,9.583369],[1.191113,9.58124],[1.18954,9.579436],[1.187186,9.57823]]]}},{"type":"Feature","properties":{"civic_code":"407-07-001","name":"Houloun","settlement_type":"village","canton_official_code":"D07097307","review_status":"proposed","geometry_role":"non_authoritative_settlement_reference_extent","source":"paired-settlement-reference-extents/settlement-aware-reference-extents.geojson","commune_official_code":"D07097","official_code":"D07097"},"geometry":{"type":"Polygon","coordinates":[[[1.230878,9.68051],[1.228524,9.681716],[1.226952,9.683521],[1.226399,9.68565],[1.226952,9.68778],[1.228524,9.689585],[1.230878,9.690791],[1.233654,9.691215],[1.236431,9.690791],[1.238784,9.689585],[1.240357,9.68778],[1.240909,9.68565],[1.240357,9.683521],[1.238784,9.681716],[1.236431,9.68051],[1.233654,9.680086],[1.230878,9.68051]]]}},{"type":"Feature","properties":{"civic_code":"407-07-002","name":"Panalo","settlement_type":"village","canton_official_code":"D07097307","review_status":"proposed","geometry_role":"non_authoritative_settlement_reference_extent","source":"paired-settlement-reference-extents/settlement-aware-reference-extents.geojson","commune_official_code":"D07097","official_code":"D07097"},"geometry":{"type":"Polygon","coordinates":[[[1.264126,9.657297],[1.262554,9.659102],[1.262001,9.661232],[1.262554,9.663361],[1.264126,9.665166],[1.26648,9.666372],[1.269256,9.666796],[1.272033,9.666372],[1.274386,9.665166],[1.275959,9.663361],[1.276511,9.661232],[1.275959,9.659102],[1.274386,9.657297],[1.272033,9.656091],[1.269256,9.655668],[1.26648,9.656091],[1.264126,9.657297]]]}},{"type":"Feature","properties":{"civic_code":"407-08-006","name":"Lama-kpédah","settlement_type":"village","canton_official_code":null,"review_status":"proposed","geometry_role":"non_authoritative_settlement_reference_extent","source":"paired-settlement-reference-extents/settlement-aware-reference-extents.geojson","commune_official_code":"D07097","official_code":"D07097"},"geometry":{"type":"Polygon","coordinates":[[[1.191113,9.585498],[1.18954,9.587302],[1.187186,9.588508],[1.185845,9.588713],[1.18534,9.590656],[1.185893,9.592785],[1.187465,9.59459],[1.189819,9.595795],[1.192595,9.596219],[1.195372,9.595795],[1.197725,9.59459],[1.199298,9.592785],[1.19985,9.590656],[1.199298,9.588527],[1.197725,9.586723],[1.195372,9.585517],[1.192595,9.585093],[1.191161,9.585312],[1.191113,9.585498]]]}},{"type":"Feature","properties":{"civic_code":"407-08-008","name":"Lassa Lao Haut","settlement_type":"village","canton_official_code":"D07097309","review_status":"proposed","geometry_role":"non_authoritative_settlement_reference_extent","source":"paired-settlement-reference-extents/settlement-aware-reference-extents.geojson","commune_official_code":"D07097","official_code":"D07097"},"geometry":{"type":"Polygon","coordinates":[[[1.19099,9.653925],[1.190599,9.654366],[1.192849,9.655519],[1.195625,9.655943],[1.198401,9.655519],[1.200755,9.654313],[1.202328,9.652508],[1.20288,9.650379],[1.202328,9.64825],[1.201774,9.647614],[1.19864,9.648284],[1.196048,9.649893],[1.195121,9.650337],[1.192869,9.652739],[1.192112,9.653376],[1.19099,9.653925]]]}},{"type":"Feature","properties":{"civic_code":"407-08-009","name":"Lassa Samala Haut","settlement_type":"village","canton_official_code":"D07097309","review_status":"proposed","geometry_role":"non_authoritative_settlement_reference_extent","source":"paired-settlement-reference-extents/settlement-aware-reference-extents.geojson","commune_official_code":"D07097","official_code":"D07097"},"geometry":{"type":"Polygon","coordinates":[[[1.206963,9.643709],[1.208535,9.645514],[1.210889,9.64672],[1.213665,9.647143],[1.216442,9.64672],[1.218795,9.645514],[1.220368,9.643709],[1.22092,9.64158],[1.220368,9.639451],[1.218795,9.637646],[1.216442,9.63644],[1.213665,9.636016],[1.210889,9.63644],[1.208535,9.637646],[1.206963,9.639451],[1.20641,9.64158],[1.206963,9.643709]]]}},{"type":"Feature","properties":{"civic_code":"407-11-001","name":"Agnade","settlement_type":"village","canton_official_code":null,"review_status":"proposed","geometry_role":"non_authoritative_settlement_reference_extent","source":"paired-settlement-reference-extents/settlement-aware-reference-extents.geojson","commune_official_code":"D07097","official_code":"D07097"},"geometry":{"type":"Polygon","coordinates":[[[1.202204,9.657488],[1.203777,9.659293],[1.206131,9.660499],[1.208907,9.660923],[1.211683,9.660499],[1.214037,9.659293],[1.21561,9.657488],[1.216162,9.655359],[1.21561,9.65323],[1.214037,9.651425],[1.211683,9.650219],[1.208907,9.649795],[1.206131,9.650219],[1.203777,9.651425],[1.202204,9.65323],[1.201652,9.655359],[1.202204,9.657488]]]}},{"type":"Feature","properties":{"civic_code":"407-11-002","name":"Kaadè","settlement_type":"village","canton_official_code":null,"review_status":"proposed","geometry_role":"non_authoritative_settlement_reference_extent","source":"paired-settlement-reference-extents/settlement-aware-reference-extents.geojson","commune_official_code":"D07097","official_code":"D07097"},"geometry":{"type":"Polygon","coordinates":[[[1.198006,9.66682],[1.200359,9.668026],[1.203136,9.66845],[1.205912,9.668026],[1.208266,9.66682],[1.209838,9.665015],[1.210391,9.662886],[1.209844,9.66078],[1.208907,9.660923],[1.206131,9.660499],[1.203777,9.659293],[1.202198,9.657465],[1.200359,9.657746],[1.198006,9.658952],[1.196433,9.660757],[1.195881,9.662886],[1.196433,9.665015],[1.198006,9.66682]]]}},{"type":"Feature","properties":{"civic_code":"407-11-003","name":"Tchoou","settlement_type":"village","canton_official_code":null,"review_status":"proposed","geometry_role":"non_authoritative_settlement_reference_extent","source":"paired-settlement-reference-extents/settlement-aware-reference-extents.geojson","commune_official_code":"D07097","official_code":"D07097"},"geometry":{"type":"Polygon","coordinates":[[[1.197489,9.657063],[1.194713,9.656639],[1.191937,9.657063],[1.189583,9.658269],[1.189172,9.65874],[1.195443,9.667655],[1.197489,9.667343],[1.198258,9.66695],[1.198006,9.66682],[1.196433,9.665015],[1.195881,9.662886],[1.196433,9.660757],[1.198006,9.658952],[1.199591,9.658139],[1.197489,9.657063]]]}},{"type":"Feature","properties":{"civic_code":"407-08-004","name":"Kara","settlement_type":"city","canton_official_code":null,"review_status":"proposed","geometry_role":"non_authoritative_settlement_reference_extent","source":"paired-settlement-reference-extents/settlement-aware-reference-extents.geojson","commune_official_code":"D07097","official_code":"D07097"},"geometry":{"type":"Polygon","coordinates":[[[1.197745,9.574303],[1.210437,9.572367],[1.221197,9.566855],[1.228386,9.558606],[1.230911,9.548875],[1.228386,9.539145],[1.221197,9.530896],[1.210437,9.525385],[1.197745,9.52345],[1.185053,9.525385],[1.174294,9.530896],[1.167105,9.539145],[1.16458,9.548875],[1.167105,9.558606],[1.174294,9.566855],[1.185053,9.572367],[1.197745,9.574303]]]}},{"type":"Feature","properties":{"civic_code":"407-03-001","name":"Bowou","settlement_type":"village","canton_official_code":"D07098315","review_status":"proposed","geometry_role":"non_authoritative_settlement_reference_extent","source":"paired-settlement-reference-extents/settlement-aware-reference-extents.geojson","commune_official_code":"D07098","official_code":"D07098"},"geometry":{"type":"Polygon","coordinates":[[[1.168636,9.588481],[1.168418,9.588447],[1.165032,9.593681],[1.163337,9.596663],[1.162528,9.598475],[1.163083,9.598759],[1.16586,9.599183],[1.168636,9.598759],[1.17099,9.597553],[1.172562,9.595749],[1.173115,9.59362],[1.172562,9.591491],[1.17099,9.589686],[1.168636,9.588481]]]}},{"type":"Feature","properties":{"civic_code":"407-03-004","name":"Poulou","settlement_type":"village","canton_official_code":"D07098315","review_status":"proposed","geometry_role":"non_authoritative_settlement_reference_extent","source":"paired-settlement-reference-extents/settlement-aware-reference-extents.geojson","commune_official_code":"D07098","official_code":"D07098"},"geometry":{"type":"Polygon","coordinates":[[[1.18152,9.611939],[1.178743,9.612363],[1.17639,9.613569],[1.174817,9.615373],[1.174265,9.617502],[1.174817,9.619631],[1.17639,9.621436],[1.178743,9.622642],[1.18152,9.623066],[1.184296,9.622642],[1.18665,9.621436],[1.188222,9.619631],[1.188775,9.617502],[1.188222,9.615373],[1.18665,9.613569],[1.184296,9.612363],[1.18152,9.611939]]]}},{"type":"Feature","properties":{"civic_code":"407-06-001","name":"Fèhouda","settlement_type":"village","canton_official_code":"D07098311","review_status":"proposed","geometry_role":"non_authoritative_settlement_reference_extent","source":"paired-settlement-reference-extents/settlement-aware-reference-extents.geojson","commune_official_code":"D07098","official_code":"D07098"},"geometry":{"type":"Polygon","coordinates":[[[1.216,9.690272],[1.213647,9.691479],[1.212074,9.693284],[1.211522,9.695413],[1.212074,9.697543],[1.213647,9.699348],[1.216,9.700554],[1.218777,9.700978],[1.221553,9.700554],[1.223907,9.699348],[1.225479,9.697543],[1.226032,9.695413],[1.225479,9.693284],[1.223907,9.691479],[1.221553,9.690272],[1.218777,9.689849],[1.216,9.690272]]]}},{"type":"Feature","properties":{"civic_code":"407-06-002","name":"Kouméa","settlement_type":"village","canton_official_code":"D07098311","review_status":"proposed","geometry_role":"non_authoritative_settlement_reference_extent","source":"paired-settlement-reference-extents/settlement-aware-reference-extents.geojson","commune_official_code":"D07098","official_code":"D07098"},"geometry":{"type":"Polygon","coordinates":[[[1.178423,9.717821],[1.175951,9.720658],[1.175083,9.724005],[1.175622,9.726082],[1.181101,9.731561],[1.182121,9.732084],[1.186484,9.73275],[1.190847,9.732084],[1.194545,9.730188],[1.197017,9.727351],[1.197885,9.724005],[1.197017,9.720658],[1.194545,9.717821],[1.190847,9.715926],[1.186484,9.71526],[1.182121,9.715926],[1.178423,9.717821]]]}},{"type":"Feature","properties":{"civic_code":"407-09-001","name":"Pya","settlement_type":"village","canton_official_code":"D07098313","review_status":"proposed","geometry_role":"non_authoritative_settlement_reference_extent","source":"paired-settlement-reference-extents/settlement-aware-reference-extents.geojson","commune_official_code":"D07098","official_code":"D07098"},"geometry":{"type":"Polygon","coordinates":[[[1.139518,9.664155],[1.138651,9.667501],[1.139518,9.670847],[1.14199,9.673684],[1.145688,9.675579],[1.150051,9.676245],[1.154414,9.675579],[1.158113,9.673684],[1.160584,9.670847],[1.161452,9.667501],[1.160584,9.664155],[1.158113,9.661319],[1.154414,9.659423],[1.150051,9.658758],[1.145688,9.659423],[1.14199,9.661319],[1.139518,9.664155]]]}},{"type":"Feature","properties":{"civic_code":"407-10-001","name":"Pesside","settlement_type":"village","canton_official_code":"D07098316","review_status":"proposed","geometry_role":"non_authoritative_settlement_reference_extent","source":"paired-settlement-reference-extents/settlement-aware-reference-extents.geojson","commune_official_code":"D07098","official_code":"D07098"},"geometry":{"type":"Polygon","coordinates":[[[0.949033,9.639797],[0.949585,9.641926],[0.949729,9.64209],[0.952554,9.642575],[0.954579,9.643776],[0.955421,9.645228],[0.956288,9.64536],[0.959064,9.644937],[0.961418,9.643731],[0.96299,9.641926],[0.963543,9.639797],[0.96299,9.637668],[0.961418,9.635863],[0.959064,9.634657],[0.956288,9.634233],[0.953511,9.634657],[0.951158,9.635863],[0.949585,9.637668],[0.949033,9.639797]]]}},{"type":"Feature","properties":{"civic_code":"407-12-001","name":"Tcharè","settlement_type":"village","canton_official_code":"D07098312","review_status":"proposed","geometry_role":"non_authoritative_settlement_reference_extent","source":"paired-settlement-reference-extents/settlement-aware-reference-extents.geojson","commune_official_code":"D07098","official_code":"D07098"},"geometry":{"type":"Polygon","coordinates":[[[1.181628,9.664111],[1.184404,9.664535],[1.18718,9.664111],[1.189534,9.662905],[1.190954,9.661275],[1.188088,9.6572],[1.184078,9.653457],[1.181628,9.65383],[1.179274,9.655036],[1.177701,9.656842],[1.177149,9.658971],[1.177701,9.6611],[1.179274,9.662905],[1.181628,9.664111]]]}},{"type":"Feature","properties":{"civic_code":"407-13-001","name":"BOU","settlement_type":"village","canton_official_code":"D07098314","review_status":"proposed","geometry_role":"non_authoritative_settlement_reference_extent","source":"paired-settlement-reference-extents/settlement-aware-reference-extents.geojson","commune_official_code":"D07098","official_code":"D07098"},"geometry":{"type":"Polygon","coordinates":[[[1.135804,9.628596],[1.139503,9.630491],[1.143865,9.631157],[1.148228,9.630491],[1.151927,9.628596],[1.154398,9.62576],[1.155266,9.622414],[1.154398,9.619069],[1.151927,9.616233],[1.148228,9.614337],[1.143865,9.613672],[1.139503,9.614337],[1.135804,9.616233],[1.133333,9.619069],[1.132465,9.622414],[1.133333,9.62576],[1.135804,9.628596]]]}},{"type":"Feature","properties":{"civic_code":"407-13-003","name":"Haze","settlement_type":"village","canton_official_code":"D07098314","review_status":"proposed","geometry_role":"non_authoritative_settlement_reference_extent","source":"paired-settlement-reference-extents/settlement-aware-reference-extents.geojson","commune_official_code":"D07098","official_code":"D07098"},"geometry":{"type":"Polygon","coordinates":[[[1.139103,9.640064],[1.144831,9.63971],[1.153391,9.640782],[1.156712,9.641682],[1.158322,9.639833],[1.15919,9.636488],[1.158322,9.633142],[1.155851,9.630306],[1.152096,9.628402],[1.151927,9.628596],[1.148228,9.630491],[1.143865,9.631157],[1.139559,9.6305],[1.137257,9.633142],[1.136389,9.636488],[1.137257,9.639833],[1.137901,9.640573],[1.139103,9.640064]]]}},{"type":"Feature","properties":{"civic_code":"407-13-004","name":"Kigbeling","settlement_type":"village","canton_official_code":"D07098314","review_status":"proposed","geometry_role":"non_authoritative_settlement_reference_extent","source":"paired-settlement-reference-extents/settlement-aware-reference-extents.geojson","commune_official_code":"D07098","official_code":"D07098"},"geometry":{"type":"MultiPolygon","coordinates":[[[[1.139559,9.6305],[1.143865,9.631157],[1.139559,9.6305]]],[[[1.137257,9.633142],[1.139559,9.6305],[1.135804,9.628596],[1.133333,9.62576],[1.132589,9.622894],[1.129656,9.624397],[1.127184,9.627233],[1.126316,9.630579],[1.127184,9.633925],[1.129656,9.636761],[1.133354,9.638656],[1.1371,9.639227],[1.136389,9.636488],[1.137257,9.633142]]]]}},{"type":"Feature","properties":{"civic_code":"407-14-001","name":"Yadè","settlement_type":"village","canton_official_code":"D07098317","review_status":"proposed","geometry_role":"non_authoritative_settlement_reference_extent","source":"paired-settlement-reference-extents/settlement-aware-reference-extents.geojson","commune_official_code":"D07098","official_code":"D07098"},"geometry":{"type":"Polygon","coordinates":[[[1.153944,9.614299],[1.156591,9.610468],[1.159161,9.605608],[1.15857,9.605306],[1.155793,9.604882],[1.153017,9.605306],[1.150663,9.606511],[1.149091,9.608316],[1.148538,9.610445],[1.149091,9.612574],[1.150663,9.614379],[1.153017,9.615585],[1.153069,9.615593],[1.153944,9.614299]]]}},{"type":"Feature","properties":{"civic_code":"407-01-001","name":"Atchangbadè","settlement_type":"village","canton_official_code":"D07100321","review_status":"proposed","geometry_role":"non_authoritative_settlement_reference_extent","source":"paired-settlement-reference-extents/settlement-aware-reference-extents.geojson","commune_official_code":"D07100","official_code":"D07100"},"geometry":{"type":"Polygon","coordinates":[[[1.134063,9.468576],[1.1297,9.469242],[1.126001,9.471136],[1.12353,9.473971],[1.122662,9.477315],[1.12353,9.480659],[1.126001,9.483494],[1.1297,9.485389],[1.134063,9.486054],[1.138426,9.485389],[1.142124,9.483494],[1.144596,9.480659],[1.144768,9.479993],[1.138872,9.476768],[1.140585,9.470348],[1.138426,9.469242],[1.134063,9.468576]]]}},{"type":"Feature","properties":{"civic_code":"407-05-001","name":"Djamdè","settlement_type":"village","canton_official_code":"D07100320","review_status":"proposed","geometry_role":"non_authoritative_settlement_reference_extent","source":"paired-settlement-reference-extents/settlement-aware-reference-extents.geojson","commune_official_code":"D07100","official_code":"D07100"},"geometry":{"type":"Polygon","coordinates":[[[1.045209,9.501983],[1.040846,9.502648],[1.037147,9.504543],[1.034676,9.507378],[1.033808,9.510722],[1.034676,9.514067],[1.037147,9.516902],[1.040846,9.518797],[1.045209,9.519462],[1.049572,9.518797],[1.05327,9.516902],[1.055742,9.514067],[1.056609,9.510722],[1.055742,9.507378],[1.05327,9.504543],[1.049572,9.502648],[1.045209,9.501983]]]}},{"type":"Feature","properties":{"civic_code":"407-05-002","name":"Djamde-Kawa","settlement_type":"village","canton_official_code":"D07100320","review_status":"proposed","geometry_role":"non_authoritative_settlement_reference_extent","source":"paired-settlement-reference-extents/settlement-aware-reference-extents.geojson","commune_official_code":"D07100","official_code":"D07100"},"geometry":{"type":"Polygon","coordinates":[[[0.995125,9.479685],[0.992771,9.48089],[0.991198,9.482694],[0.990646,9.484822],[0.991198,9.486951],[0.992771,9.488755],[0.995125,9.48996],[0.997901,9.490384],[1.000677,9.48996],[1.003031,9.488755],[1.004604,9.486951],[1.005156,9.484822],[1.004604,9.482694],[1.003031,9.48089],[1.000677,9.479685],[0.997901,9.479261],[0.995125,9.479685]]]}},{"type":"Feature","properties":{"civic_code":"501-02-002","name":"Cinkassé","settlement_type":"town","canton_official_code":null,"review_status":"proposed","geometry_role":"non_authoritative_settlement_reference_extent","source":"paired-settlement-reference-extents/settlement-aware-reference-extents.geojson","commune_official_code":"E01101","official_code":"E01101"},"geometry":{"type":"Polygon","coordinates":[[[0.03185,11.08865],[0.024453,11.084842],[0.015727,11.083505],[0.01362,11.083828],[0.012771,11.086516],[0.007822,11.097651],[-0.000553,11.103235],[-0.005056,11.105256],[-0.005914,11.105563],[-0.005338,11.107792],[-0.002767,11.110756],[-0.00098,11.110054],[0.00171,11.110345],[0.004982,11.111797],[0.012325,11.112378],[0.037103,11.10659],[0.038528,11.10107],[0.036793,11.094348],[0.03185,11.08865]]]}},{"type":"Feature","properties":{"civic_code":"501-03-001","name":"Gouloungoussi","settlement_type":"town","canton_official_code":"E01101322","review_status":"proposed","geometry_role":"non_authoritative_settlement_reference_extent","source":"paired-settlement-reference-extents/settlement-aware-reference-extents.geojson","commune_official_code":"E01101","official_code":"E01101"},"geometry":{"type":"Polygon","coordinates":[[[-0.119885,11.105239],[-0.124828,11.110938],[-0.126563,11.11766],[-0.124828,11.124382],[-0.119885,11.130081],[-0.113889,11.133168],[-0.085423,11.127247],[-0.096362,11.111306],[-0.104653,11.10592],[-0.1058,11.100406],[-0.112488,11.101431],[-0.119885,11.105239]]]}},{"type":"Feature","properties":{"civic_code":"501-01-001","name":"Biankouri","settlement_type":"village","canton_official_code":"E01102326","review_status":"proposed","geometry_role":"non_authoritative_settlement_reference_extent","source":"paired-settlement-reference-extents/settlement-aware-reference-extents.geojson","commune_official_code":"E01102","official_code":"E01102"},"geometry":{"type":"Polygon","coordinates":[[[0.057083,11.01108],[0.05272,11.010412],[0.048357,11.01108],[0.044659,11.012984],[0.042188,11.015832],[0.04132,11.019192],[0.042188,11.022552],[0.044659,11.025401],[0.048357,11.027304],[0.05272,11.027972],[0.057083,11.027304],[0.060782,11.025401],[0.063253,11.022552],[0.064121,11.019192],[0.063253,11.015832],[0.060782,11.012984],[0.057083,11.01108]]]}},{"type":"Feature","properties":{"civic_code":"501-01-003","name":"Gnakpoung","settlement_type":"village","canton_official_code":null,"review_status":"proposed","geometry_role":"non_authoritative_settlement_reference_extent","source":"paired-settlement-reference-extents/settlement-aware-reference-extents.geojson","commune_official_code":"E01102","official_code":"E01102"},"geometry":{"type":"Polygon","coordinates":[[[0.085477,11.008999],[0.082701,11.008573],[0.079924,11.008999],[0.077571,11.01021],[0.075998,11.012022],[0.075446,11.01416],[0.075998,11.016299],[0.077571,11.018111],[0.079924,11.019323],[0.082701,11.019748],[0.085477,11.019323],[0.087831,11.018111],[0.089403,11.016299],[0.089956,11.01416],[0.089403,11.012022],[0.087831,11.01021],[0.085477,11.008999]]]}},{"type":"Feature","properties":{"civic_code":"501-04-003","name":"Nadjoundi","settlement_type":"village","canton_official_code":"E01102327","review_status":"proposed","geometry_role":"non_authoritative_settlement_reference_extent","source":"paired-settlement-reference-extents/settlement-aware-reference-extents.geojson","commune_official_code":"E01102","official_code":"E01102"},"geometry":{"type":"Polygon","coordinates":[[[0.185133,10.998565],[0.181434,11.000468],[0.178963,11.003317],[0.178095,11.006676],[0.178963,11.010036],[0.181434,11.012885],[0.185133,11.014788],[0.189496,11.015456],[0.193858,11.014788],[0.197557,11.012885],[0.200028,11.010036],[0.200896,11.006676],[0.200028,11.003317],[0.197557,11.000468],[0.193858,10.998565],[0.189496,10.997897],[0.185133,10.998565]]]}},{"type":"Feature","properties":{"civic_code":"501-06-001","name":"Sabnaba","settlement_type":"village","canton_official_code":"E01102329","review_status":"proposed","geometry_role":"non_authoritative_settlement_reference_extent","source":"paired-settlement-reference-extents/settlement-aware-reference-extents.geojson","commune_official_code":"E01102","official_code":"E01102"},"geometry":{"type":"Polygon","coordinates":[[[0.163455,11.067196],[0.161883,11.069009],[0.16133,11.071148],[0.161883,11.073287],[0.163455,11.0751],[0.165809,11.076311],[0.168585,11.076736],[0.171362,11.076311],[0.173715,11.0751],[0.175288,11.073287],[0.17584,11.071148],[0.175288,11.069009],[0.173715,11.067196],[0.171362,11.065985],[0.168585,11.06556],[0.165809,11.065985],[0.163455,11.067196]]]}},{"type":"Feature","properties":{"civic_code":"501-07-001","name":"Garo","settlement_type":"village","canton_official_code":"E01102328","review_status":"proposed","geometry_role":"non_authoritative_settlement_reference_extent","source":"paired-settlement-reference-extents/settlement-aware-reference-extents.geojson","commune_official_code":"E01102","official_code":"E01102"},"geometry":{"type":"Polygon","coordinates":[[[0.063534,11.051209],[0.064085,11.053353],[0.065658,11.055166],[0.068012,11.056377],[0.070788,11.056802],[0.073564,11.056377],[0.075918,11.055166],[0.077491,11.053353],[0.078043,11.051214],[0.077491,11.049076],[0.075918,11.047263],[0.073564,11.046052],[0.073273,11.046007],[0.069708,11.049417],[0.066912,11.050514],[0.063534,11.051209]]]}},{"type":"Feature","properties":{"civic_code":"501-07-003","name":"Timbou","settlement_type":"village","canton_official_code":"E01102328","review_status":"proposed","geometry_role":"non_authoritative_settlement_reference_extent","source":"paired-settlement-reference-extents/settlement-aware-reference-extents.geojson","commune_official_code":"E01102","official_code":"E01102"},"geometry":{"type":"Polygon","coordinates":[[[0.098904,11.038627],[0.099772,11.041987],[0.102243,11.044836],[0.105941,11.046739],[0.106913,11.046888],[0.116229,11.041462],[0.121195,11.0406],[0.121705,11.038627],[0.120837,11.035267],[0.118366,11.032418],[0.114667,11.030515],[0.110304,11.029846],[0.105941,11.030515],[0.102243,11.032418],[0.099772,11.035267],[0.098904,11.038627]]]}},{"type":"Feature","properties":{"civic_code":"502-02-001","name":"Blamonga","settlement_type":"village","canton_official_code":"E02103331","review_status":"proposed","geometry_role":"non_authoritative_settlement_reference_extent","source":"paired-settlement-reference-extents/settlement-aware-reference-extents.geojson","commune_official_code":"E02103","official_code":"E02103"},"geometry":{"type":"Polygon","coordinates":[[[0.58039,10.93118],[0.577614,10.930755],[0.574837,10.93118],[0.573521,10.931857],[0.573126,10.932648],[0.573429,10.934162],[0.574943,10.938401],[0.573599,10.940865],[0.574837,10.941502],[0.577614,10.941927],[0.58039,10.941502],[0.582744,10.940291],[0.584316,10.938479],[0.584869,10.936341],[0.584316,10.934203],[0.582744,10.932391],[0.58039,10.93118]]]}},{"type":"Feature","properties":{"civic_code":"502-02-002","name":"Djabdjoare 1","settlement_type":"village","canton_official_code":"E02103331","review_status":"proposed","geometry_role":"non_authoritative_settlement_reference_extent","source":"paired-settlement-reference-extents/settlement-aware-reference-extents.geojson","commune_official_code":"E02103","official_code":"E02103"},"geometry":{"type":"Polygon","coordinates":[[[0.631832,10.937639],[0.629056,10.938064],[0.626702,10.939275],[0.625129,10.941087],[0.624577,10.943225],[0.625129,10.945362],[0.626702,10.947175],[0.629056,10.948386],[0.631832,10.948811],[0.634608,10.948386],[0.636962,10.947175],[0.638535,10.945362],[0.639087,10.943225],[0.638535,10.941087],[0.636962,10.939275],[0.634608,10.938064],[0.631832,10.937639]]]}},{"type":"Feature","properties":{"civic_code":"502-02-003","name":"Djabdjoare 2","settlement_type":"village","canton_official_code":"E02103331","review_status":"proposed","geometry_role":"non_authoritative_settlement_reference_extent","source":"paired-settlement-reference-extents/settlement-aware-reference-extents.geojson","commune_official_code":"E02103","official_code":"E02103"},"geometry":{"type":"Polygon","coordinates":[[[0.617977,10.935491],[0.615623,10.936702],[0.61405,10.938514],[0.613498,10.940652],[0.61405,10.94279],[0.615623,10.944602],[0.617977,10.945813],[0.620753,10.946238],[0.623529,10.945813],[0.625044,10.945033],[0.624577,10.943225],[0.625129,10.941087],[0.626702,10.939275],[0.627541,10.938843],[0.627456,10.938514],[0.625883,10.936702],[0.623529,10.935491],[0.620753,10.935066],[0.617977,10.935491]]]}},{"type":"Feature","properties":{"civic_code":"502-02-005","name":"Koudjouaré","settlement_type":"village","canton_official_code":"E02103331","review_status":"proposed","geometry_role":"non_authoritative_settlement_reference_extent","source":"paired-settlement-reference-extents/settlement-aware-reference-extents.geojson","commune_official_code":"E02103","official_code":"E02103"},"geometry":{"type":"Polygon","coordinates":[[[0.638235,10.9371],[0.636662,10.938912],[0.636615,10.939096],[0.636962,10.939275],[0.638535,10.941087],[0.639087,10.943225],[0.638582,10.945178],[0.640589,10.94621],[0.643365,10.946636],[0.646141,10.94621],[0.648495,10.945],[0.650068,10.943187],[0.65062,10.94105],[0.650068,10.938912],[0.648495,10.9371],[0.646141,10.935889],[0.643365,10.935464],[0.640589,10.935889],[0.638235,10.9371]]]}},{"type":"Feature","properties":{"civic_code":"502-02-008","name":"Nansonga","settlement_type":"village","canton_official_code":"E02103331","review_status":"proposed","geometry_role":"non_authoritative_settlement_reference_extent","source":"paired-settlement-reference-extents/settlement-aware-reference-extents.geojson","commune_official_code":"E02103","official_code":"E02103"},"geometry":{"type":"Polygon","coordinates":[[[0.586103,10.939149],[0.585551,10.941287],[0.586103,10.943424],[0.587676,10.945236],[0.590029,10.946447],[0.592806,10.946873],[0.595582,10.946447],[0.597936,10.945236],[0.599508,10.943424],[0.600061,10.941287],[0.599508,10.939149],[0.597936,10.937337],[0.595582,10.936126],[0.592806,10.935701],[0.590029,10.936126],[0.587676,10.937337],[0.586103,10.939149]]]}},{"type":"Feature","properties":{"civic_code":"502-02-009","name":"Nyanle","settlement_type":"village","canton_official_code":"E02103331","review_status":"proposed","geometry_role":"non_authoritative_settlement_reference_extent","source":"paired-settlement-reference-extents/settlement-aware-reference-extents.geojson","commune_official_code":"E02103","official_code":"E02103"},"geometry":{"type":"Polygon","coordinates":[[[0.651961,10.885774],[0.652513,10.887911],[0.654086,10.889723],[0.65644,10.890934],[0.659216,10.891359],[0.661992,10.890934],[0.664346,10.889723],[0.665919,10.887911],[0.666471,10.885774],[0.665919,10.883637],[0.664346,10.881825],[0.661992,10.880614],[0.659216,10.880189],[0.65644,10.880614],[0.654086,10.881825],[0.652513,10.883637],[0.651961,10.885774]]]}},{"type":"Feature","properties":{"civic_code":"502-02-011","name":"Sanloaga","settlement_type":"village","canton_official_code":"E02103331","review_status":"proposed","geometry_role":"non_authoritative_settlement_reference_extent","source":"paired-settlement-reference-extents/settlement-aware-reference-extents.geojson","commune_official_code":"E02103","official_code":"E02103"},"geometry":{"type":"Polygon","coordinates":[[[0.779818,10.970895],[0.78139,10.972708],[0.783744,10.973919],[0.78652,10.974344],[0.789297,10.973919],[0.79165,10.972708],[0.793223,10.970895],[0.793775,10.968757],[0.793223,10.96662],[0.79165,10.964807],[0.789297,10.963596],[0.78652,10.963171],[0.783744,10.963596],[0.78139,10.964807],[0.779818,10.96662],[0.779265,10.968757],[0.779818,10.970895]]]}},{"type":"Feature","properties":{"civic_code":"502-02-012","name":"Tambima","settlement_type":"village","canton_official_code":"E02103331","review_status":"proposed","geometry_role":"non_authoritative_settlement_reference_extent","source":"paired-settlement-reference-extents/settlement-aware-reference-extents.geojson","commune_official_code":"E02103","official_code":"E02103"},"geometry":{"type":"Polygon","coordinates":[[[0.604203,10.972289],[0.606557,10.9735],[0.609334,10.973925],[0.61211,10.9735],[0.614464,10.972289],[0.616036,10.970477],[0.616588,10.968339],[0.616036,10.966201],[0.614464,10.964389],[0.61211,10.963178],[0.609334,10.962752],[0.606557,10.963178],[0.604203,10.964389],[0.602631,10.966201],[0.602079,10.968339],[0.602631,10.970477],[0.604203,10.972289]]]}},{"type":"Feature","properties":{"civic_code":"502-02-013","name":"Tigou","settlement_type":"village","canton_official_code":"E02103331","review_status":"proposed","geometry_role":"non_authoritative_settlement_reference_extent","source":"paired-settlement-reference-extents/settlement-aware-reference-extents.geojson","commune_official_code":"E02103","official_code":"E02103"},"geometry":{"type":"Polygon","coordinates":[[[0.654504,10.940985],[0.657281,10.941411],[0.660057,10.940985],[0.662411,10.939775],[0.663983,10.937962],[0.664536,10.935825],[0.663983,10.933687],[0.662411,10.931875],[0.660057,10.930664],[0.657281,10.930239],[0.654504,10.930664],[0.652151,10.931875],[0.650578,10.933687],[0.650026,10.935825],[0.650578,10.937962],[0.652151,10.939775],[0.654504,10.940985]]]}},{"type":"Feature","properties":{"civic_code":"502-03-001","name":"Bagré","settlement_type":"village","canton_official_code":"E02103332","review_status":"proposed","geometry_role":"non_authoritative_settlement_reference_extent","source":"paired-settlement-reference-extents/settlement-aware-reference-extents.geojson","commune_official_code":"E02103","official_code":"E02103"},"geometry":{"type":"Polygon","coordinates":[[[0.73765,10.875054],[0.740427,10.874629],[0.74278,10.873418],[0.744353,10.871606],[0.744905,10.869469],[0.744353,10.867332],[0.74278,10.86552],[0.740427,10.86431],[0.73765,10.863884],[0.734874,10.86431],[0.73252,10.86552],[0.730948,10.867332],[0.730395,10.869469],[0.730948,10.871606],[0.73252,10.873418],[0.734874,10.874629],[0.73765,10.875054]]]}},{"type":"Feature","properties":{"civic_code":"502-03-002","name":"Bagré - Tambima","settlement_type":"village","canton_official_code":"E02103332","review_status":"proposed","geometry_role":"non_authoritative_settlement_reference_extent","source":"paired-settlement-reference-extents/settlement-aware-reference-extents.geojson","commune_official_code":"E02103","official_code":"E02103"},"geometry":{"type":"Polygon","coordinates":[[[0.726269,10.88564],[0.728623,10.88443],[0.730195,10.882618],[0.730748,10.880481],[0.730195,10.878343],[0.728623,10.876532],[0.726269,10.875321],[0.723493,10.874896],[0.720716,10.875321],[0.718363,10.876532],[0.71679,10.878343],[0.716238,10.880481],[0.71679,10.882618],[0.718363,10.88443],[0.720716,10.88564],[0.723493,10.886066],[0.726269,10.88564]]]}},{"type":"Feature","properties":{"civic_code":"502-03-003","name":"Bagre-Kouampante","settlement_type":"village","canton_official_code":"E02103332","review_status":"proposed","geometry_role":"non_authoritative_settlement_reference_extent","source":"paired-settlement-reference-extents/settlement-aware-reference-extents.geojson","commune_official_code":"E02103","official_code":"E02103"},"geometry":{"type":"Polygon","coordinates":[[[0.734205,10.894398],[0.735778,10.892586],[0.73633,10.890449],[0.735778,10.888311],[0.734205,10.8865],[0.731852,10.885289],[0.729075,10.884864],[0.72723,10.885146],[0.726269,10.88564],[0.725339,10.885783],[0.723945,10.8865],[0.722373,10.888311],[0.72182,10.890449],[0.722373,10.892586],[0.723945,10.894398],[0.726299,10.895609],[0.729075,10.896034],[0.731852,10.895609],[0.734205,10.894398]]]}},{"type":"Feature","properties":{"civic_code":"502-03-005","name":"Djantchogou","settlement_type":"village","canton_official_code":"E02103332","review_status":"proposed","geometry_role":"non_authoritative_settlement_reference_extent","source":"paired-settlement-reference-extents/settlement-aware-reference-extents.geojson","commune_official_code":"E02103","official_code":"E02103"},"geometry":{"type":"Polygon","coordinates":[[[0.795523,10.948302],[0.797096,10.94649],[0.797648,10.944352],[0.797096,10.942214],[0.795523,10.940402],[0.79317,10.939191],[0.790393,10.938766],[0.787617,10.939191],[0.785263,10.940402],[0.783691,10.942214],[0.783138,10.944352],[0.783691,10.94649],[0.785263,10.948302],[0.787617,10.949513],[0.790443,10.94993],[0.79317,10.949513],[0.795523,10.948302]]]}},{"type":"Feature","properties":{"civic_code":"502-03-006","name":"Djoatou","settlement_type":"village","canton_official_code":"E02103332","review_status":"proposed","geometry_role":"non_authoritative_settlement_reference_extent","source":"paired-settlement-reference-extents/settlement-aware-reference-extents.geojson","commune_official_code":"E02103","official_code":"E02103"},"geometry":{"type":"Polygon","coordinates":[[[0.784044,10.913128],[0.783492,10.910991],[0.781919,10.909179],[0.779566,10.907968],[0.776789,10.907543],[0.774013,10.907968],[0.771659,10.909179],[0.770087,10.910991],[0.769534,10.913128],[0.770087,10.915266],[0.771659,10.917078],[0.774013,10.918289],[0.776789,10.918714],[0.779566,10.918289],[0.781919,10.917078],[0.783492,10.915266],[0.784044,10.913128]]]}},{"type":"Feature","properties":{"civic_code":"502-03-007","name":"Gniengou (AKA : Gningou)","settlement_type":"village","canton_official_code":"E02103332","review_status":"proposed","geometry_role":"non_authoritative_settlement_reference_extent","source":"paired-settlement-reference-extents/settlement-aware-reference-extents.geojson","commune_official_code":"E02103","official_code":"E02103"},"geometry":{"type":"Polygon","coordinates":[[[0.889564,10.907649],[0.888972,10.906967],[0.886618,10.905756],[0.883841,10.905331],[0.881065,10.905756],[0.878711,10.906967],[0.877139,10.908779],[0.876587,10.910916],[0.877139,10.913054],[0.878711,10.914866],[0.881065,10.916076],[0.883841,10.916502],[0.886618,10.916076],[0.888972,10.914866],[0.889068,10.914754],[0.888012,10.91112],[0.889564,10.907649]]]}},{"type":"Feature","properties":{"civic_code":"502-03-011","name":"Lalabiga","settlement_type":"village","canton_official_code":"E02103332","review_status":"proposed","geometry_role":"non_authoritative_settlement_reference_extent","source":"paired-settlement-reference-extents/settlement-aware-reference-extents.geojson","commune_official_code":"E02103","official_code":"E02103"},"geometry":{"type":"Polygon","coordinates":[[[0.8916,10.936373],[0.889246,10.935162],[0.88647,10.934737],[0.883694,10.935162],[0.88134,10.936373],[0.879767,10.938185],[0.879215,10.940323],[0.879767,10.94246],[0.88134,10.944273],[0.883694,10.945484],[0.88647,10.945909],[0.889246,10.945484],[0.8916,10.944273],[0.893173,10.94246],[0.893725,10.940323],[0.893173,10.938185],[0.8916,10.936373]]]}},{"type":"Feature","properties":{"civic_code":"502-03-013","name":"Namoufouali","settlement_type":"village","canton_official_code":"E02103332","review_status":"proposed","geometry_role":"non_authoritative_settlement_reference_extent","source":"paired-settlement-reference-extents/settlement-aware-reference-extents.geojson","commune_official_code":"E02103","official_code":"E02103"},"geometry":{"type":"Polygon","coordinates":[[[0.767142,10.902516],[0.764365,10.902091],[0.761589,10.902516],[0.759235,10.903727],[0.757663,10.905539],[0.75711,10.907677],[0.757663,10.909814],[0.759235,10.911626],[0.761589,10.912837],[0.764365,10.913262],[0.767142,10.912837],[0.769495,10.911626],[0.771068,10.909814],[0.77162,10.907677],[0.771068,10.905539],[0.769495,10.903727],[0.767142,10.902516]]]}},{"type":"Feature","properties":{"civic_code":"502-03-014","name":"Sassiega","settlement_type":"village","canton_official_code":"E02103332","review_status":"proposed","geometry_role":"non_authoritative_settlement_reference_extent","source":"paired-settlement-reference-extents/settlement-aware-reference-extents.geojson","commune_official_code":"E02103","official_code":"E02103"},"geometry":{"type":"Polygon","coordinates":[[[0.780373,10.872482],[0.777596,10.872907],[0.775243,10.874117],[0.77367,10.875929],[0.773118,10.878066],[0.77367,10.880204],[0.775243,10.882016],[0.777596,10.883226],[0.780373,10.883651],[0.783149,10.883226],[0.785503,10.882016],[0.787075,10.880204],[0.787628,10.878066],[0.787075,10.875929],[0.785503,10.874117],[0.783149,10.872907],[0.780373,10.872482]]]}},{"type":"Feature","properties":{"civic_code":"502-03-015","name":"Sougoutangou","settlement_type":"village","canton_official_code":"E02103332","review_status":"proposed","geometry_role":"non_authoritative_settlement_reference_extent","source":"paired-settlement-reference-extents/settlement-aware-reference-extents.geojson","commune_official_code":"E02103","official_code":"E02103"},"geometry":{"type":"Polygon","coordinates":[[[0.821912,10.972886],[0.819558,10.974097],[0.817985,10.975909],[0.817433,10.978047],[0.817985,10.980185],[0.819558,10.981998],[0.821912,10.983209],[0.824688,10.983634],[0.827464,10.983209],[0.829818,10.981998],[0.831391,10.980185],[0.831943,10.978047],[0.831391,10.975909],[0.829818,10.974097],[0.827464,10.972886],[0.824688,10.972461],[0.821912,10.972886]]]}},{"type":"Feature","properties":{"civic_code":"502-03-017","name":"Tola","settlement_type":"village","canton_official_code":"E02103332","review_status":"proposed","geometry_role":"non_authoritative_settlement_reference_extent","source":"paired-settlement-reference-extents/settlement-aware-reference-extents.geojson","commune_official_code":"E02103","official_code":"E02103"},"geometry":{"type":"Polygon","coordinates":[[[0.894463,10.889278],[0.897239,10.888852],[0.898187,10.888365],[0.899597,10.885212],[0.895378,10.878248],[0.894463,10.878108],[0.891687,10.878533],[0.889333,10.879744],[0.88776,10.881555],[0.887208,10.883693],[0.88776,10.88583],[0.889333,10.887642],[0.891687,10.888852],[0.894463,10.889278]]]}},{"type":"Feature","properties":{"civic_code":"502-03-012","name":"Mandouri","settlement_type":"town","canton_official_code":"E02103332","review_status":"proposed","geometry_role":"non_authoritative_settlement_reference_extent","source":"paired-settlement-reference-extents/settlement-aware-reference-extents.geojson","commune_official_code":"E02103","official_code":"E02103"},"geometry":{"type":"Polygon","coordinates":[[[0.796756,10.843299],[0.795021,10.850015],[0.796756,10.856732],[0.801699,10.862426],[0.809096,10.86623],[0.817822,10.867566],[0.826548,10.86623],[0.833945,10.862426],[0.838887,10.856732],[0.840623,10.850015],[0.838887,10.843299],[0.833945,10.837605],[0.826548,10.833801],[0.817822,10.832465],[0.809096,10.833801],[0.801699,10.837605],[0.796756,10.843299]]]}},{"type":"Feature","properties":{"civic_code":"502-01-002","name":"Borgou","settlement_type":"village","canton_official_code":"E02104333","review_status":"proposed","geometry_role":"non_authoritative_settlement_reference_extent","source":"paired-settlement-reference-extents/settlement-aware-reference-extents.geojson","commune_official_code":"E02104","official_code":"E02104"},"geometry":{"type":"Polygon","coordinates":[[[0.582533,10.756876],[0.57817,10.756208],[0.573807,10.756876],[0.570108,10.758778],[0.567637,10.761624],[0.566769,10.764981],[0.567637,10.768338],[0.570108,10.771184],[0.573807,10.773086],[0.57817,10.773754],[0.582533,10.773086],[0.586231,10.771184],[0.588703,10.768338],[0.58957,10.764981],[0.588703,10.761624],[0.586231,10.758778],[0.582533,10.756876]]]}},{"type":"Feature","properties":{"civic_code":"502-01-004","name":"Kpentendjoaga 3","settlement_type":"village","canton_official_code":"E02104333","review_status":"proposed","geometry_role":"non_authoritative_settlement_reference_extent","source":"paired-settlement-reference-extents/settlement-aware-reference-extents.geojson","commune_official_code":"E02104","official_code":"E02104"},"geometry":{"type":"Polygon","coordinates":[[[0.534253,10.811536],[0.531477,10.811961],[0.529458,10.812999],[0.529671,10.814699],[0.527229,10.818013],[0.52755,10.819257],[0.529123,10.821068],[0.531477,10.822278],[0.534253,10.822704],[0.537029,10.822278],[0.539383,10.821068],[0.540956,10.819257],[0.541508,10.81712],[0.540956,10.814983],[0.539383,10.813172],[0.537029,10.811961],[0.534253,10.811536]]]}},{"type":"Feature","properties":{"civic_code":"502-01-001","name":"Bombengou","settlement_type":"village","canton_official_code":null,"review_status":"proposed","geometry_role":"non_authoritative_settlement_reference_extent","source":"paired-settlement-reference-extents/settlement-aware-reference-extents.geojson","commune_official_code":"E03105","official_code":"E03105"},"geometry":{"type":"Polygon","coordinates":[[[0.523763,10.740639],[0.52141,10.739429],[0.518633,10.739004],[0.515857,10.739429],[0.513503,10.740639],[0.511931,10.74245],[0.511378,10.744586],[0.511931,10.746722],[0.513503,10.748533],[0.515857,10.749743],[0.518633,10.750168],[0.52141,10.749743],[0.523763,10.748533],[0.525336,10.746722],[0.525888,10.744586],[0.525336,10.74245],[0.523763,10.740639]]]}},{"type":"Feature","properties":{"civic_code":"502-01-005","name":"Teliga","settlement_type":"village","canton_official_code":null,"review_status":"proposed","geometry_role":"non_authoritative_settlement_reference_extent","source":"paired-settlement-reference-extents/settlement-aware-reference-extents.geojson","commune_official_code":"E03106","official_code":"E03106"},"geometry":{"type":"Polygon","coordinates":[[[0.57772,10.905031],[0.575366,10.90382],[0.57259,10.903395],[0.569814,10.90382],[0.56746,10.905031],[0.565887,10.906843],[0.565335,10.90898],[0.565855,10.910992],[0.567676,10.913041],[0.569814,10.914141],[0.570415,10.914233],[0.577183,10.907985],[0.57676,10.912359],[0.576821,10.913392],[0.57772,10.91293],[0.579293,10.911118],[0.579845,10.90898],[0.579293,10.906843],[0.57772,10.905031]]]}},{"type":"Feature","properties":{"civic_code":"504-02-002","name":"Faré","settlement_type":"village","canton_official_code":"E04109343","review_status":"proposed","geometry_role":"non_authoritative_settlement_reference_extent","source":"paired-settlement-reference-extents/settlement-aware-reference-extents.geojson","commune_official_code":"E04109","official_code":"E04109"},"geometry":{"type":"Polygon","coordinates":[[[0.398762,10.170648],[0.394399,10.169981],[0.390036,10.170648],[0.386337,10.172546],[0.383866,10.175387],[0.382998,10.178738],[0.383866,10.182089],[0.386337,10.18493],[0.390036,10.186828],[0.394399,10.187495],[0.398762,10.186828],[0.40246,10.18493],[0.404932,10.182089],[0.405799,10.178738],[0.404932,10.175387],[0.40246,10.172546],[0.398762,10.170648]]]}},{"type":"Feature","properties":{"civic_code":"504-02-004","name":"Mayefoukou","settlement_type":"village","canton_official_code":"E04109343","review_status":"proposed","geometry_role":"non_authoritative_settlement_reference_extent","source":"paired-settlement-reference-extents/settlement-aware-reference-extents.geojson","commune_official_code":"E04109","official_code":"E04109"},"geometry":{"type":"Polygon","coordinates":[[[0.377308,10.184911],[0.374531,10.185335],[0.372178,10.186543],[0.370605,10.188351],[0.370053,10.190483],[0.370605,10.192616],[0.372178,10.194424],[0.374531,10.195632],[0.377308,10.196056],[0.380084,10.195632],[0.382438,10.194424],[0.38401,10.192616],[0.384563,10.190483],[0.38401,10.188351],[0.382438,10.186543],[0.380084,10.185335],[0.377308,10.184911]]]}},{"type":"Feature","properties":{"civic_code":"504-05-001","name":"Ando","settlement_type":"village","canton_official_code":"E04109341","review_status":"proposed","geometry_role":"non_authoritative_settlement_reference_extent","source":"paired-settlement-reference-extents/settlement-aware-reference-extents.geojson","commune_official_code":"E04109","official_code":"E04109"},"geometry":{"type":"Polygon","coordinates":[[[0.356981,10.338477],[0.354627,10.339685],[0.353054,10.341494],[0.352502,10.343627],[0.353054,10.345761],[0.354627,10.34757],[0.356981,10.348778],[0.359757,10.349203],[0.362533,10.348778],[0.364887,10.34757],[0.36646,10.345761],[0.367012,10.343627],[0.36646,10.341494],[0.364887,10.339685],[0.362533,10.338477],[0.359757,10.338052],[0.356981,10.338477]]]}},{"type":"Feature","properties":{"civic_code":"504-05-002","name":"Boulori","settlement_type":"village","canton_official_code":"E04109341","review_status":"proposed","geometry_role":"non_authoritative_settlement_reference_extent","source":"paired-settlement-reference-extents/settlement-aware-reference-extents.geojson","commune_official_code":"E04109","official_code":"E04109"},"geometry":{"type":"Polygon","coordinates":[[[0.391678,10.319108],[0.390106,10.320917],[0.389553,10.32305],[0.390106,10.325184],[0.391678,10.326993],[0.394032,10.328201],[0.396808,10.328625],[0.399585,10.328201],[0.401938,10.326993],[0.403511,10.325184],[0.404063,10.32305],[0.403511,10.320917],[0.401938,10.319108],[0.399585,10.3179],[0.396808,10.317476],[0.394032,10.3179],[0.391678,10.319108]]]}},{"type":"Feature","properties":{"civic_code":"504-05-006","name":"Magna","settlement_type":"village","canton_official_code":"E04109341","review_status":"proposed","geometry_role":"non_authoritative_settlement_reference_extent","source":"paired-settlement-reference-extents/settlement-aware-reference-extents.geojson","commune_official_code":"E04109","official_code":"E04109"},"geometry":{"type":"Polygon","coordinates":[[[0.433952,10.350625],[0.4334,10.352758],[0.433952,10.354892],[0.435525,10.356701],[0.437878,10.357909],[0.440655,10.358334],[0.443431,10.357909],[0.445785,10.356701],[0.447357,10.354892],[0.44791,10.352758],[0.447357,10.350625],[0.445785,10.348816],[0.443431,10.347607],[0.440655,10.347183],[0.437878,10.347607],[0.435525,10.348816],[0.433952,10.350625]]]}},{"type":"Feature","properties":{"civic_code":"504-05-009","name":"Nandoti","settlement_type":"village","canton_official_code":"E04109341","review_status":"proposed","geometry_role":"non_authoritative_settlement_reference_extent","source":"paired-settlement-reference-extents/settlement-aware-reference-extents.geojson","commune_official_code":"E04109","official_code":"E04109"},"geometry":{"type":"Polygon","coordinates":[[[0.412022,10.309024],[0.414375,10.310233],[0.417152,10.310657],[0.419928,10.310233],[0.422282,10.309024],[0.423854,10.307216],[0.424116,10.306205],[0.415268,10.300668],[0.414896,10.299852],[0.414375,10.299932],[0.412022,10.30114],[0.410449,10.302949],[0.409897,10.305082],[0.410449,10.307216],[0.412022,10.309024]]]}},{"type":"Feature","properties":{"civic_code":"504-05-016","name":"Tanadekebou","settlement_type":"village","canton_official_code":"E04109341","review_status":"proposed","geometry_role":"non_authoritative_settlement_reference_extent","source":"paired-settlement-reference-extents/settlement-aware-reference-extents.geojson","commune_official_code":"E04109","official_code":"E04109"},"geometry":{"type":"Polygon","coordinates":[[[0.311954,10.363299],[0.311757,10.364612],[0.311313,10.36508],[0.310757,10.365956],[0.310778,10.366448],[0.310432,10.366658],[0.310055,10.366504],[0.309591,10.366415],[0.309089,10.366466],[0.308674,10.366646],[0.308349,10.36695],[0.307959,10.367427],[0.307507,10.368209],[0.307294,10.368963],[0.30715,10.370046],[0.307446,10.370386],[0.307833,10.370339],[0.318792,10.37155],[0.320327,10.369784],[0.32088,10.36765],[0.320327,10.365516],[0.318755,10.363707],[0.316401,10.362499],[0.313625,10.362074],[0.312464,10.362252],[0.312148,10.362714],[0.311954,10.363299]]]}},{"type":"Feature","properties":{"civic_code":"504-05-017","name":"Tchanfieri","settlement_type":"village","canton_official_code":"E04109341","review_status":"proposed","geometry_role":"non_authoritative_settlement_reference_extent","source":"paired-settlement-reference-extents/settlement-aware-reference-extents.geojson","commune_official_code":"E04109","official_code":"E04109"},"geometry":{"type":"Polygon","coordinates":[[[0.441701,10.415658],[0.444055,10.416867],[0.446831,10.417292],[0.449608,10.416867],[0.451961,10.415658],[0.453534,10.413849],[0.454086,10.411715],[0.453534,10.409581],[0.451961,10.407772],[0.449608,10.406563],[0.446831,10.406139],[0.444055,10.406563],[0.441701,10.407772],[0.440129,10.409581],[0.439576,10.411715],[0.440129,10.413849],[0.441701,10.415658]]]}},{"type":"Feature","properties":{"civic_code":"504-07-002","name":"Canton de Sadori","settlement_type":"village","canton_official_code":"E04109342","review_status":"proposed","geometry_role":"non_authoritative_settlement_reference_extent","source":"paired-settlement-reference-extents/settlement-aware-reference-extents.geojson","commune_official_code":"E04109","official_code":"E04109"},"geometry":{"type":"Polygon","coordinates":[[[0.446184,10.295613],[0.44896,10.296038],[0.451737,10.295613],[0.45409,10.294405],[0.455663,10.292596],[0.456215,10.290463],[0.455663,10.28833],[0.45409,10.286521],[0.451737,10.285313],[0.44896,10.284889],[0.446184,10.285313],[0.44383,10.286521],[0.442258,10.28833],[0.441705,10.290463],[0.442258,10.292596],[0.44383,10.294405],[0.446184,10.295613]]]}},{"type":"Feature","properties":{"civic_code":"504-07-003","name":"Koumongoukan","settlement_type":"village","canton_official_code":"E04109342","review_status":"proposed","geometry_role":"non_authoritative_settlement_reference_extent","source":"paired-settlement-reference-extents/settlement-aware-reference-extents.geojson","commune_official_code":"E04109","official_code":"E04109"},"geometry":{"type":"Polygon","coordinates":[[[0.402406,10.247656],[0.405182,10.247232],[0.407536,10.246024],[0.409109,10.244216],[0.409661,10.242083],[0.409109,10.23995],[0.407536,10.238142],[0.405182,10.236934],[0.402406,10.236509],[0.39963,10.236934],[0.397276,10.238142],[0.395703,10.23995],[0.395151,10.242083],[0.395703,10.244216],[0.397276,10.246024],[0.39963,10.247232],[0.402406,10.247656]]]}},{"type":"Feature","properties":{"civic_code":"504-07-005","name":"Padori","settlement_type":"village","canton_official_code":"E04109342","review_status":"proposed","geometry_role":"non_authoritative_settlement_reference_extent","source":"paired-settlement-reference-extents/settlement-aware-reference-extents.geojson","commune_official_code":"E04109","official_code":"E04109"},"geometry":{"type":"Polygon","coordinates":[[[0.439715,10.231974],[0.442069,10.230766],[0.443642,10.228958],[0.444194,10.226825],[0.443642,10.224692],[0.442069,10.222884],[0.439715,10.221676],[0.436939,10.221252],[0.434163,10.221676],[0.431809,10.222884],[0.430236,10.224692],[0.429684,10.226825],[0.430236,10.228958],[0.431809,10.230766],[0.434163,10.231974],[0.436939,10.232399],[0.439715,10.231974]]]}},{"type":"Feature","properties":{"civic_code":"504-07-006","name":"Sadori","settlement_type":"village","canton_official_code":"E04109342","review_status":"proposed","geometry_role":"non_authoritative_settlement_reference_extent","source":"paired-settlement-reference-extents/settlement-aware-reference-extents.geojson","commune_official_code":"E04109","official_code":"E04109"},"geometry":{"type":"Polygon","coordinates":[[[0.474223,10.298118],[0.474661,10.295288],[0.475995,10.289996],[0.478575,10.288057],[0.476252,10.285386],[0.472553,10.283487],[0.468191,10.282821],[0.463828,10.283487],[0.460129,10.285386],[0.457658,10.288228],[0.45679,10.29158],[0.457658,10.294932],[0.460129,10.297774],[0.463828,10.299673],[0.468191,10.30034],[0.472309,10.299711],[0.474223,10.298118]]]}},{"type":"Feature","properties":{"civic_code":"504-05-008","name":"Mantche","settlement_type":"town","canton_official_code":"E04109341","review_status":"proposed","geometry_role":"non_authoritative_settlement_reference_extent","source":"paired-settlement-reference-extents/settlement-aware-reference-extents.geojson","commune_official_code":"E04109","official_code":"E04109"},"geometry":{"type":"Polygon","coordinates":[[[0.336826,10.327431],[0.336992,10.328265],[0.337009,10.328883],[0.336933,10.329032],[0.336309,10.329486],[0.335897,10.330278],[0.335257,10.330969],[0.334473,10.332064],[0.334309,10.332727],[0.33421,10.33434],[0.333952,10.334871],[0.333368,10.336586],[0.333344,10.336832],[0.331852,10.337205],[0.32987,10.336612],[0.329377,10.336781],[0.328988,10.337488],[0.328605,10.338666],[0.328326,10.339085],[0.327661,10.339511],[0.326798,10.339898],[0.326037,10.340037],[0.325722,10.340021],[0.325372,10.339959],[0.32522,10.33985],[0.324907,10.339117],[0.324481,10.338442],[0.323049,10.337222],[0.322973,10.336831],[0.323061,10.336005],[0.322979,10.33566],[0.322467,10.335043],[0.321501,10.334593],[0.320714,10.335499],[0.318978,10.342204],[0.320714,10.34891],[0.325656,10.354595],[0.333054,10.358393],[0.341779,10.359727],[0.350505,10.358393],[0.357902,10.354595],[0.362845,10.34891],[0.362932,10.348574],[0.362533,10.348778],[0.359757,10.349203],[0.356981,10.348778],[0.354627,10.34757],[0.353054,10.345761],[0.352502,10.343627],[0.353054,10.341494],[0.354627,10.339685],[0.356981,10.338477],[0.359757,10.338052],[0.362533,10.338477],[0.363782,10.339117],[0.362845,10.335499],[0.357902,10.329814],[0.350505,10.326016],[0.341779,10.324682],[0.33802,10.325257],[0.337765,10.325659],[0.337007,10.326193],[0.336812,10.326616],[0.336759,10.327048],[0.336826,10.327431]]]}},{"type":"Feature","properties":{"civic_code":"504-05-007","name":"Mango","settlement_type":"city","canton_official_code":"E04109341","review_status":"proposed","geometry_role":"non_authoritative_settlement_reference_extent","source":"paired-settlement-reference-extents/settlement-aware-reference-extents.geojson","commune_official_code":"E04109","official_code":"E04109"},"geometry":{"type":"Polygon","coordinates":[[[0.499822,10.356968],[0.498086,10.350262],[0.493143,10.344578],[0.485746,10.340779],[0.477021,10.339446],[0.468295,10.340779],[0.460898,10.344578],[0.455955,10.350262],[0.454219,10.356968],[0.455955,10.363674],[0.460898,10.369359],[0.468295,10.373158],[0.477021,10.374492],[0.485746,10.373158],[0.493143,10.369359],[0.498086,10.363674],[0.499822,10.356968]]]}},{"type":"Feature","properties":{"civic_code":"502-01-003","name":"Gbantchal","settlement_type":"village","canton_official_code":null,"review_status":"proposed","geometry_role":"non_authoritative_settlement_reference_extent","source":"paired-settlement-reference-extents/settlement-aware-reference-extents.geojson","commune_official_code":"E04110","official_code":"E04110"},"geometry":{"type":"Polygon","coordinates":[[[0.574768,10.667555],[0.572415,10.666346],[0.569638,10.665921],[0.566862,10.666346],[0.564508,10.667555],[0.562936,10.669366],[0.562383,10.671502],[0.562936,10.673637],[0.564508,10.675448],[0.566862,10.676658],[0.569638,10.677083],[0.572415,10.676658],[0.574768,10.675448],[0.576341,10.673637],[0.576893,10.671502],[0.576341,10.669366],[0.574768,10.667555]]]}},{"type":"Feature","properties":{"civic_code":"504-01-001","name":"Barkoissi","settlement_type":"village","canton_official_code":"E04110344","review_status":"proposed","geometry_role":"non_authoritative_settlement_reference_extent","source":"paired-settlement-reference-extents/settlement-aware-reference-extents.geojson","commune_official_code":"E04110","official_code":"E04110"},"geometry":{"type":"Polygon","coordinates":[[[0.306209,10.549744],[0.301846,10.549077],[0.297483,10.549744],[0.294794,10.551126],[0.297476,10.553667],[0.294949,10.558964],[0.29053,10.558171],[0.291313,10.561199],[0.293784,10.564043],[0.297483,10.565944],[0.301846,10.566611],[0.306209,10.565944],[0.309907,10.564043],[0.312379,10.561199],[0.313246,10.557844],[0.312379,10.554489],[0.309907,10.551645],[0.306209,10.549744]]]}},{"type":"Feature","properties":{"civic_code":"504-03-001","name":"Akpossou","settlement_type":"village","canton_official_code":"E04110347","review_status":"proposed","geometry_role":"non_authoritative_settlement_reference_extent","source":"paired-settlement-reference-extents/settlement-aware-reference-extents.geojson","commune_official_code":"E04110","official_code":"E04110"},"geometry":{"type":"Polygon","coordinates":[[[0.414722,10.426622],[0.411945,10.427047],[0.409592,10.428256],[0.408019,10.430065],[0.407467,10.432199],[0.408019,10.434333],[0.409592,10.436142],[0.411945,10.437351],[0.414722,10.437776],[0.417498,10.437351],[0.419852,10.436142],[0.421424,10.434333],[0.421977,10.432199],[0.421424,10.430065],[0.419852,10.428256],[0.417498,10.427047],[0.414722,10.426622]]]}},{"type":"Feature","properties":{"civic_code":"504-03-003","name":"Galangachi","settlement_type":"village","canton_official_code":"E04110347","review_status":"proposed","geometry_role":"non_authoritative_settlement_reference_extent","source":"paired-settlement-reference-extents/settlement-aware-reference-extents.geojson","commune_official_code":"E04110","official_code":"E04110"},"geometry":{"type":"Polygon","coordinates":[[[0.358439,10.499099],[0.356085,10.500308],[0.354513,10.502117],[0.35396,10.504252],[0.354513,10.506387],[0.356085,10.508196],[0.358439,10.509406],[0.361215,10.50983],[0.363992,10.509406],[0.366345,10.508196],[0.367918,10.506387],[0.36847,10.504252],[0.367918,10.502117],[0.366345,10.500308],[0.363992,10.499099],[0.361215,10.498674],[0.358439,10.499099]]]}},{"type":"Feature","properties":{"civic_code":"504-03-005","name":"Kaditierie 2","settlement_type":"village","canton_official_code":"E04110347","review_status":"proposed","geometry_role":"non_authoritative_settlement_reference_extent","source":"paired-settlement-reference-extents/settlement-aware-reference-extents.geojson","commune_official_code":"E04110","official_code":"E04110"},"geometry":{"type":"Polygon","coordinates":[[[0.392293,10.569563],[0.390721,10.571373],[0.390168,10.573508],[0.390721,10.575643],[0.392293,10.577453],[0.394647,10.578663],[0.397423,10.579088],[0.4002,10.578663],[0.402553,10.577453],[0.404126,10.575643],[0.404678,10.573508],[0.404126,10.571373],[0.402553,10.569563],[0.4002,10.568354],[0.397423,10.567929],[0.394647,10.568354],[0.392293,10.569563]]]}},{"type":"Feature","properties":{"civic_code":"504-03-006","name":"Kerekete","settlement_type":"village","canton_official_code":null,"review_status":"proposed","geometry_role":"non_authoritative_settlement_reference_extent","source":"paired-settlement-reference-extents/settlement-aware-reference-extents.geojson","commune_official_code":"E04110","official_code":"E04110"},"geometry":{"type":"Polygon","coordinates":[[[0.226679,10.500276],[0.225106,10.502086],[0.224554,10.504221],[0.225106,10.506355],[0.226679,10.508165],[0.229032,10.509374],[0.231809,10.509799],[0.234585,10.509374],[0.236939,10.508165],[0.238511,10.506355],[0.239064,10.504221],[0.238511,10.502086],[0.236939,10.500276],[0.234585,10.499067],[0.231809,10.498643],[0.229032,10.499067],[0.226679,10.500276]]]}},{"type":"Feature","properties":{"civic_code":"504-03-007","name":"Kpandjin","settlement_type":"village","canton_official_code":"E04110347","review_status":"proposed","geometry_role":"non_authoritative_settlement_reference_extent","source":"paired-settlement-reference-extents/settlement-aware-reference-extents.geojson","commune_official_code":"E04110","official_code":"E04110"},"geometry":{"type":"Polygon","coordinates":[[[0.324704,10.529518],[0.325256,10.531653],[0.326829,10.533463],[0.329182,10.534672],[0.331959,10.535097],[0.334735,10.534672],[0.337089,10.533463],[0.338661,10.531653],[0.339214,10.529518],[0.338661,10.527384],[0.337089,10.525574],[0.334735,10.524365],[0.331959,10.52394],[0.329182,10.524365],[0.326829,10.525574],[0.325256,10.527384],[0.324704,10.529518]]]}},{"type":"Feature","properties":{"civic_code":"504-04-002","name":"Nadjil","settlement_type":"village","canton_official_code":null,"review_status":"proposed","geometry_role":"non_authoritative_settlement_reference_extent","source":"paired-settlement-reference-extents/settlement-aware-reference-extents.geojson","commune_official_code":"E04110","official_code":"E04110"},"geometry":{"type":"Polygon","coordinates":[[[0.252681,10.583669],[0.253233,10.585804],[0.254712,10.587506],[0.25812,10.587295],[0.258909,10.587056],[0.264073,10.588125],[0.265066,10.587614],[0.266639,10.585804],[0.267191,10.583669],[0.266639,10.581534],[0.265066,10.579724],[0.262712,10.578514],[0.259936,10.57809],[0.25716,10.578514],[0.254806,10.579724],[0.253233,10.581534],[0.252681,10.583669]]]}},{"type":"Feature","properties":{"civic_code":"504-06-001","name":"Kpagnon","settlement_type":"village","canton_official_code":"E04110345","review_status":"proposed","geometry_role":"non_authoritative_settlement_reference_extent","source":"paired-settlement-reference-extents/settlement-aware-reference-extents.geojson","commune_official_code":"E04110","official_code":"E04110"},"geometry":{"type":"Polygon","coordinates":[[[0.469009,10.57836],[0.471362,10.57957],[0.474139,10.579994],[0.476915,10.57957],[0.479269,10.57836],[0.480841,10.57655],[0.481394,10.574415],[0.480841,10.57228],[0.479269,10.57047],[0.476915,10.56926],[0.474139,10.568836],[0.471362,10.56926],[0.469009,10.57047],[0.467436,10.57228],[0.466884,10.574415],[0.467436,10.57655],[0.469009,10.57836]]]}},{"type":"Feature","properties":{"civic_code":"504-06-002","name":"Nagbéni","settlement_type":"village","canton_official_code":null,"review_status":"proposed","geometry_role":"non_authoritative_settlement_reference_extent","source":"paired-settlement-reference-extents/settlement-aware-reference-extents.geojson","commune_official_code":"E04110","official_code":"E04110"},"geometry":{"type":"Polygon","coordinates":[[[0.385404,10.615251],[0.389103,10.617152],[0.393466,10.617819],[0.397828,10.617152],[0.401527,10.615251],[0.403998,10.612406],[0.404866,10.60905],[0.403998,10.605695],[0.401527,10.60285],[0.397828,10.600949],[0.393466,10.600282],[0.389103,10.600949],[0.385404,10.60285],[0.382933,10.605695],[0.382065,10.60905],[0.382933,10.612406],[0.385404,10.615251]]]}},{"type":"Feature","properties":{"civic_code":"504-10-001","name":"Gbemba","settlement_type":"village","canton_official_code":"E04110346","review_status":"proposed","geometry_role":"non_authoritative_settlement_reference_extent","source":"paired-settlement-reference-extents/settlement-aware-reference-extents.geojson","commune_official_code":"E04110","official_code":"E04110"},"geometry":{"type":"Polygon","coordinates":[[[0.498132,10.557285],[0.500909,10.55686],[0.503262,10.555651],[0.504835,10.553841],[0.505387,10.551706],[0.504835,10.549571],[0.503262,10.547761],[0.500909,10.546552],[0.498132,10.546127],[0.495356,10.546552],[0.493002,10.547761],[0.49143,10.549571],[0.490877,10.551706],[0.49143,10.553841],[0.493002,10.555651],[0.495356,10.55686],[0.498132,10.557285]]]}},{"type":"Feature","properties":{"civic_code":"504-10-002","name":"Tchanaga","settlement_type":"village","canton_official_code":"E04110346","review_status":"proposed","geometry_role":"non_authoritative_settlement_reference_extent","source":"paired-settlement-reference-extents/settlement-aware-reference-extents.geojson","commune_official_code":"E04110","official_code":"E04110"},"geometry":{"type":"Polygon","coordinates":[[[0.495599,10.506992],[0.499297,10.505092],[0.501769,10.502248],[0.502636,10.498894],[0.501769,10.49554],[0.499297,10.492696],[0.495599,10.490796],[0.491236,10.490129],[0.486873,10.490796],[0.483174,10.492696],[0.480703,10.49554],[0.479835,10.498894],[0.480703,10.502248],[0.483174,10.505092],[0.486873,10.506992],[0.491236,10.50766],[0.495599,10.506992]]]}},{"type":"Feature","properties":{"civic_code":"504-10-003","name":"Yinyingou","settlement_type":"village","canton_official_code":"E04110346","review_status":"proposed","geometry_role":"non_authoritative_settlement_reference_extent","source":"paired-settlement-reference-extents/settlement-aware-reference-extents.geojson","commune_official_code":"E04110","official_code":"E04110"},"geometry":{"type":"Polygon","coordinates":[[[0.560004,10.550871],[0.561577,10.549061],[0.562129,10.546926],[0.561577,10.544791],[0.560004,10.542981],[0.55765,10.541772],[0.554874,10.541347],[0.552098,10.541772],[0.549744,10.542981],[0.548171,10.544791],[0.547619,10.546926],[0.548171,10.549061],[0.549744,10.550871],[0.552098,10.55208],[0.554874,10.552505],[0.55765,10.55208],[0.560004,10.550871]]]}},{"type":"Feature","properties":{"civic_code":"505-01-008","name":"Dissapoli","settlement_type":"village","canton_official_code":"E05107351","review_status":"proposed","geometry_role":"non_authoritative_settlement_reference_extent","source":"paired-settlement-reference-extents/settlement-aware-reference-extents.geojson","commune_official_code":"E05107","official_code":"E05107"},"geometry":{"type":"Polygon","coordinates":[[[0.863078,10.309724],[0.860301,10.3093],[0.857525,10.309724],[0.855171,10.310933],[0.853599,10.312741],[0.853046,10.314875],[0.853599,10.317008],[0.855171,10.318817],[0.857525,10.320025],[0.860292,10.320448],[0.867533,10.314962],[0.867556,10.314875],[0.867004,10.312741],[0.865431,10.310933],[0.863078,10.309724]]]}},{"type":"Feature","properties":{"civic_code":"505-01-014","name":"Gnoumonga","settlement_type":"village","canton_official_code":"E05107351","review_status":"proposed","geometry_role":"non_authoritative_settlement_reference_extent","source":"paired-settlement-reference-extents/settlement-aware-reference-extents.geojson","commune_official_code":"E05107","official_code":"E05107"},"geometry":{"type":"Polygon","coordinates":[[[0.725216,10.287174],[0.72244,10.287598],[0.720086,10.288806],[0.718514,10.290615],[0.717961,10.292748],[0.718514,10.294881],[0.720086,10.29669],[0.72244,10.297898],[0.725216,10.298322],[0.727993,10.297898],[0.730346,10.29669],[0.731919,10.294881],[0.732471,10.292748],[0.731919,10.290615],[0.730346,10.288806],[0.727993,10.287598],[0.725216,10.287174]]]}},{"type":"Feature","properties":{"civic_code":"505-01-035","name":"N'gambi","settlement_type":"village","canton_official_code":"E05107351","review_status":"proposed","geometry_role":"non_authoritative_settlement_reference_extent","source":"paired-settlement-reference-extents/settlement-aware-reference-extents.geojson","commune_official_code":"E05107","official_code":"E05107"},"geometry":{"type":"Polygon","coordinates":[[[0.807003,10.184163],[0.805341,10.185563],[0.803673,10.186634],[0.801064,10.188034],[0.796851,10.190491],[0.798021,10.191837],[0.800375,10.193045],[0.803151,10.193469],[0.805928,10.193045],[0.808281,10.191837],[0.809854,10.190029],[0.810406,10.187896],[0.809854,10.185764],[0.808281,10.183956],[0.807463,10.183536],[0.807136,10.184052],[0.807003,10.184163]]]}},{"type":"Feature","properties":{"civic_code":"505-01-042","name":"Nandjonkargou","settlement_type":"village","canton_official_code":"E05107351","review_status":"proposed","geometry_role":"non_authoritative_settlement_reference_extent","source":"paired-settlement-reference-extents/settlement-aware-reference-extents.geojson","commune_official_code":"E05107","official_code":"E05107"},"geometry":{"type":"Polygon","coordinates":[[[0.765664,10.319437],[0.764091,10.321246],[0.763539,10.323379],[0.764091,10.325513],[0.765664,10.327321],[0.768018,10.32853],[0.770794,10.328954],[0.77357,10.32853],[0.775924,10.327321],[0.777497,10.325513],[0.778049,10.323379],[0.777497,10.321246],[0.775924,10.319437],[0.77357,10.318229],[0.770794,10.317804],[0.768018,10.318229],[0.765664,10.319437]]]}},{"type":"Feature","properties":{"civic_code":"505-01-060","name":"Takpiéni","settlement_type":"village","canton_official_code":"E05107351","review_status":"proposed","geometry_role":"non_authoritative_settlement_reference_extent","source":"paired-settlement-reference-extents/settlement-aware-reference-extents.geojson","commune_official_code":"E05107","official_code":"E05107"},"geometry":{"type":"Polygon","coordinates":[[[0.872897,10.258057],[0.875674,10.257633],[0.877966,10.256456],[0.876992,10.254703],[0.869792,10.247503],[0.867767,10.248542],[0.866195,10.25035],[0.865642,10.252483],[0.866195,10.254616],[0.867767,10.256425],[0.870121,10.257633],[0.872897,10.258057]]]}},{"type":"Feature","properties":{"civic_code":"505-01-064","name":"Wogou","settlement_type":"village","canton_official_code":"E05107351","review_status":"proposed","geometry_role":"non_authoritative_settlement_reference_extent","source":"paired-settlement-reference-extents/settlement-aware-reference-extents.geojson","commune_official_code":"E05107","official_code":"E05107"},"geometry":{"type":"Polygon","coordinates":[[[0.699228,10.371961],[0.69978,10.374095],[0.701353,10.375904],[0.703707,10.377112],[0.706483,10.377537],[0.707571,10.377371],[0.708119,10.376268],[0.712041,10.375411],[0.713186,10.374095],[0.713738,10.371961],[0.713186,10.369827],[0.711613,10.368018],[0.709259,10.36681],[0.706483,10.366385],[0.703707,10.36681],[0.701353,10.368018],[0.69978,10.369827],[0.699228,10.371961]]]}},{"type":"Feature","properties":{"civic_code":"505-04-004","name":"Mogou","settlement_type":"village","canton_official_code":"E05107350","review_status":"proposed","geometry_role":"non_authoritative_settlement_reference_extent","source":"paired-settlement-reference-extents/settlement-aware-reference-extents.geojson","commune_official_code":"E05107","official_code":"E05107"},"geometry":{"type":"Polygon","coordinates":[[[0.633826,10.387097],[0.636298,10.38994],[0.639996,10.39184],[0.644359,10.392507],[0.648722,10.39184],[0.65242,10.38994],[0.654892,10.387097],[0.65576,10.383744],[0.654892,10.380391],[0.65242,10.377549],[0.648722,10.375649],[0.644359,10.374982],[0.639996,10.375649],[0.636298,10.377549],[0.633826,10.380391],[0.632958,10.383744],[0.633826,10.387097]]]}},{"type":"Feature","properties":{"civic_code":"505-04-005","name":"Namoumale","settlement_type":"village","canton_official_code":"E05107350","review_status":"proposed","geometry_role":"non_authoritative_settlement_reference_extent","source":"paired-settlement-reference-extents/settlement-aware-reference-extents.geojson","commune_official_code":"E05107","official_code":"E05107"},"geometry":{"type":"Polygon","coordinates":[[[0.609552,10.429923],[0.611906,10.431132],[0.614682,10.431556],[0.617458,10.431132],[0.619812,10.429923],[0.621385,10.428114],[0.621937,10.425979],[0.621385,10.423845],[0.619812,10.422036],[0.617458,10.420827],[0.614682,10.420403],[0.611906,10.420827],[0.609552,10.422036],[0.607979,10.423845],[0.607427,10.425979],[0.607979,10.428114],[0.609552,10.429923]]]}},{"type":"Feature","properties":{"civic_code":"505-01-013","name":"Gando Namoni","settlement_type":"town","canton_official_code":"E05107351","review_status":"proposed","geometry_role":"non_authoritative_settlement_reference_extent","source":"paired-settlement-reference-extents/settlement-aware-reference-extents.geojson","commune_official_code":"E05107","official_code":"E05107"},"geometry":{"type":"Polygon","coordinates":[[[0.738548,10.34777],[0.747274,10.349104],[0.756,10.34777],[0.763397,10.343972],[0.76834,10.338287],[0.770075,10.331582],[0.769338,10.328732],[0.768018,10.32853],[0.765664,10.327321],[0.764091,10.325513],[0.763539,10.323379],[0.764091,10.321246],[0.764637,10.320618],[0.763397,10.319192],[0.756,10.315394],[0.747274,10.31406],[0.738548,10.315394],[0.731151,10.319192],[0.726209,10.324876],[0.724473,10.331582],[0.726209,10.338287],[0.731151,10.343972],[0.738548,10.34777]]]}},{"type":"Feature","properties":{"civic_code":"505-01-034","name":"N'Gambi","settlement_type":"village","canton_official_code":null,"review_status":"proposed","geometry_role":"non_authoritative_settlement_reference_extent","source":"paired-settlement-reference-extents/settlement-aware-reference-extents.geojson","commune_official_code":"E05108","official_code":"E05108"},"geometry":{"type":"Polygon","coordinates":[[[0.802355,10.182939],[0.800002,10.181731],[0.797225,10.181307],[0.794449,10.181731],[0.792095,10.182939],[0.790523,10.184747],[0.78997,10.18688],[0.790523,10.189012],[0.792095,10.19082],[0.79435,10.191977],[0.794562,10.1918],[0.801064,10.188034],[0.803673,10.186634],[0.804311,10.186225],[0.803928,10.184747],[0.802355,10.182939]]]}},{"type":"Feature","properties":{"civic_code":"505-01-036","name":"Nablougou","settlement_type":"village","canton_official_code":null,"review_status":"proposed","geometry_role":"non_authoritative_settlement_reference_extent","source":"paired-settlement-reference-extents/settlement-aware-reference-extents.geojson","commune_official_code":"E05108","official_code":"E05108"},"geometry":{"type":"Polygon","coordinates":[[[0.812695,10.167706],[0.809918,10.167282],[0.807142,10.167706],[0.804788,10.168914],[0.803944,10.169884],[0.80375,10.171213],[0.802802,10.172318],[0.802663,10.172854],[0.803216,10.174987],[0.804788,10.176794],[0.807142,10.178002],[0.809918,10.178427],[0.810621,10.178319],[0.815232,10.169125],[0.815048,10.168914],[0.812695,10.167706]]]}},{"type":"Feature","properties":{"civic_code":"505-02-001","name":"Koumongou","settlement_type":"village","canton_official_code":"E05108353","review_status":"proposed","geometry_role":"non_authoritative_settlement_reference_extent","source":"paired-settlement-reference-extents/settlement-aware-reference-extents.geojson","commune_official_code":"E05108","official_code":"E05108"},"geometry":{"type":"Polygon","coordinates":[[[0.440671,10.17971],[0.436972,10.181608],[0.434501,10.184449],[0.433633,10.1878],[0.434501,10.191151],[0.435492,10.19229],[0.438763,10.194911],[0.440671,10.19589],[0.445034,10.196557],[0.449397,10.19589],[0.453095,10.193992],[0.455567,10.191151],[0.456434,10.1878],[0.455567,10.184449],[0.453095,10.181608],[0.449397,10.17971],[0.445034,10.179043],[0.440671,10.17971]]]}},{"type":"Feature","properties":{"civic_code":"505-05-001","name":"Nagangou","settlement_type":"village","canton_official_code":null,"review_status":"proposed","geometry_role":"non_authoritative_settlement_reference_extent","source":"paired-settlement-reference-extents/settlement-aware-reference-extents.geojson","commune_official_code":"E05108","official_code":"E05108"},"geometry":{"type":"Polygon","coordinates":[[[0.372589,10.104934],[0.370235,10.106142],[0.368662,10.107949],[0.36811,10.110081],[0.368662,10.112213],[0.370235,10.114021],[0.372589,10.115228],[0.375365,10.115652],[0.378141,10.115228],[0.380495,10.114021],[0.382068,10.112213],[0.38262,10.110081],[0.382068,10.107949],[0.380495,10.106142],[0.378141,10.104934],[0.375365,10.10451],[0.372589,10.104934]]]}},{"type":"Feature","properties":{"civic_code":"505-05-002","name":"Nali","settlement_type":"village","canton_official_code":"E05108354","review_status":"proposed","geometry_role":"non_authoritative_settlement_reference_extent","source":"paired-settlement-reference-extents/settlement-aware-reference-extents.geojson","commune_official_code":"E05108","official_code":"E05108"},"geometry":{"type":"Polygon","coordinates":[[[0.444983,10.045086],[0.444115,10.048436],[0.444983,10.051786],[0.447454,10.054626],[0.451153,10.056523],[0.455515,10.057189],[0.459878,10.056523],[0.463577,10.054626],[0.466048,10.051786],[0.466916,10.048436],[0.466048,10.045086],[0.463577,10.042247],[0.459878,10.040349],[0.455515,10.039683],[0.451153,10.040349],[0.447454,10.042247],[0.444983,10.045086]]]}},{"type":"Feature","properties":{"civic_code":"504-01-002","name":"Dankour","settlement_type":"village","canton_official_code":null,"review_status":"proposed","geometry_role":"non_authoritative_settlement_reference_extent","source":"paired-settlement-reference-extents/settlement-aware-reference-extents.geojson","commune_official_code":"E06111","official_code":"E06111"},"geometry":{"type":"Polygon","coordinates":[[[0.33327,10.61897],[0.330917,10.61776],[0.32814,10.617336],[0.325364,10.61776],[0.32301,10.61897],[0.321438,10.62078],[0.320885,10.622916],[0.321042,10.62352],[0.324147,10.627446],[0.325364,10.628071],[0.32814,10.628496],[0.330917,10.628071],[0.33327,10.626861],[0.334843,10.625051],[0.335395,10.622916],[0.334843,10.62078],[0.33327,10.61897]]]}},{"type":"Feature","properties":{"civic_code":"501-04-001","name":"kpong","settlement_type":"village","canton_official_code":null,"review_status":"proposed","geometry_role":"non_authoritative_settlement_reference_extent","source":"paired-settlement-reference-extents/settlement-aware-reference-extents.geojson","commune_official_code":"E07113","official_code":"E07113"},"geometry":{"type":"Polygon","coordinates":[[[0.203581,10.980335],[0.203029,10.982473],[0.203581,10.984611],[0.205154,10.986424],[0.207507,10.987635],[0.210284,10.98806],[0.21306,10.987635],[0.214443,10.986923],[0.21476,10.984842],[0.20861,10.979921],[0.206025,10.978075],[0.205154,10.978523],[0.203581,10.980335]]]}},{"type":"Feature","properties":{"civic_code":"501-04-002","name":"kpong-mossi","settlement_type":"village","canton_official_code":null,"review_status":"proposed","geometry_role":"non_authoritative_settlement_reference_extent","source":"paired-settlement-reference-extents/settlement-aware-reference-extents.geojson","commune_official_code":"E07113","official_code":"E07113"},"geometry":{"type":"Polygon","coordinates":[[[0.200863,10.972611],[0.198228,10.972207],[0.195451,10.972632],[0.193098,10.973843],[0.191525,10.975656],[0.190973,10.977794],[0.191525,10.979932],[0.193098,10.981744],[0.195451,10.982955],[0.198228,10.98338],[0.201004,10.982955],[0.203196,10.981828],[0.203581,10.980335],[0.205154,10.978523],[0.205316,10.97844],[0.205483,10.977794],[0.205449,10.977663],[0.202869,10.975821],[0.200863,10.972611]]]}},{"type":"Feature","properties":{"civic_code":"501-04-004","name":"Tinmangue","settlement_type":"village","canton_official_code":null,"review_status":"proposed","geometry_role":"non_authoritative_settlement_reference_extent","source":"paired-settlement-reference-extents/settlement-aware-reference-extents.geojson","commune_official_code":"E07113","official_code":"E07113"},"geometry":{"type":"Polygon","coordinates":[[[0.188875,10.977421],[0.186099,10.977846],[0.183745,10.979057],[0.182172,10.98087],[0.18162,10.983007],[0.182172,10.985145],[0.183745,10.986958],[0.186099,10.988169],[0.189154,10.988552],[0.191651,10.988169],[0.194005,10.986958],[0.195578,10.985145],[0.196117,10.983057],[0.195451,10.982955],[0.193098,10.981744],[0.191525,10.979932],[0.190986,10.977744],[0.188875,10.977421]]]}},{"type":"Feature","properties":{"civic_code":"504-06-003","name":"Noumonmon","settlement_type":"village","canton_official_code":null,"review_status":"proposed","geometry_role":"non_authoritative_settlement_reference_extent","source":"paired-settlement-reference-extents/settlement-aware-reference-extents.geojson","commune_official_code":"E07113","official_code":"E07113"},"geometry":{"type":"Polygon","coordinates":[[[0.343217,10.640653],[0.340441,10.641078],[0.338087,10.642288],[0.336515,10.644098],[0.335962,10.646234],[0.336515,10.648369],[0.338087,10.65018],[0.340441,10.651389],[0.343217,10.651814],[0.345994,10.651389],[0.346759,10.650996],[0.345063,10.648072],[0.34451,10.643905],[0.344636,10.64087],[0.343217,10.640653]]]}},{"type":"Feature","properties":{"civic_code":"507-02-001","name":"Batambouare","settlement_type":"village","canton_official_code":"E07113374","review_status":"proposed","geometry_role":"non_authoritative_settlement_reference_extent","source":"paired-settlement-reference-extents/settlement-aware-reference-extents.geojson","commune_official_code":"E07113","official_code":"E07113"},"geometry":{"type":"Polygon","coordinates":[[[0.24328,10.82378],[0.240504,10.823355],[0.237727,10.82378],[0.235374,10.82499],[0.233801,10.826802],[0.233249,10.828938],[0.233801,10.831075],[0.235374,10.832887],[0.237727,10.834097],[0.240504,10.834522],[0.24328,10.834097],[0.245634,10.832887],[0.247206,10.831075],[0.247759,10.828938],[0.247206,10.826802],[0.245634,10.82499],[0.24328,10.82378]]]}},{"type":"Feature","properties":{"civic_code":"507-02-003","name":"Dampiong","settlement_type":"village","canton_official_code":"E07113374","review_status":"proposed","geometry_role":"non_authoritative_settlement_reference_extent","source":"paired-settlement-reference-extents/settlement-aware-reference-extents.geojson","commune_official_code":"E07113","official_code":"E07113"},"geometry":{"type":"Polygon","coordinates":[[[0.225971,10.932172],[0.223194,10.932597],[0.220841,10.933808],[0.219268,10.93562],[0.218716,10.937758],[0.219268,10.939895],[0.220841,10.941708],[0.223194,10.942919],[0.225971,10.943344],[0.228747,10.942919],[0.231101,10.941708],[0.232673,10.939895],[0.233226,10.937758],[0.232673,10.93562],[0.231101,10.933808],[0.228747,10.932597],[0.225971,10.932172]]]}},{"type":"Feature","properties":{"civic_code":"507-02-005","name":"Kantantchiogue","settlement_type":"village","canton_official_code":"E07113374","review_status":"proposed","geometry_role":"non_authoritative_settlement_reference_extent","source":"paired-settlement-reference-extents/settlement-aware-reference-extents.geojson","commune_official_code":"E07113","official_code":"E07113"},"geometry":{"type":"Polygon","coordinates":[[[0.229215,10.950154],[0.226862,10.951365],[0.225289,10.953177],[0.224737,10.955315],[0.225289,10.957453],[0.226862,10.959265],[0.229215,10.960476],[0.231992,10.960901],[0.234768,10.960476],[0.237122,10.959265],[0.238694,10.957453],[0.239247,10.955315],[0.238694,10.953177],[0.237122,10.951365],[0.234768,10.950154],[0.231992,10.949729],[0.229215,10.950154]]]}},{"type":"Feature","properties":{"civic_code":"507-02-006","name":"Kpadjinda","settlement_type":"village","canton_official_code":"E07113374","review_status":"proposed","geometry_role":"non_authoritative_settlement_reference_extent","source":"paired-settlement-reference-extents/settlement-aware-reference-extents.geojson","commune_official_code":"E07113","official_code":"E07113"},"geometry":{"type":"Polygon","coordinates":[[[0.210811,10.946738],[0.209238,10.94855],[0.208686,10.950687],[0.209238,10.952825],[0.210811,10.954637],[0.213164,10.955848],[0.215941,10.956274],[0.218717,10.955848],[0.221071,10.954637],[0.222643,10.952825],[0.223196,10.950687],[0.222643,10.94855],[0.221071,10.946738],[0.218717,10.945527],[0.215941,10.945101],[0.213164,10.945527],[0.210811,10.946738]]]}},{"type":"Feature","properties":{"civic_code":"507-02-007","name":"Sibortoti","settlement_type":"village","canton_official_code":"E07113374","review_status":"proposed","geometry_role":"non_authoritative_settlement_reference_extent","source":"paired-settlement-reference-extents/settlement-aware-reference-extents.geojson","commune_official_code":"E07113","official_code":"E07113"},"geometry":{"type":"Polygon","coordinates":[[[0.183653,10.910134],[0.183101,10.912271],[0.183653,10.914409],[0.185226,10.916221],[0.18758,10.917431],[0.190356,10.917857],[0.193132,10.917431],[0.195486,10.916221],[0.197059,10.914409],[0.197611,10.912271],[0.197059,10.910134],[0.195486,10.908322],[0.193132,10.907111],[0.190356,10.906686],[0.18758,10.907111],[0.185226,10.908322],[0.183653,10.910134]]]}},{"type":"Feature","properties":{"civic_code":"507-02-008","name":"Talouan","settlement_type":"village","canton_official_code":"E07113374","review_status":"proposed","geometry_role":"non_authoritative_settlement_reference_extent","source":"paired-settlement-reference-extents/settlement-aware-reference-extents.geojson","commune_official_code":"E07113","official_code":"E07113"},"geometry":{"type":"Polygon","coordinates":[[[0.195913,10.904417],[0.196465,10.906554],[0.198037,10.908366],[0.200391,10.909577],[0.203167,10.910002],[0.205944,10.909577],[0.208298,10.908366],[0.20987,10.906554],[0.210422,10.904417],[0.20987,10.90228],[0.208298,10.900468],[0.205944,10.899257],[0.203167,10.898832],[0.200391,10.899257],[0.198037,10.900468],[0.196465,10.90228],[0.195913,10.904417]]]}},{"type":"Feature","properties":{"civic_code":"507-02-009","name":"Tangbaré","settlement_type":"village","canton_official_code":"E07113374","review_status":"proposed","geometry_role":"non_authoritative_settlement_reference_extent","source":"paired-settlement-reference-extents/settlement-aware-reference-extents.geojson","commune_official_code":"E07113","official_code":"E07113"},"geometry":{"type":"Polygon","coordinates":[[[0.268626,10.816627],[0.270198,10.818439],[0.272552,10.819649],[0.275328,10.820074],[0.278105,10.819649],[0.280458,10.818439],[0.282031,10.816627],[0.282583,10.814491],[0.282031,10.812354],[0.280458,10.810542],[0.278105,10.809332],[0.275328,10.808907],[0.272552,10.809332],[0.270198,10.810542],[0.268626,10.812354],[0.268073,10.814491],[0.268626,10.816627]]]}},{"type":"Feature","properties":{"civic_code":"507-02-010","name":"Taninkagou","settlement_type":"village","canton_official_code":"E07113374","review_status":"proposed","geometry_role":"non_authoritative_settlement_reference_extent","source":"paired-settlement-reference-extents/settlement-aware-reference-extents.geojson","commune_official_code":"E07113","official_code":"E07113"},"geometry":{"type":"Polygon","coordinates":[[[0.185882,10.966802],[0.188235,10.968013],[0.191012,10.968438],[0.193788,10.968013],[0.196016,10.966867],[0.195535,10.963944],[0.196367,10.961648],[0.197829,10.96116],[0.197714,10.960714],[0.196142,10.958902],[0.193788,10.957691],[0.191012,10.957266],[0.188235,10.957691],[0.185882,10.958902],[0.184309,10.960714],[0.183757,10.962852],[0.184309,10.96499],[0.185882,10.966802]]]}},{"type":"Feature","properties":{"civic_code":"507-03-002","name":"Sangdjimoni","settlement_type":"village","canton_official_code":null,"review_status":"proposed","geometry_role":"non_authoritative_settlement_reference_extent","source":"paired-settlement-reference-extents/settlement-aware-reference-extents.geojson","commune_official_code":"E07113","official_code":"E07113"},"geometry":{"type":"Polygon","coordinates":[[[0.242202,10.94925],[0.242626,10.949468],[0.249836,10.950503],[0.250108,10.950461],[0.252462,10.94925],[0.254034,10.947438],[0.254587,10.9453],[0.254034,10.943162],[0.252462,10.94135],[0.250108,10.940139],[0.247332,10.939714],[0.244555,10.940139],[0.242202,10.94135],[0.240629,10.943162],[0.240077,10.9453],[0.240629,10.947438],[0.242202,10.94925]]]}},{"type":"Feature","properties":{"civic_code":"507-07-002","name":"Konsogou","settlement_type":"village","canton_official_code":null,"review_status":"proposed","geometry_role":"non_authoritative_settlement_reference_extent","source":"paired-settlement-reference-extents/settlement-aware-reference-extents.geojson","commune_official_code":"E07113","official_code":"E07113"},"geometry":{"type":"Polygon","coordinates":[[[0.16694,10.897353],[0.165368,10.895542],[0.163014,10.894331],[0.160238,10.893906],[0.15761,10.894308],[0.160714,10.903671],[0.163121,10.904596],[0.165368,10.90344],[0.16694,10.901628],[0.167493,10.899491],[0.16694,10.897353]]]}},{"type":"Feature","properties":{"civic_code":"507-12-001","name":"Margba","settlement_type":"village","canton_official_code":"E07113376","review_status":"proposed","geometry_role":"non_authoritative_settlement_reference_extent","source":"paired-settlement-reference-extents/settlement-aware-reference-extents.geojson","commune_official_code":"E07113","official_code":"E07113"},"geometry":{"type":"Polygon","coordinates":[[[0.255464,11.007353],[0.258241,11.006927],[0.260594,11.005716],[0.262167,11.003904],[0.262719,11.001766],[0.262167,10.999628],[0.260594,10.997815],[0.258241,10.996604],[0.255464,10.996179],[0.252688,10.996604],[0.250334,10.997815],[0.248762,10.999628],[0.248265,11.001551],[0.249299,11.002453],[0.249537,11.004797],[0.250334,11.005716],[0.252688,11.006927],[0.255464,11.007353]]]}},{"type":"Feature","properties":{"civic_code":"507-12-002","name":"Natigou","settlement_type":"village","canton_official_code":"E07113376","review_status":"proposed","geometry_role":"non_authoritative_settlement_reference_extent","source":"paired-settlement-reference-extents/settlement-aware-reference-extents.geojson","commune_official_code":"E07113","official_code":"E07113"},"geometry":{"type":"Polygon","coordinates":[[[0.280225,10.987462],[0.282696,10.984614],[0.283564,10.981254],[0.282696,10.977895],[0.280225,10.975047],[0.276527,10.973144],[0.272164,10.972475],[0.267801,10.973144],[0.264102,10.975047],[0.261631,10.977895],[0.260763,10.981254],[0.261631,10.984614],[0.264102,10.987462],[0.267801,10.989365],[0.272164,10.990034],[0.276527,10.989365],[0.280225,10.987462]]]}},{"type":"Feature","properties":{"civic_code":"507-16-001","name":"Djakpaga","settlement_type":"village","canton_official_code":"E07113372","review_status":"proposed","geometry_role":"non_authoritative_settlement_reference_extent","source":"paired-settlement-reference-extents/settlement-aware-reference-extents.geojson","commune_official_code":"E07113","official_code":"E07113"},"geometry":{"type":"Polygon","coordinates":[[[0.237809,11.055666],[0.235033,11.056091],[0.232679,11.057303],[0.231106,11.059116],[0.230554,11.061254],[0.231106,11.063392],[0.231388,11.063717],[0.24501,11.061045],[0.244512,11.059116],[0.242939,11.057303],[0.240585,11.056091],[0.237809,11.055666]]]}},{"type":"Feature","properties":{"civic_code":"507-16-002","name":"Poissongui","settlement_type":"village","canton_official_code":"E07113372","review_status":"proposed","geometry_role":"non_authoritative_settlement_reference_extent","source":"paired-settlement-reference-extents/settlement-aware-reference-extents.geojson","commune_official_code":"E07113","official_code":"E07113"},"geometry":{"type":"Polygon","coordinates":[[[0.236256,11.042021],[0.235388,11.038661],[0.232917,11.035812],[0.229219,11.033909],[0.224856,11.033241],[0.220493,11.033909],[0.216794,11.035812],[0.214323,11.038661],[0.213455,11.042021],[0.214323,11.045382],[0.216794,11.04823],[0.220493,11.050134],[0.224856,11.050802],[0.229219,11.050134],[0.232917,11.04823],[0.235388,11.045382],[0.236256,11.042021]]]}},{"type":"Feature","properties":{"civic_code":"507-16-003","name":"Talguibounte","settlement_type":"village","canton_official_code":"E07113372","review_status":"proposed","geometry_role":"non_authoritative_settlement_reference_extent","source":"paired-settlement-reference-extents/settlement-aware-reference-extents.geojson","commune_official_code":"E07113","official_code":"E07113"},"geometry":{"type":"Polygon","coordinates":[[[0.25668,11.047039],[0.253443,11.043399],[0.252465,11.042896],[0.249689,11.042471],[0.246913,11.042896],[0.244559,11.044107],[0.242986,11.04592],[0.242434,11.048059],[0.242986,11.050197],[0.244559,11.05201],[0.246913,11.053221],[0.249689,11.053647],[0.252465,11.053221],[0.254819,11.05201],[0.256392,11.050197],[0.256944,11.048059],[0.25668,11.047039]]]}},{"type":"Feature","properties":{"civic_code":"507-02-004","name":"Dapaong","settlement_type":"city","canton_official_code":"E07113374","review_status":"proposed","geometry_role":"non_authoritative_settlement_reference_extent","source":"paired-settlement-reference-extents/settlement-aware-reference-extents.geojson","commune_official_code":"E07113","official_code":"E07113"},"geometry":{"type":"Polygon","coordinates":[[[0.228911,10.869369],[0.231803,10.868332],[0.234119,10.865278],[0.235563,10.862487],[0.237435,10.85938],[0.234953,10.849776],[0.227764,10.841494],[0.217004,10.835961],[0.204312,10.834018],[0.19162,10.835961],[0.180861,10.841494],[0.173671,10.849776],[0.171147,10.859545],[0.173671,10.869315],[0.180861,10.877598],[0.19162,10.883132],[0.204312,10.885075],[0.217004,10.883132],[0.227764,10.877598],[0.231031,10.873833],[0.229605,10.871048],[0.228911,10.869369]]]}},{"type":"Feature","properties":{"civic_code":"501-07-002","name":"Gnabadjoani","settlement_type":"village","canton_official_code":null,"review_status":"proposed","geometry_role":"non_authoritative_settlement_reference_extent","source":"paired-settlement-reference-extents/settlement-aware-reference-extents.geojson","commune_official_code":"E07114","official_code":"E07114"},"geometry":{"type":"Polygon","coordinates":[[[0.136395,10.97773],[0.134436,10.976721],[0.133802,10.977924],[0.127834,10.986504],[0.128489,10.986841],[0.131056,10.987235],[0.132158,10.985606],[0.135263,10.979799],[0.136963,10.980904],[0.138434,10.982015],[0.13852,10.98168],[0.137968,10.979542],[0.136395,10.97773]]]}},{"type":"Feature","properties":{"civic_code":"507-05-002","name":"Gabongbongue","settlement_type":"village","canton_official_code":"E07114381","review_status":"proposed","geometry_role":"non_authoritative_settlement_reference_extent","source":"paired-settlement-reference-extents/settlement-aware-reference-extents.geojson","commune_official_code":"E07114","official_code":"E07114"},"geometry":{"type":"Polygon","coordinates":[[[0.06354,10.887965],[0.060763,10.88754],[0.057987,10.887965],[0.055633,10.889176],[0.054061,10.890988],[0.053508,10.893125],[0.054061,10.895263],[0.055633,10.897075],[0.057987,10.898285],[0.060763,10.89871],[0.06354,10.898285],[0.065893,10.897075],[0.067466,10.895263],[0.068018,10.893125],[0.067466,10.890988],[0.065893,10.889176],[0.06354,10.887965]]]}},{"type":"Feature","properties":{"civic_code":"507-07-003","name":"Nanergou","settlement_type":"village","canton_official_code":"E07114379","review_status":"proposed","geometry_role":"non_authoritative_settlement_reference_extent","source":"paired-settlement-reference-extents/settlement-aware-reference-extents.geojson","commune_official_code":"E07114","official_code":"E07114"},"geometry":{"type":"Polygon","coordinates":[[[0.149046,10.905353],[0.144684,10.906021],[0.140985,10.907924],[0.138514,10.910771],[0.137646,10.91413],[0.138514,10.917489],[0.140985,10.920336],[0.144684,10.922239],[0.149046,10.922907],[0.153409,10.922239],[0.157108,10.920336],[0.159579,10.917489],[0.160447,10.91413],[0.159579,10.910771],[0.157108,10.907924],[0.153409,10.906021],[0.149046,10.905353]]]}},{"type":"Feature","properties":{"civic_code":"507-07-004","name":"Seossambiani","settlement_type":"village","canton_official_code":"E07114379","review_status":"proposed","geometry_role":"non_authoritative_settlement_reference_extent","source":"paired-settlement-reference-extents/settlement-aware-reference-extents.geojson","commune_official_code":"E07114","official_code":"E07114"},"geometry":{"type":"Polygon","coordinates":[[[0.125505,10.886539],[0.123151,10.88775],[0.121579,10.889561],[0.12145,10.89006],[0.123216,10.895681],[0.125505,10.896859],[0.128281,10.897284],[0.131058,10.896859],[0.133411,10.895648],[0.134984,10.893836],[0.135536,10.891699],[0.134984,10.889561],[0.133411,10.88775],[0.131058,10.886539],[0.128281,10.886114],[0.125505,10.886539]]]}},{"type":"Feature","properties":{"civic_code":"507-07-005","name":"Toutougou","settlement_type":"village","canton_official_code":"E07114379","review_status":"proposed","geometry_role":"non_authoritative_settlement_reference_extent","source":"paired-settlement-reference-extents/settlement-aware-reference-extents.geojson","commune_official_code":"E07114","official_code":"E07114"},"geometry":{"type":"Polygon","coordinates":[[[0.142886,10.881199],[0.142334,10.883336],[0.142886,10.885473],[0.144459,10.887285],[0.146812,10.888496],[0.149589,10.888921],[0.152365,10.888496],[0.154719,10.887285],[0.155127,10.886815],[0.154804,10.885841],[0.154485,10.879267],[0.152365,10.878176],[0.149589,10.877751],[0.146812,10.878176],[0.144459,10.879387],[0.142886,10.881199]]]}},{"type":"Feature","properties":{"civic_code":"507-05-003","name":"Naki-Ouest","settlement_type":"town","canton_official_code":"E07114381","review_status":"proposed","geometry_role":"non_authoritative_settlement_reference_extent","source":"paired-settlement-reference-extents/settlement-aware-reference-extents.geojson","commune_official_code":"E07114","official_code":"E07114"},"geometry":{"type":"Polygon","coordinates":[[[0.078609,10.918082],[0.086006,10.921888],[0.094732,10.923224],[0.103457,10.921888],[0.110855,10.918082],[0.115797,10.912387],[0.117533,10.90567],[0.116422,10.901371],[0.114221,10.903455],[0.093919,10.888241],[0.086006,10.889453],[0.078609,10.893258],[0.073666,10.898952],[0.071931,10.90567],[0.073666,10.912387],[0.078609,10.918082]]]}},{"type":"Feature","properties":{"civic_code":"507-13-001","name":"Djakpernaac","settlement_type":"village","canton_official_code":"E07115382","review_status":"proposed","geometry_role":"non_authoritative_settlement_reference_extent","source":"paired-settlement-reference-extents/settlement-aware-reference-extents.geojson","commune_official_code":"E07115","official_code":"E07115"},"geometry":{"type":"Polygon","coordinates":[[[0.159582,10.855934],[0.156806,10.855509],[0.154029,10.855934],[0.151676,10.857144],[0.150103,10.858956],[0.149551,10.861093],[0.150103,10.86323],[0.150774,10.864003],[0.153928,10.863295],[0.159021,10.863116],[0.162576,10.862198],[0.163259,10.858669],[0.161936,10.857144],[0.159582,10.855934]]]}},{"type":"Feature","properties":{"civic_code":"507-13-002","name":"Moldjoak","settlement_type":"village","canton_official_code":"E07115382","review_status":"proposed","geometry_role":"non_authoritative_settlement_reference_extent","source":"paired-settlement-reference-extents/settlement-aware-reference-extents.geojson","commune_official_code":"E07115","official_code":"E07115"},"geometry":{"type":"Polygon","coordinates":[[[0.091006,10.863553],[0.088229,10.863978],[0.085876,10.865189],[0.084303,10.867],[0.083751,10.869137],[0.084303,10.871275],[0.085876,10.873086],[0.088229,10.874297],[0.091006,10.874722],[0.093782,10.874297],[0.096136,10.873086],[0.097708,10.871275],[0.098261,10.869137],[0.097708,10.867],[0.096136,10.865189],[0.093782,10.863978],[0.091006,10.863553]]]}},{"type":"Feature","properties":{"civic_code":"507-13-003","name":"Nampante","settlement_type":"village","canton_official_code":"E07115382","review_status":"proposed","geometry_role":"non_authoritative_settlement_reference_extent","source":"paired-settlement-reference-extents/settlement-aware-reference-extents.geojson","commune_official_code":"E07115","official_code":"E07115"},"geometry":{"type":"Polygon","coordinates":[[[0.112403,10.864619],[0.110049,10.86583],[0.108477,10.867642],[0.107924,10.869779],[0.108477,10.871916],[0.110049,10.873728],[0.112403,10.874938],[0.115179,10.875363],[0.117956,10.874938],[0.120309,10.873728],[0.121882,10.871916],[0.122434,10.869779],[0.121882,10.867642],[0.120309,10.86583],[0.117956,10.864619],[0.115179,10.864194],[0.112403,10.864619]]]}},{"type":"Feature","properties":{"civic_code":"507-13-004","name":"Toulong","settlement_type":"village","canton_official_code":"E07115382","review_status":"proposed","geometry_role":"non_authoritative_settlement_reference_extent","source":"paired-settlement-reference-extents/settlement-aware-reference-extents.geojson","commune_official_code":"E07115","official_code":"E07115"},"geometry":{"type":"Polygon","coordinates":[[[0.141663,10.85692],[0.140091,10.858731],[0.139538,10.860868],[0.139735,10.861629],[0.140269,10.86144],[0.14629,10.864901],[0.150774,10.864003],[0.150103,10.86323],[0.149551,10.861093],[0.150103,10.858956],[0.151676,10.857144],[0.151982,10.856987],[0.151923,10.85692],[0.14957,10.855709],[0.146793,10.855284],[0.144017,10.855709],[0.141663,10.85692]]]}},{"type":"Feature","properties":{"civic_code":"507-13-005","name":"Wagante","settlement_type":"village","canton_official_code":"E07115382","review_status":"proposed","geometry_role":"non_authoritative_settlement_reference_extent","source":"paired-settlement-reference-extents/settlement-aware-reference-extents.geojson","commune_official_code":"E07115","official_code":"E07115"},"geometry":{"type":"Polygon","coordinates":[[[0.095742,10.874259],[0.09519,10.876396],[0.095742,10.878533],[0.097315,10.880345],[0.099669,10.881555],[0.102445,10.881981],[0.105221,10.881555],[0.107575,10.880345],[0.109148,10.878533],[0.1097,10.876396],[0.109148,10.874259],[0.107575,10.872447],[0.105221,10.871236],[0.102445,10.870811],[0.099669,10.871236],[0.097315,10.872447],[0.095742,10.874259]]]}},{"type":"Feature","properties":{"civic_code":"507-21-002","name":"Kanloun","settlement_type":"village","canton_official_code":"E07115383","review_status":"proposed","geometry_role":"non_authoritative_settlement_reference_extent","source":"paired-settlement-reference-extents/settlement-aware-reference-extents.geojson","commune_official_code":"E07115","official_code":"E07115"},"geometry":{"type":"Polygon","coordinates":[[[0.004804,10.910321],[0.005357,10.912458],[0.006929,10.91427],[0.009283,10.915481],[0.012059,10.915906],[0.014836,10.915481],[0.017189,10.91427],[0.018762,10.912458],[0.019314,10.910321],[0.018762,10.908183],[0.017189,10.906371],[0.014836,10.905161],[0.012059,10.904736],[0.009283,10.905161],[0.006929,10.906371],[0.005357,10.908183],[0.004804,10.910321]]]}},{"type":"Feature","properties":{"civic_code":"507-21-003","name":"Konkongbane","settlement_type":"village","canton_official_code":"E07115383","review_status":"proposed","geometry_role":"non_authoritative_settlement_reference_extent","source":"paired-settlement-reference-extents/settlement-aware-reference-extents.geojson","commune_official_code":"E07115","official_code":"E07115"},"geometry":{"type":"Polygon","coordinates":[[[0.07136,10.835962],[0.072933,10.837774],[0.075286,10.838984],[0.078063,10.839409],[0.080839,10.838984],[0.083193,10.837774],[0.084765,10.835962],[0.085318,10.833825],[0.084765,10.831689],[0.083193,10.829877],[0.080839,10.828667],[0.078063,10.828241],[0.075286,10.828667],[0.072933,10.829877],[0.07136,10.831689],[0.070808,10.833825],[0.07136,10.835962]]]}},{"type":"Feature","properties":{"civic_code":"507-21-004","name":"Nagré","settlement_type":"village","canton_official_code":null,"review_status":"proposed","geometry_role":"non_authoritative_settlement_reference_extent","source":"paired-settlement-reference-extents/settlement-aware-reference-extents.geojson","commune_official_code":"E07115","official_code":"E07115"},"geometry":{"type":"Polygon","coordinates":[[[0.104164,10.825913],[0.105736,10.827724],[0.10809,10.828935],[0.110866,10.82936],[0.113643,10.828935],[0.115996,10.827724],[0.117569,10.825913],[0.118121,10.823776],[0.117569,10.821639],[0.115996,10.819828],[0.113643,10.818617],[0.110866,10.818192],[0.10809,10.818617],[0.105736,10.819828],[0.104164,10.821639],[0.103611,10.823776],[0.104164,10.825913]]]}},{"type":"Feature","properties":{"civic_code":"507-21-005","name":"Tami","settlement_type":"village","canton_official_code":"E07115383","review_status":"proposed","geometry_role":"non_authoritative_settlement_reference_extent","source":"paired-settlement-reference-extents/settlement-aware-reference-extents.geojson","commune_official_code":"E07115","official_code":"E07115"},"geometry":{"type":"Polygon","coordinates":[[[0.035755,10.866003],[0.040118,10.866671],[0.044481,10.866003],[0.048179,10.864101],[0.05065,10.861254],[0.051518,10.857895],[0.05065,10.854537],[0.048179,10.85169],[0.044481,10.849788],[0.040118,10.84912],[0.035755,10.849788],[0.032056,10.85169],[0.029585,10.854537],[0.028717,10.857895],[0.029585,10.861254],[0.032056,10.864101],[0.035755,10.866003]]]}},{"type":"Feature","properties":{"civic_code":"507-21-006","name":"Tonte","settlement_type":"village","canton_official_code":"E07115383","review_status":"proposed","geometry_role":"non_authoritative_settlement_reference_extent","source":"paired-settlement-reference-extents/settlement-aware-reference-extents.geojson","commune_official_code":"E07115","official_code":"E07115"},"geometry":{"type":"Polygon","coordinates":[[[0.101644,10.824107],[0.103456,10.823829],[0.103677,10.823523],[0.104164,10.821639],[0.105736,10.819828],[0.106083,10.819649],[0.107844,10.815808],[0.106774,10.814575],[0.10442,10.813364],[0.101644,10.812939],[0.098867,10.813364],[0.096514,10.814575],[0.094941,10.816386],[0.094389,10.818523],[0.094941,10.82066],[0.096514,10.822471],[0.098867,10.823682],[0.101644,10.824107]]]}},{"type":"Feature","properties":{"civic_code":"507-21-007","name":"Touguibeme","settlement_type":"village","canton_official_code":"E07115383","review_status":"proposed","geometry_role":"non_authoritative_settlement_reference_extent","source":"paired-settlement-reference-extents/settlement-aware-reference-extents.geojson","commune_official_code":"E07115","official_code":"E07115"},"geometry":{"type":"Polygon","coordinates":[[[-0.001151,10.893148],[0.001202,10.891937],[0.002775,10.890125],[0.003327,10.887988],[0.002775,10.885851],[0.001202,10.884039],[-0.001151,10.882828],[-0.003928,10.882403],[-0.006704,10.882828],[-0.009058,10.884039],[-0.01063,10.885851],[-0.011183,10.887988],[-0.01063,10.890125],[-0.009058,10.891937],[-0.006704,10.893148],[-0.003928,10.893573],[-0.001151,10.893148]]]}},{"type":"Feature","properties":{"civic_code":"507-21-008","name":"Wangbane","settlement_type":"village","canton_official_code":"E07115383","review_status":"proposed","geometry_role":"non_authoritative_settlement_reference_extent","source":"paired-settlement-reference-extents/settlement-aware-reference-extents.geojson","commune_official_code":"E07115","official_code":"E07115"},"geometry":{"type":"Polygon","coordinates":[[[0.106466,10.833848],[0.10697,10.831897],[0.102089,10.826483],[0.099764,10.826127],[0.096987,10.826552],[0.094634,10.827763],[0.093061,10.829574],[0.092509,10.831711],[0.093061,10.833848],[0.094634,10.83566],[0.096987,10.83687],[0.099764,10.837295],[0.10254,10.83687],[0.104894,10.83566],[0.106466,10.833848]]]}},{"type":"Feature","properties":{"civic_code":"507-05-001","name":"Datoudjena","settlement_type":"town","canton_official_code":null,"review_status":"proposed","geometry_role":"non_authoritative_settlement_reference_extent","source":"paired-settlement-reference-extents/settlement-aware-reference-extents.geojson","commune_official_code":"E07115","official_code":"E07115"},"geometry":{"type":"Polygon","coordinates":[[[0.014836,10.905161],[0.017189,10.906371],[0.018762,10.908183],[0.019314,10.910321],[0.019163,10.910906],[0.019399,10.910942],[0.025184,10.910056],[0.025328,10.909877],[0.025585,10.909995],[0.028125,10.909606],[0.035522,10.905801],[0.039712,10.900974],[0.032836,10.898635],[0.026596,10.894419],[0.025092,10.892852],[0.023353,10.889431],[0.020082,10.887296],[0.020674,10.883797],[0.022065,10.881408],[0.025054,10.881337],[0.027705,10.87961],[0.034378,10.881026],[0.034947,10.880681],[0.028125,10.877172],[0.019399,10.875836],[0.010674,10.877172],[0.003277,10.880977],[0.000799,10.883831],[0.001202,10.884039],[0.002775,10.885851],[0.003327,10.887988],[0.002775,10.890125],[0.001202,10.891937],[-0.001151,10.893148],[-0.003376,10.893489],[-0.001666,10.900106],[0.003277,10.905801],[0.006144,10.907276],[0.006929,10.906371],[0.009283,10.905161],[0.012059,10.904736],[0.014836,10.905161]]]}},{"type":"Feature","properties":{"civic_code":"507-03-001","name":"Dakpante","settlement_type":"village","canton_official_code":"E07116387","review_status":"proposed","geometry_role":"non_authoritative_settlement_reference_extent","source":"paired-settlement-reference-extents/settlement-aware-reference-extents.geojson","commune_official_code":"E07116","official_code":"E07116"},"geometry":{"type":"Polygon","coordinates":[[[0.263221,10.913679],[0.260444,10.913254],[0.259387,10.913416],[0.255127,10.917637],[0.254389,10.921723],[0.255314,10.922789],[0.257668,10.924],[0.260444,10.924425],[0.263221,10.924],[0.265574,10.922789],[0.267147,10.920977],[0.267699,10.918839],[0.267147,10.916702],[0.265574,10.91489],[0.263221,10.913679]]]}},{"type":"Feature","properties":{"civic_code":"507-04-004","name":"Nadjou","settlement_type":"village","canton_official_code":"E07116389","review_status":"proposed","geometry_role":"non_authoritative_settlement_reference_extent","source":"paired-settlement-reference-extents/settlement-aware-reference-extents.geojson","commune_official_code":"E07116","official_code":"E07116"},"geometry":{"type":"Polygon","coordinates":[[[0.377526,10.996847],[0.37475,10.997273],[0.372396,10.998484],[0.370824,11.000296],[0.370271,11.002434],[0.370824,11.004572],[0.372396,11.006385],[0.37475,11.007596],[0.377526,11.008021],[0.380303,11.007596],[0.382656,11.006385],[0.384229,11.004572],[0.384781,11.002434],[0.384229,11.000296],[0.382656,10.998484],[0.380303,10.997273],[0.377526,10.996847]]]}},{"type":"Feature","properties":{"civic_code":"507-04-005","name":"Tantoga","settlement_type":"village","canton_official_code":"E07116389","review_status":"proposed","geometry_role":"non_authoritative_settlement_reference_extent","source":"paired-settlement-reference-extents/settlement-aware-reference-extents.geojson","commune_official_code":"E07116","official_code":"E07116"},"geometry":{"type":"Polygon","coordinates":[[[0.315918,10.957613],[0.313564,10.958824],[0.311992,10.960637],[0.311439,10.962774],[0.311992,10.964912],[0.313564,10.966725],[0.315918,10.967936],[0.318694,10.968361],[0.321471,10.967936],[0.323824,10.966725],[0.325397,10.964912],[0.325949,10.962774],[0.325397,10.960637],[0.323824,10.958824],[0.321471,10.957613],[0.318694,10.957188],[0.315918,10.957613]]]}},{"type":"Feature","properties":{"civic_code":"507-17-002","name":"Woualouag","settlement_type":"village","canton_official_code":"E07116388","review_status":"proposed","geometry_role":"non_authoritative_settlement_reference_extent","source":"paired-settlement-reference-extents/settlement-aware-reference-extents.geojson","commune_official_code":"E07116","official_code":"E07116"},"geometry":{"type":"Polygon","coordinates":[[[0.318763,11.008251],[0.31719,11.010064],[0.316638,11.012202],[0.31719,11.01434],[0.318763,11.016153],[0.321116,11.017364],[0.323893,11.017789],[0.326669,11.017364],[0.329023,11.016153],[0.330595,11.01434],[0.331148,11.012202],[0.330595,11.010064],[0.329023,11.008251],[0.326669,11.00704],[0.323893,11.006615],[0.321116,11.00704],[0.318763,11.008251]]]}},{"type":"Feature","properties":{"civic_code":"507-04-002","name":"Korbongou","settlement_type":"town","canton_official_code":"E07116389","review_status":"proposed","geometry_role":"non_authoritative_settlement_reference_extent","source":"paired-settlement-reference-extents/settlement-aware-reference-extents.geojson","commune_official_code":"E07116","official_code":"E07116"},"geometry":{"type":"Polygon","coordinates":[[[0.294445,10.905164],[0.295945,10.906089],[0.297889,10.907459],[0.298073,10.907719],[0.298058,10.911345],[0.298334,10.913833],[0.298653,10.91564],[0.297938,10.916444],[0.29725,10.91839],[0.296855,10.918736],[0.295033,10.918315],[0.294938,10.91859],[0.291998,10.918141],[0.290195,10.917738],[0.28987,10.919146],[0.290307,10.920841],[0.29525,10.926536],[0.302647,10.930341],[0.311373,10.931678],[0.320099,10.930341],[0.327496,10.926536],[0.332439,10.920841],[0.334174,10.914123],[0.332987,10.909529],[0.328205,10.910274],[0.324954,10.910472],[0.320838,10.910119],[0.314673,10.908709],[0.313624,10.908292],[0.3103,10.906499],[0.30884,10.906034],[0.311315,10.896578],[0.302647,10.897905],[0.297234,10.90069],[0.294412,10.90359],[0.294445,10.905164]]]}}]}
