{"type":"FeatureCollection","name":"Combined / official Grand Lomé sublocality polygons","features":[{"type":"Feature","properties":{"name":"Bassadji","place":"suburb","source_place":"suburb","place_type":"suburb","sublocality_class":"suburb","runtime_type":"quartier","hierarchy_level":"sublocality","display_level":"quartier","geometry_role":"source_polygon","geometry_authority":"official","geometry_preference":"polygon_over_point","reference_geometry":false,"sibling_clipped":false,"buffer_radius_m":null,"source_path":"admin/NEW_ACURATE_DATA/TG_grand_lome_quartiers.geojson","trust_rank":100,"classification_contract":"hierachy.yaml","feature_role":"boundary","layer_source":"combined_sublocalities","osm_id":"6613579","osm_type":"relation","ref":"BSJ","admin_level":"10","arrondissement":"3e Arrondissement","coverage":"grand_lome_official","source":"admin/NEW_ACURATE_DATA/TG_grand_lome_quartiers.geojson","commune_official_code":null,"official_code":null},"geometry":{"type":"Polygon","coordinates":[[[1.2384428,6.1413117],[1.2384708,6.1420947],[1.2385402,6.1430078],[1.2385328,6.1442306],[1.2383059,6.1441662],[1.238054,6.144089],[1.2377781,6.1440044],[1.2375878,6.1439442],[1.2373351,6.1438615],[1.2369164,6.1437372],[1.2361925,6.1435157],[1.2355639,6.1433258],[1.2346754,6.1430468],[1.2345418,6.1430061],[1.233803,6.1427859],[1.2347207,6.1424033],[1.2355162,6.1420783],[1.2359747,6.1418878],[1.2364024,6.1417076],[1.2368627,6.1414953],[1.2372871,6.1413294],[1.2375529,6.1413014],[1.2380053,6.1412959],[1.2384428,6.1413117]]]}},{"type":"Feature","properties":{"name":"Fréau-Jardin","place":"suburb","source_place":"suburb","place_type":"suburb","sublocality_class":"suburb","runtime_type":"quartier","hierarchy_level":"sublocality","display_level":"quartier","geometry_role":"source_polygon","geometry_authority":"official","geometry_preference":"polygon_over_point","reference_geometry":false,"sibling_clipped":false,"buffer_radius_m":null,"source_path":"admin/NEW_ACURATE_DATA/TG_grand_lome_quartiers.geojson","trust_rank":100,"classification_contract":"hierachy.yaml","feature_role":"boundary","layer_source":"combined_sublocalities","osm_id":"6609737","osm_type":"relation","ref":"FRJ","admin_level":"10","arrondissement":"1er Arrondissement","coverage":"grand_lome_official","source":"admin/NEW_ACURATE_DATA/TG_grand_lome_quartiers.geojson","commune_official_code":null,"official_code":null},"geometry":{"type":"Polygon","coordinates":[[[1.2272474,6.1325616],[1.227289,6.1325376],[1.2273332,6.1325049],[1.22746,6.1323789],[1.2275934,6.1322329],[1.2271221,6.1320676],[1.226259,6.1317708],[1.224982,6.1313435],[1.2238502,6.1309583],[1.2221513,6.1303842],[1.2221331,6.1304494],[1.2219259,6.1309755],[1.22238,6.1312487],[1.2220439,6.1320956],[1.222497,6.1325928],[1.2225398,6.1326266],[1.2225837,6.1326502],[1.2231552,6.1329274],[1.2232015,6.1329653],[1.2232456,6.1329996],[1.2232893,6.1330333],[1.2233536,6.1330617],[1.2234717,6.1330799],[1.2242396,6.1330928],[1.2243208,6.1330873],[1.2243823,6.1330792],[1.2250601,6.132985],[1.2257407,6.1328336],[1.2271897,6.1325729],[1.2272474,6.1325616]]]}},{"type":"Feature","properties":{"name":"Abobokomé","place":"suburb","source_place":"suburb","place_type":"suburb","sublocality_class":"suburb","runtime_type":"quartier","hierarchy_level":"sublocality","display_level":"quartier","geometry_role":"source_polygon","geometry_authority":"official","geometry_preference":"polygon_over_point","reference_geometry":false,"sibling_clipped":false,"buffer_radius_m":null,"source_path":"admin/NEW_ACURATE_DATA/TG_grand_lome_quartiers.geojson","trust_rank":100,"classification_contract":"hierachy.yaml","feature_role":"boundary","layer_source":"combined_sublocalities","osm_id":"6610248","osm_type":"relation","ref":"ABK","admin_level":"10","arrondissement":"1er Arrondissement","coverage":"grand_lome_official","source":"admin/NEW_ACURATE_DATA/TG_grand_lome_quartiers.geojson","commune_official_code":null,"official_code":null},"geometry":{"type":"Polygon","coordinates":[[[1.230929,6.1358172],[1.2318196,6.1354725],[1.2324098,6.1352205],[1.2325002,6.1351725],[1.2326154,6.1350925],[1.2327696,6.1349786],[1.2327062,6.1349319],[1.2326572,6.1348913],[1.2317576,6.1342029],[1.2310133,6.133634],[1.2291934,6.1322213],[1.2281017,6.1313328],[1.2282002,6.1319092],[1.2283022,6.1324823],[1.2284531,6.1333197],[1.2286355,6.1342664],[1.2287883,6.1350451],[1.2288165,6.1352011],[1.2289104,6.1356705],[1.2289601,6.1359788],[1.2289748,6.1360698],[1.2289805,6.1361522],[1.230929,6.1358172]]]}},{"type":"Feature","properties":{"name":"Kokétimé","place":"suburb","source_place":"suburb","place_type":"suburb","sublocality_class":"suburb","runtime_type":"quartier","hierarchy_level":"sublocality","display_level":"quartier","geometry_role":"source_polygon","geometry_authority":"official","geometry_preference":"polygon_over_point","reference_geometry":false,"sibling_clipped":false,"buffer_radius_m":null,"source_path":"admin/NEW_ACURATE_DATA/TG_grand_lome_quartiers.geojson","trust_rank":100,"classification_contract":"hierachy.yaml","feature_role":"boundary","layer_source":"combined_sublocalities","osm_id":"6609740","osm_type":"relation","ref":"KTM","admin_level":"10","arrondissement":"1er Arrondissement","coverage":"grand_lome_official","source":"admin/NEW_ACURATE_DATA/TG_grand_lome_quartiers.geojson","commune_official_code":null,"official_code":null},"geometry":{"type":"Polygon","coordinates":[[[1.227721,6.1277682],[1.2273738,6.1276808],[1.2266154,6.1274731],[1.225827,6.1272516],[1.2250625,6.1270348],[1.224372,6.1268441],[1.2232109,6.1265104],[1.2221694,6.1260184],[1.2221842,6.1259381],[1.222293,6.1253787],[1.2220701,6.1253031],[1.2221264,6.1251124],[1.2212641,6.1247909],[1.2206315,6.1266228],[1.2205691,6.1268033],[1.2199876,6.1284845],[1.221624,6.1286175],[1.2244789,6.1289018],[1.2254556,6.1289922],[1.2267577,6.1291166],[1.2277004,6.1292008],[1.2282696,6.1292968],[1.2284608,6.128743],[1.2286587,6.1280024],[1.227721,6.1277682]]]}},{"type":"Feature","properties":{"name":"Sanguéra","place":"suburb","source_place":"suburb","place_type":"suburb","sublocality_class":"suburb","runtime_type":"quartier","hierarchy_level":"sublocality","display_level":"quartier","geometry_role":"source_polygon","geometry_authority":"official","geometry_preference":"polygon_over_point","reference_geometry":false,"sibling_clipped":false,"buffer_radius_m":null,"source_path":"admin/NEW_ACURATE_DATA/TG_grand_lome_quartiers.geojson","trust_rank":100,"classification_contract":"hierachy.yaml","feature_role":"boundary","layer_source":"combined_sublocalities","osm_id":"6609744","osm_type":"relation","ref":"SGR","admin_level":"10","arrondissement":"1er Arrondissement","coverage":"grand_lome_official","source":"admin/NEW_ACURATE_DATA/TG_grand_lome_quartiers.geojson","commune_official_code":null,"official_code":null},"geometry":{"type":"Polygon","coordinates":[[[1.2199876,6.1284845],[1.2196179,6.1295039],[1.2196507,6.1295363],[1.2197914,6.1295741],[1.220672,6.1298811],[1.2210048,6.1299976],[1.221136,6.1300387],[1.2212536,6.1300819],[1.2220743,6.1303593],[1.2221513,6.1303842],[1.2238502,6.1309583],[1.224982,6.1313435],[1.226259,6.1317708],[1.2271221,6.1320676],[1.2275934,6.1322329],[1.2280608,6.1323903],[1.2281875,6.1324316],[1.2283022,6.1324823],[1.2282002,6.1319092],[1.2281017,6.1313328],[1.2280612,6.1311309],[1.2279475,6.1305474],[1.2280192,6.1302821],[1.228142,6.1297567],[1.2282696,6.1292968],[1.2277004,6.1292008],[1.2267577,6.1291166],[1.2254556,6.1289922],[1.2244789,6.1289018],[1.221624,6.1286175],[1.2199876,6.1284845]]]}},{"type":"Feature","properties":{"name":"Hanoukopé","place":"suburb","source_place":"suburb","place_type":"suburb","sublocality_class":"suburb","runtime_type":"quartier","hierarchy_level":"sublocality","display_level":"quartier","geometry_role":"source_polygon","geometry_authority":"official","geometry_preference":"polygon_over_point","reference_geometry":false,"sibling_clipped":false,"buffer_radius_m":null,"source_path":"admin/NEW_ACURATE_DATA/TG_grand_lome_quartiers.geojson","trust_rank":100,"classification_contract":"hierachy.yaml","feature_role":"boundary","layer_source":"combined_sublocalities","osm_id":"6609738","osm_type":"relation","ref":"HNK","admin_level":"10","arrondissement":"4e Arrondissement","coverage":"grand_lome_official","source":"admin/NEW_ACURATE_DATA/TG_grand_lome_quartiers.geojson","commune_official_code":null,"official_code":null},"geometry":{"type":"Polygon","coordinates":[[[1.2216933,6.1368353],[1.221065,6.136616],[1.2203399,6.1363407],[1.2191447,6.135905],[1.2183672,6.1356215],[1.2181531,6.135526],[1.2180651,6.1354789],[1.2175193,6.1351063],[1.2173169,6.1359449],[1.2172021,6.1364189],[1.217088,6.1368896],[1.2169986,6.1374332],[1.2168689,6.1379585],[1.216767,6.1385371],[1.2166475,6.1389775],[1.2165936,6.1391299],[1.2171024,6.1393083],[1.2180943,6.1396766],[1.2210224,6.1404433],[1.2210486,6.1403081],[1.2210902,6.1401859],[1.221097,6.1401622],[1.2212244,6.1398154],[1.2212806,6.1396748],[1.2213071,6.1395714],[1.2214089,6.1392601],[1.2215578,6.1387987],[1.2216959,6.1382472],[1.221834,6.1377253],[1.2219491,6.1372814],[1.2219502,6.1372765],[1.2219554,6.1372513],[1.222092,6.1368907],[1.2216933,6.1368353]]]}},{"type":"Feature","properties":{"name":"Adawlato","place":"suburb","source_place":"suburb","place_type":"suburb","sublocality_class":"suburb","runtime_type":"quartier","hierarchy_level":"sublocality","display_level":"quartier","geometry_role":"source_polygon","geometry_authority":"official","geometry_preference":"polygon_over_point","reference_geometry":false,"sibling_clipped":false,"buffer_radius_m":null,"source_path":"admin/NEW_ACURATE_DATA/TG_grand_lome_quartiers.geojson","trust_rank":100,"classification_contract":"hierachy.yaml","feature_role":"boundary","layer_source":"combined_sublocalities","osm_id":"6609731","osm_type":"relation","ref":"ADT","admin_level":"10","arrondissement":"1er Arrondissement","coverage":"grand_lome_official","source":"admin/NEW_ACURATE_DATA/TG_grand_lome_quartiers.geojson","commune_official_code":null,"official_code":null},"geometry":{"type":"Polygon","coordinates":[[[1.2288576,6.1271942],[1.2290552,6.1265168],[1.2293137,6.1256377],[1.2294395,6.1251494],[1.2295022,6.1249753],[1.2295143,6.1249281],[1.2299672,6.1233215],[1.2297124,6.1232415],[1.228795,6.1228708],[1.2275666,6.1223108],[1.2269229,6.1220441],[1.2262685,6.1233582],[1.2262498,6.123415],[1.2258929,6.1241762],[1.2258456,6.124336],[1.2256431,6.1250257],[1.2254685,6.1256285],[1.2252909,6.1262552],[1.2250625,6.1270348],[1.225827,6.1272516],[1.2266154,6.1274731],[1.2273738,6.1276808],[1.227721,6.1277682],[1.2286587,6.1280024],[1.2288576,6.1271942]]]}},{"type":"Feature","properties":{"name":"Cassablanca","place":"suburb","source_place":"suburb","place_type":"suburb","sublocality_class":"suburb","runtime_type":"quartier","hierarchy_level":"sublocality","display_level":"quartier","geometry_role":"source_polygon","geometry_authority":"official","geometry_preference":"polygon_over_point","reference_geometry":false,"sibling_clipped":false,"buffer_radius_m":null,"source_path":"admin/NEW_ACURATE_DATA/TG_grand_lome_quartiers.geojson","trust_rank":100,"classification_contract":"hierachy.yaml","feature_role":"boundary","layer_source":"combined_sublocalities","osm_id":"6609976","osm_type":"relation","ref":"CSB","admin_level":"10","arrondissement":"5e Arrondissement","coverage":"grand_lome_official","source":"admin/NEW_ACURATE_DATA/TG_grand_lome_quartiers.geojson","commune_official_code":null,"official_code":null},"geometry":{"type":"Polygon","coordinates":[[[1.2014844,6.152959],[1.2014566,6.152178],[1.2014353,6.1516835],[1.201412,6.1511163],[1.2014053,6.1502036],[1.2014593,6.1498546],[1.2015168,6.1495917],[1.2012731,6.1495007],[1.2012103,6.1494644],[1.2010338,6.1495822],[1.2005887,6.1500457],[1.2004533,6.1502191],[1.2003943,6.1502818],[1.2000376,6.1506871],[1.1996996,6.1510698],[1.1995673,6.151197],[1.1994491,6.1573954],[1.199432,6.1582676],[1.1994065,6.1595676],[1.2018054,6.1594581],[1.2018003,6.1592995],[1.2017666,6.1585523],[1.2017525,6.1582597],[1.2016792,6.1569661],[1.2016385,6.1561943],[1.2016043,6.1554856],[1.2015887,6.1550794],[1.2015089,6.1534448],[1.2014844,6.152959]]]}},{"type":"Feature","properties":{"name":"Lom-Nava","place":"suburb","source_place":"suburb","place_type":"suburb","sublocality_class":"suburb","runtime_type":"quartier","hierarchy_level":"sublocality","display_level":"quartier","geometry_role":"source_polygon","geometry_authority":"official","geometry_preference":"polygon_over_point","reference_geometry":false,"sibling_clipped":false,"buffer_radius_m":null,"source_path":"admin/NEW_ACURATE_DATA/TG_grand_lome_quartiers.geojson","trust_rank":100,"classification_contract":"hierachy.yaml","feature_role":"boundary","layer_source":"combined_sublocalities","osm_id":"6614152","osm_type":"relation","ref":"LNV","admin_level":"10","arrondissement":"3e Arrondissement","coverage":"grand_lome_official","source":"admin/NEW_ACURATE_DATA/TG_grand_lome_quartiers.geojson","commune_official_code":null,"official_code":null},"geometry":{"type":"Polygon","coordinates":[[[1.230947,6.1358867],[1.230975,6.1359949],[1.2311004,6.1363865],[1.2312816,6.136986],[1.2314182,6.1374733],[1.2315099,6.1377739],[1.2316099,6.138148],[1.2317142,6.1385212],[1.2318286,6.1389088],[1.2319324,6.1393024],[1.2320457,6.1397081],[1.2321533,6.1400937],[1.2322564,6.1404625],[1.2323596,6.1408312],[1.2324784,6.1412139],[1.2326158,6.1416446],[1.2327116,6.1419948],[1.2327772,6.1424544],[1.2328785,6.1424928],[1.2332989,6.1426314],[1.233803,6.1427859],[1.2347207,6.1424033],[1.2355162,6.1420783],[1.2355348,6.1416239],[1.2355662,6.1412014],[1.2355387,6.1407959],[1.2353561,6.1404103],[1.235204,6.140056],[1.2350278,6.1396654],[1.2348754,6.1393088],[1.2347257,6.1389467],[1.2345772,6.1385947],[1.234421,6.1382446],[1.2342527,6.1378546],[1.2340958,6.1374906],[1.2339469,6.1371266],[1.233796,6.1367726],[1.2336366,6.1363943],[1.2334774,6.1360366],[1.233434,6.1359227],[1.2334051,6.1358218],[1.2333957,6.1357398],[1.2333984,6.1356511],[1.2334111,6.1355358],[1.2334387,6.1354787],[1.2333539,6.1354002],[1.232958,6.1351192],[1.232942,6.1351075],[1.2328819,6.1350631],[1.2328305,6.1350244],[1.2327696,6.1349786],[1.2326154,6.1350925],[1.2325002,6.1351725],[1.2324098,6.1352205],[1.2318196,6.1354725],[1.230929,6.1358172],[1.230947,6.1358867]]]}},{"type":"Feature","properties":{"name":"Aguia Komé","place":"suburb","source_place":"suburb","place_type":"suburb","sublocality_class":"suburb","runtime_type":"quartier","hierarchy_level":"sublocality","display_level":"quartier","geometry_role":"source_polygon","geometry_authority":"official","geometry_preference":"polygon_over_point","reference_geometry":false,"sibling_clipped":false,"buffer_radius_m":null,"source_path":"admin/NEW_ACURATE_DATA/TG_grand_lome_quartiers.geojson","trust_rank":100,"classification_contract":"hierachy.yaml","feature_role":"boundary","layer_source":"combined_sublocalities","osm_id":"6610250","osm_type":"relation","ref":"AGK","admin_level":"10","arrondissement":"1er Arrondissement","coverage":"grand_lome_official","source":"admin/NEW_ACURATE_DATA/TG_grand_lome_quartiers.geojson","commune_official_code":null,"official_code":null},"geometry":{"type":"Polygon","coordinates":[[[1.2334172,6.1345127],[1.2339469,6.1341167],[1.2345725,6.1336503],[1.2345223,6.1335878],[1.2344052,6.1334554],[1.2337525,6.1327171],[1.2331089,6.1319842],[1.232432,6.1312128],[1.231833,6.1305308],[1.23116,6.1298],[1.23079,6.1293803],[1.2304465,6.1289293],[1.2295898,6.1279803],[1.2293002,6.1277076],[1.2289043,6.1272751],[1.2288576,6.1271942],[1.2286587,6.1280024],[1.2284608,6.128743],[1.2282696,6.1292968],[1.228142,6.1297567],[1.2280192,6.1302821],[1.2279475,6.1305474],[1.2280612,6.1311309],[1.2281017,6.1313328],[1.2291934,6.1322213],[1.2310133,6.133634],[1.2317576,6.1342029],[1.2326572,6.1348913],[1.2327062,6.1349319],[1.2327696,6.1349786],[1.2334172,6.1345127]]]}},{"type":"Feature","properties":{"name":"Agbadahonou","place":"suburb","source_place":"suburb","place_type":"suburb","sublocality_class":"suburb","runtime_type":"quartier","hierarchy_level":"sublocality","display_level":"quartier","geometry_role":"source_polygon","geometry_authority":"official","geometry_preference":"polygon_over_point","reference_geometry":false,"sibling_clipped":false,"buffer_radius_m":null,"source_path":"admin/NEW_ACURATE_DATA/TG_grand_lome_quartiers.geojson","trust_rank":100,"classification_contract":"hierachy.yaml","feature_role":"boundary","layer_source":"combined_sublocalities","osm_id":"6609733","osm_type":"relation","ref":"AGH","admin_level":"10","arrondissement":"1er Arrondissement","coverage":"grand_lome_official","source":"admin/NEW_ACURATE_DATA/TG_grand_lome_quartiers.geojson","commune_official_code":null,"official_code":null},"geometry":{"type":"Polygon","coordinates":[[[1.2258419,6.1216094],[1.2251821,6.121412],[1.2247342,6.121284],[1.2243184,6.1211693],[1.2238839,6.1209906],[1.2236291,6.1208813],[1.223385,6.120796],[1.2229907,6.1206893],[1.2226287,6.1205826],[1.222158,6.1220892],[1.2219904,6.1226181],[1.2216981,6.1235438],[1.2216384,6.1237079],[1.221429,6.1243148],[1.22142,6.1243408],[1.2214159,6.1243525],[1.2212641,6.1247909],[1.2221264,6.1251124],[1.2220701,6.1253031],[1.222293,6.1253787],[1.2221842,6.1259381],[1.2221694,6.1260184],[1.2232109,6.1265104],[1.224372,6.1268441],[1.2250625,6.1270348],[1.2252909,6.1262552],[1.2254685,6.1256285],[1.2256431,6.1250257],[1.2258456,6.124336],[1.2258929,6.1241762],[1.2262498,6.123415],[1.2262685,6.1233582],[1.2269229,6.1220441],[1.2258419,6.1216094]]]}},{"type":"Feature","properties":{"name":"Adoboukomé","place":"suburb","source_place":"suburb","place_type":"suburb","sublocality_class":"suburb","runtime_type":"quartier","hierarchy_level":"sublocality","display_level":"quartier","geometry_role":"source_polygon","geometry_authority":"official","geometry_preference":"polygon_over_point","reference_geometry":false,"sibling_clipped":false,"buffer_radius_m":null,"source_path":"admin/NEW_ACURATE_DATA/TG_grand_lome_quartiers.geojson","trust_rank":100,"classification_contract":"hierachy.yaml","feature_role":"boundary","layer_source":"combined_sublocalities","osm_id":"6610249","osm_type":"relation","ref":"ADK","admin_level":"10","arrondissement":"1er Arrondissement","coverage":"grand_lome_official","source":"admin/NEW_ACURATE_DATA/TG_grand_lome_quartiers.geojson","commune_official_code":null,"official_code":null},"geometry":{"type":"Polygon","coordinates":[[[1.2289748,6.1360698],[1.2289601,6.1359788],[1.2289104,6.1356705],[1.2288165,6.1352011],[1.2287883,6.1350451],[1.2286355,6.1342664],[1.2284531,6.1333197],[1.2283022,6.1324823],[1.2281875,6.1324316],[1.2280608,6.1323903],[1.2275934,6.1322329],[1.22746,6.1323789],[1.2273332,6.1325049],[1.227289,6.1325376],[1.2272474,6.1325616],[1.2271897,6.1325729],[1.2257407,6.1328336],[1.2250601,6.132985],[1.2243823,6.1330792],[1.2243208,6.1330873],[1.2242396,6.1330928],[1.2234717,6.1330799],[1.2233536,6.1330617],[1.2232893,6.1330333],[1.2232456,6.1329996],[1.2230933,6.1335297],[1.222978,6.1339224],[1.2228533,6.1344857],[1.2226724,6.1349492],[1.2226672,6.1349669],[1.2226568,6.1350018],[1.2226471,6.1350362],[1.2226428,6.1350517],[1.2225167,6.1354918],[1.222461,6.1356731],[1.2223759,6.1359878],[1.2222231,6.1365193],[1.2222189,6.1365338],[1.2222143,6.1365499],[1.222092,6.1368907],[1.2251137,6.1368788],[1.2252619,6.1368622],[1.2264912,6.1366433],[1.2278971,6.1363483],[1.2289805,6.1361522],[1.2289748,6.1360698]]]}},{"type":"Feature","properties":{"name":"Wétrivi-Kondji","place":"suburb","source_place":"suburb","place_type":"suburb","sublocality_class":"suburb","runtime_type":"quartier","hierarchy_level":"sublocality","display_level":"quartier","geometry_role":"source_polygon","geometry_authority":"official","geometry_preference":"polygon_over_point","reference_geometry":false,"sibling_clipped":false,"buffer_radius_m":null,"source_path":"admin/NEW_ACURATE_DATA/TG_grand_lome_quartiers.geojson","trust_rank":100,"classification_contract":"hierachy.yaml","feature_role":"boundary","layer_source":"combined_sublocalities","osm_id":"6609746","osm_type":"relation","ref":"WTK","admin_level":"10","arrondissement":"1er Arrondissement","coverage":"grand_lome_official","source":"admin/NEW_ACURATE_DATA/TG_grand_lome_quartiers.geojson","commune_official_code":null,"official_code":null},"geometry":{"type":"Polygon","coordinates":[[[1.2196507,6.1295363],[1.2196179,6.1295039],[1.2194597,6.130065],[1.2192837,6.1305833],[1.2191211,6.1309089],[1.2189963,6.1310617],[1.2186443,6.1321515],[1.2184227,6.1326399],[1.218338,6.133774],[1.2178942,6.1337522],[1.2175193,6.1351063],[1.2180651,6.1354789],[1.2181531,6.135526],[1.2183672,6.1356215],[1.2191447,6.135905],[1.2203399,6.1363407],[1.221065,6.136616],[1.2216933,6.1368353],[1.222092,6.1368907],[1.2222143,6.1365499],[1.2222189,6.1365338],[1.2222231,6.1365193],[1.2223759,6.1359878],[1.222461,6.1356731],[1.2225167,6.1354918],[1.2226428,6.1350517],[1.2226471,6.1350362],[1.2226568,6.1350018],[1.2226672,6.1349669],[1.2226724,6.1349492],[1.2228533,6.1344857],[1.222978,6.1339224],[1.2230933,6.1335297],[1.2232456,6.1329996],[1.2232015,6.1329653],[1.2231552,6.1329274],[1.2225837,6.1326502],[1.2225398,6.1326266],[1.222497,6.1325928],[1.2220439,6.1320956],[1.22238,6.1312487],[1.2219259,6.1309755],[1.2221331,6.1304494],[1.2221513,6.1303842],[1.2220743,6.1303593],[1.2212536,6.1300819],[1.221136,6.1300387],[1.2210048,6.1299976],[1.220672,6.1298811],[1.2197914,6.1295741],[1.2196507,6.1295363]]]}},{"type":"Feature","properties":{"name":"Tokoin-Forever","place":"suburb","source_place":"suburb","place_type":"suburb","sublocality_class":"suburb","runtime_type":"quartier","hierarchy_level":"sublocality","display_level":"quartier","geometry_role":"source_polygon","geometry_authority":"official","geometry_preference":"polygon_over_point","reference_geometry":false,"sibling_clipped":false,"buffer_radius_m":null,"source_path":"admin/NEW_ACURATE_DATA/TG_grand_lome_quartiers.geojson","trust_rank":100,"classification_contract":"hierachy.yaml","feature_role":"boundary","layer_source":"combined_sublocalities","osm_id":"6610996","osm_type":"relation","ref":"TKF","admin_level":"10","arrondissement":"2e Arrondissement","coverage":"grand_lome_official","source":"admin/NEW_ACURATE_DATA/TG_grand_lome_quartiers.geojson","commune_official_code":null,"official_code":null},"geometry":{"type":"Polygon","coordinates":[[[1.2270148,6.1596841],[1.2283258,6.1600384],[1.2286359,6.1601113],[1.2299527,6.1604677],[1.2300619,6.1604953],[1.2308373,6.1607396],[1.2318267,6.1609826],[1.2329688,6.1613189],[1.2331612,6.161395],[1.2334979,6.1614722],[1.2337501,6.1614761],[1.2341011,6.1614929],[1.2340884,6.1613956],[1.2340236,6.1609825],[1.2337994,6.1596837],[1.2337966,6.1596696],[1.2337586,6.159476],[1.2334483,6.157635],[1.2332733,6.1567811],[1.2331068,6.1561919],[1.2330153,6.1556939],[1.2329986,6.155603],[1.2329907,6.1555601],[1.2329649,6.1554196],[1.2329132,6.1554347],[1.2327627,6.1555201],[1.23187,6.1559604],[1.2302234,6.1567486],[1.2295473,6.1570722],[1.2286158,6.1573909],[1.2282158,6.1574957],[1.2277191,6.1576053],[1.2271781,6.1576756],[1.2268496,6.1577108],[1.2266664,6.1577286],[1.2264656,6.1577401],[1.2264344,6.1577429],[1.2264164,6.1577423],[1.2263857,6.1577997],[1.2263514,6.1578622],[1.2255757,6.1592782],[1.225799,6.1593562],[1.2265774,6.1595581],[1.2270148,6.1596841]]]}},{"type":"Feature","properties":{"name":"Amoutivé","place":"suburb","source_place":"suburb","place_type":"suburb","sublocality_class":"suburb","runtime_type":"quartier","hierarchy_level":"sublocality","display_level":"quartier","geometry_role":"source_polygon","geometry_authority":"official","geometry_preference":"polygon_over_point","reference_geometry":false,"sibling_clipped":false,"buffer_radius_m":null,"source_path":"admin/NEW_ACURATE_DATA/TG_grand_lome_quartiers.geojson","trust_rank":100,"classification_contract":"hierachy.yaml","feature_role":"boundary","layer_source":"combined_sublocalities","osm_id":"6613549","osm_type":"relation","ref":"AMT","admin_level":"10","arrondissement":"3e Arrondissement","coverage":"grand_lome_official","source":"admin/NEW_ACURATE_DATA/TG_grand_lome_quartiers.geojson","commune_official_code":null,"official_code":null},"geometry":{"type":"Polygon","coordinates":[[[1.2289922,6.1362152],[1.2290022,6.1362932],[1.2290854,6.1367132],[1.2292135,6.1373166],[1.2292665,6.1375646],[1.2292967,6.1377071],[1.2293167,6.137802],[1.2293757,6.138114],[1.2294019,6.138256],[1.2294609,6.1385347],[1.2295219,6.1388867],[1.229593,6.1394241],[1.2296648,6.1401501],[1.2296862,6.1404421],[1.2297227,6.1411522],[1.2297505,6.1415178],[1.2298003,6.1423535],[1.2298493,6.1427492],[1.2298621,6.1430929],[1.2298648,6.143195],[1.229878,6.1433833],[1.2298881,6.143623],[1.2298859,6.1440806],[1.2298879,6.1441187],[1.2299884,6.1441479],[1.2301148,6.1441554],[1.2302819,6.1441778],[1.2304763,6.1442668],[1.2311574,6.1444295],[1.231468,6.1445038],[1.2330041,6.1449949],[1.2336841,6.1451693],[1.2338941,6.1452491],[1.2342414,6.1453427],[1.2344074,6.1453578],[1.2346676,6.1454307],[1.2347589,6.1454775],[1.2349945,6.1455139],[1.2353193,6.1456439],[1.2354746,6.1456471],[1.2354875,6.1455163],[1.2355077,6.1451394],[1.235508,6.1449124],[1.2355231,6.1447439],[1.2355568,6.1440802],[1.2355639,6.1433258],[1.2346754,6.1430468],[1.2345418,6.1430061],[1.233803,6.1427859],[1.2332989,6.1426314],[1.2328785,6.1424928],[1.2327772,6.1424544],[1.2327116,6.1419948],[1.2326158,6.1416446],[1.2324784,6.1412139],[1.2323596,6.1408312],[1.2322564,6.1404625],[1.2321533,6.1400937],[1.2320457,6.1397081],[1.2319324,6.1393024],[1.2318286,6.1389088],[1.2317142,6.1385212],[1.2316099,6.138148],[1.2315099,6.1377739],[1.2314182,6.1374733],[1.2312816,6.136986],[1.2311004,6.1363865],[1.230975,6.1359949],[1.230947,6.1358867],[1.230929,6.1358172],[1.2289805,6.1361522],[1.2289922,6.1362152]]]}},{"type":"Feature","properties":{"name":"Kpéhénou","place":"suburb","source_place":"suburb","place_type":"suburb","sublocality_class":"suburb","runtime_type":"quartier","hierarchy_level":"sublocality","display_level":"quartier","geometry_role":"source_polygon","geometry_authority":"official","geometry_preference":"polygon_over_point","reference_geometry":false,"sibling_clipped":false,"buffer_radius_m":null,"source_path":"admin/NEW_ACURATE_DATA/TG_grand_lome_quartiers.geojson","trust_rank":100,"classification_contract":"hierachy.yaml","feature_role":"boundary","layer_source":"combined_sublocalities","osm_id":"6614158","osm_type":"relation","ref":"KPH","admin_level":"10","arrondissement":"3e Arrondissement","coverage":"grand_lome_official","source":"admin/NEW_ACURATE_DATA/TG_grand_lome_quartiers.geojson","commune_official_code":null,"official_code":null},"geometry":{"type":"Polygon","coordinates":[[[1.2328305,6.1350244],[1.2328819,6.1350631],[1.232942,6.1351075],[1.232958,6.1351192],[1.2333539,6.1354002],[1.2334387,6.1354787],[1.2334111,6.1355358],[1.2333984,6.1356511],[1.2333957,6.1357398],[1.2334051,6.1358218],[1.233434,6.1359227],[1.2334774,6.1360366],[1.2336366,6.1363943],[1.233796,6.1367726],[1.2339469,6.1371266],[1.2340958,6.1374906],[1.2342527,6.1378546],[1.234421,6.1382446],[1.2345772,6.1385947],[1.2347257,6.1389467],[1.2348754,6.1393088],[1.2350278,6.1396654],[1.235204,6.140056],[1.2353561,6.1404103],[1.2355387,6.1407959],[1.2355662,6.1412014],[1.2355348,6.1416239],[1.2355162,6.1420783],[1.2359747,6.1418878],[1.2364024,6.1417076],[1.2368627,6.1414953],[1.2372871,6.1413294],[1.2375529,6.1413014],[1.2380053,6.1412959],[1.2384428,6.1413117],[1.2389916,6.1413298],[1.239557,6.1413632],[1.2396197,6.1409039],[1.2399161,6.1408979],[1.2402303,6.1409075],[1.2405374,6.1409155],[1.2408497,6.1411738],[1.241321,6.1415201],[1.2420964,6.1421317],[1.2428517,6.1427182],[1.2429154,6.1426176],[1.2421987,6.1419264],[1.2415678,6.1411895],[1.2411555,6.1407861],[1.2408803,6.140469],[1.2405604,6.1401279],[1.2404342,6.1400206],[1.2403377,6.1399003],[1.2396487,6.1391921],[1.2391691,6.1387072],[1.2387779,6.1383082],[1.2384419,6.1379599],[1.2383947,6.1378982],[1.237896,6.1373778],[1.2376678,6.1371397],[1.2375317,6.1369977],[1.2373611,6.1368197],[1.2369859,6.1363869],[1.2365054,6.1358426],[1.2360728,6.1353566],[1.2357938,6.1350334],[1.2357775,6.1350144],[1.2352465,6.1344036],[1.2351857,6.1343187],[1.2348196,6.1339255],[1.2347349,6.1338312],[1.2347107,6.1338042],[1.2346235,6.133707],[1.2345725,6.1336503],[1.2339469,6.1341167],[1.2334172,6.1345127],[1.2327696,6.1349786],[1.2328305,6.1350244]]]}},{"type":"Feature","properties":{"name":"Octaviano-Nétimé","place":"suburb","source_place":"suburb","place_type":"suburb","sublocality_class":"suburb","runtime_type":"quartier","hierarchy_level":"sublocality","display_level":"quartier","geometry_role":"source_polygon","geometry_authority":"official","geometry_preference":"polygon_over_point","reference_geometry":false,"sibling_clipped":false,"buffer_radius_m":null,"source_path":"admin/NEW_ACURATE_DATA/TG_grand_lome_quartiers.geojson","trust_rank":100,"classification_contract":"hierachy.yaml","feature_role":"boundary","layer_source":"combined_sublocalities","osm_id":"6609742","osm_type":"relation","ref":"OTN","admin_level":"10","arrondissement":"4e Arrondissement","coverage":"grand_lome_official","source":"admin/NEW_ACURATE_DATA/TG_grand_lome_quartiers.geojson","commune_official_code":null,"official_code":null},"geometry":{"type":"Polygon","coordinates":[[[1.2155556,6.1337097],[1.2151122,6.1332756],[1.2147781,6.1329411],[1.2141499,6.1323431],[1.2136475,6.1318093],[1.2122487,6.1303838],[1.2122053,6.1305896],[1.2121892,6.1306698],[1.2121641,6.130829],[1.2121418,6.1309053],[1.2120379,6.1313922],[1.211918,6.132013],[1.2117893,6.1325959],[1.2116804,6.1331355],[1.2115649,6.1337546],[1.2113982,6.1344804],[1.211303,6.1349264],[1.2111863,6.1353224],[1.2108055,6.1371775],[1.2110831,6.1372307],[1.212745,6.1378265],[1.2138828,6.1381821],[1.2157636,6.1388493],[1.2165936,6.1391299],[1.2166475,6.1389775],[1.216767,6.1385371],[1.2168689,6.1379585],[1.2169986,6.1374332],[1.217088,6.1368896],[1.2172021,6.1364189],[1.2173169,6.1359449],[1.2175193,6.1351063],[1.2155556,6.1337097]]]}},{"type":"Feature","properties":{"name":"Bè-Ahligo","place":"suburb","source_place":"suburb","place_type":"suburb","sublocality_class":"suburb","runtime_type":"quartier","hierarchy_level":"sublocality","display_level":"quartier","geometry_role":"source_polygon","geometry_authority":"official","geometry_preference":"polygon_over_point","reference_geometry":false,"sibling_clipped":false,"buffer_radius_m":null,"source_path":"admin/NEW_ACURATE_DATA/TG_grand_lome_quartiers.geojson","trust_rank":100,"classification_contract":"hierachy.yaml","feature_role":"boundary","layer_source":"combined_sublocalities","osm_id":"6614452","osm_type":"relation","ref":"BAH","admin_level":"10","arrondissement":"3e Arrondissement","coverage":"grand_lome_official","source":"admin/NEW_ACURATE_DATA/TG_grand_lome_quartiers.geojson","commune_official_code":null,"official_code":null},"geometry":{"type":"Polygon","coordinates":[[[1.2588317,6.1387173],[1.2582833,6.1385253],[1.2577562,6.1383293],[1.2572273,6.1381318],[1.2570112,6.1380433],[1.2566936,6.1379235],[1.2561263,6.1377236],[1.2555828,6.1375178],[1.2550386,6.13731],[1.2545271,6.1371265],[1.2540038,6.1369312],[1.2534581,6.1367308],[1.2529604,6.1365405],[1.2517159,6.1360745],[1.2502915,6.1355567],[1.2501341,6.135492],[1.2489993,6.1350462],[1.2489689,6.1352779],[1.2489927,6.1358143],[1.2489911,6.1360063],[1.2489726,6.136738],[1.2490628,6.1367828],[1.2491222,6.1368303],[1.2491475,6.1367977],[1.2494735,6.1363719],[1.2507486,6.1373633],[1.2518436,6.13819],[1.252351,6.1386807],[1.2526922,6.1388513],[1.2529584,6.138946],[1.2531993,6.139031],[1.2537667,6.1392416],[1.2531435,6.1406862],[1.2530295,6.1411682],[1.2535378,6.1413422],[1.2541057,6.1415788],[1.2546495,6.1417875],[1.2557043,6.1421415],[1.2562729,6.1422622],[1.2568221,6.1424542],[1.2573612,6.1426336],[1.2578172,6.1428122],[1.2587715,6.1431337],[1.2588936,6.1431588],[1.2589583,6.1431605],[1.2590191,6.1431495],[1.2590732,6.1431126],[1.2591065,6.1430955],[1.2590517,6.1429089],[1.2588975,6.1424102],[1.2586769,6.1416342],[1.2586212,6.1413328],[1.2586152,6.1410515],[1.2586179,6.1409428],[1.2586427,6.1407735],[1.2588237,6.1402401],[1.2588713,6.1401368],[1.2589418,6.1400409],[1.2589808,6.1399601],[1.2591498,6.1395923],[1.2594286,6.1389388],[1.2588317,6.1387173]]]}},{"type":"Feature","properties":{"name":"Wété","place":"suburb","source_place":"suburb","place_type":"suburb","sublocality_class":"suburb","runtime_type":"quartier","hierarchy_level":"sublocality","display_level":"quartier","geometry_role":"source_polygon","geometry_authority":"official","geometry_preference":"polygon_over_point","reference_geometry":false,"sibling_clipped":false,"buffer_radius_m":null,"source_path":"admin/NEW_ACURATE_DATA/TG_grand_lome_quartiers.geojson","trust_rank":100,"classification_contract":"hierachy.yaml","feature_role":"boundary","layer_source":"combined_sublocalities","osm_id":"6614574","osm_type":"relation","ref":"WET","admin_level":"10","arrondissement":"3e Arrondissement","coverage":"grand_lome_official","source":"admin/NEW_ACURATE_DATA/TG_grand_lome_quartiers.geojson","commune_official_code":null,"official_code":null},"geometry":{"type":"Polygon","coordinates":[[[1.2589956,6.1432177],[1.2589856,6.1432759],[1.2589827,6.1433451],[1.2589902,6.1433948],[1.2590048,6.1434376],[1.259039,6.1434885],[1.2590648,6.1435393],[1.2590842,6.1435943],[1.2591295,6.143809],[1.2592373,6.1442472],[1.2593394,6.144729],[1.259385,6.1450444],[1.2593639,6.145481],[1.2593555,6.1455037],[1.2593343,6.1455507],[1.2593166,6.1455967],[1.2592985,6.1456527],[1.2592975,6.1456821],[1.2592975,6.1457084],[1.2592921,6.1457394],[1.2592274,6.1459757],[1.259104,6.1463784],[1.2589888,6.1467893],[1.2587228,6.1477314],[1.2587085,6.1477825],[1.2584958,6.1485445],[1.258424,6.1488043],[1.2584521,6.1488737],[1.2583491,6.1492445],[1.2583483,6.1493225],[1.2582102,6.1498426],[1.2581258,6.150105],[1.2580614,6.1503604],[1.257912,6.1508792],[1.2583677,6.1510309],[1.2588312,6.1511738],[1.2588722,6.1511858],[1.2593142,6.1513156],[1.2599184,6.1514415],[1.2601101,6.1515001],[1.2607552,6.1516903],[1.2613952,6.1518812],[1.2618079,6.1520159],[1.262025,6.1520866],[1.2624367,6.1504553],[1.2626392,6.1497392],[1.2629865,6.1484632],[1.2632495,6.1475613],[1.26348,6.1467044],[1.2637939,6.1456831],[1.2638514,6.1454467],[1.2640165,6.144785],[1.2642753,6.143811],[1.2635759,6.1436716],[1.2634083,6.1436515],[1.2628776,6.143594],[1.262589,6.1435625],[1.2621877,6.1435175],[1.2614778,6.1434176],[1.2605982,6.1433027],[1.2598579,6.1431961],[1.2594188,6.1431417],[1.2593126,6.1431089],[1.2591746,6.1430863],[1.2591065,6.1430955],[1.2590732,6.1431126],[1.2590191,6.1431495],[1.2589956,6.1432177]]]}},{"type":"Feature","properties":{"name":"Akodésséwa","place":"suburb","source_place":"suburb","place_type":"suburb","sublocality_class":"suburb","runtime_type":"quartier","hierarchy_level":"sublocality","display_level":"quartier","geometry_role":"source_polygon","geometry_authority":"official","geometry_preference":"polygon_over_point","reference_geometry":false,"sibling_clipped":false,"buffer_radius_m":null,"source_path":"admin/NEW_ACURATE_DATA/TG_grand_lome_quartiers.geojson","trust_rank":100,"classification_contract":"hierachy.yaml","feature_role":"boundary","layer_source":"combined_sublocalities","osm_id":"6614572","osm_type":"relation","ref":"AKS","admin_level":"10","arrondissement":"3e Arrondissement","coverage":"grand_lome_official","source":"admin/NEW_ACURATE_DATA/TG_grand_lome_quartiers.geojson","commune_official_code":null,"official_code":null},"geometry":{"type":"Polygon","coordinates":[[[1.2622649,6.1521592],[1.2624483,6.1522114],[1.2631314,6.1524049],[1.2638125,6.1525998],[1.2645303,6.1528042],[1.265028,6.1529513],[1.2651793,6.1529889],[1.2659301,6.1532008],[1.2662351,6.1532878],[1.2663789,6.1533288],[1.2666123,6.1533954],[1.2667348,6.1534325],[1.2673622,6.1536225],[1.2672428,6.1527727],[1.2670679,6.1515611],[1.2670362,6.1513414],[1.2670222,6.1512429],[1.2669354,6.150632],[1.2668453,6.1499986],[1.2668375,6.149888],[1.2668017,6.1493766],[1.2667826,6.1491849],[1.2667419,6.1488343],[1.2666947,6.1483925],[1.2666416,6.1479705],[1.2665818,6.1470942],[1.2665497,6.1467119],[1.2665331,6.1465411],[1.2664742,6.1460006],[1.2663715,6.1451964],[1.2663017,6.1445937],[1.2662856,6.144467],[1.2662347,6.1440276],[1.26623,6.1436903],[1.2662389,6.1429989],[1.266251,6.1425813],[1.2662555,6.1417709],[1.2662742,6.1410308],[1.2656575,6.1409645],[1.2651296,6.1408455],[1.2649125,6.1415382],[1.2645724,6.1427402],[1.2642753,6.143811],[1.2640165,6.144785],[1.2638514,6.1454467],[1.2637939,6.1456831],[1.26348,6.1467044],[1.2632495,6.1475613],[1.2629865,6.1484632],[1.2626392,6.1497392],[1.2624367,6.1504553],[1.262025,6.1520866],[1.2622649,6.1521592]]]}},{"type":"Feature","properties":{"name":"Bè-Apéhémé","place":"suburb","source_place":"suburb","place_type":"suburb","sublocality_class":"suburb","runtime_type":"quartier","hierarchy_level":"sublocality","display_level":"quartier","geometry_role":"source_polygon","geometry_authority":"official","geometry_preference":"polygon_over_point","reference_geometry":false,"sibling_clipped":false,"buffer_radius_m":null,"source_path":"admin/NEW_ACURATE_DATA/TG_grand_lome_quartiers.geojson","trust_rank":100,"classification_contract":"hierachy.yaml","feature_role":"boundary","layer_source":"combined_sublocalities","osm_id":"6614077","osm_type":"relation","ref":"BAP","admin_level":"10","arrondissement":"3e Arrondissement","coverage":"grand_lome_official","source":"admin/NEW_ACURATE_DATA/TG_grand_lome_quartiers.geojson","commune_official_code":null,"official_code":null},"geometry":{"type":"Polygon","coordinates":[[[1.2355213,6.1456481],[1.2356043,6.1457045],[1.2356555,6.1457237],[1.2356998,6.14571],[1.2367671,6.1459748],[1.2375165,6.1463167],[1.2384208,6.1467074],[1.2393014,6.1470815],[1.239336,6.1471311],[1.23939,6.1471613],[1.2394505,6.1471579],[1.2399179,6.1473615],[1.2400943,6.1474413],[1.2409643,6.1478117],[1.2419005,6.1480587],[1.2428294,6.1483156],[1.2434881,6.1484696],[1.2437913,6.1485452],[1.2438151,6.1485535],[1.2438084,6.1485818],[1.2439031,6.148607],[1.2439344,6.1485375],[1.2439852,6.1485416],[1.243999,6.148489],[1.244036,6.1485015],[1.2440761,6.1485185],[1.244091,6.1485505],[1.2441078,6.1485819],[1.2441175,6.1486089],[1.2441604,6.1486242],[1.2442174,6.1486807],[1.2442775,6.1487424],[1.2442386,6.1485488],[1.2441963,6.1483708],[1.2441629,6.1482129],[1.2441495,6.148159],[1.2441148,6.1480333],[1.2440028,6.1476215],[1.2438493,6.1470769],[1.2437784,6.1468172],[1.2436044,6.1461959],[1.2435178,6.1459154],[1.2434208,6.1455312],[1.2433999,6.145465],[1.243364,6.1453327],[1.2433096,6.1451474],[1.2432762,6.1450337],[1.2432515,6.144862],[1.2432536,6.1447738],[1.2432807,6.1446617],[1.2434343,6.1443759],[1.2436107,6.1441115],[1.2436137,6.1440971],[1.2436919,6.1439666],[1.243866,6.143639],[1.2439113,6.143506],[1.2434684,6.1431932],[1.2430455,6.1428678],[1.2430129,6.1428432],[1.2428517,6.1427182],[1.2420964,6.1421317],[1.241321,6.1415201],[1.2408497,6.1411738],[1.2405374,6.1409155],[1.2402303,6.1409075],[1.2399161,6.1408979],[1.2396197,6.1409039],[1.239557,6.1413632],[1.2389916,6.1413298],[1.2384428,6.1413117],[1.2384708,6.1420947],[1.2385402,6.1430078],[1.2385328,6.1442306],[1.2383059,6.1441662],[1.238054,6.144089],[1.2377781,6.1440044],[1.2375878,6.1439442],[1.2373351,6.1438615],[1.2369164,6.1437372],[1.2361925,6.1435157],[1.2355639,6.1433258],[1.2355568,6.1440802],[1.2355231,6.1447439],[1.235508,6.1449124],[1.2355077,6.1451394],[1.2354875,6.1455163],[1.2354746,6.1456471],[1.2355213,6.1456481]]]}},{"type":"Feature","properties":{"name":"Tokoin-Gbadago","place":"suburb","source_place":"suburb","place_type":"suburb","sublocality_class":"suburb","runtime_type":"quartier","hierarchy_level":"sublocality","display_level":"quartier","geometry_role":"source_polygon","geometry_authority":"official","geometry_preference":"polygon_over_point","reference_geometry":false,"sibling_clipped":false,"buffer_radius_m":null,"source_path":"admin/NEW_ACURATE_DATA/TG_grand_lome_quartiers.geojson","trust_rank":100,"classification_contract":"hierachy.yaml","feature_role":"boundary","layer_source":"combined_sublocalities","osm_id":"6610103","osm_type":"relation","ref":"TKG","admin_level":"10","arrondissement":"5e Arrondissement","coverage":"grand_lome_official","source":"admin/NEW_ACURATE_DATA/TG_grand_lome_quartiers.geojson","commune_official_code":null,"official_code":null},"geometry":{"type":"Polygon","coordinates":[[[1.2131532,6.148693],[1.2132971,6.1487165],[1.2137894,6.1487825],[1.2149495,6.1489418],[1.2157113,6.1490486],[1.216355,6.1491296],[1.2170218,6.1492251],[1.218095,6.1493721],[1.2184244,6.1494224],[1.2203588,6.1497021],[1.2202519,6.1490571],[1.2201734,6.1485271],[1.2200343,6.1475501],[1.219581,6.1473701],[1.2198734,6.1463487],[1.220208,6.1453327],[1.2204038,6.1445119],[1.2205486,6.1438879],[1.2206606,6.1433605],[1.2204286,6.1432792],[1.2202643,6.1432292],[1.2201624,6.1431718],[1.2198848,6.1430612],[1.2193993,6.1428905],[1.2182728,6.1425385],[1.2176987,6.1423562],[1.2172522,6.1422145],[1.2171108,6.142185],[1.2164904,6.1420558],[1.2164435,6.1420451],[1.2159197,6.1419424],[1.2158521,6.1419291],[1.2155959,6.1426612],[1.2150746,6.1441389],[1.21481,6.1448966],[1.2146058,6.145407],[1.2144385,6.1458266],[1.2141029,6.146529],[1.2131306,6.1486951],[1.2131532,6.148693]]]}},{"type":"Feature","properties":{"name":"N'tifafakomé","place":"suburb","source_place":"suburb","place_type":"suburb","sublocality_class":"suburb","runtime_type":"quartier","hierarchy_level":"sublocality","display_level":"quartier","geometry_role":"source_polygon","geometry_authority":"official","geometry_preference":"polygon_over_point","reference_geometry":false,"sibling_clipped":false,"buffer_radius_m":null,"source_path":"admin/NEW_ACURATE_DATA/TG_grand_lome_quartiers.geojson","trust_rank":100,"classification_contract":"hierachy.yaml","feature_role":"boundary","layer_source":"combined_sublocalities","osm_id":"6612114","osm_type":"relation","ref":"NFK","admin_level":"10","arrondissement":"2e Arrondissement","coverage":"grand_lome_official","source":"admin/NEW_ACURATE_DATA/TG_grand_lome_quartiers.geojson","commune_official_code":null,"official_code":null},"geometry":{"type":"Polygon","coordinates":[[[1.2319156,6.1495583],[1.2319517,6.1495599],[1.2327387,6.1495519],[1.2329499,6.1495585],[1.2331292,6.1495692],[1.2333903,6.1496158],[1.2336176,6.1496592],[1.2338229,6.1497219],[1.2340146,6.1497819],[1.2343499,6.1499086],[1.2346557,6.1500366],[1.2353598,6.1503713],[1.2358828,6.1506046],[1.2363844,6.1508233],[1.2365091,6.1508726],[1.2371307,6.1511277],[1.2377369,6.1513553],[1.2389452,6.151811],[1.2394357,6.151996],[1.239719,6.1520924],[1.2397754,6.1521162],[1.2398522,6.1521487],[1.2401744,6.1522975],[1.2408167,6.1525393],[1.2409833,6.1526034],[1.2414913,6.152794],[1.241671,6.152858],[1.2417669,6.152902],[1.241842,6.152868],[1.2419298,6.15292],[1.2420197,6.1529727],[1.2421089,6.1530247],[1.2421429,6.1530513],[1.242178,6.153098],[1.2421974,6.1531307],[1.2422064,6.153152],[1.2422443,6.1531412],[1.2423325,6.1531057],[1.242643,6.1530473],[1.2428187,6.15301],[1.2431179,6.1529168],[1.2433095,6.1528201],[1.2435502,6.1526811],[1.2436999,6.1525941],[1.2438429,6.1525038],[1.2439246,6.1524581],[1.2440081,6.1524234],[1.2442578,6.1523594],[1.2443713,6.1523344],[1.2446522,6.1523324],[1.2447401,6.15202],[1.2447502,6.1517253],[1.2447515,6.1517026],[1.2447542,6.15161],[1.244718,6.1513653],[1.2445558,6.1506941],[1.2445379,6.1505601],[1.2445107,6.1503347],[1.2442047,6.1502713],[1.2422084,6.149834],[1.2394622,6.149041],[1.2354688,6.1480032],[1.2324634,6.1473072],[1.2315594,6.1469578],[1.2310837,6.1467492],[1.2299612,6.1461942],[1.2300346,6.1489278],[1.230047,6.1490761],[1.2300483,6.1493175],[1.2300517,6.1494855],[1.230579,6.1495389],[1.2308585,6.1495442],[1.2310921,6.1495488],[1.2312898,6.1495517],[1.2317982,6.1495546],[1.2319156,6.1495583]]]}},{"type":"Feature","properties":{"name":"Dogbéavou","place":"suburb","source_place":"suburb","place_type":"suburb","sublocality_class":"suburb","runtime_type":"quartier","hierarchy_level":"sublocality","display_level":"quartier","geometry_role":"source_polygon","geometry_authority":"official","geometry_preference":"polygon_over_point","reference_geometry":false,"sibling_clipped":false,"buffer_radius_m":null,"source_path":"admin/NEW_ACURATE_DATA/TG_grand_lome_quartiers.geojson","trust_rank":100,"classification_contract":"hierachy.yaml","feature_role":"boundary","layer_source":"combined_sublocalities","osm_id":"6610102","osm_type":"relation","ref":"DGV","admin_level":"10","arrondissement":"5e Arrondissement","coverage":"grand_lome_official","source":"admin/NEW_ACURATE_DATA/TG_grand_lome_quartiers.geojson","commune_official_code":null,"official_code":null},"geometry":{"type":"Polygon","coordinates":[[[1.2118228,6.1514956],[1.2116335,6.1518966],[1.2115104,6.1523528],[1.2114633,6.1525633],[1.2114327,6.1527719],[1.2114227,6.15293],[1.2114204,6.1531336],[1.2114304,6.15333],[1.2114531,6.1535451],[1.2114857,6.1537691],[1.2115283,6.153986],[1.2115844,6.1541617],[1.2117398,6.1545244],[1.2118738,6.1547501],[1.2120208,6.1549693],[1.2121848,6.1551798],[1.2123642,6.155381],[1.2125702,6.1555571],[1.2128682,6.1557885],[1.2131555,6.1559515],[1.2133809,6.156051],[1.2136306,6.1561401],[1.2138952,6.156213],[1.2141602,6.1562744],[1.2144218,6.1563137],[1.2156419,6.1564819],[1.2162996,6.1565758],[1.2163365,6.1564111],[1.2163861,6.1563611],[1.2164237,6.1562731],[1.2165246,6.1558401],[1.2166936,6.1549387],[1.2167566,6.1545894],[1.2168739,6.1544074],[1.2170107,6.1542581],[1.2170255,6.1541994],[1.218142,6.1505446],[1.2183468,6.1498049],[1.2184244,6.1494224],[1.218095,6.1493721],[1.2170218,6.1492251],[1.216355,6.1491296],[1.2157113,6.1490486],[1.2149495,6.1489418],[1.2137894,6.1487825],[1.2132971,6.1487165],[1.2131532,6.148693],[1.2131306,6.1486951],[1.2118228,6.1514956]]]}},{"type":"Feature","properties":{"name":"Abové","place":"suburb","source_place":"suburb","place_type":"suburb","sublocality_class":"suburb","runtime_type":"quartier","hierarchy_level":"sublocality","display_level":"quartier","geometry_role":"source_polygon","geometry_authority":"official","geometry_preference":"polygon_over_point","reference_geometry":false,"sibling_clipped":false,"buffer_radius_m":null,"source_path":"admin/NEW_ACURATE_DATA/TG_grand_lome_quartiers.geojson","trust_rank":100,"classification_contract":"hierachy.yaml","feature_role":"boundary","layer_source":"combined_sublocalities","osm_id":"6610101","osm_type":"relation","ref":"ABV","admin_level":"10","arrondissement":"5e Arrondissement","coverage":"grand_lome_official","source":"admin/NEW_ACURATE_DATA/TG_grand_lome_quartiers.geojson","commune_official_code":null,"official_code":null},"geometry":{"type":"Polygon","coordinates":[[[1.2022315,6.1593184],[1.2046427,6.1595149],[1.2064346,6.1596623],[1.2067007,6.1598171],[1.2077817,6.1605952],[1.2078814,6.1606656],[1.2081794,6.1600659],[1.2086067,6.1591233],[1.208553,6.1589422],[1.208899,6.1582061],[1.208591,6.1580776],[1.2097404,6.1554703],[1.2091001,6.1552083],[1.208472,6.1550076],[1.2078475,6.154795],[1.2075015,6.154687],[1.2063501,6.1543049],[1.2044045,6.1536673],[1.2037605,6.1536076],[1.2023315,6.1534803],[1.2015089,6.1534448],[1.2015887,6.1550794],[1.2016043,6.1554856],[1.2016385,6.1561943],[1.2016792,6.1569661],[1.2017525,6.1582597],[1.2017666,6.1585523],[1.2018003,6.1592995],[1.2022315,6.1593184]]]}},{"type":"Feature","properties":{"name":"Gbonvié","place":"suburb","source_place":"suburb","place_type":"suburb","sublocality_class":"suburb","runtime_type":"quartier","hierarchy_level":"sublocality","display_level":"quartier","geometry_role":"source_polygon","geometry_authority":"official","geometry_preference":"polygon_over_point","reference_geometry":false,"sibling_clipped":false,"buffer_radius_m":null,"source_path":"admin/NEW_ACURATE_DATA/TG_grand_lome_quartiers.geojson","trust_rank":100,"classification_contract":"hierachy.yaml","feature_role":"boundary","layer_source":"combined_sublocalities","osm_id":"6610611","osm_type":"relation","ref":"GBV","admin_level":"10","arrondissement":"5e Arrondissement","coverage":"grand_lome_official","source":"admin/NEW_ACURATE_DATA/TG_grand_lome_quartiers.geojson","commune_official_code":null,"official_code":null},"geometry":{"type":"Polygon","coordinates":[[[1.2265816,6.1574415],[1.2267747,6.1570781],[1.2270872,6.1565515],[1.2271757,6.1563928],[1.2274197,6.1559395],[1.2244935,6.1550927],[1.2241776,6.1549747],[1.223896,6.1548107],[1.2238189,6.1547647],[1.2234521,6.1544907],[1.2228426,6.1539274],[1.2226917,6.1537907],[1.2225247,6.153646],[1.2214015,6.152552],[1.2210984,6.1522893],[1.2208107,6.1520021],[1.2203984,6.1515906],[1.2200282,6.151228],[1.2196768,6.150924],[1.219278,6.150595],[1.2188768,6.1502522],[1.2186776,6.150104],[1.2184464,6.1499335],[1.2183468,6.1498049],[1.218142,6.1505446],[1.2170255,6.1541994],[1.2170107,6.1542581],[1.2168739,6.1544074],[1.2167566,6.1545894],[1.2166936,6.1549387],[1.2165246,6.1558401],[1.2164237,6.1562731],[1.2163861,6.1563611],[1.2163365,6.1564111],[1.2162996,6.1565758],[1.2189137,6.1569156],[1.2211485,6.1571921],[1.2236993,6.1575161],[1.2243314,6.1575919],[1.2251658,6.1576928],[1.2256445,6.157739],[1.226342,6.1577402],[1.2264164,6.1577423],[1.2265816,6.1574415]]]}},{"type":"Feature","properties":{"name":"Tokoin-Lycée","place":"suburb","source_place":"suburb","place_type":"suburb","sublocality_class":"suburb","runtime_type":"quartier","hierarchy_level":"sublocality","display_level":"quartier","geometry_role":"source_polygon","geometry_authority":"official","geometry_preference":"polygon_over_point","reference_geometry":false,"sibling_clipped":false,"buffer_radius_m":null,"source_path":"admin/NEW_ACURATE_DATA/TG_grand_lome_quartiers.geojson","trust_rank":100,"classification_contract":"hierachy.yaml","feature_role":"boundary","layer_source":"combined_sublocalities","osm_id":"6610105","osm_type":"relation","ref":"TKL","admin_level":"10","arrondissement":"5e Arrondissement","coverage":"grand_lome_official","source":"admin/NEW_ACURATE_DATA/TG_grand_lome_quartiers.geojson","commune_official_code":null,"official_code":null},"geometry":{"type":"Polygon","coordinates":[[[1.2298565,6.1494908],[1.2283203,6.1495528],[1.2266305,6.1496221],[1.2261236,6.1496435],[1.2255576,6.1496728],[1.2249843,6.1496988],[1.223033,6.1497482],[1.2226655,6.1497642],[1.2209543,6.1497748],[1.2203588,6.1497021],[1.2184244,6.1494224],[1.2183468,6.1498049],[1.2184464,6.1499335],[1.2186776,6.150104],[1.2188768,6.1502522],[1.219278,6.150595],[1.2196768,6.150924],[1.2200282,6.151228],[1.2203984,6.1515906],[1.2208107,6.1520021],[1.2210984,6.1522893],[1.2214015,6.152552],[1.2225247,6.153646],[1.2226917,6.1537907],[1.2228426,6.1539274],[1.2234521,6.1544907],[1.2238189,6.1547647],[1.223896,6.1548107],[1.2241776,6.1549747],[1.2244935,6.1550927],[1.2274197,6.1559395],[1.2274653,6.1558121],[1.2275411,6.1556654],[1.2277007,6.1553548],[1.2278663,6.1550574],[1.2281808,6.1544841],[1.2285724,6.1537947],[1.2292198,6.1525943],[1.2298508,6.1514536],[1.2299756,6.151187],[1.230046,6.1509129],[1.2300835,6.1506596],[1.2300654,6.1496826],[1.2300517,6.1494855],[1.2298565,6.1494908]]]}},{"type":"Feature","properties":{"name":"Tokoin-Élavagnon","place":"suburb","source_place":"suburb","place_type":"suburb","sublocality_class":"suburb","runtime_type":"quartier","hierarchy_level":"sublocality","display_level":"quartier","geometry_role":"source_polygon","geometry_authority":"official","geometry_preference":"polygon_over_point","reference_geometry":false,"sibling_clipped":false,"buffer_radius_m":null,"source_path":"admin/NEW_ACURATE_DATA/TG_grand_lome_quartiers.geojson","trust_rank":100,"classification_contract":"hierachy.yaml","feature_role":"boundary","layer_source":"combined_sublocalities","osm_id":"6610108","osm_type":"relation","ref":"TKE","admin_level":"10","arrondissement":"5e Arrondissement","coverage":"grand_lome_official","source":"admin/NEW_ACURATE_DATA/TG_grand_lome_quartiers.geojson","commune_official_code":null,"official_code":null},"geometry":{"type":"Polygon","coordinates":[[[1.2209543,6.1497748],[1.2226655,6.1497642],[1.223033,6.1497482],[1.2249843,6.1496988],[1.2255576,6.1496728],[1.2261236,6.1496435],[1.2266305,6.1496221],[1.2283203,6.1495528],[1.2298565,6.1494908],[1.2300517,6.1494855],[1.2300483,6.1493175],[1.230047,6.1490761],[1.2300346,6.1489278],[1.2299612,6.1461942],[1.2298274,6.1461372],[1.2279998,6.145883],[1.2280896,6.145416],[1.225449,6.1448999],[1.2248992,6.1448119],[1.2233757,6.1442786],[1.22263,6.1440359],[1.2207632,6.1433185],[1.2207444,6.1434065],[1.2206606,6.1433605],[1.2205486,6.1438879],[1.2204038,6.1445119],[1.220208,6.1453327],[1.2198734,6.1463487],[1.219581,6.1473701],[1.2200343,6.1475501],[1.2201734,6.1485271],[1.2202519,6.1490571],[1.2203588,6.1497021],[1.2209543,6.1497748]]]}},{"type":"Feature","properties":{"name":"Doulassamé","place":"suburb","source_place":"suburb","place_type":"suburb","sublocality_class":"suburb","runtime_type":"quartier","hierarchy_level":"sublocality","display_level":"quartier","geometry_role":"source_polygon","geometry_authority":"official","geometry_preference":"polygon_over_point","reference_geometry":false,"sibling_clipped":false,"buffer_radius_m":null,"source_path":"admin/NEW_ACURATE_DATA/TG_grand_lome_quartiers.geojson","trust_rank":100,"classification_contract":"hierachy.yaml","feature_role":"boundary","layer_source":"combined_sublocalities","osm_id":"6613428","osm_type":"relation","ref":"DLS","admin_level":"10","arrondissement":"3e Arrondissement","coverage":"grand_lome_official","source":"admin/NEW_ACURATE_DATA/TG_grand_lome_quartiers.geojson","commune_official_code":null,"official_code":null},"geometry":{"type":"Polygon","coordinates":[[[1.2219554,6.1372513],[1.2219502,6.1372765],[1.2219491,6.1372814],[1.221834,6.1377253],[1.2216959,6.1382472],[1.2215578,6.1387987],[1.2214089,6.1392601],[1.2213071,6.1395714],[1.2212806,6.1396748],[1.2212244,6.1398154],[1.221097,6.1401622],[1.2210902,6.1401859],[1.2210486,6.1403081],[1.2210224,6.1404433],[1.2211536,6.140578],[1.2211836,6.1406088],[1.2214485,6.1409255],[1.2215663,6.1410394],[1.2217052,6.1411261],[1.2236283,6.142024],[1.2251711,6.1426671],[1.226752,6.1432708],[1.2275592,6.1434944],[1.2278079,6.1435665],[1.2292408,6.1439659],[1.2298859,6.1440806],[1.2298881,6.143623],[1.229878,6.1433833],[1.2298648,6.143195],[1.2298621,6.1430929],[1.2298493,6.1427492],[1.2298003,6.1423535],[1.2297505,6.1415178],[1.2297227,6.1411522],[1.2296862,6.1404421],[1.2296648,6.1401501],[1.229593,6.1394241],[1.2295219,6.1388867],[1.2294609,6.1385347],[1.2294019,6.138256],[1.2293757,6.138114],[1.2293167,6.137802],[1.2292967,6.1377071],[1.2292665,6.1375646],[1.2292135,6.1373166],[1.2290854,6.1367132],[1.2290022,6.1362932],[1.2289922,6.1362152],[1.2289805,6.1361522],[1.2278971,6.1363483],[1.2264912,6.1366433],[1.2252619,6.1368622],[1.2251137,6.1368788],[1.222092,6.1368907],[1.2219554,6.1372513]]]}},{"type":"Feature","properties":{"name":"Tokoin-Tamé","place":"suburb","source_place":"suburb","place_type":"suburb","sublocality_class":"suburb","runtime_type":"quartier","hierarchy_level":"sublocality","display_level":"quartier","geometry_role":"source_polygon","geometry_authority":"official","geometry_preference":"polygon_over_point","reference_geometry":false,"sibling_clipped":false,"buffer_radius_m":null,"source_path":"admin/NEW_ACURATE_DATA/TG_grand_lome_quartiers.geojson","trust_rank":100,"classification_contract":"hierachy.yaml","feature_role":"boundary","layer_source":"combined_sublocalities","osm_id":"6610997","osm_type":"relation","ref":"TKT","admin_level":"10","arrondissement":"2e Arrondissement","coverage":"grand_lome_official","source":"admin/NEW_ACURATE_DATA/TG_grand_lome_quartiers.geojson","commune_official_code":null,"official_code":null},"geometry":{"type":"Polygon","coordinates":[[[1.224445,6.1613372],[1.2241317,6.1619259],[1.2240496,6.1620929],[1.223894,6.1623796],[1.2238048,6.1625769],[1.2236673,6.1628763],[1.2235252,6.1631949],[1.2233419,6.1636309],[1.2231731,6.1640249],[1.2230759,6.1642596],[1.2229968,6.164445],[1.2229156,6.1646423],[1.2228397,6.1648256],[1.2227086,6.1651698],[1.2225433,6.1655415],[1.2224221,6.165853],[1.2220775,6.166709],[1.2215625,6.167932],[1.2216129,6.1679495],[1.2230064,6.168336],[1.2234108,6.1684491],[1.223631,6.1685047],[1.2242504,6.1686649],[1.2248567,6.1688144],[1.2255291,6.1690102],[1.2261364,6.1691782],[1.2261815,6.1691852],[1.2262105,6.1691895],[1.2268064,6.1693529],[1.2269575,6.168859],[1.2269657,6.1688162],[1.226975,6.1687782],[1.2271161,6.1682853],[1.2274002,6.1672935],[1.2274314,6.1671617],[1.2276181,6.1664987],[1.2276275,6.1664602],[1.2283088,6.1666295],[1.2283192,6.1665926],[1.2285034,6.1659269],[1.2288486,6.1646791],[1.229006,6.1640842],[1.2293081,6.1630182],[1.2296058,6.16195],[1.2298479,6.160977],[1.229937,6.1605509],[1.2299527,6.1604677],[1.2286359,6.1601113],[1.2283258,6.1600384],[1.2270148,6.1596841],[1.2265774,6.1595581],[1.225799,6.1593562],[1.2255757,6.1592782],[1.224445,6.1613372]]]}},{"type":"Feature","properties":{"name":"Avénou","place":"suburb","source_place":"suburb","place_type":"suburb","sublocality_class":"suburb","runtime_type":"quartier","hierarchy_level":"sublocality","display_level":"quartier","geometry_role":"source_polygon","geometry_authority":"official","geometry_preference":"polygon_over_point","reference_geometry":false,"sibling_clipped":false,"buffer_radius_m":null,"source_path":"admin/NEW_ACURATE_DATA/TG_grand_lome_quartiers.geojson","trust_rank":100,"classification_contract":"hierachy.yaml","feature_role":"boundary","layer_source":"combined_sublocalities","osm_id":"6609735","osm_type":"relation","ref":"AVN","admin_level":"10","arrondissement":"5e Arrondissement","coverage":"grand_lome_official","source":"admin/NEW_ACURATE_DATA/TG_grand_lome_quartiers.geojson","commune_official_code":null,"official_code":null},"geometry":{"type":"Polygon","coordinates":[[[1.1995171,6.1692259],[1.1994206,6.169278],[1.1990779,6.169436],[1.1984563,6.1695926],[1.1957506,6.170024],[1.1942123,6.1702546],[1.1938034,6.1703253],[1.192251,6.1705959],[1.1918594,6.1707526],[1.1916227,6.1708546],[1.1911238,6.171084],[1.1901126,6.17154],[1.1895487,6.171802],[1.1891751,6.1719817],[1.1885147,6.1722949],[1.1884706,6.1723142],[1.1882619,6.17242],[1.1881935,6.1724415],[1.1878696,6.1725913],[1.1871052,6.172942],[1.1867216,6.1731193],[1.1863971,6.1752659],[1.1863314,6.1762219],[1.1863099,6.1773313],[1.1862267,6.1784886],[1.1861838,6.1788272],[1.1860605,6.1797499],[1.1860288,6.1799257],[1.1913931,6.1758338],[1.1929402,6.1746632],[1.1964434,6.171952],[1.1980315,6.1706516],[1.1988395,6.1700696],[1.199101,6.169871],[1.1993357,6.1696736],[1.1994827,6.1695778],[1.199536,6.1695541],[1.1996318,6.1694872],[1.1995171,6.1692259]]]}},{"type":"Feature","properties":{"name":"Saint-Joseph","place":"suburb","source_place":"suburb","place_type":"suburb","sublocality_class":"suburb","runtime_type":"quartier","hierarchy_level":"sublocality","display_level":"quartier","geometry_role":"source_polygon","geometry_authority":"official","geometry_preference":"polygon_over_point","reference_geometry":false,"sibling_clipped":false,"buffer_radius_m":null,"source_path":"admin/NEW_ACURATE_DATA/TG_grand_lome_quartiers.geojson","trust_rank":100,"classification_contract":"hierachy.yaml","feature_role":"boundary","layer_source":"combined_sublocalities","osm_id":"6611973","osm_type":"relation","ref":"SJO","admin_level":"10","arrondissement":"2e Arrondissement","coverage":"grand_lome_official","source":"admin/NEW_ACURATE_DATA/TG_grand_lome_quartiers.geojson","commune_official_code":null,"official_code":null},"geometry":{"type":"Polygon","coordinates":[[[1.2300517,6.1494855],[1.2300654,6.1496826],[1.2300835,6.1506596],[1.230046,6.1509129],[1.2299756,6.151187],[1.2298508,6.1514536],[1.2292198,6.1525943],[1.2285724,6.1537947],[1.2281808,6.1544841],[1.2278663,6.1550574],[1.2277007,6.1553548],[1.2275411,6.1556654],[1.2274653,6.1558121],[1.2274197,6.1559395],[1.2271757,6.1563928],[1.2270872,6.1565515],[1.2267747,6.1570781],[1.2265816,6.1574415],[1.2264164,6.1577423],[1.2264344,6.1577429],[1.2264656,6.1577401],[1.2266664,6.1577286],[1.2268496,6.1577108],[1.2271781,6.1576756],[1.2277191,6.1576053],[1.2282158,6.1574957],[1.2286158,6.1573909],[1.2295473,6.1570722],[1.2302234,6.1567486],[1.23187,6.1559604],[1.2327627,6.1555201],[1.2329132,6.1554347],[1.2329649,6.1554196],[1.2350556,6.1544086],[1.2356034,6.1541437],[1.2361594,6.1538748],[1.2374238,6.1532634],[1.2378701,6.1530476],[1.2384852,6.152756],[1.2390221,6.152491],[1.2394799,6.1522691],[1.2397754,6.1521162],[1.239719,6.1520924],[1.2394357,6.151996],[1.2389452,6.151811],[1.2377369,6.1513553],[1.2371307,6.1511277],[1.2365091,6.1508726],[1.2363844,6.1508233],[1.2358828,6.1506046],[1.2353598,6.1503713],[1.2346557,6.1500366],[1.2343499,6.1499086],[1.2340146,6.1497819],[1.2338229,6.1497219],[1.2336176,6.1496592],[1.2333903,6.1496158],[1.2331292,6.1495692],[1.2329499,6.1495585],[1.2327387,6.1495519],[1.2319517,6.1495599],[1.2319156,6.1495583],[1.2317982,6.1495546],[1.2312898,6.1495517],[1.2310921,6.1495488],[1.2308585,6.1495442],[1.230579,6.1495389],[1.2300517,6.1494855]]]}},{"type":"Feature","properties":{"name":"Akossombo","place":"suburb","source_place":"suburb","place_type":"suburb","sublocality_class":"suburb","runtime_type":"quartier","hierarchy_level":"sublocality","display_level":"quartier","geometry_role":"source_polygon","geometry_authority":"official","geometry_preference":"polygon_over_point","reference_geometry":false,"sibling_clipped":false,"buffer_radius_m":null,"source_path":"admin/NEW_ACURATE_DATA/TG_grand_lome_quartiers.geojson","trust_rank":100,"classification_contract":"hierachy.yaml","feature_role":"boundary","layer_source":"combined_sublocalities","osm_id":"6609734","osm_type":"relation","ref":"AKO","admin_level":"10","arrondissement":"5e Arrondissement","coverage":"grand_lome_official","source":"admin/NEW_ACURATE_DATA/TG_grand_lome_quartiers.geojson","commune_official_code":null,"official_code":null},"geometry":{"type":"Polygon","coordinates":[[[1.1993815,6.1608426],[1.1994295,6.1678643],[1.1994381,6.1691206],[1.1995171,6.1692259],[1.1996318,6.1694872],[1.2014419,6.168085],[1.201973,6.1676396],[1.2024633,6.1672195],[1.2031552,6.166666],[1.2033594,6.166492],[1.2041184,6.1657078],[1.205007,6.1647097],[1.2057402,6.1638136],[1.2062166,6.1631357],[1.2070634,6.1618409],[1.2077817,6.1605952],[1.2067007,6.1598171],[1.2064346,6.1596623],[1.2046427,6.1595149],[1.2022315,6.1593184],[1.2018003,6.1592995],[1.2018054,6.1594581],[1.1994065,6.1595676],[1.1993815,6.1608426]]]}},{"type":"Feature","properties":{"name":"Tokoin-Hôpital","place":"suburb","source_place":"suburb","place_type":"suburb","sublocality_class":"suburb","runtime_type":"quartier","hierarchy_level":"sublocality","display_level":"quartier","geometry_role":"source_polygon","geometry_authority":"official","geometry_preference":"polygon_over_point","reference_geometry":false,"sibling_clipped":false,"buffer_radius_m":null,"source_path":"admin/NEW_ACURATE_DATA/TG_grand_lome_quartiers.geojson","trust_rank":100,"classification_contract":"hierachy.yaml","feature_role":"boundary","layer_source":"combined_sublocalities","osm_id":"6610104","osm_type":"relation","ref":"TKH","admin_level":"10","arrondissement":"5e Arrondissement","coverage":"grand_lome_official","source":"admin/NEW_ACURATE_DATA/TG_grand_lome_quartiers.geojson","commune_official_code":null,"official_code":null},"geometry":{"type":"Polygon","coordinates":[[[1.2128932,6.141736],[1.2132305,6.1408668],[1.2127608,6.1407357],[1.2115592,6.140277],[1.2104304,6.1398262],[1.2099049,6.1396163],[1.2097086,6.1400133],[1.2095014,6.1404304],[1.2094121,6.1405748],[1.2092665,6.140803],[1.2088294,6.1412555],[1.208138,6.1418855],[1.2079489,6.1421609],[1.2076787,6.1424869],[1.2073595,6.1428455],[1.2070235,6.1431989],[1.2067037,6.1435689],[1.2061679,6.1441329],[1.2058917,6.1444457],[1.2055074,6.1448456],[1.2051112,6.1452871],[1.2047172,6.1456667],[1.207674,6.1473179],[1.2089987,6.1480491],[1.209165,6.1481024],[1.2117506,6.1484971],[1.2131306,6.1486951],[1.2141029,6.146529],[1.2144385,6.1458266],[1.2146058,6.145407],[1.21481,6.1448966],[1.2150746,6.1441389],[1.2155959,6.1426612],[1.2128932,6.141736]]]}},{"type":"Feature","properties":{"name":"Gbényédji","place":"suburb","source_place":"suburb","place_type":"suburb","sublocality_class":"suburb","runtime_type":"quartier","hierarchy_level":"sublocality","display_level":"quartier","geometry_role":"source_polygon","geometry_authority":"official","geometry_preference":"polygon_over_point","reference_geometry":false,"sibling_clipped":false,"buffer_radius_m":null,"source_path":"admin/NEW_ACURATE_DATA/TG_grand_lome_quartiers.geojson","trust_rank":100,"classification_contract":"hierachy.yaml","feature_role":"boundary","layer_source":"combined_sublocalities","osm_id":"6614573","osm_type":"relation","ref":"GBY","admin_level":"10","arrondissement":"3e Arrondissement","coverage":"grand_lome_official","source":"admin/NEW_ACURATE_DATA/TG_grand_lome_quartiers.geojson","commune_official_code":null,"official_code":null},"geometry":{"type":"Polygon","coordinates":[[[1.258424,6.1488043],[1.2584958,6.1485445],[1.2587085,6.1477825],[1.2587228,6.1477314],[1.2589888,6.1467893],[1.259104,6.1463784],[1.2592274,6.1459757],[1.2592921,6.1457394],[1.2592975,6.1457084],[1.2592975,6.1456821],[1.2592985,6.1456527],[1.2593166,6.1455967],[1.2593343,6.1455507],[1.2593555,6.1455037],[1.2593639,6.145481],[1.259385,6.1450444],[1.2593394,6.144729],[1.2592373,6.1442472],[1.2591295,6.143809],[1.2590842,6.1435943],[1.2590648,6.1435393],[1.259039,6.1434885],[1.2590048,6.1434376],[1.2589902,6.1433948],[1.2589827,6.1433451],[1.2589856,6.1432759],[1.2589956,6.1432177],[1.2590191,6.1431495],[1.2589583,6.1431605],[1.2588936,6.1431588],[1.2587715,6.1431337],[1.2578172,6.1428122],[1.2573612,6.1426336],[1.2568221,6.1424542],[1.2562729,6.1422622],[1.2557043,6.1421415],[1.2546495,6.1417875],[1.2541057,6.1415788],[1.2535378,6.1413422],[1.2530295,6.1411682],[1.252326,6.1429416],[1.2521725,6.1433243],[1.2517287,6.144445],[1.2516093,6.1447977],[1.2515754,6.1449661],[1.2515388,6.1451684],[1.251512,6.1453657],[1.2514121,6.145885],[1.2511349,6.1472759],[1.2507522,6.1488052],[1.2510151,6.148888],[1.2513093,6.1490115],[1.251806,6.1491644],[1.2524054,6.1493428],[1.2534713,6.1496235],[1.2535621,6.1496496],[1.2539555,6.1497719],[1.2541829,6.1498331],[1.2544551,6.1499146],[1.2545495,6.1499386],[1.2546945,6.1499774],[1.2548728,6.1500319],[1.2552985,6.1501516],[1.2556342,6.1502345],[1.2558343,6.1502919],[1.2567642,6.1505494],[1.256828,6.1505715],[1.2577223,6.1508231],[1.257912,6.1508792],[1.2580614,6.1503604],[1.2581258,6.150105],[1.2582102,6.1498426],[1.2583483,6.1493225],[1.2583491,6.1492445],[1.2584521,6.1488737],[1.258424,6.1488043]]]}},{"type":"Feature","properties":{"name":"Béniglato","place":"suburb","source_place":"suburb","place_type":"suburb","sublocality_class":"suburb","runtime_type":"quartier","hierarchy_level":"sublocality","display_level":"quartier","geometry_role":"source_polygon","geometry_authority":"official","geometry_preference":"polygon_over_point","reference_geometry":false,"sibling_clipped":false,"buffer_radius_m":null,"source_path":"admin/NEW_ACURATE_DATA/TG_grand_lome_quartiers.geojson","trust_rank":100,"classification_contract":"hierachy.yaml","feature_role":"boundary","layer_source":"combined_sublocalities","osm_id":"6610221","osm_type":"relation","ref":"BNG","admin_level":"10","arrondissement":"1er Arrondissement","coverage":"grand_lome_official","source":"admin/NEW_ACURATE_DATA/TG_grand_lome_quartiers.geojson","commune_official_code":null,"official_code":null},"geometry":{"type":"Polygon","coordinates":[[[1.2295022,6.1249753],[1.2294395,6.1251494],[1.2293137,6.1256377],[1.2290552,6.1265168],[1.2288576,6.1271942],[1.2289043,6.1272751],[1.2293002,6.1277076],[1.2295898,6.1279803],[1.2304465,6.1289293],[1.23079,6.1293803],[1.23116,6.1298],[1.231833,6.1305308],[1.232432,6.1312128],[1.2331089,6.1319842],[1.2337525,6.1327171],[1.2344052,6.1334554],[1.2345223,6.1335878],[1.2345725,6.1336503],[1.2351945,6.133184],[1.2358597,6.1326906],[1.2361319,6.1324659],[1.2363217,6.1322379],[1.2371304,6.1306416],[1.2374641,6.1294785],[1.2376358,6.1288198],[1.2379022,6.1277769],[1.2384243,6.125672],[1.2375659,6.1254177],[1.2367988,6.125223],[1.236155,6.1250763],[1.2356454,6.1249697],[1.2350392,6.124839],[1.2345779,6.1247376],[1.2341005,6.1245856],[1.2336016,6.1244069],[1.2329096,6.1242043],[1.2324214,6.1240816],[1.2319949,6.1239669],[1.2315832,6.1238362],[1.2309381,6.1235829],[1.2306645,6.1234895],[1.2303239,6.1234015],[1.2299672,6.1233215],[1.2295143,6.1249281],[1.2295022,6.1249753]]]}},{"type":"Feature","properties":{"name":"Akodésséwa-Kpota","place":"suburb","source_place":"suburb","place_type":"suburb","sublocality_class":"suburb","runtime_type":"quartier","hierarchy_level":"sublocality","display_level":"quartier","geometry_role":"source_polygon","geometry_authority":"official","geometry_preference":"polygon_over_point","reference_geometry":false,"sibling_clipped":false,"buffer_radius_m":null,"source_path":"admin/NEW_ACURATE_DATA/TG_grand_lome_quartiers.geojson","trust_rank":100,"classification_contract":"hierachy.yaml","feature_role":"boundary","layer_source":"combined_sublocalities","osm_id":"6615686","osm_type":"relation","ref":"AKT","admin_level":"10","arrondissement":"2e Arrondissement","coverage":"grand_lome_official","source":"admin/NEW_ACURATE_DATA/TG_grand_lome_quartiers.geojson","commune_official_code":null,"official_code":null},"geometry":{"type":"Polygon","coordinates":[[[1.2805731,6.170094],[1.2815435,6.1702937],[1.2817964,6.1703457],[1.2819379,6.1703751],[1.2824059,6.1704683],[1.2824409,6.1702989],[1.2825059,6.169895],[1.2826191,6.1692275],[1.2827339,6.1685323],[1.2828503,6.1679328],[1.2829874,6.1672636],[1.2831157,6.1666085],[1.2832897,6.1657291],[1.2834945,6.1648898],[1.2836164,6.1642179],[1.283786,6.1635098],[1.2840213,6.1624906],[1.2842678,6.161465],[1.284355,6.1610969],[1.2843905,6.1609589],[1.2844142,6.1608308],[1.2843675,6.160822],[1.2842698,6.1608036],[1.2832992,6.1606586],[1.2825909,6.160484],[1.2818048,6.1602504],[1.2816796,6.1602361],[1.2805629,6.1598951],[1.279996,6.1597274],[1.2793286,6.1596043],[1.2781024,6.1594601],[1.277313,6.1593322],[1.2764881,6.1591782],[1.275715,6.1590946],[1.2754975,6.1590459],[1.2757462,6.15955],[1.2759686,6.1603142],[1.2761643,6.1608332],[1.2767209,6.1623367],[1.2768006,6.1625517],[1.2772483,6.1639371],[1.2773147,6.1642183],[1.2773711,6.1644288],[1.2775288,6.1649839],[1.2781946,6.1667409],[1.2783462,6.1671849],[1.2789801,6.1690288],[1.2792138,6.1697029],[1.2792508,6.169777],[1.2805731,6.170094]]]}},{"type":"Feature","properties":{"name":"Bè","place":"suburb","source_place":"suburb","place_type":"suburb","sublocality_class":"suburb","runtime_type":"quartier","hierarchy_level":"sublocality","display_level":"quartier","geometry_role":"source_polygon","geometry_authority":"official","geometry_preference":"polygon_over_point","reference_geometry":false,"sibling_clipped":false,"buffer_radius_m":null,"source_path":"admin/NEW_ACURATE_DATA/TG_grand_lome_quartiers.geojson","trust_rank":100,"classification_contract":"hierachy.yaml","feature_role":"boundary","layer_source":"combined_sublocalities","osm_id":"6614451","osm_type":"relation","ref":"BE","admin_level":"10","arrondissement":"3e Arrondissement","coverage":"grand_lome_official","source":"admin/NEW_ACURATE_DATA/TG_grand_lome_quartiers.geojson","commune_official_code":null,"official_code":null},"geometry":{"type":"Polygon","coordinates":[[[1.2537667,6.1392416],[1.2531993,6.139031],[1.2529584,6.138946],[1.2526922,6.1388513],[1.252351,6.1386807],[1.2518436,6.13819],[1.2507486,6.1373633],[1.2494735,6.1363719],[1.2491475,6.1367977],[1.2491222,6.1368303],[1.2490628,6.1367828],[1.2489726,6.136738],[1.249,6.1368431],[1.2489895,6.1369317],[1.2489713,6.1369929],[1.2487492,6.1372642],[1.2484021,6.1376837],[1.2480585,6.1381497],[1.2477536,6.138592],[1.2474183,6.1390267],[1.2470692,6.1394739],[1.2467398,6.1398976],[1.2463907,6.1403521],[1.2460506,6.1407855],[1.2457177,6.141175],[1.2456781,6.141211],[1.2456756,6.1412136],[1.2454011,6.1415512],[1.2453227,6.1416488],[1.2449834,6.1420944],[1.2446175,6.1425479],[1.2442951,6.1429781],[1.243959,6.1434434],[1.2439113,6.143506],[1.2444639,6.1438764],[1.244536,6.1439542],[1.2446465,6.1440503],[1.2448097,6.144167],[1.2449097,6.1442462],[1.2451774,6.1444563],[1.2458985,6.1450198],[1.2462849,6.1453165],[1.246663,6.1456064],[1.2470387,6.1459044],[1.2476878,6.1464116],[1.2477534,6.1464622],[1.2480015,6.1466786],[1.2482518,6.1468657],[1.2484193,6.1470224],[1.2485169,6.1471005],[1.2486254,6.1472066],[1.2489609,6.1475418],[1.2490999,6.1476628],[1.2494423,6.1479691],[1.2497055,6.1481758],[1.2497779,6.1482336],[1.2498982,6.1483101],[1.2499966,6.1484094],[1.2505635,6.1487342],[1.250569,6.148745],[1.2507522,6.1488052],[1.2511349,6.1472759],[1.2514121,6.145885],[1.251512,6.1453657],[1.2515388,6.1451684],[1.2515754,6.1449661],[1.2516093,6.1447977],[1.2517287,6.144445],[1.2521725,6.1433243],[1.252326,6.1429416],[1.2530295,6.1411682],[1.2531435,6.1406862],[1.2537667,6.1392416]]]}},{"type":"Feature","properties":{"name":"Akodésséwa-Kponou","place":"suburb","source_place":"suburb","place_type":"suburb","sublocality_class":"suburb","runtime_type":"quartier","hierarchy_level":"sublocality","display_level":"quartier","geometry_role":"source_polygon","geometry_authority":"official","geometry_preference":"polygon_over_point","reference_geometry":false,"sibling_clipped":false,"buffer_radius_m":null,"source_path":"admin/NEW_ACURATE_DATA/TG_grand_lome_quartiers.geojson","trust_rank":100,"classification_contract":"hierachy.yaml","feature_role":"boundary","layer_source":"combined_sublocalities","osm_id":"6615685","osm_type":"relation","ref":"AKN","admin_level":"10","arrondissement":"2e Arrondissement","coverage":"grand_lome_official","source":"admin/NEW_ACURATE_DATA/TG_grand_lome_quartiers.geojson","commune_official_code":null,"official_code":null},"geometry":{"type":"Polygon","coordinates":[[[1.2828393,6.1705627],[1.2835608,6.1707142],[1.2841378,6.1708237],[1.2845158,6.1708955],[1.2845686,6.1709055],[1.2848457,6.1709581],[1.2859042,6.171159],[1.2864677,6.1712545],[1.2865143,6.1712529],[1.2867896,6.1712438],[1.2871641,6.1711978],[1.2875258,6.1711207],[1.2881121,6.1709103],[1.2884678,6.1707826],[1.288764,6.1706788],[1.2889019,6.1706305],[1.2896172,6.1703808],[1.2904297,6.1700922],[1.290786,6.1699657],[1.29094,6.1699109],[1.291068,6.1698653],[1.2911114,6.1698498],[1.292338,6.169413],[1.2923631,6.1694029],[1.2925286,6.1693367],[1.2928407,6.1692118],[1.293381,6.168648],[1.293957,6.1680234],[1.2949687,6.1669188],[1.294516,6.1665416],[1.2940451,6.1661332],[1.2938114,6.1659603],[1.2933522,6.1657918],[1.2926534,6.1655984],[1.2919774,6.1654254],[1.2908258,6.1651503],[1.2901667,6.1649916],[1.289512,6.1648313],[1.2887822,6.164634],[1.288694,6.1644743],[1.2878367,6.1643245],[1.2875756,6.1642719],[1.2872162,6.1641996],[1.2865528,6.1640662],[1.2858901,6.1639328],[1.2852556,6.1638052],[1.284567,6.1636666],[1.2838929,6.1635333],[1.2838332,6.1635203],[1.283786,6.1635098],[1.2836164,6.1642179],[1.2834945,6.1648898],[1.2832897,6.1657291],[1.2831157,6.1666085],[1.2829874,6.1672636],[1.2828503,6.1679328],[1.2827339,6.1685323],[1.2826191,6.1692275],[1.2825059,6.169895],[1.2824409,6.1702989],[1.2824059,6.1704683],[1.2828393,6.1705627]]]}},{"type":"Feature","properties":{"name":"Kélégougan","place":"suburb","source_place":"suburb","place_type":"suburb","sublocality_class":"suburb","runtime_type":"quartier","hierarchy_level":"sublocality","display_level":"quartier","geometry_role":"source_polygon","geometry_authority":"official","geometry_preference":"polygon_over_point","reference_geometry":false,"sibling_clipped":false,"buffer_radius_m":null,"source_path":"admin/NEW_ACURATE_DATA/TG_grand_lome_quartiers.geojson","trust_rank":100,"classification_contract":"hierachy.yaml","feature_role":"boundary","layer_source":"combined_sublocalities","osm_id":"6614632","osm_type":"relation","ref":"KGG","admin_level":"10","arrondissement":"2e Arrondissement","coverage":"grand_lome_official","source":"admin/NEW_ACURATE_DATA/TG_grand_lome_quartiers.geojson","commune_official_code":null,"official_code":null},"geometry":{"type":"Polygon","coordinates":[[[1.2386467,6.1947392],[1.2387908,6.1946907],[1.2392002,6.1945301],[1.2393566,6.1944731],[1.240248,6.1941478],[1.2406656,6.1939924],[1.2419403,6.1934939],[1.2424225,6.1933243],[1.2427227,6.1932127],[1.2447575,6.1924479],[1.2450624,6.1932054],[1.2458064,6.195006],[1.2461618,6.195858],[1.2464159,6.1964886],[1.2466832,6.1971126],[1.2469574,6.1977979],[1.2476247,6.1993899],[1.2477082,6.1995891],[1.247799,6.1998058],[1.2480652,6.2004564],[1.2482945,6.200999],[1.2487093,6.2019574],[1.247909,6.2020958],[1.2478497,6.2021067],[1.2470021,6.2022747],[1.2465945,6.2023512],[1.2455309,6.2025507],[1.2448697,6.202672],[1.2447812,6.2026867],[1.2441428,6.2027987],[1.2440952,6.2028067],[1.2435534,6.2029054],[1.2427622,6.2030494],[1.2420997,6.203164],[1.2416095,6.2032528],[1.2413687,6.2025856],[1.2411789,6.2019961],[1.2410239,6.2015795],[1.2406414,6.200483],[1.2404571,6.1999729],[1.2401046,6.1990083],[1.2397546,6.198051],[1.239489,6.197295],[1.2393013,6.1967057],[1.2387997,6.1952191],[1.2387219,6.1949778],[1.2386884,6.1948685],[1.2386467,6.1947392]]]}},{"type":"Feature","properties":{"name":"Bè-Hédjé","place":"suburb","source_place":"suburb","place_type":"suburb","sublocality_class":"suburb","runtime_type":"quartier","hierarchy_level":"sublocality","display_level":"quartier","geometry_role":"source_polygon","geometry_authority":"official","geometry_preference":"polygon_over_point","reference_geometry":false,"sibling_clipped":false,"buffer_radius_m":null,"source_path":"admin/NEW_ACURATE_DATA/TG_grand_lome_quartiers.geojson","trust_rank":100,"classification_contract":"hierachy.yaml","feature_role":"boundary","layer_source":"combined_sublocalities","osm_id":"6613385","osm_type":"relation","ref":"BHE","admin_level":"10","arrondissement":"3e Arrondissement","coverage":"grand_lome_official","source":"admin/NEW_ACURATE_DATA/TG_grand_lome_quartiers.geojson","commune_official_code":null,"official_code":null},"geometry":{"type":"Polygon","coordinates":[[[1.2444403,6.1487388],[1.2445031,6.148709],[1.244584,6.1487001],[1.2447068,6.1487358],[1.2448242,6.1487828],[1.2468293,6.1493198],[1.2479002,6.1495963],[1.2493053,6.1499857],[1.2500705,6.1501989],[1.2507001,6.1503681],[1.2507842,6.1504035],[1.2508232,6.1505992],[1.2508578,6.1508125],[1.2508827,6.1509486],[1.2509335,6.1510411],[1.2517516,6.1512692],[1.2526223,6.1514972],[1.2530142,6.1515969],[1.2531412,6.1516217],[1.2532813,6.1516575],[1.2533598,6.1516623],[1.2536587,6.1517572],[1.2538918,6.1518315],[1.2550468,6.1520908],[1.2553167,6.15219],[1.2557365,6.1522527],[1.2558599,6.1522913],[1.2560382,6.1523553],[1.2563279,6.152442],[1.2568416,6.1525873],[1.2571044,6.1526927],[1.2571366,6.1526367],[1.2571903,6.1525687],[1.2574022,6.1526607],[1.2575161,6.1527313],[1.2575655,6.1527794],[1.257911,6.1529764],[1.2584148,6.1532847],[1.2593339,6.1535154],[1.2592552,6.1541799],[1.2622289,6.1551432],[1.2627586,6.1552434],[1.2628619,6.1549582],[1.2634949,6.1551252],[1.2634265,6.1553872],[1.2662911,6.1561964],[1.2667318,6.1562137],[1.2670161,6.1563037],[1.2671748,6.1562827],[1.2673204,6.1562514],[1.2675726,6.1561321],[1.2678019,6.1560401],[1.2680486,6.1559401],[1.2683035,6.1558055],[1.2684966,6.1556761],[1.2687541,6.1554961],[1.2688962,6.1553868],[1.2690451,6.1552308],[1.2691671,6.1550988],[1.2693388,6.1549041],[1.2694917,6.1546841],[1.2696452,6.1544913],[1.2688117,6.1542445],[1.2686304,6.1541876],[1.2685687,6.1541636],[1.2685285,6.154143],[1.2684983,6.1541156],[1.2684596,6.1540737],[1.2684212,6.1540169],[1.2683777,6.153986],[1.2682654,6.1539439],[1.2673622,6.1536225],[1.2667348,6.1534325],[1.2666123,6.1533954],[1.2663789,6.1533288],[1.2662351,6.1532878],[1.2659301,6.1532008],[1.2651793,6.1529889],[1.265028,6.1529513],[1.2645303,6.1528042],[1.2638125,6.1525998],[1.2631314,6.1524049],[1.2624483,6.1522114],[1.2622649,6.1521592],[1.262025,6.1520866],[1.2618079,6.1520159],[1.2613952,6.1518812],[1.2607552,6.1516903],[1.2601101,6.1515001],[1.2599184,6.1514415],[1.2593142,6.1513156],[1.2588722,6.1511858],[1.2588312,6.1511738],[1.2583677,6.1510309],[1.257912,6.1508792],[1.2577223,6.1508231],[1.256828,6.1505715],[1.2567642,6.1505494],[1.2558343,6.1502919],[1.2556342,6.1502345],[1.2552985,6.1501516],[1.2548728,6.1500319],[1.2546945,6.1499774],[1.2545495,6.1499386],[1.2544551,6.1499146],[1.2541829,6.1498331],[1.2539555,6.1497719],[1.2535621,6.1496496],[1.2534713,6.1496235],[1.2524054,6.1493428],[1.251806,6.1491644],[1.2513093,6.1490115],[1.2510151,6.148888],[1.2507522,6.1488052],[1.250569,6.148745],[1.2505635,6.1487342],[1.2499966,6.1484094],[1.2498982,6.1483101],[1.2497779,6.1482336],[1.2497055,6.1481758],[1.2494423,6.1479691],[1.2490999,6.1476628],[1.2489609,6.1475418],[1.2486254,6.1472066],[1.2485169,6.1471005],[1.2484193,6.1470224],[1.2482518,6.1468657],[1.2480015,6.1466786],[1.2477534,6.1464622],[1.2476878,6.1464116],[1.2470387,6.1459044],[1.246663,6.1456064],[1.2462849,6.1453165],[1.2458985,6.1450198],[1.2451774,6.1444563],[1.2449097,6.1442462],[1.2448097,6.144167],[1.2446465,6.1440503],[1.244536,6.1439542],[1.2444639,6.1438764],[1.2439113,6.143506],[1.243866,6.143639],[1.2436919,6.1439666],[1.2436137,6.1440971],[1.2436107,6.1441115],[1.2434343,6.1443759],[1.2432807,6.1446617],[1.2432536,6.1447738],[1.2432515,6.144862],[1.2432762,6.1450337],[1.2433096,6.1451474],[1.243364,6.1453327],[1.2433999,6.145465],[1.2434208,6.1455312],[1.2435178,6.1459154],[1.2436044,6.1461959],[1.2437784,6.1468172],[1.2438493,6.1470769],[1.2440028,6.1476215],[1.2441148,6.1480333],[1.2441495,6.148159],[1.2441629,6.1482129],[1.2441963,6.1483708],[1.2442386,6.1485488],[1.2442775,6.1487424],[1.2444403,6.1487388]]]}},{"type":"Feature","properties":{"name":"Anthonio-Nétimé","place":"suburb","source_place":"suburb","place_type":"suburb","sublocality_class":"suburb","runtime_type":"quartier","hierarchy_level":"sublocality","display_level":"quartier","geometry_role":"source_polygon","geometry_authority":"official","geometry_preference":"polygon_over_point","reference_geometry":false,"sibling_clipped":false,"buffer_radius_m":null,"source_path":"admin/NEW_ACURATE_DATA/TG_grand_lome_quartiers.geojson","trust_rank":100,"classification_contract":"hierachy.yaml","feature_role":"boundary","layer_source":"combined_sublocalities","osm_id":"6614215","osm_type":"relation","ref":"ATN","admin_level":"10","arrondissement":"3e Arrondissement","coverage":"grand_lome_official","source":"admin/NEW_ACURATE_DATA/TG_grand_lome_quartiers.geojson","commune_official_code":null,"official_code":null},"geometry":{"type":"Polygon","coordinates":[[[1.2372038,6.1306714],[1.2391462,6.1314007],[1.2403966,6.1318699],[1.2415894,6.1323073],[1.2427583,6.1327479],[1.2434096,6.1329771],[1.2437598,6.1331023],[1.2443384,6.1333127],[1.2447409,6.133461],[1.2453733,6.1337123],[1.2461598,6.134005],[1.2462782,6.1340528],[1.2469368,6.1343024],[1.2489993,6.1350462],[1.2489866,6.1344054],[1.248993,6.1340324],[1.2489977,6.1337557],[1.2490003,6.1336023],[1.2490051,6.1330358],[1.249005,6.132651],[1.2489958,6.1325168],[1.2489831,6.132392],[1.2489752,6.1323621],[1.2488996,6.1319165],[1.2489097,6.1317517],[1.2489255,6.1315374],[1.2488359,6.1300687],[1.2493345,6.1284575],[1.2469907,6.1278661],[1.2460337,6.1275707],[1.2444699,6.1270872],[1.2423509,6.1265645],[1.2418574,6.1264845],[1.2414202,6.1264285],[1.2412673,6.1264098],[1.2398618,6.1260764],[1.2384243,6.125672],[1.2379022,6.1277769],[1.2376358,6.1288198],[1.2374641,6.1294785],[1.2371304,6.1306416],[1.2372038,6.1306714]]]}},{"type":"Feature","properties":{"name":"Tokoin-Solidarité","place":"suburb","source_place":"suburb","place_type":"suburb","sublocality_class":"suburb","runtime_type":"quartier","hierarchy_level":"sublocality","display_level":"quartier","geometry_role":"source_polygon","geometry_authority":"official","geometry_preference":"polygon_over_point","reference_geometry":false,"sibling_clipped":false,"buffer_radius_m":null,"source_path":"admin/NEW_ACURATE_DATA/TG_grand_lome_quartiers.geojson","trust_rank":100,"classification_contract":"hierachy.yaml","feature_role":"boundary","layer_source":"combined_sublocalities","osm_id":"6610107","osm_type":"relation","ref":"TKS","admin_level":"10","arrondissement":"5e Arrondissement","coverage":"grand_lome_official","source":"admin/NEW_ACURATE_DATA/TG_grand_lome_quartiers.geojson","commune_official_code":null,"official_code":null},"geometry":{"type":"Polygon","coordinates":[[[1.2100538,6.1547911],[1.2104989,6.1549177],[1.2111674,6.1529209],[1.2116335,6.1518966],[1.2118228,6.1514956],[1.2131306,6.1486951],[1.2117506,6.1484971],[1.209165,6.1481024],[1.2089987,6.1480491],[1.207674,6.1473179],[1.2047172,6.1456667],[1.2039581,6.1463906],[1.2036332,6.1467768],[1.203596,6.1468168],[1.2033798,6.1470578],[1.2030288,6.1474524],[1.2029651,6.147526],[1.2026321,6.1478878],[1.2022794,6.1482752],[1.2019274,6.1487152],[1.2018194,6.1488965],[1.2016907,6.1491361],[1.2016172,6.1493205],[1.2015168,6.1495917],[1.2014593,6.1498546],[1.2014053,6.1502036],[1.201412,6.1511163],[1.2014353,6.1516835],[1.2014566,6.152178],[1.2014844,6.152959],[1.2015089,6.1534448],[1.2023315,6.1534803],[1.2037605,6.1536076],[1.2044045,6.1536673],[1.2063501,6.1543049],[1.2075015,6.154687],[1.2078475,6.154795],[1.208472,6.1550076],[1.2091001,6.1552083],[1.2097404,6.1554703],[1.2100538,6.1547911]]]}},{"type":"Feature","properties":{"name":"Tokoin-N'kafu","place":"suburb","source_place":"suburb","place_type":"suburb","sublocality_class":"suburb","runtime_type":"quartier","hierarchy_level":"sublocality","display_level":"quartier","geometry_role":"source_polygon","geometry_authority":"official","geometry_preference":"polygon_over_point","reference_geometry":false,"sibling_clipped":false,"buffer_radius_m":null,"source_path":"admin/NEW_ACURATE_DATA/TG_grand_lome_quartiers.geojson","trust_rank":100,"classification_contract":"hierachy.yaml","feature_role":"boundary","layer_source":"combined_sublocalities","osm_id":"6611974","osm_type":"relation","ref":"TKN","admin_level":"10","arrondissement":"2e Arrondissement","coverage":"grand_lome_official","source":"admin/NEW_ACURATE_DATA/TG_grand_lome_quartiers.geojson","commune_official_code":null,"official_code":null},"geometry":{"type":"Polygon","coordinates":[[[1.2342214,6.1620873],[1.2347695,6.161994],[1.2353067,6.16191],[1.2358526,6.1618172],[1.2362291,6.1617555],[1.2368868,6.1616478],[1.2373981,6.1615627],[1.2377364,6.1615086],[1.2381016,6.1614595],[1.2383916,6.1614214],[1.2387631,6.1613712],[1.2394021,6.1612632],[1.2397511,6.1612086],[1.2398146,6.1613296],[1.2403755,6.1610889],[1.2405311,6.1610149],[1.2405764,6.161039],[1.2409613,6.1608523],[1.2414179,6.1606036],[1.2415621,6.1605216],[1.2415004,6.1601949],[1.241942,6.1597596],[1.2423711,6.1592229],[1.2428811,6.158725],[1.2429226,6.1586788],[1.2427999,6.1581562],[1.2427757,6.1580322],[1.2426671,6.1574561],[1.242655,6.1573961],[1.2426001,6.1568721],[1.242536,6.1562808],[1.2423945,6.1548081],[1.2423389,6.1542627],[1.2422852,6.1537307],[1.2422544,6.1533894],[1.2422329,6.1532404],[1.2422205,6.153195],[1.2422064,6.153152],[1.2421974,6.1531307],[1.242178,6.153098],[1.2421429,6.1530513],[1.2421089,6.1530247],[1.2420197,6.1529727],[1.2419298,6.15292],[1.241842,6.152868],[1.2417669,6.152902],[1.241671,6.152858],[1.2414913,6.152794],[1.2409833,6.1526034],[1.2408167,6.1525393],[1.2401744,6.1522975],[1.2398522,6.1521487],[1.2397754,6.1521162],[1.2394799,6.1522691],[1.2390221,6.152491],[1.2384852,6.152756],[1.2378701,6.1530476],[1.2374238,6.1532634],[1.2361594,6.1538748],[1.2356034,6.1541437],[1.2350556,6.1544086],[1.2329649,6.1554196],[1.2329907,6.1555601],[1.2329986,6.155603],[1.2330153,6.1556939],[1.2331068,6.1561919],[1.2332733,6.1567811],[1.2334483,6.157635],[1.2337586,6.159476],[1.2337966,6.1596696],[1.2337994,6.1596837],[1.2340236,6.1609825],[1.2340884,6.1613956],[1.2341011,6.1614929],[1.2342214,6.1620873]]]}},{"type":"Feature","properties":{"name":"Tokoin-Ouest","place":"suburb","source_place":"suburb","place_type":"suburb","sublocality_class":"suburb","runtime_type":"quartier","hierarchy_level":"sublocality","display_level":"quartier","geometry_role":"source_polygon","geometry_authority":"official","geometry_preference":"polygon_over_point","reference_geometry":false,"sibling_clipped":false,"buffer_radius_m":null,"source_path":"admin/NEW_ACURATE_DATA/TG_grand_lome_quartiers.geojson","trust_rank":100,"classification_contract":"hierachy.yaml","feature_role":"boundary","layer_source":"combined_sublocalities","osm_id":"6610106","osm_type":"relation","ref":"TKO","admin_level":"10","arrondissement":"5e Arrondissement","coverage":"grand_lome_official","source":"admin/NEW_ACURATE_DATA/TG_grand_lome_quartiers.geojson","commune_official_code":null,"official_code":null},"geometry":{"type":"Polygon","coordinates":[[[1.2047172,6.1456667],[1.2051112,6.1452871],[1.2055074,6.1448456],[1.2058917,6.1444457],[1.2061679,6.1441329],[1.2067037,6.1435689],[1.2070235,6.1431989],[1.2073595,6.1428455],[1.2076787,6.1424869],[1.2079489,6.1421609],[1.208138,6.1418855],[1.2088294,6.1412555],[1.2092665,6.140803],[1.2094121,6.1405748],[1.2095014,6.1404304],[1.2097086,6.1400133],[1.2071724,6.1391476],[1.2058635,6.1385929],[1.2039162,6.1380009],[1.2026073,6.1375955],[1.1997803,6.1367261],[1.1994256,6.1366238],[1.1993867,6.137636],[1.1995503,6.1445792],[1.1995673,6.151197],[1.1996996,6.1510698],[1.2000376,6.1506871],[1.2003943,6.1502818],[1.2004533,6.1502191],[1.2005887,6.1500457],[1.2010338,6.1495822],[1.2012103,6.1494644],[1.2012731,6.1495007],[1.2015168,6.1495917],[1.2016172,6.1493205],[1.2016907,6.1491361],[1.2018194,6.1488965],[1.2019274,6.1487152],[1.2022794,6.1482752],[1.2026321,6.1478878],[1.2029651,6.147526],[1.2030288,6.1474524],[1.2033798,6.1470578],[1.203596,6.1468168],[1.2036332,6.1467768],[1.2039581,6.1463906],[1.2047172,6.1456667]]]}},{"type":"Feature","properties":{"name":"Bè-Klikamé","place":"suburb","source_place":"suburb","place_type":"suburb","sublocality_class":"suburb","runtime_type":"quartier","hierarchy_level":"sublocality","display_level":"quartier","geometry_role":"source_polygon","geometry_authority":"official","geometry_preference":"polygon_over_point","reference_geometry":false,"sibling_clipped":false,"buffer_radius_m":null,"source_path":"admin/NEW_ACURATE_DATA/TG_grand_lome_quartiers.geojson","trust_rank":100,"classification_contract":"hierachy.yaml","feature_role":"boundary","layer_source":"combined_sublocalities","osm_id":"6609736","osm_type":"relation","ref":"BKK","admin_level":"10","arrondissement":"5e Arrondissement","coverage":"grand_lome_official","source":"admin/NEW_ACURATE_DATA/TG_grand_lome_quartiers.geojson","commune_official_code":null,"official_code":null},"geometry":{"type":"Polygon","coordinates":[[[1.2025047,6.1673976],[1.2025356,6.1675067],[1.2028735,6.1689336],[1.2029098,6.1690704],[1.2030586,6.1697416],[1.2031391,6.1700856],[1.2033203,6.1708193],[1.203528,6.171699],[1.2035649,6.171849],[1.2036863,6.1723123],[1.2038331,6.172929],[1.2039806,6.1735076],[1.2042965,6.1747856],[1.2043442,6.1749921],[1.20445,6.1754503],[1.2046378,6.1761036],[1.2046939,6.1763194],[1.2048041,6.1767436],[1.2048362,6.1768476],[1.2049958,6.1774423],[1.2052218,6.1782869],[1.205596,6.1798789],[1.2056248,6.1799676],[1.2056965,6.1802351],[1.2058134,6.1806713],[1.2059091,6.1810529],[1.206168,6.1820557],[1.2066141,6.1792335],[1.2069746,6.176878],[1.2071135,6.1759785],[1.2072883,6.1748272],[1.207486,6.1735667],[1.2081084,6.1696458],[1.208586,6.1664999],[1.2087894,6.1651839],[1.2090437,6.1634475],[1.2092871,6.1618362],[1.2094103,6.1615728],[1.209549,6.1606323],[1.209737,6.1593604],[1.2097841,6.1591929],[1.2098497,6.1589158],[1.2099356,6.1586465],[1.210059,6.1583798],[1.2101898,6.158114],[1.2103315,6.1578491],[1.2105028,6.1575989],[1.2107171,6.1573557],[1.2109337,6.1571331],[1.2113766,6.156794],[1.2116321,6.1566444],[1.2118866,6.1565149],[1.2121511,6.156415],[1.2124112,6.1563342],[1.2127418,6.1562591],[1.2130643,6.1562247],[1.2133302,6.156217],[1.2136085,6.1562212],[1.2138818,6.1562437],[1.2141602,6.1562744],[1.2138952,6.156213],[1.2136306,6.1561401],[1.2133809,6.156051],[1.2131555,6.1559515],[1.2128682,6.1557885],[1.2125702,6.1555571],[1.2123642,6.155381],[1.2121848,6.1551798],[1.2120208,6.1549693],[1.2118738,6.1547501],[1.2117398,6.1545244],[1.2115844,6.1541617],[1.2115283,6.153986],[1.2114857,6.1537691],[1.2114531,6.1535451],[1.2114304,6.15333],[1.2114204,6.1531336],[1.2114227,6.15293],[1.2114327,6.1527719],[1.2114633,6.1525633],[1.2115104,6.1523528],[1.2116335,6.1518966],[1.2111674,6.1529209],[1.2104989,6.1549177],[1.2100538,6.1547911],[1.2097404,6.1554703],[1.208591,6.1580776],[1.208899,6.1582061],[1.208553,6.1589422],[1.2086067,6.1591233],[1.2081794,6.1600659],[1.2078814,6.1606656],[1.2077817,6.1605952],[1.2070634,6.1618409],[1.2062166,6.1631357],[1.2057402,6.1638136],[1.205007,6.1647097],[1.2041184,6.1657078],[1.2033594,6.166492],[1.2031552,6.166666],[1.2024633,6.1672195],[1.2025047,6.1673976]]]}},{"type":"Feature","properties":{"name":"Ablogamé","place":"suburb","source_place":"suburb","place_type":"suburb","sublocality_class":"suburb","runtime_type":"quartier","hierarchy_level":"sublocality","display_level":"quartier","geometry_role":"source_polygon","geometry_authority":"official","geometry_preference":"polygon_over_point","reference_geometry":false,"sibling_clipped":false,"buffer_radius_m":null,"source_path":"admin/NEW_ACURATE_DATA/TG_grand_lome_quartiers.geojson","trust_rank":100,"classification_contract":"hierachy.yaml","feature_role":"boundary","layer_source":"combined_sublocalities","osm_id":"6614450","osm_type":"relation","ref":"ABG","admin_level":"10","arrondissement":"3e Arrondissement","coverage":"grand_lome_official","source":"admin/NEW_ACURATE_DATA/TG_grand_lome_quartiers.geojson","commune_official_code":null,"official_code":null},"geometry":{"type":"Polygon","coordinates":[[[1.2662988,6.1403928],[1.2663791,6.1397222],[1.2665096,6.1386921],[1.2665425,6.138457],[1.2665767,6.1381806],[1.2665942,6.1380668],[1.2666488,6.1379069],[1.2682255,6.1383597],[1.2682718,6.1376916],[1.2683675,6.1357105],[1.2684729,6.1348474],[1.2687596,6.132862],[1.2689906,6.1318662],[1.267274,6.1317035],[1.2661931,6.1316502],[1.2654179,6.1316555],[1.2643075,6.1317089],[1.2634465,6.1316742],[1.2626848,6.1315755],[1.2620491,6.1314875],[1.2617125,6.1330076],[1.2608276,6.1352156],[1.260549,6.1361189],[1.2604301,6.1364567],[1.2602215,6.1369567],[1.2599462,6.1376233],[1.2596753,6.1382826],[1.2595511,6.1385949],[1.2594286,6.1389388],[1.2591498,6.1395923],[1.2589808,6.1399601],[1.2589418,6.1400409],[1.2588713,6.1401368],[1.2588237,6.1402401],[1.2586427,6.1407735],[1.2586179,6.1409428],[1.2586152,6.1410515],[1.2586212,6.1413328],[1.2586769,6.1416342],[1.2588975,6.1424102],[1.2590517,6.1429089],[1.2591065,6.1430955],[1.2591746,6.1430863],[1.2593126,6.1431089],[1.2594188,6.1431417],[1.2598579,6.1431961],[1.2605982,6.1433027],[1.2614778,6.1434176],[1.2621877,6.1435175],[1.262589,6.1435625],[1.2628776,6.143594],[1.2634083,6.1436515],[1.2635759,6.1436716],[1.2642753,6.143811],[1.2645724,6.1427402],[1.2649125,6.1415382],[1.2651296,6.1408455],[1.2656575,6.1409645],[1.2662742,6.1410308],[1.2662988,6.1403928]]]}},{"type":"Feature","properties":{"name":"Kotokou-Kondji","place":"suburb","source_place":"suburb","place_type":"suburb","sublocality_class":"suburb","runtime_type":"quartier","hierarchy_level":"sublocality","display_level":"quartier","geometry_role":"source_polygon","geometry_authority":"official","geometry_preference":"polygon_over_point","reference_geometry":false,"sibling_clipped":false,"buffer_radius_m":null,"source_path":"admin/NEW_ACURATE_DATA/TG_grand_lome_quartiers.geojson","trust_rank":100,"classification_contract":"hierachy.yaml","feature_role":"boundary","layer_source":"combined_sublocalities","osm_id":"6614453","osm_type":"relation","ref":"KTK","admin_level":"10","arrondissement":"3e Arrondissement","coverage":"grand_lome_official","source":"admin/NEW_ACURATE_DATA/TG_grand_lome_quartiers.geojson","commune_official_code":null,"official_code":null},"geometry":{"type":"Polygon","coordinates":[[[1.2489752,6.1323621],[1.2489831,6.132392],[1.2489958,6.1325168],[1.249005,6.132651],[1.2490051,6.1330358],[1.2490003,6.1336023],[1.2489977,6.1337557],[1.248993,6.1340324],[1.2489866,6.1344054],[1.2489993,6.1350462],[1.2501341,6.135492],[1.2502915,6.1355567],[1.2517159,6.1360745],[1.2529604,6.1365405],[1.2534581,6.1367308],[1.2540038,6.1369312],[1.2545271,6.1371265],[1.2550386,6.13731],[1.2555828,6.1375178],[1.2561263,6.1377236],[1.2566936,6.1379235],[1.2570112,6.1380433],[1.2572273,6.1381318],[1.2577562,6.1383293],[1.2582833,6.1385253],[1.2588317,6.1387173],[1.2594286,6.1389388],[1.2595511,6.1385949],[1.2596753,6.1382826],[1.2599462,6.1376233],[1.2602215,6.1369567],[1.2604301,6.1364567],[1.260549,6.1361189],[1.2608276,6.1352156],[1.2617125,6.1330076],[1.2620491,6.1314875],[1.2593508,6.1309488],[1.2580633,6.1306341],[1.2569046,6.1302554],[1.2558585,6.1298767],[1.2547749,6.1295727],[1.2537289,6.12929],[1.2526399,6.129082],[1.2514061,6.1288793],[1.2493345,6.1284575],[1.2488359,6.1300687],[1.2489255,6.1315374],[1.2489097,6.1317517],[1.2488996,6.1319165],[1.2489752,6.1323621]]]}},{"type":"Feature","properties":{"name":"Souza-Nétimé","place":"suburb","source_place":"suburb","place_type":"suburb","sublocality_class":"suburb","runtime_type":"quartier","hierarchy_level":"sublocality","display_level":"quartier","geometry_role":"source_polygon","geometry_authority":"official","geometry_preference":"polygon_over_point","reference_geometry":false,"sibling_clipped":false,"buffer_radius_m":null,"source_path":"admin/NEW_ACURATE_DATA/TG_grand_lome_quartiers.geojson","trust_rank":100,"classification_contract":"hierachy.yaml","feature_role":"boundary","layer_source":"combined_sublocalities","osm_id":"6614216","osm_type":"relation","ref":"SZN","admin_level":"10","arrondissement":"3e Arrondissement","coverage":"grand_lome_official","source":"admin/NEW_ACURATE_DATA/TG_grand_lome_quartiers.geojson","commune_official_code":null,"official_code":null},"geometry":{"type":"Polygon","coordinates":[[[1.2372038,6.1306714],[1.2371304,6.1306416],[1.2363217,6.1322379],[1.2361319,6.1324659],[1.2358597,6.1326906],[1.2351945,6.133184],[1.2345725,6.1336503],[1.2346235,6.133707],[1.2347107,6.1338042],[1.2347349,6.1338312],[1.2348196,6.1339255],[1.2351857,6.1343187],[1.2352465,6.1344036],[1.2357775,6.1350144],[1.2357938,6.1350334],[1.2360728,6.1353566],[1.2365054,6.1358426],[1.2369859,6.1363869],[1.2373611,6.1368197],[1.2375317,6.1369977],[1.2376678,6.1371397],[1.237896,6.1373778],[1.2383947,6.1378982],[1.2384419,6.1379599],[1.2387779,6.1383082],[1.2391691,6.1387072],[1.2396487,6.1391921],[1.2403377,6.1399003],[1.2404342,6.1400206],[1.2405604,6.1401279],[1.2408803,6.140469],[1.2411555,6.1407861],[1.2415678,6.1411895],[1.2421987,6.1419264],[1.2429154,6.1426176],[1.2428517,6.1427182],[1.2430129,6.1428432],[1.2430455,6.1428678],[1.2434684,6.1431932],[1.2439113,6.143506],[1.243959,6.1434434],[1.2442951,6.1429781],[1.2446175,6.1425479],[1.2449834,6.1420944],[1.2453227,6.1416488],[1.2454011,6.1415512],[1.2456756,6.1412136],[1.2456781,6.141211],[1.2457177,6.141175],[1.2460506,6.1407855],[1.2463907,6.1403521],[1.2467398,6.1398976],[1.2470692,6.1394739],[1.2474183,6.1390267],[1.2477536,6.138592],[1.2480585,6.1381497],[1.2484021,6.1376837],[1.2487492,6.1372642],[1.2489713,6.1369929],[1.2489895,6.1369317],[1.249,6.1368431],[1.2489726,6.136738],[1.2489911,6.1360063],[1.2489927,6.1358143],[1.2489689,6.1352779],[1.2489993,6.1350462],[1.2469368,6.1343024],[1.2462782,6.1340528],[1.2461598,6.134005],[1.2453733,6.1337123],[1.2447409,6.133461],[1.2443384,6.1333127],[1.2437598,6.1331023],[1.2434096,6.1329771],[1.2427583,6.1327479],[1.2415894,6.1323073],[1.2403966,6.1318699],[1.2391462,6.1314007],[1.2372038,6.1306714]]]}},{"type":"Feature","properties":{"name":"Résidence du Bénin","place":"suburb","source_place":"suburb","place_type":"suburb","sublocality_class":"suburb","runtime_type":"quartier","hierarchy_level":"sublocality","display_level":"quartier","geometry_role":"source_polygon","geometry_authority":"official","geometry_preference":"polygon_over_point","reference_geometry":false,"sibling_clipped":false,"buffer_radius_m":null,"source_path":"admin/NEW_ACURATE_DATA/TG_grand_lome_quartiers.geojson","trust_rank":100,"classification_contract":"hierachy.yaml","feature_role":"boundary","layer_source":"combined_sublocalities","osm_id":"6610758","osm_type":"relation","ref":"RB","admin_level":"10","arrondissement":"2e Arrondissement","coverage":"grand_lome_official","source":"admin/NEW_ACURATE_DATA/TG_grand_lome_quartiers.geojson","commune_official_code":null,"official_code":null},"geometry":{"type":"Polygon","coordinates":[[[1.2214015,6.1683357],[1.2212232,6.1687257],[1.2210388,6.1691517],[1.2209526,6.169341],[1.2208101,6.1696397],[1.2207055,6.1698563],[1.2205707,6.170123],[1.2204058,6.1704477],[1.220208,6.1707963],[1.2200799,6.1710297],[1.2197937,6.1715759],[1.2195669,6.1720437],[1.2194543,6.172253],[1.2192866,6.1725677],[1.2191277,6.172861],[1.2189453,6.173221],[1.2188206,6.173479],[1.2186483,6.1738223],[1.2185403,6.1740237],[1.218437,6.1742157],[1.2183445,6.174391],[1.218148,6.1747636],[1.2180935,6.1748841],[1.2182952,6.1749583],[1.2202579,6.1754943],[1.22223,6.1760169],[1.2232573,6.1762889],[1.2242289,6.1765503],[1.2246721,6.1766743],[1.2285291,6.1777356],[1.2337615,6.1791956],[1.2341653,6.1792955],[1.2341661,6.1792266],[1.2342239,6.1785349],[1.2342547,6.1779749],[1.2342614,6.1774983],[1.2342819,6.1771816],[1.2343231,6.1765996],[1.234372,6.1756723],[1.2344236,6.1747037],[1.2344954,6.1734377],[1.2345216,6.1727717],[1.2345831,6.1716851],[1.2345861,6.17161],[1.234532,6.1715574],[1.2343358,6.1715183],[1.2340488,6.1714484],[1.2337746,6.1713657],[1.2332985,6.1712264],[1.2329819,6.1711345],[1.2327661,6.1710703],[1.2321746,6.170913],[1.2315778,6.170741],[1.2313446,6.1706735],[1.2307906,6.170513],[1.2302857,6.170371],[1.2296973,6.1702037],[1.2296279,6.1701811],[1.229588,6.1701671],[1.228843,6.1699423],[1.2285128,6.1698465],[1.2282102,6.1697585],[1.2275906,6.1695716],[1.2268064,6.1693529],[1.2262105,6.1691895],[1.2261815,6.1691852],[1.2261364,6.1691782],[1.2255291,6.1690102],[1.2248567,6.1688144],[1.2242504,6.1686649],[1.223631,6.1685047],[1.2234108,6.1684491],[1.2230064,6.168336],[1.2216129,6.1679495],[1.2215625,6.167932],[1.2214015,6.1683357]]]}},{"type":"Feature","properties":{"name":"Kodjoviakopé","place":"suburb","source_place":"suburb","place_type":"suburb","sublocality_class":"suburb","runtime_type":"quartier","hierarchy_level":"sublocality","display_level":"quartier","geometry_role":"source_polygon","geometry_authority":"official","geometry_preference":"polygon_over_point","reference_geometry":false,"sibling_clipped":false,"buffer_radius_m":null,"source_path":"admin/NEW_ACURATE_DATA/TG_grand_lome_quartiers.geojson","trust_rank":100,"classification_contract":"hierachy.yaml","feature_role":"boundary","layer_source":"combined_sublocalities","osm_id":"6609739","osm_type":"relation","ref":"KOD","admin_level":"10","arrondissement":"4e Arrondissement","coverage":"grand_lome_official","source":"admin/NEW_ACURATE_DATA/TG_grand_lome_quartiers.geojson","commune_official_code":null,"official_code":null},"geometry":{"type":"Polygon","coordinates":[[[1.209598,6.1248254],[1.2098022,6.124099],[1.2103239,6.1221881],[1.2103943,6.1219568],[1.2105552,6.1213714],[1.2111956,6.1190612],[1.2114531,6.1181451],[1.2115222,6.1180111],[1.211618,6.1177983],[1.2119374,6.1169289],[1.2110603,6.1165129],[1.2105802,6.1162942],[1.2099297,6.1160048],[1.2093195,6.1157741],[1.208311,6.1154514],[1.2067956,6.1149074],[1.2062216,6.1146887],[1.2056664,6.1144967],[1.2047598,6.1141233],[1.2044272,6.1139553],[1.203711,6.1136059],[1.2033731,6.1134832],[1.2028339,6.1133125],[1.2023941,6.1131818],[1.201922,6.1130832],[1.2013695,6.1129632],[1.2008223,6.1127978],[1.2002443,6.1125871],[1.1996314,6.1123604],[1.1994867,6.1128093],[1.1993881,6.1131887],[1.1993939,6.1134749],[1.1994243,6.1141872],[1.1995145,6.1141894],[1.1995196,6.1143179],[1.1995421,6.1148801],[1.199545,6.1152794],[1.1995024,6.1178808],[1.1994194,6.1234668],[1.2045781,6.1249305],[1.2055605,6.12524],[1.2061959,6.1254317],[1.2068108,6.1255992],[1.2075082,6.1257833],[1.2080727,6.1259162],[1.2092099,6.1262448],[1.209598,6.1248254]]]}},{"type":"Feature","properties":{"name":"Nyékonakpoé","place":"suburb","source_place":"suburb","place_type":"suburb","sublocality_class":"suburb","runtime_type":"quartier","hierarchy_level":"sublocality","display_level":"quartier","geometry_role":"source_polygon","geometry_authority":"official","geometry_preference":"polygon_over_point","reference_geometry":false,"sibling_clipped":false,"buffer_radius_m":null,"source_path":"admin/NEW_ACURATE_DATA/TG_grand_lome_quartiers.geojson","trust_rank":100,"classification_contract":"hierachy.yaml","feature_role":"boundary","layer_source":"combined_sublocalities","osm_id":"6609741","osm_type":"relation","ref":"NYK","admin_level":"10","arrondissement":"4e Arrondissement","coverage":"grand_lome_official","source":"admin/NEW_ACURATE_DATA/TG_grand_lome_quartiers.geojson","commune_official_code":null,"official_code":null},"geometry":{"type":"Polygon","coordinates":[[[1.1994166,6.1244307],[1.1995367,6.1292601],[1.199519,6.1341899],[1.201593,6.1347494],[1.2058896,6.1359529],[1.208106,6.1365252],[1.2092553,6.1368115],[1.2108055,6.1371775],[1.2111863,6.1353224],[1.211303,6.1349264],[1.2113982,6.1344804],[1.2115649,6.1337546],[1.2116804,6.1331355],[1.2117893,6.1325959],[1.211918,6.132013],[1.2120379,6.1313922],[1.2121418,6.1309053],[1.2121641,6.130829],[1.2121892,6.1306698],[1.2122053,6.1305896],[1.2122487,6.1303838],[1.2118569,6.1299914],[1.2112581,6.1293948],[1.2103981,6.1285185],[1.210069,6.1281807],[1.2098071,6.1278359],[1.209354,6.1270617],[1.2092266,6.1267239],[1.2092099,6.1262448],[1.2080727,6.1259162],[1.2075082,6.1257833],[1.2068108,6.1255992],[1.2061959,6.1254317],[1.2055605,6.12524],[1.2045781,6.1249305],[1.1994194,6.1234668],[1.1994166,6.1244307]]]}},{"type":"Feature","properties":{"name":"Doumasséssé","place":"suburb","source_place":"suburb","place_type":"suburb","sublocality_class":"suburb","runtime_type":"quartier","hierarchy_level":"sublocality","display_level":"quartier","geometry_role":"source_polygon","geometry_authority":"official","geometry_preference":"polygon_over_point","reference_geometry":false,"sibling_clipped":false,"buffer_radius_m":null,"source_path":"admin/NEW_ACURATE_DATA/TG_grand_lome_quartiers.geojson","trust_rank":100,"classification_contract":"hierachy.yaml","feature_role":"boundary","layer_source":"combined_sublocalities","osm_id":"6610609","osm_type":"relation","ref":"DMS","admin_level":"10","arrondissement":"5e Arrondissement","coverage":"grand_lome_official","source":"admin/NEW_ACURATE_DATA/TG_grand_lome_quartiers.geojson","commune_official_code":null,"official_code":null},"geometry":{"type":"Polygon","coordinates":[[[1.2162996,6.1565758],[1.2156419,6.1564819],[1.2144218,6.1563137],[1.2141602,6.1562744],[1.2138818,6.1562437],[1.2136085,6.1562212],[1.2133302,6.156217],[1.2130643,6.1562247],[1.2127418,6.1562591],[1.2124112,6.1563342],[1.2121511,6.156415],[1.2118866,6.1565149],[1.2116321,6.1566444],[1.2113766,6.156794],[1.2109337,6.1571331],[1.2107171,6.1573557],[1.2105028,6.1575989],[1.2103315,6.1578491],[1.2101898,6.158114],[1.210059,6.1583798],[1.2099356,6.1586465],[1.2098497,6.1589158],[1.2097841,6.1591929],[1.209737,6.1593604],[1.209549,6.1606323],[1.2094103,6.1615728],[1.2092871,6.1618362],[1.2090437,6.1634475],[1.2087894,6.1651839],[1.2183386,6.1651382],[1.2227086,6.1651698],[1.2228397,6.1648256],[1.2229156,6.1646423],[1.2229968,6.164445],[1.2230759,6.1642596],[1.2231731,6.1640249],[1.2233419,6.1636309],[1.2235252,6.1631949],[1.2236673,6.1628763],[1.2238048,6.1625769],[1.223894,6.1623796],[1.2240496,6.1620929],[1.2241317,6.1619259],[1.224445,6.1613372],[1.2255757,6.1592782],[1.2263514,6.1578622],[1.2263857,6.1577997],[1.2264164,6.1577423],[1.226342,6.1577402],[1.2256445,6.157739],[1.2251658,6.1576928],[1.2243314,6.1575919],[1.2236993,6.1575161],[1.2211485,6.1571921],[1.2189137,6.1569156],[1.2162996,6.1565758]]]}},{"type":"Feature","properties":{"name":"Soviépé","place":"suburb","source_place":"suburb","place_type":"suburb","sublocality_class":"suburb","runtime_type":"quartier","hierarchy_level":"sublocality","display_level":"quartier","geometry_role":"source_polygon","geometry_authority":"official","geometry_preference":"polygon_over_point","reference_geometry":false,"sibling_clipped":false,"buffer_radius_m":null,"source_path":"admin/NEW_ACURATE_DATA/TG_grand_lome_quartiers.geojson","trust_rank":100,"classification_contract":"hierachy.yaml","feature_role":"boundary","layer_source":"combined_sublocalities","osm_id":"6609745","osm_type":"relation","ref":"SOV","admin_level":"10","arrondissement":"5e Arrondissement","coverage":"grand_lome_official","source":"admin/NEW_ACURATE_DATA/TG_grand_lome_quartiers.geojson","commune_official_code":null,"official_code":null},"geometry":{"type":"Polygon","coordinates":[[[1.1995171,6.1692259],[1.1994381,6.1691206],[1.1974945,6.1691673],[1.1959939,6.1692033],[1.1954258,6.1694056],[1.1772951,6.1692469],[1.1772615,6.1705694],[1.1772427,6.1711907],[1.1772293,6.1714681],[1.1772105,6.1727294],[1.1774144,6.1734361],[1.1774942,6.1736321],[1.1773574,6.1736894],[1.1772689,6.1750707],[1.1772501,6.1754974],[1.1772417,6.1755948],[1.1772515,6.1758494],[1.1772595,6.176084],[1.1772219,6.1762307],[1.1772507,6.176396],[1.1772608,6.1765748],[1.1773078,6.1769627],[1.1774026,6.1774463],[1.1767823,6.1778056],[1.176722,6.1778569],[1.1766657,6.1779516],[1.1769486,6.1784769],[1.1772571,6.1790956],[1.1774187,6.1793396],[1.1779484,6.1791736],[1.1785808,6.1789063],[1.1791159,6.1801769],[1.1796014,6.1812808],[1.1799004,6.1819435],[1.180123,6.1824702],[1.180412,6.1830708],[1.1807721,6.1838382],[1.1808221,6.1839902],[1.1824475,6.1827005],[1.1860288,6.1799257],[1.1860605,6.1797499],[1.1861838,6.1788272],[1.1862267,6.1784886],[1.1863099,6.1773313],[1.1863314,6.1762219],[1.1863971,6.1752659],[1.1867216,6.1731193],[1.1871052,6.172942],[1.1878696,6.1725913],[1.1881935,6.1724415],[1.1882619,6.17242],[1.1884706,6.1723142],[1.1885147,6.1722949],[1.1891751,6.1719817],[1.1895487,6.171802],[1.1901126,6.17154],[1.1911238,6.171084],[1.1916227,6.1708546],[1.1918594,6.1707526],[1.192251,6.1705959],[1.1938034,6.1703253],[1.1942123,6.1702546],[1.1957506,6.170024],[1.1984563,6.1695926],[1.1990779,6.169436],[1.1994206,6.169278],[1.1995171,6.1692259]]]}},{"type":"Feature","properties":{"name":"Adakpamé","place":"suburb","source_place":"suburb","place_type":"suburb","sublocality_class":"suburb","runtime_type":"quartier","hierarchy_level":"sublocality","display_level":"quartier","geometry_role":"source_polygon","geometry_authority":"official","geometry_preference":"polygon_over_point","reference_geometry":false,"sibling_clipped":false,"buffer_radius_m":null,"source_path":"admin/NEW_ACURATE_DATA/TG_grand_lome_quartiers.geojson","trust_rank":100,"classification_contract":"hierachy.yaml","feature_role":"boundary","layer_source":"combined_sublocalities","osm_id":"6615991","osm_type":"relation","ref":"ADA","admin_level":"10","arrondissement":"2e Arrondissement","coverage":"grand_lome_official","source":"admin/NEW_ACURATE_DATA/TG_grand_lome_quartiers.geojson","commune_official_code":null,"official_code":null},"geometry":{"type":"Polygon","coordinates":[[[1.2804965,6.170808],[1.2803579,6.1721369],[1.2803121,6.1725793],[1.2805262,6.1733764],[1.2813569,6.1732713],[1.2815223,6.1741047],[1.2815661,6.1742983],[1.2812408,6.1744103],[1.2808437,6.1745463],[1.2807967,6.1745906],[1.2807178,6.1746649],[1.2803814,6.175036],[1.2802621,6.1752518],[1.2797908,6.1764033],[1.2797011,6.1766544],[1.2795859,6.1769495],[1.2795465,6.1770553],[1.2793382,6.1776874],[1.2790989,6.1783542],[1.279083,6.1783952],[1.2785774,6.1797338],[1.278337,6.180368],[1.2781032,6.1809899],[1.2776426,6.1822288],[1.2780418,6.1823965],[1.2782921,6.1825043],[1.2786757,6.1826719],[1.2787766,6.1824809],[1.279354,6.1828024],[1.2795205,6.1824869],[1.2798436,6.1819267],[1.2804513,6.1807338],[1.2805295,6.1807049],[1.2805831,6.1806416],[1.2806502,6.1804536],[1.2807036,6.1802855],[1.2808249,6.1803201],[1.2809221,6.1803418],[1.2810491,6.18037],[1.2819616,6.1810249],[1.2820131,6.1808792],[1.2826623,6.1810306],[1.2829015,6.1801403],[1.2835404,6.1802889],[1.283463,6.1805787],[1.2834037,6.1808353],[1.2832629,6.1808138],[1.2831955,6.1811669],[1.2832849,6.1811909],[1.28396,6.1813624],[1.2845898,6.181546],[1.2845221,6.1822985],[1.2851592,6.1824233],[1.2856191,6.182528],[1.2868839,6.1827916],[1.2875008,6.1829217],[1.2876283,6.182349],[1.2876861,6.1818356],[1.2871539,6.1815453],[1.2859171,6.1808408],[1.2859645,6.1805703],[1.2853847,6.1804666],[1.2854616,6.1797983],[1.2847806,6.1795925],[1.2848172,6.1793716],[1.2860732,6.1796276],[1.2873128,6.1799622],[1.2874899,6.1789636],[1.2877608,6.1789983],[1.2879029,6.1781236],[1.2887357,6.1781103],[1.2888189,6.1782516],[1.2888028,6.1784596],[1.2891005,6.1787663],[1.2892024,6.1788543],[1.2902331,6.1790769],[1.2901974,6.1793522],[1.2905258,6.1793953],[1.2917747,6.1795982],[1.2920416,6.1796256],[1.2924826,6.1796709],[1.292623,6.1797231],[1.2929143,6.1797338],[1.2929202,6.1802051],[1.2929116,6.1803976],[1.2929387,6.1805001],[1.2930057,6.1805846],[1.2930799,6.1806332],[1.2931495,6.1807254],[1.2932047,6.18084],[1.2934345,6.1810361],[1.2935163,6.1811584],[1.2936979,6.1811582],[1.2945897,6.1811575],[1.2945729,6.1808409],[1.2945537,6.180666],[1.294479,6.1805824],[1.2943595,6.1799501],[1.2943291,6.1792587],[1.294094,6.1792335],[1.2941867,6.1785776],[1.2942781,6.1779307],[1.2940984,6.1779035],[1.2940753,6.177289],[1.2940704,6.1771577],[1.2940636,6.1769776],[1.29402,6.1758159],[1.2940032,6.1753697],[1.2939967,6.1751956],[1.293992,6.1750716],[1.2939862,6.1749155],[1.2939742,6.1745971],[1.2938573,6.1745359],[1.2935853,6.1745046],[1.2934086,6.1745903],[1.2930809,6.1745116],[1.2932402,6.173975],[1.293317,6.1737153],[1.2927146,6.1735482],[1.2928355,6.1731155],[1.2927287,6.1727486],[1.29259,6.1720829],[1.2925364,6.1718255],[1.2924302,6.1713158],[1.2926141,6.1706914],[1.293011,6.1693438],[1.2928407,6.1692118],[1.2925286,6.1693367],[1.2923631,6.1694029],[1.292338,6.169413],[1.2911114,6.1698498],[1.291068,6.1698653],[1.29094,6.1699109],[1.290786,6.1699657],[1.2904297,6.1700922],[1.2896172,6.1703808],[1.2889019,6.1706305],[1.288764,6.1706788],[1.2884678,6.1707826],[1.2881121,6.1709103],[1.2875258,6.1711207],[1.2871641,6.1711978],[1.2867896,6.1712438],[1.2865143,6.1712529],[1.2864677,6.1712545],[1.2859042,6.171159],[1.2848457,6.1709581],[1.2845686,6.1709055],[1.2845158,6.1708955],[1.2841378,6.1708237],[1.2835608,6.1707142],[1.2828393,6.1705627],[1.2824059,6.1704683],[1.2819379,6.1703751],[1.2817964,6.1703457],[1.2815435,6.1702937],[1.2805731,6.170094],[1.2804965,6.170808]]]}},{"type":"Feature","properties":{"name":"Quartier Administratif","place":"suburb","source_place":"suburb","place_type":"suburb","sublocality_class":"suburb","runtime_type":"quartier","hierarchy_level":"sublocality","display_level":"quartier","geometry_role":"source_polygon","geometry_authority":"official","geometry_preference":"polygon_over_point","reference_geometry":false,"sibling_clipped":false,"buffer_radius_m":null,"source_path":"admin/NEW_ACURATE_DATA/TG_grand_lome_quartiers.geojson","trust_rank":100,"classification_contract":"hierachy.yaml","feature_role":"boundary","layer_source":"combined_sublocalities","osm_id":"6609743","osm_type":"relation","ref":"QAD","admin_level":"10","arrondissement":"1er Arrondissement","coverage":"grand_lome_official","source":"admin/NEW_ACURATE_DATA/TG_grand_lome_quartiers.geojson","commune_official_code":null,"official_code":null},"geometry":{"type":"Polygon","coordinates":[[[1.2092099,6.1262448],[1.2092266,6.1267239],[1.209354,6.1270617],[1.2098071,6.1278359],[1.210069,6.1281807],[1.2103981,6.1285185],[1.2112581,6.1293948],[1.2118569,6.1299914],[1.2122487,6.1303838],[1.2136475,6.1318093],[1.2141499,6.1323431],[1.2147781,6.1329411],[1.2151122,6.1332756],[1.2155556,6.1337097],[1.2175193,6.1351063],[1.2178942,6.1337522],[1.218338,6.133774],[1.2184227,6.1326399],[1.2186443,6.1321515],[1.2189963,6.1310617],[1.2191211,6.1309089],[1.2192837,6.1305833],[1.2194597,6.130065],[1.2196179,6.1295039],[1.2199876,6.1284845],[1.2205691,6.1268033],[1.2206315,6.1266228],[1.2212641,6.1247909],[1.2214159,6.1243525],[1.22142,6.1243408],[1.221429,6.1243148],[1.2216384,6.1237079],[1.2216981,6.1235438],[1.2219904,6.1226181],[1.222158,6.1220892],[1.2226287,6.1205826],[1.2223128,6.1204475],[1.2205687,6.1197332],[1.2190184,6.1191371],[1.2181735,6.1188864],[1.217173,6.1186571],[1.2166098,6.1185264],[1.2159553,6.1183344],[1.2151802,6.118073],[1.21389,6.1176223],[1.2135869,6.1175343],[1.2133241,6.1174516],[1.2132114,6.1174196],[1.2119374,6.1169289],[1.211618,6.1177983],[1.2115222,6.1180111],[1.2114531,6.1181451],[1.2111956,6.1190612],[1.2105552,6.1213714],[1.2103943,6.1219568],[1.2103239,6.1221881],[1.2098022,6.124099],[1.209598,6.1248254],[1.2092099,6.1262448]]]}},{"type":"Feature","properties":{"name":"Kagnikopé","place":"suburb","source_place":"suburb","place_type":"suburb","sublocality_class":"suburb","runtime_type":"quartier","hierarchy_level":"sublocality","display_level":"quartier","geometry_role":"source_polygon","geometry_authority":"official","geometry_preference":"polygon_over_point","reference_geometry":false,"sibling_clipped":false,"buffer_radius_m":null,"source_path":"admin/NEW_ACURATE_DATA/TG_grand_lome_quartiers.geojson","trust_rank":100,"classification_contract":"hierachy.yaml","feature_role":"boundary","layer_source":"combined_sublocalities","osm_id":"6615993","osm_type":"relation","ref":"KGK","admin_level":"10","arrondissement":"2e Arrondissement","coverage":"grand_lome_official","source":"admin/NEW_ACURATE_DATA/TG_grand_lome_quartiers.geojson","commune_official_code":null,"official_code":null},"geometry":{"type":"Polygon","coordinates":[[[1.283786,6.1635098],[1.2838332,6.1635203],[1.2838929,6.1635333],[1.284567,6.1636666],[1.2852556,6.1638052],[1.2858901,6.1639328],[1.2865528,6.1640662],[1.2872162,6.1641996],[1.2875756,6.1642719],[1.2878367,6.1643245],[1.288694,6.1644743],[1.2887822,6.164634],[1.289512,6.1648313],[1.2901667,6.1649916],[1.2908258,6.1651503],[1.2919774,6.1654254],[1.2926534,6.1655984],[1.2933522,6.1657918],[1.2938114,6.1659603],[1.2940451,6.1661332],[1.294516,6.1665416],[1.2949687,6.1669188],[1.293957,6.1680234],[1.293381,6.168648],[1.2928407,6.1692118],[1.293011,6.1693438],[1.2926141,6.1706914],[1.2924302,6.1713158],[1.2925364,6.1718255],[1.29259,6.1720829],[1.2927287,6.1727486],[1.2928355,6.1731155],[1.2927146,6.1735482],[1.293317,6.1737153],[1.2932402,6.173975],[1.2930809,6.1745116],[1.2934086,6.1745903],[1.2935853,6.1745046],[1.2938573,6.1745359],[1.2939742,6.1745971],[1.2939862,6.1749155],[1.293992,6.1750716],[1.2939967,6.1751956],[1.2940032,6.1753697],[1.29402,6.1758159],[1.2940636,6.1769776],[1.2940704,6.1771577],[1.2940753,6.177289],[1.2940984,6.1779035],[1.2942781,6.1779307],[1.2941867,6.1785776],[1.294094,6.1792335],[1.2943291,6.1792587],[1.2944877,6.1792623],[1.294874,6.1785263],[1.2949303,6.1779769],[1.2949625,6.1773263],[1.2952253,6.1770276],[1.295798,6.1764196],[1.2959576,6.1759156],[1.2960193,6.1758383],[1.296211,6.1753063],[1.2974696,6.1756745],[1.297865,6.1761796],[1.2978097,6.1766959],[1.2982992,6.1771796],[1.2982401,6.1784436],[1.2984815,6.1784596],[1.2985613,6.1782263],[1.2985962,6.1780129],[1.2988497,6.1770783],[1.2990405,6.176373],[1.2990569,6.1763123],[1.2991923,6.1758083],[1.2992741,6.1755096],[1.299372,6.1751176],[1.2994083,6.175019],[1.2994243,6.1749416],[1.2995906,6.174355],[1.2998092,6.1735936],[1.2999809,6.1730563],[1.3001579,6.1724216],[1.3002639,6.172035],[1.300339,6.1717817],[1.300744,6.1703817],[1.3009291,6.1697176],[1.3009747,6.169547],[1.3011521,6.1690124],[1.3013448,6.1682883],[1.3014628,6.167859],[1.3016238,6.167187],[1.3019859,6.165947],[1.3021226,6.1654643],[1.3022729,6.1647976],[1.3024009,6.1642903],[1.3024241,6.1642116],[1.302526,6.1637871],[1.3022908,6.1637867],[1.2918613,6.1607915],[1.2916637,6.1607399],[1.2913443,6.1606428],[1.2900821,6.1602634],[1.2887375,6.159887],[1.2880696,6.1596923],[1.2876233,6.1595697],[1.2865521,6.1592498],[1.2851476,6.1588582],[1.2851075,6.1588487],[1.2849757,6.1588173],[1.2848976,6.1590645],[1.2848243,6.159304],[1.2846979,6.1596969],[1.2845912,6.1600948],[1.2844442,6.1607249],[1.2844142,6.1608308],[1.2843905,6.1609589],[1.284355,6.1610969],[1.2842678,6.161465],[1.2840213,6.1624906],[1.283786,6.1635098]]]}},{"type":"Feature","properties":{"name":"Tokoin-Wuiti","place":"suburb","source_place":"suburb","place_type":"suburb","sublocality_class":"suburb","runtime_type":"quartier","hierarchy_level":"sublocality","display_level":"quartier","geometry_role":"source_polygon","geometry_authority":"official","geometry_preference":"polygon_over_point","reference_geometry":false,"sibling_clipped":false,"buffer_radius_m":null,"source_path":"admin/NEW_ACURATE_DATA/TG_grand_lome_quartiers.geojson","trust_rank":100,"classification_contract":"hierachy.yaml","feature_role":"boundary","layer_source":"combined_sublocalities","osm_id":"6611897","osm_type":"relation","ref":"TKW","admin_level":"10","arrondissement":"2e Arrondissement","coverage":"grand_lome_official","source":"admin/NEW_ACURATE_DATA/TG_grand_lome_quartiers.geojson","commune_official_code":null,"official_code":null},"geometry":{"type":"Polygon","coordinates":[[[1.237374,6.1713274],[1.2380435,6.171253],[1.2387037,6.171181],[1.2387929,6.1711824],[1.2388847,6.1712064],[1.2389598,6.1712404],[1.2390162,6.1712717],[1.2390886,6.1713164],[1.2397451,6.1717664],[1.2400178,6.171963],[1.2404756,6.1722844],[1.2409222,6.1726145],[1.2409982,6.1726831],[1.2412185,6.1725164],[1.2412966,6.1724627],[1.2413378,6.1724356],[1.2414399,6.1723626],[1.2416425,6.1721961],[1.2417888,6.1720743],[1.2421039,6.1718197],[1.2423945,6.1715809],[1.2428428,6.171204],[1.2438918,6.1704429],[1.2449507,6.1695819],[1.2451099,6.1694535],[1.2452954,6.1693006],[1.2459231,6.1687714],[1.2461059,6.1686112],[1.2463045,6.168437],[1.245878,6.1679461],[1.2457117,6.1677298],[1.2454996,6.167454],[1.2453126,6.1672352],[1.2451128,6.1670014],[1.2447392,6.1665303],[1.2445181,6.1662451],[1.2443548,6.1660167],[1.2441223,6.1657251],[1.2439926,6.165553],[1.2435763,6.1650674],[1.2432273,6.1645617],[1.2428359,6.1641039],[1.2422438,6.1632915],[1.2421757,6.1632158],[1.2418567,6.1627853],[1.2418545,6.1626696],[1.2405764,6.161039],[1.2405311,6.1610149],[1.2403755,6.1610889],[1.2398146,6.1613296],[1.2397511,6.1612086],[1.2394021,6.1612632],[1.2387631,6.1613712],[1.2383916,6.1614214],[1.2381016,6.1614595],[1.2377364,6.1615086],[1.2373981,6.1615627],[1.2368868,6.1616478],[1.2362291,6.1617555],[1.2358526,6.1618172],[1.2353067,6.16191],[1.2347695,6.161994],[1.2342214,6.1620873],[1.2341011,6.1614929],[1.2337501,6.1614761],[1.2334979,6.1614722],[1.2331612,6.161395],[1.2329688,6.1613189],[1.2318267,6.1609826],[1.2308373,6.1607396],[1.2300619,6.1604953],[1.2299527,6.1604677],[1.229937,6.1605509],[1.2298479,6.160977],[1.2296058,6.16195],[1.2293081,6.1630182],[1.229006,6.1640842],[1.2288486,6.1646791],[1.2285034,6.1659269],[1.2283192,6.1665926],[1.2283088,6.1666295],[1.2276275,6.1664602],[1.2276181,6.1664987],[1.2274314,6.1671617],[1.2274002,6.1672935],[1.2271161,6.1682853],[1.226975,6.1687782],[1.2269657,6.1688162],[1.2269575,6.168859],[1.2268064,6.1693529],[1.2275906,6.1695716],[1.2282102,6.1697585],[1.2285128,6.1698465],[1.228843,6.1699423],[1.229588,6.1701671],[1.2296279,6.1701811],[1.2296973,6.1702037],[1.2302857,6.170371],[1.2307906,6.170513],[1.2313446,6.1706735],[1.2315778,6.170741],[1.2321746,6.170913],[1.2327661,6.1710703],[1.2329819,6.1711345],[1.2332985,6.1712264],[1.2337746,6.1713657],[1.2340488,6.1714484],[1.2343358,6.1715183],[1.234532,6.1715574],[1.2345861,6.17161],[1.237374,6.1713274]]]}},{"type":"Feature","properties":{"name":"Aflao-Gakli","place":"suburb","source_place":"suburb","place_type":"suburb","sublocality_class":"suburb","runtime_type":"quartier","hierarchy_level":"sublocality","display_level":"quartier","geometry_role":"source_polygon","geometry_authority":"official","geometry_preference":"polygon_over_point","reference_geometry":false,"sibling_clipped":false,"buffer_radius_m":null,"source_path":"admin/NEW_ACURATE_DATA/TG_grand_lome_quartiers.geojson","trust_rank":100,"classification_contract":"hierachy.yaml","feature_role":"boundary","layer_source":"combined_sublocalities","osm_id":"6609732","osm_type":"relation","ref":"AFG","admin_level":"10","arrondissement":"5e Arrondissement","coverage":"grand_lome_official","source":"admin/NEW_ACURATE_DATA/TG_grand_lome_quartiers.geojson","commune_official_code":null,"official_code":null},"geometry":{"type":"Polygon","coordinates":[[[1.1918436,6.1766596],[1.1921388,6.1772179],[1.1925759,6.1779769],[1.1927825,6.1783628],[1.1930979,6.1791034],[1.1933081,6.1808475],[1.1932575,6.1808543],[1.1930057,6.1816215],[1.1928648,6.1821285],[1.1924119,6.1836045],[1.1921064,6.1842381],[1.1932712,6.1846483],[1.1940686,6.1848611],[1.1947867,6.1849894],[1.1952199,6.1850914],[1.1960205,6.1852381],[1.1966909,6.185363],[1.2009054,6.1845828],[1.2010885,6.1855908],[1.2012065,6.1862654],[1.2013023,6.1869987],[1.202117,6.1868689],[1.2028938,6.1866993],[1.2040416,6.1864227],[1.2054793,6.1861321],[1.2056596,6.1860429],[1.2057132,6.1859229],[1.2057288,6.1851801],[1.2057256,6.1847737],[1.2058837,6.183781],[1.206168,6.1820557],[1.2059091,6.1810529],[1.2058134,6.1806713],[1.2056965,6.1802351],[1.2056248,6.1799676],[1.205596,6.1798789],[1.2052218,6.1782869],[1.2049958,6.1774423],[1.2048362,6.1768476],[1.2048041,6.1767436],[1.2046939,6.1763194],[1.2046378,6.1761036],[1.20445,6.1754503],[1.2043442,6.1749921],[1.2042965,6.1747856],[1.2039806,6.1735076],[1.2038331,6.172929],[1.2036863,6.1723123],[1.2035649,6.171849],[1.203528,6.171699],[1.2033203,6.1708193],[1.2031391,6.1700856],[1.2030586,6.1697416],[1.2029098,6.1690704],[1.2028735,6.1689336],[1.2025356,6.1675067],[1.2025047,6.1673976],[1.2024633,6.1672195],[1.201973,6.1676396],[1.2014419,6.168085],[1.1996318,6.1694872],[1.199536,6.1695541],[1.1994827,6.1695778],[1.1993357,6.1696736],[1.199101,6.169871],[1.1988395,6.1700696],[1.1980315,6.1706516],[1.1964434,6.171952],[1.1929402,6.1746632],[1.1913931,6.1758338],[1.1918436,6.1766596]]]}},{"type":"Feature","properties":{"name":"Attiégou","place":"suburb","source_place":"suburb","place_type":"suburb","sublocality_class":"suburb","runtime_type":"quartier","hierarchy_level":"sublocality","display_level":"quartier","geometry_role":"source_polygon","geometry_authority":"official","geometry_preference":"polygon_over_point","reference_geometry":false,"sibling_clipped":false,"buffer_radius_m":null,"source_path":"admin/NEW_ACURATE_DATA/TG_grand_lome_quartiers.geojson","trust_rank":100,"classification_contract":"hierachy.yaml","feature_role":"boundary","layer_source":"combined_sublocalities","osm_id":"6614630","osm_type":"relation","ref":"ATG","admin_level":"10","arrondissement":"2e Arrondissement","coverage":"grand_lome_official","source":"admin/NEW_ACURATE_DATA/TG_grand_lome_quartiers.geojson","commune_official_code":null,"official_code":null},"geometry":{"type":"Polygon","coordinates":[[[1.2698301,6.1864283],[1.2695861,6.1866281],[1.2694258,6.1867468],[1.2692012,6.1868721],[1.2690101,6.1869321],[1.2688988,6.1869534],[1.2687948,6.1869654],[1.2686473,6.1869681],[1.2684347,6.1869714],[1.2681873,6.1869541],[1.2680157,6.1869454],[1.2677119,6.1869408],[1.2674309,6.1869441],[1.2673518,6.1869534],[1.2672905,6.1869644],[1.2669495,6.1870381],[1.2665404,6.1871527],[1.2664258,6.1871787],[1.2659946,6.1872806],[1.2652979,6.1874601],[1.2646186,6.1876274],[1.2635913,6.1879074],[1.2633546,6.1879734],[1.2630428,6.1880387],[1.2628323,6.1880567],[1.2626861,6.1880507],[1.2625379,6.1880354],[1.262375,6.1880101],[1.262159,6.1879434],[1.2620209,6.1878754],[1.2615951,6.1875887],[1.2614323,6.1884417],[1.2614937,6.1885362],[1.2615418,6.1886234],[1.2616941,6.1890263],[1.2619029,6.189746],[1.2620491,6.1902593],[1.2621275,6.1905746],[1.2613445,6.1907875],[1.2606584,6.1909797],[1.2607296,6.1912437],[1.260355,6.1913459],[1.2600717,6.1914231],[1.2592432,6.1916506],[1.2591068,6.1916862],[1.2586061,6.1918195],[1.2580381,6.1919644],[1.2579354,6.1919867],[1.2579626,6.1921038],[1.2573214,6.1922484],[1.2566575,6.1923897],[1.2564426,6.1924354],[1.2553927,6.1926588],[1.2552003,6.1926998],[1.2547748,6.1927903],[1.2541705,6.1929189],[1.2537456,6.1930218],[1.2538167,6.1933357],[1.2539421,6.1940264],[1.2540193,6.1945288],[1.2540302,6.1945875],[1.2542075,6.1957536],[1.2543341,6.1965779],[1.2543752,6.196845],[1.2544503,6.1972803],[1.2545225,6.1976983],[1.2545507,6.1978488],[1.2546235,6.198284],[1.2548795,6.1996762],[1.2550948,6.2009256],[1.2556269,6.2008408],[1.2568984,6.2006297],[1.2571226,6.200579],[1.2573396,6.2005021],[1.2576441,6.2003281],[1.2577649,6.2002856],[1.2582586,6.2001937],[1.258445,6.2001617],[1.2589382,6.2000783],[1.2591605,6.2000459],[1.2595137,6.2000369],[1.2595788,6.2000322],[1.2601937,6.2000069],[1.2605095,6.1999955],[1.2607529,6.1999902],[1.2608689,6.1999889],[1.2612867,6.1999795],[1.2616166,6.1999662],[1.2617004,6.1999775],[1.2618063,6.2000149],[1.2619371,6.2000768],[1.2622084,6.1998976],[1.2622605,6.1998614],[1.2626441,6.2004952],[1.2645089,6.1993766],[1.2649233,6.1991006],[1.2651053,6.1992026],[1.2663418,6.1989446],[1.2662107,6.198261],[1.266371,6.1981457],[1.2664813,6.198178],[1.2665671,6.198182],[1.266838,6.198118],[1.267184,6.1980353],[1.2672229,6.1981806],[1.2678915,6.198022],[1.2679753,6.198018],[1.268104,6.1979846],[1.2682797,6.197922],[1.2691957,6.1983033],[1.2696121,6.197326],[1.2696607,6.1971973],[1.2696882,6.1970627],[1.2699745,6.196596],[1.2700241,6.1964574],[1.2700624,6.1963734],[1.2703346,6.1957681],[1.270407,6.1955987],[1.2706639,6.1950108],[1.2708261,6.1946215],[1.2708918,6.1944841],[1.2704815,6.1942988],[1.2703733,6.1942418],[1.2703111,6.1942155],[1.2716851,6.1924016],[1.2725756,6.1913323],[1.2738017,6.1900343],[1.2752898,6.1886085],[1.2752616,6.1885762],[1.2747621,6.1880346],[1.2743264,6.1875474],[1.2738987,6.1870628],[1.2741418,6.1868634],[1.2739232,6.1865988],[1.273881,6.1865388],[1.2738609,6.1864994],[1.2738481,6.1864401],[1.2738401,6.1863521],[1.2738273,6.1862968],[1.2737495,6.1861914],[1.2735658,6.1859401],[1.2734525,6.1857661],[1.2733962,6.1856875],[1.2733197,6.1855628],[1.2732795,6.1854855],[1.2732399,6.1854141],[1.273195,6.1853268],[1.2731286,6.1852181],[1.2730334,6.1850848],[1.2728879,6.1848961],[1.2726108,6.1845117],[1.2724038,6.1846645],[1.2723453,6.1846815],[1.2723155,6.1846823],[1.2722844,6.1846801],[1.2722546,6.1846744],[1.2722401,6.1846714],[1.271461,6.1845289],[1.2714542,6.1845782],[1.2714301,6.1846688],[1.2713993,6.1847695],[1.2713376,6.1849475],[1.2712383,6.1851661],[1.2711377,6.1853208],[1.2709849,6.1854875],[1.2708018,6.1856475],[1.2705282,6.1858808],[1.2704216,6.1859621],[1.2702727,6.1861055],[1.2701468,6.1861975],[1.2699589,6.1863434],[1.2698301,6.1864283]]]}},{"type":"Feature","properties":{"name":"Totsi","place":"suburb","source_place":"suburb","place_type":"suburb","sublocality_class":"suburb","runtime_type":"quartier","hierarchy_level":"sublocality","display_level":"quartier","geometry_role":"source_polygon","geometry_authority":"official","geometry_preference":"polygon_over_point","reference_geometry":false,"sibling_clipped":false,"buffer_radius_m":null,"source_path":"admin/NEW_ACURATE_DATA/TG_grand_lome_quartiers.geojson","trust_rank":100,"classification_contract":"hierachy.yaml","feature_role":"boundary","layer_source":"combined_sublocalities","osm_id":"6610612","osm_type":"relation","ref":"TOT","admin_level":"10","arrondissement":"5e Arrondissement","coverage":"grand_lome_official","source":"admin/NEW_ACURATE_DATA/TG_grand_lome_quartiers.geojson","commune_official_code":null,"official_code":null},"geometry":{"type":"Polygon","coordinates":[[[1.1913931,6.1758338],[1.1860288,6.1799257],[1.1824475,6.1827005],[1.1808221,6.1839902],[1.1790927,6.1853221],[1.1776562,6.1863898],[1.1754424,6.188102],[1.1755591,6.188242],[1.1759802,6.1888274],[1.1764757,6.189654],[1.1771061,6.1905166],[1.1772636,6.1907273],[1.1779865,6.1917152],[1.1785236,6.1924566],[1.178766,6.1922972],[1.1788713,6.1921466],[1.1793561,6.1927425],[1.1797128,6.1932279],[1.1800857,6.1936972],[1.1801433,6.1936492],[1.1806234,6.1931799],[1.1811344,6.1939478],[1.1815032,6.1944838],[1.1818599,6.1950518],[1.1822194,6.1956517],[1.1822703,6.1957291],[1.182611,6.1962091],[1.1826592,6.1962811],[1.1830482,6.1968784],[1.1837536,6.1980063],[1.1841291,6.1985609],[1.1842208,6.198508],[1.1848868,6.198057],[1.1852918,6.1977876],[1.1863425,6.1970534],[1.1867367,6.1967828],[1.1870667,6.1965655],[1.1876581,6.1961861],[1.1882439,6.1958384],[1.1885825,6.1956171],[1.1887381,6.1956115],[1.1888537,6.1954109],[1.1889372,6.1952796],[1.1889409,6.1952735],[1.189712,6.1940669],[1.189883,6.1937889],[1.1903071,6.193074],[1.1909052,6.1919807],[1.1911537,6.191423],[1.1911805,6.1913737],[1.1913058,6.1910979],[1.1913924,6.1908924],[1.1914869,6.1907133],[1.19206,6.1895288],[1.1923242,6.1889167],[1.1927281,6.1879005],[1.1930027,6.1872208],[1.1932545,6.1867372],[1.193616,6.1858992],[1.1940686,6.1848611],[1.1932712,6.1846483],[1.1921064,6.1842381],[1.1924119,6.1836045],[1.1928648,6.1821285],[1.1930057,6.1816215],[1.1932575,6.1808543],[1.1933081,6.1808475],[1.1930979,6.1791034],[1.1927825,6.1783628],[1.1925759,6.1779769],[1.1921388,6.1772179],[1.1918436,6.1766596],[1.1913931,6.1758338]]]}},{"type":"Feature","properties":{"name":"Université de Lomé","place":"suburb","source_place":"suburb","place_type":"suburb","sublocality_class":"suburb","runtime_type":"quartier","hierarchy_level":"sublocality","display_level":"quartier","geometry_role":"source_polygon","geometry_authority":"official","geometry_preference":"polygon_over_point","reference_geometry":false,"sibling_clipped":false,"buffer_radius_m":null,"source_path":"admin/NEW_ACURATE_DATA/TG_grand_lome_quartiers.geojson","trust_rank":100,"classification_contract":"hierachy.yaml","feature_role":"boundary","layer_source":"combined_sublocalities","osm_id":"6610613","osm_type":"relation","ref":"UB","admin_level":"10","arrondissement":"5e Arrondissement","coverage":"grand_lome_official","source":"admin/NEW_ACURATE_DATA/TG_grand_lome_quartiers.geojson","commune_official_code":null,"official_code":null},"geometry":{"type":"Polygon","coordinates":[[[1.2087894,6.1651839],[1.208586,6.1664999],[1.2081084,6.1696458],[1.207486,6.1735667],[1.2072883,6.1748272],[1.2071135,6.1759785],[1.2069746,6.176878],[1.2066141,6.1792335],[1.206168,6.1820557],[1.206733,6.1844262],[1.2069361,6.1850856],[1.2069965,6.1852696],[1.207075,6.1854122],[1.2071722,6.1855849],[1.2073143,6.1858642],[1.2075463,6.1862389],[1.2078005,6.1865529],[1.2080888,6.1868528],[1.2082464,6.1870162],[1.2084315,6.1871602],[1.2086139,6.1872908],[1.2089662,6.1875034],[1.2094487,6.1877575],[1.2096076,6.1878488],[1.2097552,6.1879301],[1.2108088,6.1884701],[1.210969,6.1885441],[1.2110308,6.1885821],[1.2111842,6.1886635],[1.211226,6.1886841],[1.2112702,6.1887064],[1.2113151,6.1886113],[1.2116249,6.1879827],[1.2121949,6.1867914],[1.2131717,6.184756],[1.2134436,6.1841969],[1.2135628,6.1839168],[1.2138885,6.183266],[1.2139758,6.1830795],[1.2141281,6.1827649],[1.2143209,6.1823516],[1.2143949,6.1821502],[1.2148909,6.1811623],[1.2152439,6.1804687],[1.2154112,6.1801239],[1.2155836,6.179787],[1.2159611,6.1790404],[1.2163369,6.1782954],[1.2165321,6.1779134],[1.2167316,6.1775324],[1.2167886,6.1774224],[1.2171198,6.1768037],[1.217222,6.1765926],[1.2173558,6.1763346],[1.2174372,6.176182],[1.2175066,6.1760493],[1.2175744,6.1759163],[1.2176347,6.1757856],[1.2177266,6.1756],[1.2178111,6.175439],[1.2178858,6.175302],[1.2180935,6.1748841],[1.218148,6.1747636],[1.2183445,6.174391],[1.218437,6.1742157],[1.2185403,6.1740237],[1.2186483,6.1738223],[1.2188206,6.173479],[1.2189453,6.173221],[1.2191277,6.172861],[1.2192866,6.1725677],[1.2194543,6.172253],[1.2195669,6.1720437],[1.2197937,6.1715759],[1.2200799,6.1710297],[1.220208,6.1707963],[1.2204058,6.1704477],[1.2205707,6.170123],[1.2207055,6.1698563],[1.2208101,6.1696397],[1.2209526,6.169341],[1.2210388,6.1691517],[1.2212232,6.1687257],[1.2214015,6.1683357],[1.2215625,6.167932],[1.2220775,6.166709],[1.2224221,6.165853],[1.2225433,6.1655415],[1.2227086,6.1651698],[1.2183386,6.1651382],[1.2087894,6.1651839]]]}},{"type":"Feature","properties":{"name":"Bè-Kpota","place":"suburb","source_place":"suburb","place_type":"suburb","sublocality_class":"suburb","runtime_type":"quartier","hierarchy_level":"sublocality","display_level":"quartier","geometry_role":"source_polygon","geometry_authority":"official","geometry_preference":"polygon_over_point","reference_geometry":false,"sibling_clipped":false,"buffer_radius_m":null,"source_path":"admin/NEW_ACURATE_DATA/TG_grand_lome_quartiers.geojson","trust_rank":100,"classification_contract":"hierachy.yaml","feature_role":"boundary","layer_source":"combined_sublocalities","osm_id":"6612342","osm_type":"relation","ref":"BKP","admin_level":"10","arrondissement":"2e Arrondissement","coverage":"grand_lome_official","source":"admin/NEW_ACURATE_DATA/TG_grand_lome_quartiers.geojson","commune_official_code":null,"official_code":null},"geometry":{"type":"Polygon","coordinates":[[[1.2447568,6.1524805],[1.2447728,6.1525308],[1.2448513,6.1528015],[1.2448915,6.1529295],[1.2449405,6.1530428],[1.2450031,6.1531688],[1.2450434,6.1532262],[1.2450967,6.1532782],[1.2453746,6.1535142],[1.2455979,6.1536788],[1.2458029,6.1538335],[1.2463238,6.1542075],[1.2464631,6.1542999],[1.2465407,6.1543482],[1.2466212,6.1543855],[1.2467352,6.1544322],[1.2468629,6.1544749],[1.2471389,6.1545655],[1.24739,6.1546535],[1.2483888,6.1550779],[1.2488264,6.1552962],[1.2488734,6.1553888],[1.2489223,6.1554954],[1.2489767,6.1555928],[1.2490899,6.1557554],[1.2492583,6.1559635],[1.2495017,6.1562708],[1.2498718,6.1567061],[1.2501749,6.1570888],[1.2508225,6.1579302],[1.2509127,6.1580365],[1.2514036,6.1586254],[1.2517864,6.1591331],[1.2522046,6.159682],[1.2526251,6.1601692],[1.2528852,6.1604739],[1.2530363,6.1606418],[1.253796,6.1616055],[1.2543357,6.1622723],[1.2546681,6.1627053],[1.2553121,6.1634253],[1.2555512,6.1637187],[1.2558928,6.1641726],[1.2576354,6.1663253],[1.2576777,6.1663846],[1.2582489,6.1671016],[1.2587848,6.1677924],[1.2592539,6.1683957],[1.2595693,6.168815],[1.2598978,6.1691921],[1.260383,6.1698424],[1.260891,6.1704755],[1.2614045,6.1711208],[1.2622158,6.1721083],[1.2626252,6.1726379],[1.263049,6.1731664],[1.2635575,6.1738265],[1.2640104,6.1744036],[1.2649925,6.175619],[1.2655356,6.1763272],[1.2660687,6.1769833],[1.2662947,6.1772656],[1.2668736,6.177989],[1.2676312,6.1789433],[1.2676737,6.1789786],[1.2677204,6.1790136],[1.2678347,6.1791211],[1.2680751,6.1793099],[1.2679902,6.1791796],[1.2679017,6.1789449],[1.267857,6.1785496],[1.2677788,6.1778581],[1.2677808,6.1777839],[1.2677496,6.1774453],[1.2677259,6.1770539],[1.2677001,6.1767743],[1.2676431,6.1761566],[1.2675711,6.175376],[1.2675007,6.174647],[1.2674331,6.1738798],[1.2674137,6.1736693],[1.267355,6.1730331],[1.2673471,6.172947],[1.267336,6.1728263],[1.267299,6.1724253],[1.2672317,6.1716404],[1.2671342,6.1706384],[1.2671251,6.1705395],[1.2670963,6.1701857],[1.2670825,6.169884],[1.2670587,6.1696136],[1.2670281,6.1692064],[1.2669801,6.1686027],[1.2668985,6.167853],[1.2668551,6.1673417],[1.2668424,6.1670573],[1.2668062,6.16667],[1.2667626,6.1661564],[1.2667293,6.1658301],[1.2667161,6.1657103],[1.2665827,6.1642822],[1.2664908,6.1631763],[1.2664396,6.1627969],[1.266419,6.162614],[1.2664098,6.1625326],[1.2662988,6.1621737],[1.2663064,6.1618946],[1.2662982,6.1617521],[1.2662757,6.1615008],[1.2662717,6.1614562],[1.2662454,6.1611636],[1.2661087,6.1594482],[1.2660409,6.1587383],[1.2660307,6.158555],[1.2659793,6.1580648],[1.265972,6.1579955],[1.2659552,6.1578349],[1.2659361,6.1576619],[1.2659192,6.157491],[1.2659084,6.1573145],[1.2659257,6.1572484],[1.2659334,6.1572043],[1.2659669,6.1571123],[1.266054,6.1569755],[1.26627,6.1569013],[1.2663433,6.1568681],[1.2665257,6.1567814],[1.266607,6.1566978],[1.2668435,6.1563824],[1.266758,6.156312],[1.2666198,6.1562954],[1.2660477,6.1563743],[1.2657753,6.1563942],[1.2653351,6.156431],[1.2648942,6.1563846],[1.2640373,6.156246],[1.2635839,6.1561676],[1.2630356,6.1560566],[1.2628371,6.1560227],[1.2615995,6.1558417],[1.2614078,6.1557864],[1.2609469,6.1556776],[1.2607071,6.1556253],[1.2603568,6.155549],[1.2599758,6.1554815],[1.2599424,6.1554765],[1.2596971,6.1554172],[1.2596495,6.1553998],[1.2593457,6.1552886],[1.2584019,6.1549578],[1.2578528,6.154782],[1.2578273,6.1547744],[1.2572558,6.1545984],[1.2561055,6.1542597],[1.255573,6.1540922],[1.2548491,6.1538688],[1.2542772,6.153697],[1.2536824,6.1535031],[1.2531092,6.1533134],[1.2528912,6.1532347],[1.2525731,6.1531277],[1.2524257,6.153077],[1.2522075,6.153001],[1.2520146,6.1529416],[1.2515129,6.1527798],[1.2512817,6.1527022],[1.2510789,6.1526413],[1.2505585,6.152498],[1.2501119,6.1523766],[1.2496237,6.1522274],[1.2491685,6.1521114],[1.248516,6.1519073],[1.2479755,6.151746],[1.2476255,6.1516433],[1.2472401,6.1515313],[1.2467894,6.1513803],[1.2461485,6.1511766],[1.246084,6.1511674],[1.2456191,6.1510413],[1.2445558,6.1506941],[1.244718,6.1513653],[1.2447542,6.15161],[1.2447515,6.1517026],[1.2447502,6.1517253],[1.2447401,6.15202],[1.2446522,6.1523324],[1.2447568,6.1524805]]]}},{"type":"Feature","properties":{"name":"Agbalépédogan","place":"suburb","source_place":"suburb","place_type":"suburb","sublocality_class":"suburb","runtime_type":"quartier","hierarchy_level":"sublocality","display_level":"quartier","geometry_role":"source_polygon","geometry_authority":"official","geometry_preference":"polygon_over_point","reference_geometry":false,"sibling_clipped":false,"buffer_radius_m":null,"source_path":"admin/NEW_ACURATE_DATA/TG_grand_lome_quartiers.geojson","trust_rank":100,"classification_contract":"hierachy.yaml","feature_role":"boundary","layer_source":"combined_sublocalities","osm_id":"6610608","osm_type":"relation","ref":"AGP","admin_level":"10","arrondissement":"5e Arrondissement","coverage":"grand_lome_official","source":"admin/NEW_ACURATE_DATA/TG_grand_lome_quartiers.geojson","commune_official_code":null,"official_code":null},"geometry":{"type":"Polygon","coordinates":[[[1.206168,6.1820557],[1.2058837,6.183781],[1.2057256,6.1847737],[1.2057288,6.1851801],[1.2057132,6.1859229],[1.2056596,6.1860429],[1.2054793,6.1861321],[1.2040416,6.1864227],[1.2028938,6.1866993],[1.202117,6.1868689],[1.2013023,6.1869987],[1.2012065,6.1862654],[1.2010885,6.1855908],[1.2009054,6.1845828],[1.1966909,6.185363],[1.1960205,6.1852381],[1.1952199,6.1850914],[1.1947867,6.1849894],[1.1940686,6.1848611],[1.193616,6.1858992],[1.1932545,6.1867372],[1.1930027,6.1872208],[1.1927281,6.1879005],[1.1923242,6.1889167],[1.19206,6.1895288],[1.1914869,6.1907133],[1.1913924,6.1908924],[1.1913058,6.1910979],[1.1911805,6.1913737],[1.1911537,6.191423],[1.1909052,6.1919807],[1.1903071,6.193074],[1.189883,6.1937889],[1.189712,6.1940669],[1.1889409,6.1952735],[1.1889372,6.1952796],[1.1888537,6.1954109],[1.1887381,6.1956115],[1.188773,6.1958904],[1.1887059,6.1963837],[1.1886308,6.197245],[1.1885745,6.197941],[1.1885598,6.1981436],[1.1885356,6.1984476],[1.1885142,6.1987623],[1.1898526,6.1989196],[1.1913975,6.1991329],[1.1918542,6.1991836],[1.1919695,6.1991996],[1.1924416,6.1996502],[1.1927242,6.1999329],[1.1932278,6.2004188],[1.1936342,6.2008188],[1.19372,6.2008961],[1.1941652,6.2013841],[1.1942712,6.2015961],[1.1944924,6.2014855],[1.1948103,6.2012761],[1.1966905,6.2002228],[1.2002968,6.1981723],[1.2011316,6.197699],[1.2015782,6.1974363],[1.2017525,6.1973364],[1.2028643,6.196747],[1.2031587,6.1965751],[1.2034531,6.1964031],[1.204764,6.1956577],[1.2052428,6.1954125],[1.2057805,6.1950711],[1.2060227,6.1949217],[1.2061339,6.1948591],[1.206437,6.1946765],[1.2067978,6.1945111],[1.2070861,6.1944125],[1.2072417,6.1943658],[1.2074348,6.1943285],[1.2077701,6.1943031],[1.2082535,6.1943005],[1.2086572,6.1943005],[1.2091903,6.1942938],[1.2092556,6.1939566],[1.2093253,6.1935459],[1.2094527,6.192726],[1.2095225,6.192534],[1.2095842,6.192382],[1.2096928,6.1921633],[1.2097872,6.1919771],[1.2099127,6.1917047],[1.2100263,6.1914839],[1.2101557,6.1912179],[1.2103059,6.1909246],[1.2104615,6.1906113],[1.2106238,6.1902846],[1.2107156,6.1900893],[1.2107753,6.189952],[1.2108886,6.1896693],[1.2109939,6.1894093],[1.2111039,6.1891514],[1.2112085,6.1888994],[1.2112574,6.1887867],[1.2112702,6.1887064],[1.211226,6.1886841],[1.2111842,6.1886635],[1.2110308,6.1885821],[1.210969,6.1885441],[1.2108088,6.1884701],[1.2097552,6.1879301],[1.2096076,6.1878488],[1.2094487,6.1877575],[1.2089662,6.1875034],[1.2086139,6.1872908],[1.2084315,6.1871602],[1.2082464,6.1870162],[1.2080888,6.1868528],[1.2078005,6.1865529],[1.2075463,6.1862389],[1.2073143,6.1858642],[1.2071722,6.1855849],[1.207075,6.1854122],[1.2069965,6.1852696],[1.2069361,6.1850856],[1.206733,6.1844262],[1.206168,6.1820557]]]}},{"type":"Feature","properties":{"name":"Anfamé","place":"suburb","source_place":"suburb","place_type":"suburb","sublocality_class":"suburb","runtime_type":"quartier","hierarchy_level":"sublocality","display_level":"quartier","geometry_role":"source_polygon","geometry_authority":"official","geometry_preference":"polygon_over_point","reference_geometry":false,"sibling_clipped":false,"buffer_radius_m":null,"source_path":"admin/NEW_ACURATE_DATA/TG_grand_lome_quartiers.geojson","trust_rank":100,"classification_contract":"hierachy.yaml","feature_role":"boundary","layer_source":"combined_sublocalities","osm_id":"6615992","osm_type":"relation","ref":"AFM","admin_level":"10","arrondissement":"2e Arrondissement","coverage":"grand_lome_official","source":"admin/NEW_ACURATE_DATA/TG_grand_lome_quartiers.geojson","commune_official_code":null,"official_code":null},"geometry":{"type":"Polygon","coordinates":[[[1.2776426,6.1822288],[1.2781032,6.1809899],[1.278337,6.180368],[1.2785774,6.1797338],[1.279083,6.1783952],[1.2790989,6.1783542],[1.2793382,6.1776874],[1.2795465,6.1770553],[1.2795859,6.1769495],[1.2797011,6.1766544],[1.2797908,6.1764033],[1.2802621,6.1752518],[1.2803814,6.175036],[1.2807178,6.1746649],[1.2807967,6.1745906],[1.2808437,6.1745463],[1.2812408,6.1744103],[1.2815661,6.1742983],[1.2815223,6.1741047],[1.2813569,6.1732713],[1.2805262,6.1733764],[1.2803121,6.1725793],[1.2803579,6.1721369],[1.2804965,6.170808],[1.2805731,6.170094],[1.2792508,6.169777],[1.2792138,6.1697029],[1.2789801,6.1690288],[1.2783462,6.1671849],[1.2781946,6.1667409],[1.2775288,6.1649839],[1.2773711,6.1644288],[1.2773147,6.1642183],[1.2772483,6.1639371],[1.2768006,6.1625517],[1.2767209,6.1623367],[1.2761643,6.1608332],[1.2759686,6.1603142],[1.2757462,6.15955],[1.2754975,6.1590459],[1.2749806,6.1589204],[1.2746667,6.158862],[1.2744711,6.1588231],[1.2742368,6.1587702],[1.274055,6.1587237],[1.2737447,6.1586516],[1.273276,6.1585296],[1.2726575,6.1583568],[1.2722506,6.1582509],[1.2712423,6.1580153],[1.2707325,6.1579035],[1.2702202,6.1578089],[1.2689637,6.1574954],[1.2687824,6.1574311],[1.2687331,6.1576872],[1.2674639,6.1574039],[1.2669198,6.1572775],[1.2668703,6.1572659],[1.2664854,6.1571767],[1.2663304,6.1571091],[1.2662019,6.1570624],[1.266054,6.1569755],[1.2659669,6.1571123],[1.2659334,6.1572043],[1.2659257,6.1572484],[1.2659084,6.1573145],[1.2659192,6.157491],[1.2659361,6.1576619],[1.2659552,6.1578349],[1.265972,6.1579955],[1.2659793,6.1580648],[1.2660307,6.158555],[1.2660409,6.1587383],[1.2661087,6.1594482],[1.2662454,6.1611636],[1.2662717,6.1614562],[1.2662757,6.1615008],[1.2662982,6.1617521],[1.2663064,6.1618946],[1.2662988,6.1621737],[1.2664098,6.1625326],[1.266419,6.162614],[1.2664396,6.1627969],[1.2664908,6.1631763],[1.2665827,6.1642822],[1.2667161,6.1657103],[1.2667293,6.1658301],[1.2667626,6.1661564],[1.2668062,6.16667],[1.2668424,6.1670573],[1.2668551,6.1673417],[1.2668985,6.167853],[1.2669801,6.1686027],[1.2670281,6.1692064],[1.2670587,6.1696136],[1.2670825,6.169884],[1.2670963,6.1701857],[1.2671251,6.1705395],[1.2671342,6.1706384],[1.2672317,6.1716404],[1.267299,6.1724253],[1.267336,6.1728263],[1.2673471,6.172947],[1.267355,6.1730331],[1.2674137,6.1736693],[1.2674331,6.1738798],[1.2675007,6.174647],[1.2675711,6.175376],[1.2676431,6.1761566],[1.2677001,6.1767743],[1.2677259,6.1770539],[1.2677496,6.1774453],[1.2677808,6.1777839],[1.2677788,6.1778581],[1.267857,6.1785496],[1.2679017,6.1789449],[1.2679902,6.1791796],[1.2680751,6.1793099],[1.2692858,6.1808322],[1.2695677,6.181176],[1.2697924,6.1814719],[1.2700158,6.1817575],[1.2706684,6.1825629],[1.2709688,6.1829675],[1.2711123,6.1831276],[1.2712316,6.1833236],[1.2713236,6.1835322],[1.2713839,6.1836675],[1.2714235,6.1837995],[1.2714456,6.1839349],[1.2714637,6.1840322],[1.2714704,6.1841362],[1.2714771,6.1843248],[1.271461,6.1845289],[1.2722401,6.1846714],[1.2722546,6.1846744],[1.2722844,6.1846801],[1.2723155,6.1846823],[1.2723453,6.1846815],[1.2724038,6.1846645],[1.2726108,6.1845117],[1.2728879,6.1848961],[1.2730334,6.1850848],[1.2731286,6.1852181],[1.273195,6.1853268],[1.2732399,6.1854141],[1.2732795,6.1854855],[1.2733197,6.1855628],[1.2733962,6.1856875],[1.2734525,6.1857661],[1.2735658,6.1859401],[1.2737495,6.1861914],[1.2738273,6.1862968],[1.2738401,6.1863521],[1.2738481,6.1864401],[1.2738609,6.1864994],[1.273881,6.1865388],[1.2739232,6.1865988],[1.2741418,6.1868634],[1.2738987,6.1870628],[1.2743264,6.1875474],[1.2747621,6.1880346],[1.2752616,6.1885762],[1.2752898,6.1886085],[1.2762708,6.1877441],[1.2768254,6.1872594],[1.2773457,6.1867314],[1.2779519,6.1860008],[1.2786359,6.1851155],[1.2786757,6.1826719],[1.2782921,6.1825043],[1.2780418,6.1823965],[1.2776426,6.1822288]]]}},{"type":"Feature","properties":{"name":"Tokoin-Aéroport","place":"suburb","source_place":"suburb","place_type":"suburb","sublocality_class":"suburb","runtime_type":"quartier","hierarchy_level":"sublocality","display_level":"quartier","geometry_role":"source_polygon","geometry_authority":"official","geometry_preference":"polygon_over_point","reference_geometry":false,"sibling_clipped":false,"buffer_radius_m":null,"source_path":"admin/NEW_ACURATE_DATA/TG_grand_lome_quartiers.geojson","trust_rank":100,"classification_contract":"hierachy.yaml","feature_role":"boundary","layer_source":"combined_sublocalities","osm_id":"6612256","osm_type":"relation","ref":"TKA","admin_level":"10","arrondissement":"2e Arrondissement","coverage":"grand_lome_official","source":"admin/NEW_ACURATE_DATA/TG_grand_lome_quartiers.geojson","commune_official_code":null,"official_code":null},"geometry":{"type":"Polygon","coordinates":[[[1.2714301,6.1846688],[1.2714542,6.1845782],[1.271461,6.1845289],[1.2714771,6.1843248],[1.2714704,6.1841362],[1.2714637,6.1840322],[1.2714456,6.1839349],[1.2714235,6.1837995],[1.2713839,6.1836675],[1.2713236,6.1835322],[1.2712316,6.1833236],[1.2711123,6.1831276],[1.2709688,6.1829675],[1.2706684,6.1825629],[1.2700158,6.1817575],[1.2697924,6.1814719],[1.2695677,6.181176],[1.2692858,6.1808322],[1.2680751,6.1793099],[1.2678347,6.1791211],[1.2677204,6.1790136],[1.2676737,6.1789786],[1.2676312,6.1789433],[1.2668736,6.177989],[1.2662947,6.1772656],[1.2660687,6.1769833],[1.2655356,6.1763272],[1.2649925,6.175619],[1.2640104,6.1744036],[1.2635575,6.1738265],[1.263049,6.1731664],[1.2626252,6.1726379],[1.2622158,6.1721083],[1.2614045,6.1711208],[1.260891,6.1704755],[1.260383,6.1698424],[1.2598978,6.1691921],[1.2595693,6.168815],[1.2592539,6.1683957],[1.2587848,6.1677924],[1.2582489,6.1671016],[1.2576777,6.1663846],[1.2576354,6.1663253],[1.2558928,6.1641726],[1.2555512,6.1637187],[1.2553121,6.1634253],[1.2546681,6.1627053],[1.2543357,6.1622723],[1.253796,6.1616055],[1.2530363,6.1606418],[1.2528852,6.1604739],[1.2526251,6.1601692],[1.2522046,6.159682],[1.2517864,6.1591331],[1.2514036,6.1586254],[1.2509127,6.1580365],[1.2508225,6.1579302],[1.2501749,6.1570888],[1.2498718,6.1567061],[1.2495017,6.1562708],[1.2492583,6.1559635],[1.2490899,6.1557554],[1.2489767,6.1555928],[1.2489223,6.1554954],[1.2488734,6.1553888],[1.2488264,6.1552962],[1.2483888,6.1550779],[1.24739,6.1546535],[1.2471389,6.1545655],[1.2468629,6.1544749],[1.2467352,6.1544322],[1.2466212,6.1543855],[1.2465407,6.1543482],[1.2464631,6.1542999],[1.2463238,6.1542075],[1.2458029,6.1538335],[1.2455979,6.1536788],[1.2453746,6.1535142],[1.2450967,6.1532782],[1.2450434,6.1532262],[1.2450031,6.1531688],[1.2449405,6.1530428],[1.2448915,6.1529295],[1.2448513,6.1528015],[1.2447728,6.1525308],[1.2447568,6.1524805],[1.2446522,6.1523324],[1.2443713,6.1523344],[1.2442578,6.1523594],[1.2440081,6.1524234],[1.2439246,6.1524581],[1.2438429,6.1525038],[1.2436999,6.1525941],[1.2435502,6.1526811],[1.2433095,6.1528201],[1.2431179,6.1529168],[1.2428187,6.15301],[1.242643,6.1530473],[1.2423325,6.1531057],[1.2422443,6.1531412],[1.2422064,6.153152],[1.2422205,6.153195],[1.2422329,6.1532404],[1.2422544,6.1533894],[1.2422852,6.1537307],[1.2423389,6.1542627],[1.2423945,6.1548081],[1.242536,6.1562808],[1.2426001,6.1568721],[1.242655,6.1573961],[1.2426671,6.1574561],[1.2427757,6.1580322],[1.2427999,6.1581562],[1.2429226,6.1586788],[1.2428811,6.158725],[1.2423711,6.1592229],[1.241942,6.1597596],[1.2415004,6.1601949],[1.2415621,6.1605216],[1.2414179,6.1606036],[1.2409613,6.1608523],[1.2405764,6.161039],[1.2418545,6.1626696],[1.2418567,6.1627853],[1.2421757,6.1632158],[1.2422438,6.1632915],[1.2428359,6.1641039],[1.2432273,6.1645617],[1.2435763,6.1650674],[1.2439926,6.165553],[1.2441223,6.1657251],[1.2443548,6.1660167],[1.2445181,6.1662451],[1.2447392,6.1665303],[1.2451128,6.1670014],[1.2453126,6.1672352],[1.2454996,6.167454],[1.2457117,6.1677298],[1.245878,6.1679461],[1.2463045,6.168437],[1.2467914,6.1690863],[1.2473599,6.1698237],[1.248039,6.1706838],[1.2487841,6.1715835],[1.2488436,6.1716515],[1.2488824,6.171733],[1.2488976,6.1718219],[1.24887,6.1720531],[1.2488086,6.1725819],[1.2487918,6.1727271],[1.2487852,6.1727838],[1.2488022,6.1731486],[1.2488428,6.1734856],[1.2488535,6.1735409],[1.2488626,6.1735919],[1.2488706,6.1736519],[1.2488712,6.1736968],[1.248857,6.1737862],[1.2488505,6.1738275],[1.2488422,6.1738797],[1.2487821,6.1741665],[1.2487712,6.1742569],[1.2487744,6.1743495],[1.2487905,6.1744292],[1.2488151,6.1745054],[1.2488389,6.1745563],[1.2488655,6.1745953],[1.2491273,6.1749076],[1.249217,6.1750181],[1.2493409,6.1751299],[1.2494128,6.1751586],[1.249582,6.1751447],[1.2499434,6.1750972],[1.2500485,6.175099],[1.2501123,6.1751231],[1.2501756,6.1751551],[1.2502363,6.1752004],[1.2502935,6.1752529],[1.2504434,6.1754461],[1.2508447,6.1759516],[1.251296,6.17652],[1.2505259,6.1767113],[1.2508714,6.1771598],[1.2513702,6.1778074],[1.2514558,6.1779185],[1.2520085,6.178636],[1.2520769,6.178728],[1.2521464,6.1788214],[1.2523146,6.1790237],[1.252547,6.1793392],[1.2527142,6.1795413],[1.2530352,6.1799649],[1.2530925,6.1800339],[1.2534955,6.1805696],[1.2538657,6.1810102],[1.2539029,6.1810332],[1.2539884,6.1810539],[1.2540216,6.1810689],[1.2541352,6.1811866],[1.2544323,6.1815516],[1.2544946,6.1816356],[1.2550767,6.1812216],[1.2550997,6.1812148],[1.2554084,6.1823783],[1.2556241,6.1832618],[1.2559248,6.1844033],[1.255973,6.1845893],[1.2561009,6.1850871],[1.2562539,6.1856848],[1.2563122,6.1859024],[1.2565326,6.1867383],[1.2565781,6.186725],[1.2567392,6.186678],[1.2578319,6.1863565],[1.2583121,6.1862311],[1.2585749,6.1861641],[1.2592534,6.185986],[1.259972,6.1858016],[1.2604075,6.1857075],[1.2604599,6.1857091],[1.2605086,6.1857189],[1.2605681,6.1857634],[1.2606148,6.1858328],[1.260649,6.1859049],[1.2610535,6.1872183],[1.2611091,6.1873699],[1.261353,6.1874707],[1.2615951,6.1875887],[1.2620209,6.1878754],[1.262159,6.1879434],[1.262375,6.1880101],[1.2625379,6.1880354],[1.2626861,6.1880507],[1.2628323,6.1880567],[1.2630428,6.1880387],[1.2633546,6.1879734],[1.2635913,6.1879074],[1.2646186,6.1876274],[1.2652979,6.1874601],[1.2659946,6.1872806],[1.2664258,6.1871787],[1.2665404,6.1871527],[1.2669495,6.1870381],[1.2672905,6.1869644],[1.2673518,6.1869534],[1.2674309,6.1869441],[1.2677119,6.1869408],[1.2680157,6.1869454],[1.2681873,6.1869541],[1.2684347,6.1869714],[1.2686473,6.1869681],[1.2687948,6.1869654],[1.2688988,6.1869534],[1.2690101,6.1869321],[1.2692012,6.1868721],[1.2694258,6.1867468],[1.2695861,6.1866281],[1.2698301,6.1864283],[1.2699589,6.1863434],[1.2701468,6.1861975],[1.2702727,6.1861055],[1.2704216,6.1859621],[1.2705282,6.1858808],[1.2708018,6.1856475],[1.2709849,6.1854875],[1.2711377,6.1853208],[1.2712383,6.1851661],[1.2713376,6.1849475],[1.2713993,6.1847695],[1.2714301,6.1846688]]]}},{"type":"Feature","properties":{"name":"Hédzranawoé","place":"suburb","source_place":"suburb","place_type":"suburb","sublocality_class":"suburb","runtime_type":"quartier","hierarchy_level":"sublocality","display_level":"quartier","geometry_role":"source_polygon","geometry_authority":"official","geometry_preference":"polygon_over_point","reference_geometry":false,"sibling_clipped":false,"buffer_radius_m":null,"source_path":"admin/NEW_ACURATE_DATA/TG_grand_lome_quartiers.geojson","trust_rank":100,"classification_contract":"hierachy.yaml","feature_role":"boundary","layer_source":"combined_sublocalities","osm_id":"6614631","osm_type":"relation","ref":"HDN","admin_level":"10","arrondissement":"2e Arrondissement","coverage":"grand_lome_official","source":"admin/NEW_ACURATE_DATA/TG_grand_lome_quartiers.geojson","commune_official_code":null,"official_code":null},"geometry":{"type":"Polygon","coordinates":[[[1.2579626,6.1921038],[1.2579354,6.1919867],[1.2580381,6.1919644],[1.2586061,6.1918195],[1.2591068,6.1916862],[1.2592432,6.1916506],[1.2600717,6.1914231],[1.260355,6.1913459],[1.2607296,6.1912437],[1.2606584,6.1909797],[1.2613445,6.1907875],[1.2621275,6.1905746],[1.2620491,6.1902593],[1.2619029,6.189746],[1.2616941,6.1890263],[1.2615418,6.1886234],[1.2614937,6.1885362],[1.2614323,6.1884417],[1.2615951,6.1875887],[1.261353,6.1874707],[1.2611091,6.1873699],[1.2610535,6.1872183],[1.260649,6.1859049],[1.2606148,6.1858328],[1.2605681,6.1857634],[1.2605086,6.1857189],[1.2604599,6.1857091],[1.2604075,6.1857075],[1.259972,6.1858016],[1.2592534,6.185986],[1.2585749,6.1861641],[1.2583121,6.1862311],[1.2578319,6.1863565],[1.2567392,6.186678],[1.2565781,6.186725],[1.2565326,6.1867383],[1.2563122,6.1859024],[1.2562539,6.1856848],[1.2561009,6.1850871],[1.255973,6.1845893],[1.2559248,6.1844033],[1.2556241,6.1832618],[1.2554084,6.1823783],[1.2550997,6.1812148],[1.2550767,6.1812216],[1.2544946,6.1816356],[1.2544323,6.1815516],[1.2541352,6.1811866],[1.2540216,6.1810689],[1.2539884,6.1810539],[1.2539029,6.1810332],[1.2538657,6.1810102],[1.2534955,6.1805696],[1.2530925,6.1800339],[1.2530352,6.1799649],[1.2527142,6.1795413],[1.252547,6.1793392],[1.2523146,6.1790237],[1.2521464,6.1788214],[1.2520769,6.178728],[1.2520085,6.178636],[1.2514558,6.1779185],[1.2513702,6.1778074],[1.2508714,6.1771598],[1.2505259,6.1767113],[1.251296,6.17652],[1.2508447,6.1759516],[1.2504434,6.1754461],[1.2502935,6.1752529],[1.2502363,6.1752004],[1.2501756,6.1751551],[1.2501123,6.1751231],[1.2500485,6.175099],[1.2499434,6.1750972],[1.249582,6.1751447],[1.2494128,6.1751586],[1.2493409,6.1751299],[1.249217,6.1750181],[1.2491273,6.1749076],[1.2488655,6.1745953],[1.2488389,6.1745563],[1.2488151,6.1745054],[1.2487905,6.1744292],[1.2487744,6.1743495],[1.2487712,6.1742569],[1.2487821,6.1741665],[1.2488422,6.1738797],[1.2488505,6.1738275],[1.248857,6.1737862],[1.2488712,6.1736968],[1.2488706,6.1736519],[1.2488626,6.1735919],[1.2488535,6.1735409],[1.2488428,6.1734856],[1.2488022,6.1731486],[1.2487852,6.1727838],[1.2487918,6.1727271],[1.2488086,6.1725819],[1.24887,6.1720531],[1.2488976,6.1718219],[1.2488824,6.171733],[1.2488436,6.1716515],[1.2487841,6.1715835],[1.248039,6.1706838],[1.2473599,6.1698237],[1.2467914,6.1690863],[1.2463045,6.168437],[1.2461059,6.1686112],[1.2459231,6.1687714],[1.2452954,6.1693006],[1.2451099,6.1694535],[1.2449507,6.1695819],[1.2438918,6.1704429],[1.2428428,6.171204],[1.2423945,6.1715809],[1.2421039,6.1718197],[1.2417888,6.1720743],[1.2416425,6.1721961],[1.2414399,6.1723626],[1.2413378,6.1724356],[1.2412966,6.1724627],[1.2412185,6.1725164],[1.2409982,6.1726831],[1.2409222,6.1726145],[1.2404756,6.1722844],[1.2400178,6.171963],[1.2397451,6.1717664],[1.2390886,6.1713164],[1.2390162,6.1712717],[1.2389598,6.1712404],[1.2388847,6.1712064],[1.2387929,6.1711824],[1.2387037,6.171181],[1.2380435,6.171253],[1.237374,6.1713274],[1.2345861,6.17161],[1.2345831,6.1716851],[1.2345216,6.1727717],[1.2344954,6.1734377],[1.2344236,6.1747037],[1.234372,6.1756723],[1.2343231,6.1765996],[1.2342819,6.1771816],[1.2342614,6.1774983],[1.2342547,6.1779749],[1.2342239,6.1785349],[1.2341661,6.1792266],[1.2341653,6.1792955],[1.2341675,6.179322],[1.2342078,6.1797822],[1.2342962,6.1801702],[1.2343901,6.1805062],[1.234535,6.1809489],[1.2346637,6.1813278],[1.2352726,6.1829916],[1.2357863,6.1843914],[1.2359579,6.1848955],[1.2361045,6.1853996],[1.236261,6.1861107],[1.2363774,6.1868313],[1.2364005,6.1869823],[1.236681,6.1885041],[1.2370945,6.1899533],[1.2371702,6.1901913],[1.2373526,6.190734],[1.2379146,6.1924732],[1.2380125,6.1927712],[1.2386467,6.1947392],[1.2387908,6.1946907],[1.2392002,6.1945301],[1.2393566,6.1944731],[1.240248,6.1941478],[1.2406656,6.1939924],[1.2419403,6.1934939],[1.2424225,6.1933243],[1.2427227,6.1932127],[1.2447575,6.1924479],[1.2450624,6.1932054],[1.2458064,6.195006],[1.2461618,6.195858],[1.2464159,6.1964886],[1.2466832,6.1971126],[1.2469574,6.1977979],[1.2476247,6.1993899],[1.2477082,6.1995891],[1.247799,6.1998058],[1.2480652,6.2004564],[1.2482945,6.200999],[1.2487093,6.2019574],[1.2493731,6.2018541],[1.2494469,6.2018508],[1.2507478,6.2016908],[1.2517482,6.2015148],[1.2523343,6.2014188],[1.2530075,6.2013041],[1.2536674,6.2011841],[1.2545076,6.2010428],[1.2550948,6.2009256],[1.2548795,6.1996762],[1.2546235,6.198284],[1.2545507,6.1978488],[1.2545225,6.1976983],[1.2544503,6.1972803],[1.2543752,6.196845],[1.2543341,6.1965779],[1.2542075,6.1957536],[1.2540302,6.1945875],[1.2540193,6.1945288],[1.2539421,6.1940264],[1.2538167,6.1933357],[1.2537456,6.1930218],[1.2541705,6.1929189],[1.2547748,6.1927903],[1.2552003,6.1926998],[1.2553927,6.1926588],[1.2564426,6.1924354],[1.2566575,6.1923897],[1.2573214,6.1922484],[1.2579626,6.1921038]]]}},{"type":"Feature","properties":{"name":"Lomé-2","place":"suburb","source_place":"suburb","place_type":"suburb","sublocality_class":"suburb","runtime_type":"quartier","hierarchy_level":"sublocality","display_level":"quartier","geometry_role":"source_polygon","geometry_authority":"official","geometry_preference":"polygon_over_point","reference_geometry":false,"sibling_clipped":false,"buffer_radius_m":null,"source_path":"admin/NEW_ACURATE_DATA/TG_grand_lome_quartiers.geojson","trust_rank":100,"classification_contract":"hierachy.yaml","feature_role":"boundary","layer_source":"combined_sublocalities","osm_id":"6610757","osm_type":"relation","ref":"LO2","admin_level":"10","arrondissement":"2e Arrondissement","coverage":"grand_lome_official","source":"admin/NEW_ACURATE_DATA/TG_grand_lome_quartiers.geojson","commune_official_code":null,"official_code":null},"geometry":{"type":"Polygon","coordinates":[[[1.2386467,6.1947392],[1.2380125,6.1927712],[1.2379146,6.1924732],[1.2373526,6.190734],[1.2371702,6.1901913],[1.2370945,6.1899533],[1.236681,6.1885041],[1.2364005,6.1869823],[1.2363774,6.1868313],[1.236261,6.1861107],[1.2361045,6.1853996],[1.2359579,6.1848955],[1.2357863,6.1843914],[1.2352726,6.1829916],[1.2346637,6.1813278],[1.234535,6.1809489],[1.2343901,6.1805062],[1.2342962,6.1801702],[1.2342078,6.1797822],[1.2341675,6.179322],[1.2341653,6.1792955],[1.2337615,6.1791956],[1.2285291,6.1777356],[1.2246721,6.1766743],[1.2242289,6.1765503],[1.2232573,6.1762889],[1.22223,6.1760169],[1.2202579,6.1754943],[1.2182952,6.1749583],[1.2180935,6.1748841],[1.2178858,6.175302],[1.2178111,6.175439],[1.2177266,6.1756],[1.2176347,6.1757856],[1.2175744,6.1759163],[1.2175066,6.1760493],[1.2174372,6.176182],[1.2173558,6.1763346],[1.217222,6.1765926],[1.2171198,6.1768037],[1.2167886,6.1774224],[1.2167316,6.1775324],[1.2165321,6.1779134],[1.2163369,6.1782954],[1.2159611,6.1790404],[1.2155836,6.179787],[1.2154112,6.1801239],[1.2152439,6.1804687],[1.2148909,6.1811623],[1.2143949,6.1821502],[1.2143209,6.1823516],[1.2141281,6.1827649],[1.2139758,6.1830795],[1.2138885,6.183266],[1.2135628,6.1839168],[1.2134436,6.1841969],[1.2131717,6.184756],[1.2121949,6.1867914],[1.2116249,6.1879827],[1.2113151,6.1886113],[1.2112702,6.1887064],[1.2112574,6.1887867],[1.2112085,6.1888994],[1.2111039,6.1891514],[1.2109939,6.1894093],[1.2108886,6.1896693],[1.2107753,6.189952],[1.2107156,6.1900893],[1.2106238,6.1902846],[1.2104615,6.1906113],[1.2103059,6.1909246],[1.2101557,6.1912179],[1.2100263,6.1914839],[1.2099127,6.1917047],[1.2097872,6.1919771],[1.2096928,6.1921633],[1.2095842,6.192382],[1.2095225,6.192534],[1.2094527,6.192726],[1.2093253,6.1935459],[1.2092556,6.1939566],[1.2091903,6.1942938],[1.2090327,6.1951511],[1.2089965,6.1954044],[1.2089308,6.1961977],[1.208791,6.1979576],[1.2086007,6.2008174],[1.210113,6.2012705],[1.2119748,6.2019541],[1.2169902,6.2036088],[1.2196098,6.2038877],[1.223489,6.2039713],[1.230001,6.2040245],[1.2364908,6.204096],[1.2369642,6.204104],[1.2374524,6.204088],[1.2385977,6.2040986],[1.2388954,6.2041066],[1.2391261,6.2040506],[1.2392357,6.2039253],[1.2397856,6.2038773],[1.2403542,6.2037906],[1.2406144,6.203736],[1.2408947,6.203664],[1.2411374,6.2035987],[1.2416611,6.2034091],[1.2416095,6.2032528],[1.2413687,6.2025856],[1.2411789,6.2019961],[1.2410239,6.2015795],[1.2406414,6.200483],[1.2404571,6.1999729],[1.2401046,6.1990083],[1.2397546,6.198051],[1.239489,6.197295],[1.2393013,6.1967057],[1.2387997,6.1952191],[1.2387219,6.1949778],[1.2386884,6.1948685],[1.2386467,6.1947392]]]}},{"type":"Feature","properties":{"name":"Zone Portuaire","place":"suburb","source_place":"suburb","place_type":"suburb","sublocality_class":"suburb","runtime_type":"quartier","hierarchy_level":"sublocality","display_level":"quartier","geometry_role":"source_polygon","geometry_authority":"official","geometry_preference":"polygon_over_point","reference_geometry":false,"sibling_clipped":false,"buffer_radius_m":null,"source_path":"admin/NEW_ACURATE_DATA/TG_grand_lome_quartiers.geojson","trust_rank":100,"classification_contract":"hierachy.yaml","feature_role":"boundary","layer_source":"combined_sublocalities","osm_id":"6614575","osm_type":"relation","ref":"POR","admin_level":"10","arrondissement":"3e Arrondissement","coverage":"grand_lome_official","source":"admin/NEW_ACURATE_DATA/TG_grand_lome_quartiers.geojson","commune_official_code":null,"official_code":null},"geometry":{"type":"Polygon","coordinates":[[[1.2687596,6.132862],[1.2684729,6.1348474],[1.2683675,6.1357105],[1.2682718,6.1376916],[1.2682255,6.1383597],[1.2666488,6.1379069],[1.2665942,6.1380668],[1.2665767,6.1381806],[1.2665425,6.138457],[1.2665096,6.1386921],[1.2663791,6.1397222],[1.2662988,6.1403928],[1.2662742,6.1410308],[1.2662555,6.1417709],[1.266251,6.1425813],[1.2662389,6.1429989],[1.26623,6.1436903],[1.2662347,6.1440276],[1.2662856,6.144467],[1.2663017,6.1445937],[1.2663715,6.1451964],[1.2664742,6.1460006],[1.2665331,6.1465411],[1.2665497,6.1467119],[1.2665818,6.1470942],[1.2666416,6.1479705],[1.2666947,6.1483925],[1.2667419,6.1488343],[1.2667826,6.1491849],[1.2668017,6.1493766],[1.2668375,6.149888],[1.2668453,6.1499986],[1.2669354,6.150632],[1.2670222,6.1512429],[1.2670362,6.1513414],[1.2670679,6.1515611],[1.2672428,6.1527727],[1.2673622,6.1536225],[1.2682654,6.1539439],[1.2683777,6.153986],[1.2684212,6.1540169],[1.2684596,6.1540737],[1.2684983,6.1541156],[1.2685285,6.154143],[1.2685687,6.1541636],[1.2686304,6.1541876],[1.2688117,6.1542445],[1.2696452,6.1544913],[1.2723185,6.1552881],[1.2724232,6.1553162],[1.2728076,6.155336],[1.2734638,6.1554876],[1.2738383,6.1555864],[1.2848582,6.158781],[1.2849337,6.1588029],[1.2849757,6.1588173],[1.2851075,6.1588487],[1.2851476,6.1588582],[1.2865521,6.1592498],[1.2876233,6.1595697],[1.2880696,6.1596923],[1.2887375,6.159887],[1.2900821,6.1602634],[1.2913443,6.1606428],[1.2916637,6.1607399],[1.2918613,6.1607915],[1.3022908,6.1637867],[1.302526,6.1637871],[1.3025405,6.1637265],[1.3031607,6.1613636],[1.3034316,6.1601822],[1.3034463,6.1601142],[1.303687,6.1590795],[1.3037318,6.1588842],[1.3040594,6.1574668],[1.30492,6.1578015],[1.3049492,6.1577142],[1.3049217,6.1576635],[1.3050417,6.1572828],[1.3050028,6.1571508],[1.3056828,6.1554521],[1.3057378,6.1538214],[1.3054005,6.1535907],[1.3055949,6.1524493],[1.3056748,6.152028],[1.305525,6.152126],[1.3051025,6.15193],[1.3045085,6.151692],[1.3043683,6.151632],[1.304203,6.1515775],[1.3038691,6.151496],[1.3035218,6.1514032],[1.3030911,6.1513584],[1.3028257,6.1513185],[1.30243,6.1513086],[1.3020394,6.1512488],[1.301484,6.151113],[1.3009599,6.1508932],[1.3005351,6.1507965],[1.3002489,6.1507054],[1.3001156,6.1506533],[1.2999641,6.1505753],[1.2998017,6.150528],[1.2994893,6.1504066],[1.2991819,6.1502909],[1.298829,6.1501844],[1.2986072,6.1501049],[1.2983711,6.1500148],[1.2982867,6.1499683],[1.2981886,6.1499438],[1.2980366,6.1499449],[1.2978864,6.1499323],[1.2977308,6.1499103],[1.2975917,6.1498626],[1.2973768,6.1497956],[1.2972346,6.1497483],[1.2971391,6.1496796],[1.2968638,6.1495119],[1.2965648,6.1493603],[1.2963733,6.1492646],[1.2960902,6.1491749],[1.2954426,6.1491419],[1.2950457,6.149084],[1.2948699,6.1490059],[1.2946889,6.1489072],[1.29439,6.1486908],[1.2940649,6.1483786],[1.2938108,6.148042],[1.2936129,6.1475117],[1.2935159,6.1473904],[1.2934095,6.1472978],[1.2928592,6.1471009],[1.2917198,6.1467026],[1.2910362,6.1464038],[1.2906079,6.1460677],[1.2904336,6.1458026],[1.2904362,6.1448055],[1.2903773,6.1418704],[1.2903721,6.1374433],[1.2903666,6.1374119],[1.2903518,6.1373836],[1.2903291,6.1373611],[1.2903005,6.1373466],[1.2902125,6.1373441],[1.2911599,6.135731],[1.2920527,6.1341279],[1.2920817,6.1341033],[1.292106,6.1340763],[1.2921206,6.134043],[1.2921237,6.1340069],[1.2921152,6.1339716],[1.2920959,6.1339408],[1.2920662,6.1339171],[1.2920329,6.1339074],[1.2879423,6.1342602],[1.2879153,6.1342447],[1.2878983,6.1342246],[1.2878937,6.1341975],[1.2878683,6.133791],[1.2878683,6.1334496],[1.2878821,6.131669],[1.2878765,6.131644],[1.2878671,6.1316194],[1.2878504,6.1315991],[1.2878263,6.1315843],[1.2877985,6.1315785],[1.2877705,6.1315824],[1.2877454,6.1315955],[1.2877262,6.1316163],[1.2877153,6.1316423],[1.2877108,6.1316729],[1.2877028,6.1326455],[1.2877017,6.1327756],[1.286822,6.132901],[1.2861434,6.132941],[1.2852904,6.1329356],[1.2840405,6.132885],[1.281943,6.1327516],[1.2805134,6.1326129],[1.2792769,6.1324823],[1.2783623,6.1324129],[1.2777185,6.1323623],[1.2771231,6.1323222],[1.2764338,6.1323222],[1.2754977,6.1323943],[1.2746099,6.1324129],[1.2736791,6.1324103],[1.2726492,6.1324049],[1.2717319,6.1323329],[1.2705946,6.1321809],[1.2697363,6.1320316],[1.2689906,6.1318662],[1.2687596,6.132862]]]}},{"type":"Feature","properties":{"name":"Obo","place":"suburb","source_place":"suburb","place_type":"suburb","sublocality_class":"suburb","runtime_type":"quartier","hierarchy_level":"sublocality","display_level":"quartier","geometry_role":"source_polygon","geometry_authority":"osm","geometry_preference":"polygon_over_point","reference_geometry":true,"sibling_clipped":false,"buffer_radius_m":null,"source_path":"overpass/sublocalities/togo-osm-sublocalities.geojson","trust_rank":60,"classification_contract":"hierachy.yaml","feature_role":"reference_extent","layer_source":"combined_sublocalities","@id":"way/194213088","coverage":"combined_sublocality","source":"overpass/sublocalities/togo-osm-sublocalities.geojson","commune_official_code":null,"official_code":null},"geometry":{"type":"Polygon","coordinates":[[[0.808466,7.3536911],[0.8079671,7.3536805],[0.8080851,7.3531484],[0.8085277,7.3532628],[0.808466,7.3536911]]]}},{"type":"Feature","properties":{"name":"Zone 2","place":"district","source_place":"district","place_type":"district","sublocality_class":"district","runtime_type":"district","hierarchy_level":"district","display_level":"district","geometry_role":"source_polygon","geometry_authority":"osm","geometry_preference":"polygon_over_point","reference_geometry":true,"sibling_clipped":false,"buffer_radius_m":null,"source_path":"overpass/sublocalities/togo-osm-sublocalities.geojson","trust_rank":60,"classification_contract":"hierachy.yaml","feature_role":"reference_extent","layer_source":"combined_sublocalities","@id":"way/443710885","admin_level":"8","coverage":"combined_sublocality","source":"overpass/sublocalities/togo-osm-sublocalities.geojson","commune_official_code":null,"official_code":null},"geometry":{"type":"Polygon","coordinates":[[[1.5989142,6.2276965],[1.5986697,6.2284983],[1.5978366,6.2283803],[1.5966534,6.2281673],[1.5960105,6.2280264],[1.5956279,6.2278961],[1.5948253,6.2275866],[1.595159,6.2266183],[1.5953775,6.2266839],[1.5968441,6.2270925],[1.5989142,6.2276965]]]}},{"type":"Feature","properties":{"name":"Zone 1","place":"district","source_place":"district","place_type":"district","sublocality_class":"district","runtime_type":"district","hierarchy_level":"district","display_level":"district","geometry_role":"source_polygon","geometry_authority":"osm","geometry_preference":"polygon_over_point","reference_geometry":true,"sibling_clipped":false,"buffer_radius_m":null,"source_path":"overpass/sublocalities/togo-osm-sublocalities.geojson","trust_rank":60,"classification_contract":"hierachy.yaml","feature_role":"reference_extent","layer_source":"combined_sublocalities","@id":"way/443710884","admin_level":"8","coverage":"combined_sublocality","source":"overpass/sublocalities/togo-osm-sublocalities.geojson","commune_official_code":null,"official_code":null},"geometry":{"type":"Polygon","coordinates":[[[1.6000509,6.2288092],[1.6009135,6.2290061],[1.6017618,6.2291874],[1.6025762,6.2293299],[1.6033248,6.2294841],[1.6044904,6.2296382],[1.6055758,6.2297393],[1.6061413,6.2297354],[1.6062638,6.2296564],[1.6063642,6.2295294],[1.6063577,6.2293196],[1.606097,6.2292133],[1.6053999,6.2290385],[1.6042259,6.2289271],[1.6040382,6.2288247],[1.6036881,6.2287901],[1.6033096,6.228733],[1.6027997,6.2285515],[1.6020792,6.2285354],[1.6010708,6.2282325],[1.5999839,6.2279802],[1.5989142,6.2276965],[1.5986697,6.2284983],[1.6000509,6.2288092]]]}},{"type":"Feature","properties":{"name":"Akposso komé","place":"suburb","source_place":"suburb","place_type":"suburb","sublocality_class":"suburb","runtime_type":"quartier","hierarchy_level":"sublocality","display_level":"quartier","geometry_role":"source_polygon","geometry_authority":"osm","geometry_preference":"polygon_over_point","reference_geometry":true,"sibling_clipped":false,"buffer_radius_m":null,"source_path":"overpass/sublocalities/togo-osm-sublocalities.geojson","trust_rank":60,"classification_contract":"hierachy.yaml","feature_role":"reference_extent","layer_source":"combined_sublocalities","@id":"way/194214057","coverage":"combined_sublocality","source":"overpass/sublocalities/togo-osm-sublocalities.geojson","commune_official_code":null,"official_code":null},"geometry":{"type":"Polygon","coordinates":[[[0.8002915,7.3649299],[0.7992224,7.3646331],[0.7966437,7.3667814],[0.8009782,7.3673772],[0.8002915,7.3649299]]]}},{"type":"Feature","properties":{"name":"Zone 3","place":"district","source_place":"district","place_type":"district","sublocality_class":"district","runtime_type":"district","hierarchy_level":"district","display_level":"district","geometry_role":"source_polygon","geometry_authority":"osm","geometry_preference":"polygon_over_point","reference_geometry":true,"sibling_clipped":false,"buffer_radius_m":null,"source_path":"overpass/sublocalities/togo-osm-sublocalities.geojson","trust_rank":60,"classification_contract":"hierachy.yaml","feature_role":"reference_extent","layer_source":"combined_sublocalities","@id":"way/443710886","admin_level":"8","coverage":"combined_sublocality","source":"overpass/sublocalities/togo-osm-sublocalities.geojson","commune_official_code":null,"official_code":null},"geometry":{"type":"Polygon","coordinates":[[[1.595159,6.2266183],[1.5944076,6.2264154],[1.5930557,6.2261463],[1.5920599,6.2260271],[1.589625,6.225794],[1.587926,6.2255556],[1.5877225,6.2268417],[1.5894397,6.2271777],[1.5907789,6.2274378],[1.5915911,6.227604],[1.59202,6.2276402],[1.5921562,6.2276275],[1.5926778,6.2275065],[1.5929176,6.2274631],[1.5930839,6.227464],[1.5933274,6.2274252],[1.5943268,6.2274902],[1.5948253,6.2275866],[1.595159,6.2266183]]]}},{"type":"Feature","properties":{"name":"TCHOGBALA","place":"quarter","source_place":"quarter","place_type":"quarter","sublocality_class":"quarter","runtime_type":"quartier","hierarchy_level":"sublocality","display_level":"quartier","geometry_role":"source_polygon","geometry_authority":"osm","geometry_preference":"polygon_over_point","reference_geometry":true,"sibling_clipped":false,"buffer_radius_m":null,"source_path":"overpass/sublocalities/togo-osm-sublocalities.geojson","trust_rank":60,"classification_contract":"hierachy.yaml","feature_role":"reference_extent","layer_source":"combined_sublocalities","@id":"way/421073688","coverage":"combined_sublocality","source":"overpass/sublocalities/togo-osm-sublocalities.geojson","commune_official_code":null,"official_code":null},"geometry":{"type":"Polygon","coordinates":[[[1.1444846,8.9858396],[1.1468509,8.9857918],[1.1470266,8.9857679],[1.1472867,8.9856633],[1.1473605,8.9856447],[1.147496,8.9856633],[1.1476475,8.985703],[1.1478782,8.9857851],[1.1480968,8.9859216],[1.1486623,8.9862987],[1.1489467,8.9864805],[1.1492529,8.9866486],[1.1494399,8.9867658],[1.1496592,8.986936],[1.1499864,8.987236],[1.1501809,8.9874056],[1.1500951,8.9874241],[1.1499154,8.9873149],[1.1497397,8.9871639],[1.1495895,8.9871102],[1.1494976,8.9871115],[1.149226,8.987248],[1.1490899,8.9873526],[1.148927,8.9876368],[1.1486836,8.9879745],[1.1484288,8.9880129],[1.1482557,8.987899],[1.1480667,8.9879454],[1.148017,8.9880328],[1.1480439,8.9882421],[1.1480345,8.9883679],[1.1480412,8.988519],[1.1479875,8.9886223],[1.148013,8.9886885],[1.147899,8.988711],[1.147545,8.9885441],[1.1472218,8.9884368],[1.1470152,8.9884792],[1.1466545,8.9889866],[1.1465351,8.9891415],[1.1463795,8.9895363],[1.1463842,8.9895588],[1.146289,8.9895863],[1.1462108,8.9895606],[1.1461222,8.9894449],[1.1460779,8.9893907],[1.1460598,8.9893505],[1.1460228,8.9891714],[1.1458506,8.988964],[1.145802,8.9889314],[1.1455459,8.9888506],[1.1453469,8.9887284],[1.1453669,8.9886652],[1.1453695,8.9884222],[1.1444846,8.9858396]]]}},{"type":"Feature","properties":{"name":"Kliguekodzi","place":"suburb","source_place":"suburb","place_type":"suburb","sublocality_class":"suburb","runtime_type":"quartier","hierarchy_level":"sublocality","display_level":"quartier","geometry_role":"source_polygon","geometry_authority":"osm","geometry_preference":"polygon_over_point","reference_geometry":true,"sibling_clipped":false,"buffer_radius_m":null,"source_path":"overpass/sublocalities/togo-osm-sublocalities.geojson","trust_rank":60,"classification_contract":"hierachy.yaml","feature_role":"reference_extent","layer_source":"combined_sublocalities","@id":"way/1301358868","ref":"KLG","admin_level":"10","coverage":"combined_sublocality","source":"overpass/sublocalities/togo-osm-sublocalities.geojson","commune_official_code":null,"official_code":null},"geometry":{"type":"Polygon","coordinates":[[[0.619541,6.9051154],[0.6200098,6.9046059],[0.6222747,6.9046059],[0.6223557,6.9046047],[0.6223865,6.9046097],[0.622538,6.9046368],[0.6225893,6.9046382],[0.6226193,6.9046398],[0.6226349,6.9046395],[0.6226426,6.904658],[0.6226873,6.9046963],[0.6225606,6.9055641],[0.6225475,6.9067363],[0.6228966,6.9078896],[0.6211811,6.9093516],[0.6200443,6.9089853],[0.6197305,6.9084016],[0.6195911,6.9083518],[0.6187332,6.9073148],[0.6190256,6.9064604],[0.6190507,6.9060022],[0.619341,6.9054746],[0.619541,6.9051154]]]}},{"type":"Feature","properties":{"name":"ZONGO","place":"suburb","source_place":"suburb","place_type":"suburb","sublocality_class":"suburb","runtime_type":"quartier","hierarchy_level":"sublocality","display_level":"quartier","geometry_role":"source_polygon","geometry_authority":"osm","geometry_preference":"polygon_over_point","reference_geometry":true,"sibling_clipped":false,"buffer_radius_m":null,"source_path":"overpass/sublocalities/togo-osm-sublocalities.geojson","trust_rank":60,"classification_contract":"hierachy.yaml","feature_role":"reference_extent","layer_source":"combined_sublocalities","@id":"way/421064553","coverage":"combined_sublocality","source":"overpass/sublocalities/togo-osm-sublocalities.geojson","commune_official_code":null,"official_code":null},"geometry":{"type":"Polygon","coordinates":[[[1.1394339,8.9847507],[1.1387419,8.9852833],[1.1384334,8.985519],[1.1382148,8.9856581],[1.1378112,8.9859072],[1.1373646,8.986188],[1.1368442,8.9865165],[1.1366538,8.9866264],[1.136179,8.9868583],[1.1358531,8.9870278],[1.1354159,8.9872424],[1.1355232,8.9874623],[1.1357164,8.9878809],[1.1358987,8.9882544],[1.1360315,8.9885313],[1.1361093,8.9887021],[1.1363748,8.988771],[1.1366927,8.9888518],[1.1372989,8.9890042],[1.1376596,8.9890876],[1.1382068,8.9892135],[1.1387486,8.989338],[1.1388559,8.9891088],[1.139112,8.9885657],[1.1392451,8.9882591],[1.1394171,8.9882988],[1.1398309,8.9883968],[1.139971,8.988424],[1.1400511,8.9884336],[1.14026,8.9884286],[1.1406166,8.9884228],[1.1408258,8.9884043],[1.1409995,8.9883963],[1.1417076,8.988393],[1.1428274,8.9883784],[1.1427751,8.9877148],[1.1427885,8.9876075],[1.1427161,8.9870074],[1.1426658,8.9862981],[1.1426396,8.9858769],[1.142465,8.9858804],[1.1419977,8.9858899],[1.1417399,8.9858951],[1.1417081,8.9856565],[1.1416367,8.9851202],[1.1418539,8.9846936],[1.1416144,8.9845447],[1.1414127,8.9844194],[1.1410799,8.9842311],[1.1406121,8.9839664],[1.140398,8.9841008],[1.1400913,8.9842934],[1.1399871,8.9843512],[1.1396565,8.9845746],[1.1394339,8.9847507]]]}},{"type":"Feature","properties":{"name":"Dzodzekondzi","place":"suburb","source_place":"suburb","place_type":"suburb","sublocality_class":"suburb","runtime_type":"quartier","hierarchy_level":"sublocality","display_level":"quartier","geometry_role":"source_polygon","geometry_authority":"osm","geometry_preference":"polygon_over_point","reference_geometry":true,"sibling_clipped":false,"buffer_radius_m":null,"source_path":"overpass/sublocalities/togo-osm-sublocalities.geojson","trust_rank":60,"classification_contract":"hierachy.yaml","feature_role":"reference_extent","layer_source":"combined_sublocalities","@id":"way/1308513091","admin_level":"10","coverage":"combined_sublocality","source":"overpass/sublocalities/togo-osm-sublocalities.geojson","commune_official_code":null,"official_code":null},"geometry":{"type":"Polygon","coordinates":[[[0.6320202,6.9005229],[0.632871,6.9007752],[0.6342691,6.9009766],[0.6364674,6.8978188],[0.6349082,6.8968239],[0.6348027,6.8967238],[0.6311806,6.8950991],[0.6303927,6.8946189],[0.6299131,6.8943139],[0.6302803,6.8960108],[0.6302289,6.8968471],[0.6302803,6.8980505],[0.630323,6.8987979],[0.6320202,6.9005229]]]}},{"type":"Feature","properties":{"name":"KOSSOBIO","place":"suburb","source_place":"suburb","place_type":"suburb","sublocality_class":"suburb","runtime_type":"quartier","hierarchy_level":"sublocality","display_level":"quartier","geometry_role":"source_polygon","geometry_authority":"osm","geometry_preference":"polygon_over_point","reference_geometry":true,"sibling_clipped":false,"buffer_radius_m":null,"source_path":"overpass/sublocalities/togo-osm-sublocalities.geojson","trust_rank":60,"classification_contract":"hierachy.yaml","feature_role":"reference_extent","layer_source":"combined_sublocalities","@id":"way/421068327","coverage":"combined_sublocality","source":"overpass/sublocalities/togo-osm-sublocalities.geojson","commune_official_code":null,"official_code":null},"geometry":{"type":"Polygon","coordinates":[[[1.1385729,8.989667],[1.1381384,8.9906446],[1.1380573,8.9908962],[1.1380244,8.9910366],[1.1383168,8.9913294],[1.1382631,8.9915996],[1.1384482,8.9921003],[1.1385796,8.9924818],[1.1386789,8.9929878],[1.1388881,8.9932395],[1.1389819,8.9936581],[1.1393655,8.9941588],[1.1395693,8.9947284],[1.1399395,8.9953059],[1.1403633,8.9956768],[1.1405457,8.9958887],[1.1412471,8.9962556],[1.1413669,8.9961947],[1.1416365,8.9959887],[1.1420449,8.9955907],[1.1419577,8.9954556],[1.1418544,8.9953695],[1.1417961,8.995137],[1.1418169,8.9949833],[1.1419785,8.9949224],[1.1421032,8.9949675],[1.1425377,8.9948866],[1.1424576,8.9942069],[1.1423516,8.9934114],[1.1421753,8.9919464],[1.1420593,8.9909728],[1.1419446,8.9899478],[1.1417076,8.988393],[1.1409995,8.9883963],[1.1408258,8.9884043],[1.1406166,8.9884228],[1.14026,8.9884286],[1.1400511,8.9884336],[1.139971,8.988424],[1.1398309,8.9883968],[1.1392451,8.9882591],[1.139112,8.9885657],[1.1388559,8.9891088],[1.1387486,8.989338],[1.1385729,8.989667]]]}},{"type":"Feature","properties":{"name":"KPALO-KPALO","place":"quarter","source_place":"quarter","place_type":"quarter","sublocality_class":"quarter","runtime_type":"quartier","hierarchy_level":"sublocality","display_level":"quartier","geometry_role":"source_polygon","geometry_authority":"osm","geometry_preference":"polygon_over_point","reference_geometry":true,"sibling_clipped":false,"buffer_radius_m":null,"source_path":"overpass/sublocalities/togo-osm-sublocalities.geojson","trust_rank":60,"classification_contract":"hierachy.yaml","feature_role":"reference_extent","layer_source":"combined_sublocalities","@id":"way/421073687","coverage":"combined_sublocality","source":"overpass/sublocalities/togo-osm-sublocalities.geojson","commune_official_code":null,"official_code":null},"geometry":{"type":"Polygon","coordinates":[[[1.1444846,8.9858396],[1.1426396,8.9858769],[1.1427161,8.9870074],[1.1427885,8.9876075],[1.1427751,8.9877148],[1.1428274,8.9883784],[1.1417076,8.988393],[1.1419446,8.9899478],[1.1420593,8.9909728],[1.1421753,8.9919464],[1.1423516,8.9934114],[1.1424576,8.9942069],[1.1425377,8.9948866],[1.1429186,8.9947967],[1.1432344,8.9946443],[1.1436421,8.9944748],[1.1440498,8.9943688],[1.1447847,8.9939847],[1.1451522,8.993831],[1.1453695,8.9936774],[1.1453775,8.9935052],[1.1454955,8.9932853],[1.1456618,8.9930945],[1.1456457,8.9928746],[1.1456008,8.9927283],[1.1455887,8.9923984],[1.1455492,8.9923461],[1.1455351,8.9922474],[1.1455313,8.9921948],[1.145525,8.9921064],[1.1455011,8.9920893],[1.1455056,8.9920588],[1.1455197,8.9920449],[1.145515,8.9919779],[1.145578,8.9919106],[1.1455622,8.9918196],[1.1454343,8.9917946],[1.1454367,8.9916532],[1.1454155,8.991484],[1.1452392,8.9912472],[1.1451903,8.9910975],[1.1452114,8.9909518],[1.1453913,8.9907607],[1.1456166,8.9906013],[1.1456622,8.9905196],[1.145582,8.9904812],[1.1456139,8.9903623],[1.1459746,8.990055],[1.146274,8.9898106],[1.1463842,8.9895588],[1.146289,8.9895863],[1.1462108,8.9895606],[1.1461222,8.9894449],[1.1460779,8.9893907],[1.1460598,8.9893505],[1.1460228,8.9891714],[1.1458506,8.988964],[1.145802,8.9889314],[1.1455459,8.9888506],[1.1453469,8.9887284],[1.1453669,8.9886652],[1.1453695,8.9884222],[1.1444846,8.9858396]]]}},{"type":"Feature","properties":{"name":"Zone 4","place":"district","source_place":"district","place_type":"district","sublocality_class":"district","runtime_type":"district","hierarchy_level":"district","display_level":"district","geometry_role":"source_polygon","geometry_authority":"osm","geometry_preference":"polygon_over_point","reference_geometry":true,"sibling_clipped":false,"buffer_radius_m":null,"source_path":"overpass/sublocalities/togo-osm-sublocalities.geojson","trust_rank":60,"classification_contract":"hierachy.yaml","feature_role":"reference_extent","layer_source":"combined_sublocalities","@id":"way/443710887","admin_level":"8","coverage":"combined_sublocality","source":"overpass/sublocalities/togo-osm-sublocalities.geojson","commune_official_code":null,"official_code":null},"geometry":{"type":"Polygon","coordinates":[[[1.587926,6.2255556],[1.5872497,6.225434],[1.5851022,6.2249725],[1.5831802,6.2245704],[1.5807549,6.2240478],[1.5799739,6.2238773],[1.5793363,6.226835],[1.578928,6.2287734],[1.5811744,6.2280692],[1.5815043,6.2279524],[1.5815453,6.2280951],[1.5814782,6.2285269],[1.5826154,6.2283008],[1.5827571,6.2289624],[1.5837152,6.2290625],[1.5847499,6.2290199],[1.585022,6.2293831],[1.5854377,6.2293831],[1.5856335,6.2283824],[1.5858646,6.2269073],[1.5859001,6.2266293],[1.5868899,6.2267127],[1.5877225,6.2268417],[1.587926,6.2255556]]]}},{"type":"Feature","properties":{"name":"Zomayi Adzédzenu","place":"suburb","source_place":"suburb","place_type":"suburb","sublocality_class":"suburb","runtime_type":"quartier","hierarchy_level":"sublocality","display_level":"quartier","geometry_role":"source_polygon","geometry_authority":"osm","geometry_preference":"polygon_over_point","reference_geometry":true,"sibling_clipped":false,"buffer_radius_m":null,"source_path":"overpass/sublocalities/togo-osm-sublocalities.geojson","trust_rank":60,"classification_contract":"hierachy.yaml","feature_role":"reference_extent","layer_source":"combined_sublocalities","@id":"way/1300101884","ref":"ZOA","admin_level":"10","coverage":"combined_sublocality","source":"overpass/sublocalities/togo-osm-sublocalities.geojson","commune_official_code":null,"official_code":null},"geometry":{"type":"Polygon","coordinates":[[[0.6180373,6.9046961],[0.6181392,6.9046546],[0.6190783,6.9045898],[0.620013,6.9045806],[0.6207129,6.9045611],[0.6211891,6.9045689],[0.6216482,6.9045823],[0.6218952,6.9045682],[0.6223848,6.9045949],[0.6224625,6.9046079],[0.6225425,6.9046264],[0.6226225,6.9046245],[0.6226655,6.9046704],[0.6235424,6.9050612],[0.6239718,6.9051988],[0.6241143,6.9049718],[0.6248588,6.9036649],[0.6251798,6.9030876],[0.6255351,6.9024667],[0.6258188,6.9019708],[0.6248907,6.9010425],[0.6247939,6.9010034],[0.6197227,6.8989552],[0.6189685,6.9008823],[0.6182633,6.9033408],[0.6179154,6.9044188],[0.6178122,6.9047325],[0.6180373,6.9046961]]]}},{"type":"Feature","properties":{"name":"BARRIERE","place":"suburb","source_place":"suburb","place_type":"suburb","sublocality_class":"suburb","runtime_type":"quartier","hierarchy_level":"sublocality","display_level":"quartier","geometry_role":"source_polygon","geometry_authority":"osm","geometry_preference":"polygon_over_point","reference_geometry":true,"sibling_clipped":false,"buffer_radius_m":null,"source_path":"overpass/sublocalities/togo-osm-sublocalities.geojson","trust_rank":60,"classification_contract":"hierachy.yaml","feature_role":"reference_extent","layer_source":"combined_sublocalities","@id":"way/421082772","coverage":"combined_sublocality","source":"overpass/sublocalities/togo-osm-sublocalities.geojson","commune_official_code":null,"official_code":null},"geometry":{"type":"Polygon","coordinates":[[[1.1360315,8.9885313],[1.135819,8.9886331],[1.1353871,8.9888464],[1.1350653,8.9890106],[1.1347635,8.9891643],[1.1346643,8.9892053],[1.1347581,8.9893921],[1.1349258,8.9897286],[1.135021,8.989914],[1.1350398,8.9899498],[1.1348104,8.9900478],[1.1346334,8.9901273],[1.1341359,8.9903525],[1.1340138,8.9904015],[1.1341332,8.9907817],[1.1342646,8.9912651],[1.1343223,8.991689],[1.134388,8.9921354],[1.1344564,8.9925871],[1.1344926,8.9928163],[1.1345118,8.993265],[1.1345194,8.9933819],[1.1344792,8.9936601],[1.1344363,8.9940098],[1.1344604,8.9943409],[1.1343759,8.9946654],[1.1343223,8.9949635],[1.1343008,8.9950906],[1.1343048,8.9954867],[1.1343032,8.9958023],[1.1343836,8.9958447],[1.1345902,8.9958235],[1.1348423,8.9959241],[1.1348772,8.9963507],[1.1348503,8.9965944],[1.1347377,8.9968434],[1.1348664,8.9970448],[1.1350649,8.9972726],[1.1352285,8.9976859],[1.1353707,8.9975905],[1.1356255,8.997417],[1.1358495,8.997266],[1.13595,8.9971415],[1.1359487,8.9970143],[1.135891,8.9969057],[1.1358803,8.9968858],[1.1362491,8.9968196],[1.1363819,8.9968673],[1.1364664,8.9968752],[1.1366193,8.9969229],[1.1368124,8.9969401],[1.1369679,8.9968858],[1.1371128,8.9968938],[1.137204,8.9970567],[1.1372858,8.9972607],[1.1373059,8.997368],[1.137259,8.9976249],[1.1372764,8.9976898],[1.1375044,8.9977852],[1.1377807,8.9978488],[1.1378437,8.997866],[1.1381602,8.9978859],[1.1384807,8.9978356],[1.1386913,8.9977971],[1.1391915,8.9976461],[1.139744,8.9977044],[1.139909,8.9976793],[1.1400565,8.9976117],[1.1400659,8.9974607],[1.1400659,8.9974263],[1.1401946,8.9972329],[1.1403395,8.9971322],[1.1405581,8.9968408],[1.1406761,8.9966951],[1.1408223,8.9964752],[1.1412471,8.9962556],[1.1405457,8.9958887],[1.1403633,8.9956768],[1.1399395,8.9953059],[1.1395693,8.9947284],[1.1393655,8.9941588],[1.1389819,8.9936581],[1.1388881,8.9932395],[1.1386789,8.9929878],[1.1385796,8.9924818],[1.1384482,8.9921003],[1.1382631,8.9915996],[1.1383168,8.9913294],[1.1380244,8.9910366],[1.1380573,8.9908962],[1.1381384,8.9906446],[1.1385729,8.989667],[1.1387486,8.989338],[1.1382068,8.9892135],[1.1376596,8.9890876],[1.1372989,8.9890042],[1.1366927,8.9888518],[1.1363748,8.988771],[1.1361093,8.9887021],[1.1360315,8.9885313]]]}},{"type":"Feature","properties":{"name":"DIDAOURE","place":"suburb","source_place":"suburb","place_type":"suburb","sublocality_class":"suburb","runtime_type":"quartier","hierarchy_level":"sublocality","display_level":"quartier","geometry_role":"source_polygon","geometry_authority":"osm","geometry_preference":"polygon_over_point","reference_geometry":true,"sibling_clipped":true,"buffer_radius_m":null,"source_path":"overpass/sublocalities/togo-osm-sublocalities.geojson","trust_rank":60,"classification_contract":"hierachy.yaml","feature_role":"reference_extent","layer_source":"combined_sublocalities","@id":"way/421058480","coverage":"combined_sublocality","source":"overpass/sublocalities/togo-osm-sublocalities.geojson","commune_official_code":null,"official_code":null},"geometry":{"type":"Polygon","coordinates":[[[1.1417399,8.9858951],[1.1419977,8.9858899],[1.142465,8.9858804],[1.1426396,8.9858769],[1.1444846,8.9858396],[1.1468509,8.9857918],[1.1470266,8.9857679],[1.1472867,8.9856633],[1.1473605,8.9856447],[1.147496,8.9856633],[1.1476475,8.985703],[1.1478782,8.9857851],[1.1480968,8.9859216],[1.1495478,8.9853414],[1.149568,8.9852579],[1.1487593,8.9830776],[1.1478272,8.9805316],[1.1469199,8.9781346],[1.1468046,8.9785002],[1.1465981,8.9787863],[1.1463004,8.9788234],[1.1461153,8.978887],[1.1460187,8.9792023],[1.1457478,8.9794566],[1.1453965,8.979491],[1.1451685,8.9794407],[1.1449781,8.9794603],[1.1446749,8.9795414],[1.1442646,8.9794725],[1.1439923,8.9794168],[1.143881,8.9793851],[1.1436208,8.9794897],[1.1434586,8.9795069],[1.1433284,8.9795149],[1.1431232,8.9795824],[1.1429583,8.979491],[1.1426998,8.9795796],[1.1426002,8.9796421],[1.1424675,8.979593],[1.1423642,8.9795043],[1.1422234,8.9794963],[1.1421563,8.9796248],[1.1421255,8.9800209],[1.1419968,8.9801905],[1.1417191,8.9800911],[1.1414174,8.9801812],[1.1410674,8.9801494],[1.1405779,8.9802527],[1.1402855,8.9802752],[1.1400267,8.9801984],[1.1397906,8.9802196],[1.1396525,8.9802196],[1.1394916,8.9802567],[1.1393896,8.9803269],[1.1392783,8.9803905],[1.1391885,8.9804819],[1.1391362,8.9805097],[1.1390651,8.9805097],[1.1390218,8.9805216],[1.139795,8.9826215],[1.1398527,8.9828143],[1.1399677,8.9832143],[1.1400461,8.9837094],[1.1399871,8.9843512],[1.1400913,8.9842934],[1.140398,8.9841008],[1.1406121,8.9839664],[1.1410799,8.9842311],[1.1414127,8.9844194],[1.1416144,8.9845447],[1.1418539,8.9846936],[1.1416367,8.9851202],[1.1417081,8.9856565],[1.1417399,8.9858951]]]}},{"type":"Feature","properties":{"name":"Zone 5","place":"district","source_place":"district","place_type":"district","sublocality_class":"district","runtime_type":"district","hierarchy_level":"district","display_level":"district","geometry_role":"source_polygon","geometry_authority":"osm","geometry_preference":"polygon_over_point","reference_geometry":true,"sibling_clipped":false,"buffer_radius_m":null,"source_path":"overpass/sublocalities/togo-osm-sublocalities.geojson","trust_rank":60,"classification_contract":"hierachy.yaml","feature_role":"reference_extent","layer_source":"combined_sublocalities","@id":"way/443710888","admin_level":"8","coverage":"combined_sublocality","source":"overpass/sublocalities/togo-osm-sublocalities.geojson","commune_official_code":null,"official_code":null},"geometry":{"type":"Polygon","coordinates":[[[1.5799739,6.2238773],[1.5785163,6.2235826],[1.5765582,6.2231847],[1.5757067,6.2230345],[1.5746727,6.2228511],[1.5731894,6.2226327],[1.5711822,6.2223148],[1.5699893,6.2221178],[1.5700501,6.2233095],[1.5701777,6.2250474],[1.5701855,6.2259339],[1.5701551,6.2264337],[1.5701119,6.2266677],[1.5699717,6.2268891],[1.5698745,6.2273718],[1.5697352,6.2279219],[1.5696381,6.2283978],[1.5706996,6.2287498],[1.571399,6.2289683],[1.5718032,6.229097],[1.5726969,6.2293418],[1.5733503,6.2294754],[1.5739144,6.2295554],[1.5742764,6.2295934],[1.5751181,6.2296032],[1.5756449,6.2295914],[1.5762492,6.22953],[1.5772498,6.2293389],[1.57807,6.2291302],[1.5788018,6.2288639],[1.578928,6.2287734],[1.5793363,6.226835],[1.5799739,6.2238773]]]}},{"type":"Feature","properties":{"name":"TCHAWANDA","place":"suburb","source_place":"suburb","place_type":"suburb","sublocality_class":"suburb","runtime_type":"quartier","hierarchy_level":"sublocality","display_level":"quartier","geometry_role":"source_polygon","geometry_authority":"osm","geometry_preference":"polygon_over_point","reference_geometry":true,"sibling_clipped":true,"buffer_radius_m":null,"source_path":"overpass/sublocalities/togo-osm-sublocalities.geojson","trust_rank":60,"classification_contract":"hierachy.yaml","feature_role":"reference_extent","layer_source":"combined_sublocalities","@id":"way/439101576","coverage":"combined_sublocality","source":"overpass/sublocalities/togo-osm-sublocalities.geojson","commune_official_code":null,"official_code":null},"geometry":{"type":"Polygon","coordinates":[[[1.1347987,8.988909],[1.1357857,8.9883367],[1.1330821,8.9822963],[1.1319663,8.9823175],[1.1308934,8.9826355],[1.1301853,8.9828686],[1.1292197,8.9830593],[1.1284901,8.9836316],[1.1279537,8.9841403],[1.1273529,8.984225],[1.126795,8.9845006],[1.1296703,8.9894812],[1.1299063,8.9899051],[1.1272057,8.9912939],[1.127614,8.9920753],[1.1286189,8.9933809],[1.1291768,8.9942499],[1.1341335,8.9952672],[1.1344384078242142,8.992468283248503],[1.134388,8.9921354],[1.1343223,8.991689],[1.1342646,8.9912651],[1.1341332,8.9907817],[1.1340138,8.9904015],[1.1341359,8.9903525],[1.1346334,8.9901273],[1.1348104,8.9900478],[1.1350398,8.9899498],[1.135021,8.989914],[1.1349258,8.9897286],[1.1347581,8.9893921],[1.1346643,8.9892053],[1.1347635,8.9891643],[1.134889100800451,8.989100334317332],[1.1347987,8.988909]]]}},{"type":"Feature","properties":{"name":"Fiakome","place":"suburb","source_place":"suburb","place_type":"suburb","sublocality_class":"suburb","runtime_type":"quartier","hierarchy_level":"sublocality","display_level":"quartier","geometry_role":"source_polygon","geometry_authority":"osm","geometry_preference":"polygon_over_point","reference_geometry":true,"sibling_clipped":false,"buffer_radius_m":null,"source_path":"overpass/sublocalities/togo-osm-sublocalities.geojson","trust_rank":60,"classification_contract":"hierachy.yaml","feature_role":"reference_extent","layer_source":"combined_sublocalities","@id":"way/1308626886","coverage":"combined_sublocality","source":"overpass/sublocalities/togo-osm-sublocalities.geojson","commune_official_code":null,"official_code":null},"geometry":{"type":"Polygon","coordinates":[[[0.6295989,6.9103271],[0.6330416,6.9101957],[0.6347703,6.9105029],[0.6360969,6.9073922],[0.6369964,6.9037911],[0.6344365,6.9011149],[0.6316439,6.9007049],[0.630127,6.9009385],[0.6259053,6.9020135],[0.6256526,6.902466],[0.6252487,6.9031083],[0.6249259,6.9037022],[0.6247454,6.9041224],[0.6240864,6.9051701],[0.6244237,6.9074358],[0.6295989,6.9103271]]]}},{"type":"Feature","properties":{"name":"Kpeta","place":"suburb","source_place":"suburb","place_type":"suburb","sublocality_class":"suburb","runtime_type":"quartier","hierarchy_level":"sublocality","display_level":"quartier","geometry_role":"source_polygon","geometry_authority":"osm","geometry_preference":"polygon_over_point","reference_geometry":true,"sibling_clipped":false,"buffer_radius_m":null,"source_path":"overpass/sublocalities/togo-osm-sublocalities.geojson","trust_rank":60,"classification_contract":"hierachy.yaml","feature_role":"reference_extent","layer_source":"combined_sublocalities","@id":"way/1308502896","admin_level":"10","coverage":"combined_sublocality","source":"overpass/sublocalities/togo-osm-sublocalities.geojson","commune_official_code":null,"official_code":null},"geometry":{"type":"Polygon","coordinates":[[[0.6310733,6.8949971],[0.634742,6.8966839],[0.6348113,6.8967053],[0.6349082,6.8968076],[0.6362745,6.8976568],[0.6364771,6.8978092],[0.6370003,6.8981168],[0.6380594,6.8988659],[0.6435526,6.8905965],[0.635556,6.884593],[0.6294326,6.8929093],[0.6298589,6.8942388],[0.6310733,6.8949971]]]}},{"type":"Feature","properties":{"name":"Zomayi","place":"suburb","source_place":"suburb","place_type":"suburb","sublocality_class":"suburb","runtime_type":"quartier","hierarchy_level":"sublocality","display_level":"quartier","geometry_role":"source_polygon","geometry_authority":"osm","geometry_preference":"polygon_over_point","reference_geometry":true,"sibling_clipped":true,"buffer_radius_m":null,"source_path":"overpass/sublocalities/togo-osm-sublocalities.geojson","trust_rank":60,"classification_contract":"hierachy.yaml","feature_role":"reference_extent","layer_source":"combined_sublocalities","@id":"way/1300113640","ref":"ZOM","admin_level":"10","coverage":"combined_sublocality","source":"overpass/sublocalities/togo-osm-sublocalities.geojson","commune_official_code":null,"official_code":null},"geometry":{"type":"Polygon","coordinates":[[[0.6289675,6.8921204],[0.6274853,6.889453],[0.6265157,6.8879474],[0.6256932,6.8866787],[0.6245547,6.8863794],[0.6236695,6.8867612],[0.6220064,6.8873365],[0.6205271,6.8885522],[0.620463,6.8906523],[0.6203422,6.8918311],[0.6203022,6.8947596],[0.6205139,6.8970881],[0.6197227,6.8989552],[0.6247939,6.9010034],[0.6248907,6.9010425],[0.6258188,6.9019708],[0.6278492,6.9014675],[0.6282544,6.901365],[0.6286068,6.9012538],[0.6302149,6.9008825],[0.6307707,6.9007866],[0.631835,6.9006029],[0.6302466,6.8988395],[0.6302349,6.8979978],[0.630093,6.8967862],[0.6301208,6.8960512],[0.630074,6.8954986],[0.629818,6.8943139],[0.6296608470262489,6.8936211330316635],[0.6294326,6.8929093],[0.6289675,6.8921204]]]}},{"type":"Feature","properties":{"name":"KOULOUNDE","place":"suburb","source_place":"suburb","place_type":"suburb","sublocality_class":"suburb","runtime_type":"quartier","hierarchy_level":"sublocality","display_level":"quartier","geometry_role":"source_polygon","geometry_authority":"osm","geometry_preference":"polygon_over_point","reference_geometry":true,"sibling_clipped":false,"buffer_radius_m":null,"source_path":"overpass/sublocalities/togo-osm-sublocalities.geojson","trust_rank":60,"classification_contract":"hierachy.yaml","feature_role":"reference_extent","layer_source":"combined_sublocalities","@id":"way/421139480","coverage":"combined_sublocality","source":"overpass/sublocalities/togo-osm-sublocalities.geojson","commune_official_code":null,"official_code":null},"geometry":{"type":"Polygon","coordinates":[[[1.1502429,8.9873827],[1.1502543,8.9873562],[1.1503669,8.9872899],[1.1505976,8.9870462],[1.150949,8.9865958],[1.1509758,8.9865322],[1.1510992,8.9862991],[1.1513084,8.9859123],[1.1515847,8.985748],[1.1517563,8.9855997],[1.1519789,8.9855785],[1.152156,8.9856951],[1.1523947,8.9857427],[1.1525637,8.986058],[1.1527675,8.9861931],[1.1530384,8.9862355],[1.1533281,8.986307],[1.1537224,8.9863945],[1.1540255,8.986307],[1.1541596,8.9863918],[1.1542749,8.9865799],[1.1542964,8.986821],[1.1543151,8.9872979],[1.1542722,8.9874462],[1.1543044,8.9875098],[1.1547269,8.9876145],[1.1550568,8.9876436],[1.1553921,8.9876569],[1.1557166,8.9876463],[1.155958,8.9875641],[1.1563228,8.9875032],[1.1566715,8.9876516],[1.1567573,8.9877496],[1.1568539,8.9878582],[1.1569585,8.9879668],[1.1570202,8.9880754],[1.1571167,8.9882317],[1.1573072,8.9883801],[1.1575271,8.9885576],[1.1577068,8.9886609],[1.1578195,8.9886874],[1.1580743,8.9887457],[1.1581976,8.9888305],[1.1583666,8.9889418],[1.1583639,8.9888676],[1.1582888,8.9876728],[1.1582298,8.987078],[1.1582647,8.986776],[1.1582352,8.9865587],[1.158136,8.9859812],[1.1581225,8.9857454],[1.158085,8.9851784],[1.158136,8.9847493],[1.1582003,8.9841267],[1.1589084,8.9843254],[1.1587475,8.9838962],[1.1583023,8.9826086],[1.1599043,8.9820727],[1.161258,8.9816125],[1.1622344,8.9813237],[1.1629639,8.9811436],[1.1631812,8.9810747],[1.1632751,8.9810376],[1.1636667,8.9809634],[1.1641119,8.9808521],[1.1642836,8.9808044],[1.1644445,8.980762],[1.1649434,8.9806428],[1.164981,8.9806269],[1.1653243,8.9805236],[1.1658312,8.9803752],[1.1658554,8.9804203],[1.1659841,8.9807779],[1.1662657,8.9807011],[1.166829,8.980513],[1.1674539,8.9803037],[1.1681191,8.9801871],[1.1692349,8.9796361],[1.1702971,8.9792466],[1.1709569,8.9789075],[1.171665,8.9785446],[1.1723248,8.9781604],[1.1725957,8.9782134],[1.1727728,8.9781207],[1.1729015,8.9781789],[1.1729417,8.9782107],[1.1733897,8.978163],[1.1735748,8.9782531],[1.1735533,8.97833],[1.173556,8.9783962],[1.1736123,8.978473],[1.173674,8.9784889],[1.1737142,8.9784571],[1.1737786,8.978428],[1.1737893,8.9783512],[1.1739315,8.977718],[1.1741139,8.9768967],[1.1743097,8.9759879],[1.1744787,8.9752607],[1.1745833,8.9748037],[1.1746289,8.9745891],[1.1747361,8.974095],[1.1748501,8.9735797],[1.1749695,8.9730445],[1.1750875,8.9724802],[1.1751747,8.9720748],[1.1753128,8.9714495],[1.1754241,8.9709475],[1.1755529,8.9703288],[1.1756374,8.9699288],[1.17575,8.9693963],[1.175463,8.969175],[1.1750607,8.968873],[1.1742252,8.968261],[1.1732784,8.9675509],[1.1725515,8.9669972],[1.1721197,8.9666766],[1.1704339,8.9654486],[1.1700409,8.9651611],[1.1698371,8.9649704],[1.1697043,8.9648604],[1.1693476,8.9645756],[1.1693047,8.9647412],[1.1690579,8.9647492],[1.168665,8.9649611],[1.1686261,8.9647704],[1.1683874,8.9646962],[1.1682197,8.9648843],[1.1678818,8.96523],[1.1673158,8.9651333],[1.1665836,8.9650154],[1.1663744,8.9651307],[1.1661625,8.9649704],[1.1659157,8.965189],[1.1657159,8.9652393],[1.1655563,8.9652102],[1.1654302,8.9651267],[1.1652948,8.9650247],[1.1650641,8.96492],[1.1649206,8.9650221],[1.1645934,8.9653267],[1.1645062,8.9654579],[1.1641535,8.9659772],[1.163609,8.96585],[1.1631906,8.9658911],[1.1628875,8.9659361],[1.1627494,8.9659917],[1.1624986,8.9660129],[1.1623256,8.9659997],[1.162225,8.9660553],[1.1621807,8.9661812],[1.1620734,8.9662673],[1.1621231,8.9663534],[1.1618455,8.9664859],[1.1617489,8.9664051],[1.1614337,8.9662434],[1.1613586,8.9662196],[1.1612071,8.9661865],[1.1611132,8.966205],[1.1610341,8.9662607],[1.1610368,8.9665296],[1.1608383,8.9665932],[1.1607216,8.9666832],[1.1605851,8.9668091],[1.1603746,8.9669932],[1.1601399,8.9670952],[1.1599977,8.9672025],[1.1599065,8.9672727],[1.1598154,8.9674741],[1.1595968,8.9674211],[1.1595136,8.9674105],[1.1593366,8.9675191],[1.1592038,8.9676821],[1.1591877,8.9678026],[1.159126,8.9679232],[1.1594385,8.9681272],[1.1594868,8.9682318],[1.1594238,8.9683524],[1.1593419,8.9684941],[1.1592199,8.9685776],[1.1590791,8.9686107],[1.1589436,8.9685922],[1.1587331,8.9685087],[1.1586861,8.9684729],[1.1586245,8.9684279],[1.1585976,8.9683219],[1.1585601,8.9682464],[1.1584085,8.9682159],[1.158151,8.9683524],[1.1579284,8.9686094],[1.1578305,8.9686332],[1.1577608,8.9686677],[1.1575315,8.968726],[1.1573571,8.9687432],[1.1572565,8.9687962],[1.1572673,8.9690293],[1.1571868,8.9692121],[1.1571224,8.9692691],[1.1569749,8.9692704],[1.1568917,8.969289],[1.1568301,8.9693896],[1.1565484,8.969587],[1.1564559,8.9697115],[1.1562413,8.9697301],[1.156067,8.9697605],[1.1559489,8.9698069],[1.1558752,8.9697817],[1.1558806,8.9697433],[1.1557786,8.9697539],[1.1556016,8.9697778],[1.155442,8.9698228],[1.1553119,8.9698202],[1.1551631,8.969889],[1.1549512,8.9700334],[1.1548479,8.9700957],[1.1547259,8.9702441],[1.1546092,8.9703818],[1.1545207,8.9705752],[1.1544657,8.9708296],[1.1545542,8.9709064],[1.1545622,8.9709753],[1.1545824,8.9710905],[1.1545006,8.9711422],[1.1543812,8.9711131],[1.1542659,8.9710561],[1.1541438,8.9709594],[1.1538313,8.9712045],[1.1539789,8.9713581],[1.1541666,8.9714456],[1.1543423,8.9716045],[1.1544,8.971839],[1.154396,8.9718668],[1.1543597,8.9720682],[1.1541867,8.972255],[1.1540473,8.9724643],[1.1537992,8.9725808],[1.1535953,8.9725755],[1.1535108,8.9725345],[1.1533257,8.9726007],[1.1530803,8.9730061],[1.1529328,8.9731187],[1.1527585,8.9731743],[1.1526525,8.9733134],[1.1525841,8.9735558],[1.1525546,8.9736141],[1.1524822,8.9737585],[1.1524084,8.9738486],[1.1524031,8.9740287],[1.1523937,8.9740645],[1.1523441,8.9742645],[1.152328,8.9745043],[1.1521456,8.9745917],[1.1521013,8.9746646],[1.1520517,8.9747467],[1.1519364,8.974703],[1.1517674,8.9746619],[1.1516775,8.9747295],[1.1515528,8.9749043],[1.1515501,8.9750911],[1.1516413,8.9751415],[1.1516681,8.9751719],[1.1518344,8.97536],[1.1517982,8.9754965],[1.1517446,8.9757747],[1.151707,8.9759283],[1.1515394,8.9759906],[1.1514764,8.9760754],[1.1515166,8.9761734],[1.1516279,8.9762436],[1.1517339,8.9762873],[1.1518841,8.9762873],[1.1519739,8.9764343],[1.1519672,8.9765615],[1.1519082,8.9767033],[1.1517955,8.9770053],[1.1515099,8.9771113],[1.1512631,8.9771947],[1.1512135,8.9771139],[1.1511961,8.9769801],[1.1510445,8.9770689],[1.1508139,8.97751],[1.1505738,8.9776345],[1.1501822,8.9776385],[1.1497866,8.9775577],[1.1494593,8.9775272],[1.1492542,8.977502],[1.149171,8.9775325],[1.1491335,8.9776252],[1.1491308,8.9777021],[1.1491093,8.9779259],[1.1491536,8.9781299],[1.1489108,8.978269],[1.1486721,8.9782968],[1.1483489,8.9782452],[1.1481008,8.9781313],[1.1477588,8.9780624],[1.147437,8.9779604],[1.1471406,8.9779246],[1.1469676,8.9779816],[1.1469199,8.9781346],[1.1478272,8.9805316],[1.1487593,8.9830776],[1.149568,8.9852579],[1.1495478,8.9853414],[1.1480968,8.9859216],[1.1486623,8.9862987],[1.1489423,8.9864774],[1.1489467,8.9864805],[1.1492529,8.9866486],[1.1494399,8.9867658],[1.1496592,8.986936],[1.1499864,8.987236],[1.1501809,8.9874056],[1.1502429,8.9873827]]]}},{"type":"Feature","properties":{"name":"Agoè-Assiyéyé","place":"suburb","source_place":"suburb","place_type":"suburb","sublocality_class":"suburb","runtime_type":"quartier","hierarchy_level":"sublocality","display_level":"quartier","geometry_role":"buffered_point","geometry_authority":"osm","geometry_preference":"polygon_over_point","reference_geometry":true,"sibling_clipped":true,"buffer_radius_m":250,"source_path":"overpass/sublocalities/togo-osm-sublocalities.geojson","trust_rank":20,"classification_contract":"hierachy.yaml","feature_role":"reference_extent","layer_source":"combined_sublocalities","@id":"node/2443559048","coverage":"combined_sublocality","source":"overpass/sublocalities/togo-osm-sublocalities.geojson","commune_official_code":null,"official_code":null},"geometry":{"type":"Polygon","coordinates":[[[1.199702972929582,6.232321812159694],[1.1996704429272609,6.232102363212932],[1.1996165751256527,6.231887161730835],[1.199541888325212,6.231678280215005],[1.19944710182175,6.231477730300131],[1.1993331284784132,6.231287443381181],[1.1992010659336678,6.2311092520133995],[1.1990521860299286,6.230944872264261],[1.1988879225647213,6.230795887187293],[1.1987098574823354,6.230663731576905],[1.198519705638929,6.230549678151073],[1.1983192982878317,6.230454825294829],[1.1981105654440753,6.23038008648269],[1.1978955172979544,6.230326181481781],[1.1976762248566044,6.2302936294204265],[1.1974548,6.230282743788883],[1.1972333751433955,6.2302936294204265],[1.1970140827020457,6.230326181481781],[1.1967990345559245,6.23038008648269],[1.1965903017121684,6.230454825294829],[1.196389894361071,6.230549678151073],[1.1961997425176645,6.230663731576905],[1.1960216774352788,6.230795887187293],[1.1958574139700713,6.230944872264261],[1.195708534066332,6.2311092520133995],[1.1955764715215864,6.231287443381181],[1.1954624981782496,6.231477730300131],[1.1953677116747878,6.231678280215005],[1.1952930248743472,6.231887161730835],[1.19523915707274,6.232102363212931],[1.1952066270704178,6.232321812159694],[1.1951957481751894,6.232543395161687],[1.1952066251839353,6.232764978254793],[1.195239153372286,6.232984427471381],[1.1952930195021136,6.233199629391652],[1.1953677048372362,6.233408511497166],[1.1954624901381405,6.23360906213057],[1.1955764625878933,6.233799349869288],[1.195708524582376,6.23397754212657],[1.1958574043003134,6.234141922800757],[1.1960216679513218,6.234290908802776],[1.196199733583972,6.23442306530266],[1.1963898863209614,6.23453711954826],[1.1965902948746165,6.234631973123037],[1.1967990291836947,6.234706712524862],[1.1970140790015895,6.234760617963944],[1.1972333732569191,6.2347931702951245],[1.1974548,6.234804056017777],[1.1976762267430807,6.234793170295125],[1.1978955209984103,6.234760617963944],[1.1981105708163053,6.234706712524862],[1.1983193051253838,6.234631973123037],[1.1985197136790389,6.234537119548261],[1.198709866416028,6.234423065302661],[1.198887932048678,6.234290908802775],[1.199052195699685,6.234141922800756],[1.1992010754176246,6.233977542126568],[1.1993331374121052,6.233799349869288],[1.1994471098618593,6.2336090621305695],[1.1995418951627634,6.233408511497165],[1.199616580497887,6.233199629391652],[1.1996704466277182,6.232984427471379],[1.1997029748160646,6.232764978254793],[1.1997138518248107,6.232543395161687],[1.199702972929582,6.232321812159694]]]}},{"type":"Feature","properties":{"name":"Cacaveli","place":"suburb","source_place":"suburb","place_type":"suburb","sublocality_class":"suburb","runtime_type":"quartier","hierarchy_level":"sublocality","display_level":"quartier","geometry_role":"buffered_point","geometry_authority":"osm","geometry_preference":"polygon_over_point","reference_geometry":true,"sibling_clipped":true,"buffer_radius_m":250,"source_path":"overpass/sublocalities/togo-osm-sublocalities.geojson","trust_rank":20,"classification_contract":"hierachy.yaml","feature_role":"reference_extent","layer_source":"combined_sublocalities","@id":"node/2443559052","coverage":"combined_sublocality","source":"overpass/sublocalities/togo-osm-sublocalities.geojson","commune_official_code":null,"official_code":null},"geometry":{"type":"Polygon","coordinates":[[[1.202486968975437,6.2144479629320735],[1.2024331029742998,6.214232761305818],[1.2023584186689615,6.214023879649831],[1.2022636353311393,6.213823329600173],[1.2021496657934563,6.213633042553136],[1.2020176076576805,6.2134548510652365],[1.2018687327237463,6.213290471205143],[1.2017044747413108,6.213141486027483],[1.2015264156018657,6.213009330327687],[1.2013362701043624,6.212895276824613],[1.2011358694410506,6.212800423904079],[1.2009271435626054,6.2127256850412484],[1.2007121025923029,6.212671780003763],[1.200492817468241,6.212639227920312],[1.2002714,6.212628342281378],[1.2000499825317592,6.212639227920312],[1.1998306974076973,6.212671780003763],[1.1996156564373948,6.2127256850412484],[1.1994069305589496,6.212800423904079],[1.1992065298956378,6.212895276824613],[1.1990163843981345,6.213009330327687],[1.1988383252586894,6.213141486027483],[1.198674067276254,6.213290471205143],[1.1985251923423197,6.2134548510652365],[1.1983931342065437,6.2136330425531385],[1.1982791646688606,6.213823329600173],[1.1981843813310389,6.214023879649831],[1.1981096970257006,6.214232761305818],[1.1980558310245628,6.214447962932073],[1.1980233021106588,6.214667412025585],[1.1980124235812626,6.214888995175497],[1.198023300229638,6.215110578416258],[1.1980558273347928,6.215330027778826],[1.1981096916689853,6.215545229842002],[1.198184374513238,6.215754112085991],[1.1982791566519706,6.2159546628521305],[1.198393125298653,6.216144950716593],[1.1985251828857535,6.216323143091451],[1.198674057634423,6.216487523873952],[1.1988383158021245,6.216636509974019],[1.1990163754902425,6.216768666560777],[1.1992065218787482,6.2168827208812765],[1.199406923741145,6.216977574518291],[1.1996156510806797,6.2170523139691225],[1.1998306937179284,6.21710621944353],[1.2000499806507312,6.217138771796039],[1.2002714,6.2171496575258205],[1.200492819349269,6.217138771796039],[1.200712106282072,6.21710621944353],[1.2009271489193203,6.217052313969122],[1.201135876258855,6.21697757451829],[1.2013362781212518,6.2168827208812765],[1.2015264245097577,6.216768666560778],[1.2017044841978766,6.216636509974019],[1.2018687423655772,6.216487523873952],[1.2020176171142458,6.216323143091449],[1.2021496747013458,6.216144950716593],[1.2022636433480292,6.2159546628521305],[1.2023584254867667,6.215754112085992],[1.202433108331016,6.215545229842003],[1.2024869726652079,6.215330027778825],[1.202519499770362,6.215110578416258],[1.2025303764187376,6.214888995175497],[1.2025194978893385,6.214667412025585],[1.202486968975437,6.2144479629320735]]]}},{"type":"Feature","properties":{"name":"Agoè-Kitidjan","place":"suburb","source_place":"suburb","place_type":"suburb","sublocality_class":"suburb","runtime_type":"quartier","hierarchy_level":"sublocality","display_level":"quartier","geometry_role":"buffered_point","geometry_authority":"osm","geometry_preference":"polygon_over_point","reference_geometry":true,"sibling_clipped":true,"buffer_radius_m":250,"source_path":"overpass/sublocalities/togo-osm-sublocalities.geojson","trust_rank":20,"classification_contract":"hierachy.yaml","feature_role":"reference_extent","layer_source":"combined_sublocalities","@id":"node/2453602307","coverage":"combined_sublocality","source":"overpass/sublocalities/togo-osm-sublocalities.geojson","commune_official_code":null,"official_code":null},"geometry":{"type":"Polygon","coordinates":[[[1.2193318929729944,6.220182463023211],[1.2192780263876033,6.219967261443738],[1.2192033412725964,6.219758379833234],[1.2191085569075173,6.219557829827315],[1.2189945861348883,6.219367542821846],[1.218862526568387,6.219189351372929],[1.2187136500217377,6.2190249715488415],[1.2185493902601303,6.218875986403857],[1.218371329192187,6.218743830733073],[1.2181811816354198,6.218629777255065],[1.2179807788019046,6.218534924355396],[1.2177720506631984,6.218460185509015],[1.217557007364324,6.218406280483399],[1.2173377198657838,6.218373728407118],[1.2171163,6.218362842770584],[1.2168948801342165,6.218373728407118],[1.216675592635676,6.218406280483399],[1.216460549336802,6.218460185509015],[1.2162518211980955,6.218534924355396],[1.2160514183645803,6.218629777255065],[1.2158612708078134,6.218743830733073],[1.2156832097398698,6.218875986403857],[1.2155189499782624,6.2190249715488415],[1.215370073431613,6.219189351372929],[1.2152380138651113,6.219367542821845],[1.2151240430924843,6.219557829827315],[1.2150292587274039,6.219758379833234],[1.2149545736123968,6.219967261443738],[1.2149007070270055,6.220182463023212],[1.2148681777599097,6.220401912069102],[1.2148572991117916,6.2206234951710115],[1.2148681758771032,6.220845078363855],[1.2149007033337593,6.221064527679051],[1.214954568250645,6.221279729695854],[1.2150292519031884,6.221488611894906],[1.2151240350680523,6.221689162617971],[1.2152380049488407,6.221879450441628],[1.2153700639661484,6.222057642778331],[1.2155189403273587,6.222222023525684],[1.2156832002744065,6.222371009593934],[1.2158612618915432,6.222503166152499],[1.2160514103401492,6.222617220448694],[1.2162518143738774,6.222712074065511],[1.216460543975048,6.222786813500439],[1.2166755889424357,6.222840718963384],[1.2168948782514188,6.222873271308972],[1.2171163,6.222884157036441],[1.2173377217485815,6.222873271308972],[1.2175570110575644,6.222840718963384],[1.2177720560249525,6.222786813500439],[1.2179807856261227,6.222712074065511],[1.2181811896598513,6.222617220448694],[1.2183713381084575,6.222503166152501],[1.2185493997255932,6.222371009593932],[1.2187136596726411,6.222222023525682],[1.2188625360338523,6.222057642778331],[1.218994595051157,6.221879450441628],[1.2191085649319475,6.221689162617971],[1.2192033480968134,6.221488611894906],[1.2192780317493563,6.221279729695854],[1.2193318966662403,6.221064527679051],[1.219364424122897,6.220845078363855],[1.2193753008882084,6.2206234951710115],[1.2193644222400906,6.2204019120691],[1.2193318929729944,6.220182463023211]]]}},{"type":"Feature","properties":{"name":"Agoè-Démakpoè","place":"suburb","source_place":"suburb","place_type":"suburb","sublocality_class":"suburb","runtime_type":"quartier","hierarchy_level":"sublocality","display_level":"quartier","geometry_role":"buffered_point","geometry_authority":"osm","geometry_preference":"polygon_over_point","reference_geometry":true,"sibling_clipped":true,"buffer_radius_m":250,"source_path":"overpass/sublocalities/togo-osm-sublocalities.geojson","trust_rank":20,"classification_contract":"hierachy.yaml","feature_role":"reference_extent","layer_source":"combined_sublocalities","@id":"node/2453664705","coverage":"combined_sublocality","source":"overpass/sublocalities/togo-osm-sublocalities.geojson","commune_official_code":null,"official_code":null},"geometry":{"type":"Polygon","coordinates":[[[1.2026874093843773,6.247924163465334],[1.20263353996478,6.2477089621127675],[1.2025588509221157,6.24750008072288],[1.202464061573833,6.247299530929117],[1.2023500848105366,6.247109244125258],[1.202218018303655,6.246931052865405],[1.2020691339337768,6.246766673215965],[1.2019048655414577,6.246617688229468],[1.2017267951184212,6.246485532699423],[1.2015366375722394,6.246371479342994],[1.201336224211133,6.246276626544514],[1.2011274851079659,6.2462018877779215],[1.2009124305132604,6.246147982809881],[1.200693131496194,6.246115430768378],[1.2004717,6.246104545143478],[1.2002502685038061,6.246115430768378],[1.2000309694867397,6.246147982809881],[1.1998159148920344,6.2462018877779215],[1.1996071757888673,6.246276626544514],[1.199406762427761,6.246371479342994],[1.1992166048815789,6.246485532699423],[1.1990385344585424,6.246617688229468],[1.1988742660662233,6.246766673215965],[1.1987253816963452,6.246931052865405],[1.1985933151894645,6.247109244125258],[1.1984793384261652,6.247299530929117],[1.1983845490778846,6.24750008072288],[1.1983098600352202,6.2477089621127675],[1.1982559906156227,6.247924163465334],[1.1982234596351875,6.24814361228023],[1.198212580411214,6.24836519514931],[1.1982234577438218,6.248586778109733],[1.198255986905584,6.248806227195148],[1.1983098546490878,6.2490214289870085],[1.1983845422226334,6.249230310968091],[1.1984793303652435,6.2494308614822245],[1.1985933062326444,6.24962114910795],[1.1987253721878381,6.249799341259576],[1.1988742563714319,6.249963721836432],[1.1990385249500348,6.250112707750345],[1.199216595924761,6.250244864172167],[1.1994067543668376,6.250358918350462],[1.1996071689336159,6.250453771869311],[1.1998159095058973,6.250528511227098],[1.200030965776704,6.250582416634434],[1.2002502666124466,6.250614968946453],[1.2004717,6.250625854662697],[1.2006931333875535,6.250614968946453],[1.2009124342232962,6.250582416634434],[1.2011274904941027,6.250528511227098],[1.2013362310663844,6.250453771869311],[1.2015366456331626,6.250358918350462],[1.2017268040752391,6.250244864172167],[1.2019048750499643,6.250112707750345],[1.2020691436285678,6.24996372183643],[1.2022180278121612,6.2497993412595765],[1.2023500937673561,6.249621149107951],[1.2024640696347566,6.249430861482224],[1.2025588577773645,6.24923031096809],[1.2026335453509163,6.2490214289870085],[1.202687413094416,6.248806227195148],[1.2027199422561785,6.248586778109733],[1.202730819588786,6.24836519514931],[1.2027199403648172,6.248143612280229],[1.2026874093843773,6.247924163465334]]]}},{"type":"Feature","properties":{"name":"Adidogomé","place":"suburb","source_place":"suburb","place_type":"suburb","sublocality_class":"suburb","runtime_type":"quartier","hierarchy_level":"sublocality","display_level":"quartier","geometry_role":"buffered_point","geometry_authority":"osm","geometry_preference":"polygon_over_point","reference_geometry":true,"sibling_clipped":true,"buffer_radius_m":250,"source_path":"overpass/sublocalities/togo-osm-sublocalities.geojson","trust_rank":20,"classification_contract":"hierachy.yaml","feature_role":"reference_extent","layer_source":"combined_sublocalities","@id":"node/2661437328","coverage":"combined_sublocality","source":"overpass/sublocalities/togo-osm-sublocalities.geojson","commune_official_code":null,"official_code":null},"geometry":{"type":"Polygon","coordinates":[[[1.1569629491269913,6.2097008628566925],[1.1569090836091003,6.209485661191744],[1.156834399973437,6.209276779498134],[1.156739617485268,6.209076229412296],[1.156625648969007,6.208885942330882],[1.1564935920165873,6.20870775081074],[1.156344718416533,6.208543370920863],[1.1561804619056564,6.208394385716179],[1.1560024043612818,6.208262229992379],[1.155812260566997,6.208148176468571],[1.155611861698666,6.208053323530782],[1.1554031376896887,6.207978584654347],[1.1551880986453527,6.207924679607041],[1.1549688154852278,6.207892127517657],[1.1547474,6.207881241876741],[1.1545259845147722,6.207892127517657],[1.1543067013546473,6.207924679607041],[1.1540916623103112,6.207978584654347],[1.153882938301334,6.208053323530782],[1.153682539433003,6.208148176468571],[1.1534923956387182,6.208262229992379],[1.1533143380943436,6.208394385716179],[1.153150081583467,6.208543370920863],[1.1530012079834127,6.20870775081074],[1.1528691510309912,6.208885942330882],[1.1527551825147335,6.209076229412297],[1.152660400026563,6.209276779498134],[1.1525857163908997,6.209485661191744],[1.1525318508730082,6.2097008628566925],[1.1524993222512379,6.2099203119895945],[1.1524884438200247,6.210141895179209],[1.1524993203716725,6.2103634784596045],[1.15253184718611,6.210582927861354],[1.1525857110383613,6.210798129962889],[1.1526603932140682,6.211007012244046],[1.1527551745040858,6.211207563045812],[1.1528691421300379,6.211397850944024],[1.1530011985342117,6.211576043350441],[1.1531500719491445,6.211740424162016],[1.1533143286451395,6.2118894102884],[1.1534923867377649,6.2120215668984775],[1.1536825314223567,6.212135621239078],[1.1538829314888388,6.212230474892797],[1.1540916569577684,6.21230521435678],[1.1543066976677518,6.212359119840674],[1.1545259826352092,6.212391672198905],[1.1547474,6.212402557930601],[1.154968817364791,6.212391672198905],[1.1551881023322481,6.212359119840674],[1.1554031430422316,6.21230521435678],[1.1556118685111612,6.212230474892797],[1.1558122685776442,6.212135621239078],[1.1560024132622353,6.2120215668984775],[1.1561804713548605,6.211889410288399],[1.1563447280508556,6.211740424162016],[1.1564936014657898,6.2115760433504414],[1.1566256578699625,6.211397850944026],[1.1567396254959152,6.211207563045813],[1.156834406785931,6.211007012244045],[1.15690908896164,6.21079812996289],[1.1569629528138896,6.2105829278613545],[1.1569954796283275,6.2103634784596045],[1.1570063561799753,6.210141895179209],[1.1569954777487645,6.2099203119895945],[1.1569629491269913,6.2097008628566925]]]}},{"type":"Feature","properties":{"name":"Kpédome","place":"suburb","source_place":"suburb","place_type":"suburb","sublocality_class":"suburb","runtime_type":"quartier","hierarchy_level":"sublocality","display_level":"quartier","geometry_role":"buffered_point","geometry_authority":"osm","geometry_preference":"polygon_over_point","reference_geometry":true,"sibling_clipped":true,"buffer_radius_m":250,"source_path":"overpass/sublocalities/togo-osm-sublocalities.geojson","trust_rank":20,"classification_contract":"hierachy.yaml","feature_role":"reference_extent","layer_source":"combined_sublocalities","@id":"node/2810168122","coverage":"combined_sublocality","source":"overpass/sublocalities/togo-osm-sublocalities.geojson","commune_official_code":null,"official_code":null},"geometry":{"type":"Polygon","coordinates":[[[1.1731491265606422,6.974943418172996],[1.1731165479219738,6.974723975768541],[1.1730625996616135,6.974508780712562],[1.1729878013578103,6.974299905444022],[1.1728928733827806,6.974099361536423],[1.1727787299642427,6.973909080325627],[1.172646470380137,6.973730894310498],[1.1724973683714457,6.97356651950541],[1.1723328598750178,6.973417538914679],[1.172154529194593,6.973285387287912],[1.17196409374322,6.973171337303168],[1.1717633875039628,6.973076487310931],[1.171554343368194,6.973001750756883],[1.1713389745215486,6.972947847385391],[1.1711193550567496,6.972915296308317],[1.1708976,6.972904411005976],[1.1706758449432504,6.972915296308317],[1.1704562254784514,6.972947847385391],[1.1702408566318059,6.973001750756883],[1.1700318124960372,6.973076487310931],[1.1698311062567799,6.973171337303168],[1.1696406708054072,6.973285387287912],[1.1694623401249822,6.973417538914679],[1.1692978316285543,6.97356651950541],[1.169148729619863,6.973730894310498],[1.169016470035758,6.973909080325628],[1.1689023266172174,6.974099361536419],[1.1688073986421899,6.974299905444022],[1.1687326003383867,6.974508780712562],[1.1686786520780286,6.97472397576854],[1.1686460734393602,6.974943418172997],[1.1686351782017776,6.975164994579976],[1.1686460713228546,6.975386571089024],[1.168678647926355,6.975606013795771],[1.168732594311097,6.975821209342632],[1.1688073909709076,6.976030085271795],[1.1689023175967406,6.976230629984367],[1.1690164600127448,6.976420912113544],[1.169148718979486,6.97659909912518],[1.1692978207797178,6.9767634749665985],[1.1694623294846056,6.976912456593658],[1.1696406607823902,6.977044609216931],[1.1698310972363029,6.977158660120056],[1.170031804824753,6.977253510917264],[1.1702408506045165,6.977328248131935],[1.170456221326782,6.977382151994317],[1.1706758428267479,6.977414703373676],[1.1708976,6.977425588778084],[1.1711193571732526,6.977414703373676],[1.1713389786732182,6.977382151994317],[1.1715543493954836,6.9773282481319345],[1.1717633951752473,6.977253510917265],[1.1719641027636973,6.977158660120057],[1.1721545392176103,6.977044609216932],[1.1723328705153944,6.976912456593658],[1.1724973792202824,6.976763474966597],[1.1726464810205135,6.97659909912518],[1.1727787399872558,6.976420912113544],[1.172892882403259,6.976230629984365],[1.1729878090290926,6.976030085271795],[1.173062605688904,6.975821209342632],[1.1731165520736437,6.975606013795771],[1.1731491286771454,6.975386571089024],[1.1731600217982223,6.975164994579976],[1.1731491265606422,6.974943418172996]]]}},{"type":"Feature","properties":{"name":"Agbonou CEET","place":"neighbourhood","source_place":"neighbourhood","place_type":"neighbourhood","sublocality_class":"neighbourhood","runtime_type":"neighborhood","hierarchy_level":"sublocality","display_level":"quartier","geometry_role":"buffered_point","geometry_authority":"osm","geometry_preference":"polygon_over_point","reference_geometry":true,"sibling_clipped":true,"buffer_radius_m":250,"source_path":"overpass/sublocalities/togo-osm-sublocalities.geojson","trust_rank":20,"classification_contract":"hierachy.yaml","feature_role":"reference_extent","layer_source":"combined_sublocalities","@id":"node/2938857446","coverage":"combined_sublocality","source":"overpass/sublocalities/togo-osm-sublocalities.geojson","commune_official_code":null,"official_code":null},"geometry":{"type":"Polygon","coordinates":[[[1.1523121401647611,7.521170923058229],[1.1522795221795017,7.520951485924789],[1.1522255088228126,7.520736296045505],[1.1521506203020102,7.520527425808925],[1.1520555778600612,7.520326886739342],[1.1519412968286273,7.520136610125107],[1.1518088778120965,7.519958428419761],[1.1516595960875915,7.5197940575950435],[1.1514948893229562,7.519645080615753],[1.1513163437311265,7.519512932195537],[1.1511256787941502,7.5193988849804345],[1.150924730703997,7.519304037293209],[1.1507154346796364,7.519229302556428],[1.1504998063306218,7.519175400496197],[1.1502799222466522,7.519142850211199],[1.1500579,7.519131965173775],[1.1498358777533477,7.519142850211199],[1.149615993669378,7.519175400496197],[1.1494003653203633,7.519229302556428],[1.1491910692960028,7.519304037293209],[1.1489901212058498,7.5193988849804345],[1.1487994562688735,7.519512932195537],[1.1486209106770435,7.519645080615753],[1.1484562039124082,7.5197940575950435],[1.1483069221879034,7.519958428419761],[1.1481745031713726,7.520136610125107],[1.1480602221399387,7.520326886739342],[1.1479651796979897,7.520527425808925],[1.1478902911771873,7.520736296045505],[1.147836277820497,7.520951485924789],[1.14780365983524,7.521170923058229],[1.1477927513821138,7.5213924941509855],[1.1478036575484123,7.521614065353891],[1.1478362733347127,7.521833502813564],[1.1478902846648442,7.522048693222609],[1.1479651714093464,7.522257564172134],[1.1480602123935268,7.522458104110446],[1.1481744923417416,7.522648381715804],[1.1483069106912291,7.522826564496581],[1.1484561921905025,7.522990936439705],[1.1486208991803688,7.523139914537406],[1.1487994454392416,7.523272064033058],[1.1489901114594396,7.523386112239279],[1.1491910610073623,7.523480960795231],[1.1494003588080197,7.5235556962449595],[1.1496159891835978,7.5236095988349545],[1.1498358754665166,7.523642149446183],[1.1500579,7.52365303459376],[1.1502799245334832,7.523642149446183],[1.1504998108164022,7.523609598834956],[1.15071544119198,7.523555696244959],[1.1509247389926374,7.523480960795231],[1.1511256885405599,7.523386112239278],[1.1513163545607579,7.523272064033057],[1.1514949008196305,7.5231399145374045],[1.1516596078094983,7.522990936439705],[1.1518088893087726,7.522826564496581],[1.1519413076582574,7.522648381715804],[1.1520555876064749,7.522458104110446],[1.15215062859065,7.522257564172135],[1.1522255153351553,7.522048693222609],[1.1522795266652859,7.521833502813564],[1.1523121424515874,7.521614065353891],[1.1523230486178861,7.5213924941509855],[1.1523121401647611,7.521170923058229]]]}},{"type":"Feature","properties":{"name":"Agbonou Gare","place":"neighbourhood","source_place":"neighbourhood","place_type":"neighbourhood","sublocality_class":"neighbourhood","runtime_type":"neighborhood","hierarchy_level":"sublocality","display_level":"quartier","geometry_role":"buffered_point","geometry_authority":"osm","geometry_preference":"polygon_over_point","reference_geometry":true,"sibling_clipped":true,"buffer_radius_m":146.3,"source_path":"overpass/sublocalities/togo-osm-sublocalities.geojson","trust_rank":20,"classification_contract":"hierachy.yaml","feature_role":"reference_extent","layer_source":"combined_sublocalities","@id":"node/2938857447","coverage":"combined_sublocality","source":"overpass/sublocalities/togo-osm-sublocalities.geojson","commune_official_code":null,"official_code":null},"geometry":{"type":"Polygon","coordinates":[[[1.1539057355289697,7.513874987433501],[1.1538741237141885,7.513749042394422],[1.15383029439163,7.513626796053687],[1.153774669670385,7.513509425706871],[1.1537077852541058,7.5133980616903],[1.1536302852816254,7.513293776495437],[1.153542916123325,7.513197574440429],[1.1534465191930694,7.513110381998135],[1.1533420228448832,7.513033038873933],[1.1532304334324377,7.512966289919086],[1.153112825617433,7.512910777957642],[1.152990332020239,7.512867037595849],[1.1528641323124065,7.51283549007379],[1.1527354418561235,7.512816439208742],[1.1526055,7.512810068469339],[1.1524755581438764,7.512816439208742],[1.1523468676875934,7.51283549007379],[1.1522206679797609,7.512867037595849],[1.152098174382567,7.512910777957642],[1.1519805665675622,7.512966289919086],[1.1518689771551163,7.513033038873934],[1.1517644808069305,7.513110381998135],[1.1516680838766749,7.513197574440429],[1.1515807147183745,7.513293776495437],[1.1515032147458943,7.5133980616903],[1.1514363303296118,7.513509425706871],[1.1513807056083698,7.513626796053687],[1.1513368762858114,7.513749042394422],[1.1513052644710289,7.513874987433501],[1.151286174613058,7.514003418253962],[1.1512797905685177,7.514133097998404],[1.1512861738304991,7.514262777780542],[1.1513052629359743,7.514391208712643],[1.1513368740572534,7.514517153933014],[1.1513807027719558,7.514639400517725],[1.151436326994344,7.514756771161826],[1.1515032110399377,7.514868135517571],[1.1515807107841554,7.514972421080454],[1.1516680798653802,7.515068623518198],[1.1517644768727102,7.515155816343222],[1.1518689734491634,7.515233159835449],[1.1519805632322924,7.515299909129467],[1.1520981715461533,7.5153554213882],[1.152220665751204,7.515399161993972],[1.152346866152537,7.515430709697322],[1.1524755573613115,7.5154497606740085],[1.1526055,7.515456131451106],[1.1527354426386884,7.5154497606740085],[1.1528641338474628,7.515430709697322],[1.152990334248796,7.515399161993972],[1.1531128284538472,7.5153554213882],[1.1532304367677066,7.5152999091294665],[1.1533420265508387,7.515233159835451],[1.15344652312729,7.515155816343222],[1.1535429201346192,7.515068623518198],[1.1536302892158432,7.514972421080454],[1.1537077889600633,7.514868135517571],[1.1537746730056575,7.514756771161826],[1.153830297228044,7.514639400517725],[1.1538741259427436,7.514517153933014],[1.1539057370640244,7.514391208712643],[1.1539248261695008,7.514262777780542],[1.1539312094314822,7.514133097998404],[1.153924825386938,7.51400341825396],[1.1539057355289697,7.513874987433501]]]}},{"type":"Feature","properties":{"name":"Baguida","place":"suburb","source_place":"suburb","place_type":"suburb","sublocality_class":"suburb","runtime_type":"quartier","hierarchy_level":"sublocality","display_level":"quartier","geometry_role":"buffered_point","geometry_authority":"osm","geometry_preference":"polygon_over_point","reference_geometry":true,"sibling_clipped":true,"buffer_radius_m":250,"source_path":"overpass/sublocalities/togo-osm-sublocalities.geojson","trust_rank":20,"classification_contract":"hierachy.yaml","feature_role":"reference_extent","layer_source":"combined_sublocalities","@id":"node/3132175726","coverage":"combined_sublocality","source":"overpass/sublocalities/togo-osm-sublocalities.geojson","commune_official_code":null,"official_code":null},"geometry":{"type":"Polygon","coordinates":[[[1.3274256809306497,6.169324262217941],[1.3273718195077755,6.1691090602250505],[1.3272971415470096,6.168900178212592],[1.3272023662588204,6.1686996278201285],[1.32708840639817,6.168509340447325],[1.3269563594735418,6.1683311486539205],[1.3268074971768429,6.168166768511619],[1.326643253136005,6.168017783077867],[1.3264652091082798,6.167885627150651],[1.326275079747133,6.167771573451124],[1.3260746960895153,6.167676720367071],[1.3258659879224528,6.167601981375313],[1.3256509651988064,6.167548076244791],[1.325431698681128,6.167515524105138],[1.3252103,6.167504638447408],[1.324988901318872,6.167515524105138],[1.3247696348011935,6.167548076244791],[1.324554612077547,6.167601981375313],[1.3243459039104848,6.167676720367071],[1.3241455202528671,6.167771573451124],[1.32395539089172,6.167885627150651],[1.3237773468639948,6.168017783077867],[1.323613102823157,6.168166768511619],[1.3234642405264583,6.1683311486539205],[1.3233321936018296,6.168509340447325],[1.3232182337411793,6.168699627820128],[1.3231234584529905,6.168900178212592],[1.3230487804922244,6.1691090602250505],[1.3229949190693504,6.169324262217941],[1.3229623929231238,6.169543711684679],[1.3229515153239868,6.169765295210787],[1.3229623910560233,6.169986878827078],[1.3229949154068898,6.170206328560903],[1.3230487751751556,6.170421530987519],[1.3231234516856416,6.170630413583676],[1.3232182257836225,6.1708309646873785],[1.323332184759865,6.1710212528716255],[1.3234642311398785,6.171199445545497],[1.323613093252683,6.171363826603456],[1.3237773374774138,6.171512812952864],[1.3239553820497563,6.171644969760547],[1.3241455122953096,6.1717590242715215],[1.324345897143138,6.171853878066809],[1.3245546067604776,6.171928617642265],[1.3247696311387323,6.1719825232065135],[1.3249888994517653,6.172015075613253],[1.3252103,6.172025961361167],[1.3254317005482348,6.1720150756132535],[1.3256509688612677,6.1719825232065135],[1.3258659932395225,6.171928617642265],[1.326074702856862,6.171853878066809],[1.326275087704691,6.1717590242715215],[1.3264652179502434,6.171644969760547],[1.3266432625225861,6.171512812952864],[1.3268075067473166,6.171363826603456],[1.3269563688601236,6.171199445545497],[1.3270884152401354,6.171021252871626],[1.3272023742163757,6.170830964687378],[1.3272971483143579,6.170630413583676],[1.3273718248248423,6.170421530987521],[1.3274256845931103,6.170206328560903],[1.3274582089439768,6.169986878827078],[1.3274690846760133,6.169765295210787],[1.3274582070768703,6.169543711684679],[1.3274256809306497,6.169324262217941]]]}},{"type":"Feature","properties":{"name":"Nyivémé","place":"suburb","source_place":"suburb","place_type":"suburb","sublocality_class":"suburb","runtime_type":"quartier","hierarchy_level":"sublocality","display_level":"quartier","geometry_role":"buffered_point","geometry_authority":"osm","geometry_preference":"polygon_over_point","reference_geometry":true,"sibling_clipped":true,"buffer_radius_m":250,"source_path":"overpass/sublocalities/togo-osm-sublocalities.geojson","trust_rank":20,"classification_contract":"hierachy.yaml","feature_role":"reference_extent","layer_source":"combined_sublocalities","@id":"node/3134371479","coverage":"combined_sublocality","source":"overpass/sublocalities/togo-osm-sublocalities.geojson","commune_official_code":null,"official_code":null},"geometry":{"type":"Polygon","coordinates":[[[0.6292226795215834,6.917456674748872],[0.6291687377949112,6.917241479172212],[0.6290939485459811,6.917032603397516],[0.6289990320596192,6.916832059003239],[0.6288849024527249,6.916641777330036],[0.6287526588701124,6.916463590881319],[0.6286035748985823,6.916299215675773],[0.6284390863012496,6.91615023472168],[0.6282607771902428,6.916018082772276],[0.6280703647709593,6.91590403250885],[0.6278696828047715,6.915809182284675],[0.6276606639494543,6.915734445547764],[0.6274453211473769,6.915680542044317],[0.627225728240665,6.915647990887537],[0.627004,6.915637105558541],[0.6267822717593351,6.915647990887537],[0.6265626788526232,6.915680542044317],[0.6263473360505458,6.915734445547764],[0.6261383171952286,6.915809182284675],[0.6259376352290408,6.91590403250885],[0.6257472228097574,6.916018082772276],[0.6255689136987506,6.91615023472168],[0.6254044251014178,6.916299215675773],[0.6252553411298877,6.916463590881319],[0.6251230975472742,6.916641777330035],[0.6250089679403801,6.916832059003238],[0.624914051454019,6.917032603397516],[0.6248392622050889,6.917241479172212],[0.6247853204784222,6.917456674748872],[0.6247527457890983,6.917676117683467],[0.6247418518782417,6.917897694624897],[0.6247527436903906,6.918119271667549],[0.62478531636167,6.918338714901923],[0.6248392562284893,6.918553910965399],[0.6249140438472464,6.918762787395242],[0.6250089589957676,6.91896333258781],[0.6251230876085533,6.919153615171783],[0.6252553305789957,6.919331802608739],[0.6254044143438222,6.919496178842024],[0.6255689031478598,6.919645160823854],[0.6257472128710344,6.9197773137614975],[0.6259376262844268,6.91989136493569],[0.6261383095884594,6.919986215958165],[0.6263473300739456,6.9200609533502195],[0.6265626747358698,6.920114857340479],[0.6267822696606321,6.92014740879704],[0.627004,6.92015829422726],[0.6272257303393679,6.92014740879704],[0.6274453252641307,6.920114857340479],[0.6276606699260548,6.9200609533502195],[0.6278696904115405,6.919986215958164],[0.628070373715574,6.91989136493569],[0.6282607871289657,6.9197773137614975],[0.6284390968521395,6.919645160823852],[0.6286035856561775,6.9194961788420235],[0.6287526694210038,6.919331802608739],[0.6288849123914475,6.919153615171783],[0.6289990410042334,6.9189633325878095],[0.6290939561527538,6.9187627873952415],[0.6291687437715145,6.918553910965401],[0.6292226836383374,6.918338714901924],[0.6292552563096095,6.918119271667549],[0.6292661481217584,6.917897694624897],[0.6292552542108996,6.917676117683467],[0.6292226795215834,6.917456674748872]]]}},{"type":"Feature","properties":{"name":"Totsoanyi","place":"quarter","source_place":"quarter","place_type":"quarter","sublocality_class":"quarter","runtime_type":"quartier","hierarchy_level":"sublocality","display_level":"quartier","geometry_role":"buffered_point","geometry_authority":"osm","geometry_preference":"polygon_over_point","reference_geometry":true,"sibling_clipped":true,"buffer_radius_m":40,"source_path":"overpass/sublocalities/togo-osm-sublocalities.geojson","trust_rank":20,"classification_contract":"hierachy.yaml","feature_role":"reference_extent","layer_source":"combined_sublocalities","@id":"node/3139406518","coverage":"combined_sublocality","source":"overpass/sublocalities/togo-osm-sublocalities.geojson","commune_official_code":null,"official_code":null},"geometry":{"type":"Polygon","coordinates":[[[0.6295625835112538,6.910472936633672],[0.629553953093429,6.910438505298068],[0.6295419871081803,6.9104050851197805],[0.6295268007950917,6.91037299795315],[0.6295085404071431,6.910342552814839],[0.629487381802225,6.910314042907838],[0.6294635287494896,6.910287742797772],[0.6294372109669545,6.910263905768698],[0.6294086819091745,6.910242761383863],[0.629378216326346,6.910224513274881],[0.6293461076183197,6.910209337180686],[0.6293126650090136,6.910197379255066],[0.6292782105684376,6.910188754659141],[0.6292430761110036,6.910183546452305],[0.6292076,6.910181804792326],[0.6291721238889965,6.910183546452305],[0.6291369894315625,6.910188754659141],[0.6291025349909858,6.910197379255067],[0.6290690923816803,6.910209337180686],[0.6290369836736539,6.910224513274881],[0.6290065180908255,6.910242761383863],[0.6289779890330455,6.910263905768698],[0.6289516712505103,6.910287742797772],[0.6289278181977751,6.910314042907838],[0.6289066595928569,6.910342552814839],[0.6288883992049084,6.91037299795315],[0.6288732128918143,6.9104050851197805],[0.6288612469065711,6.910438505298068],[0.628852616488748,6.910472936633672],[0.6288474047546766,6.91050804753418],[0.6288456618969509,6.910543499862546],[0.6288474047010043,6.9105789521935],[0.6288526163834731,6.910614063101676],[0.6288612467537368,6.9106484944497275],[0.6288732126972959,6.910681914644768],[0.6288883989761748,6.9107140018318125],[0.6289066593387022,6.910744446993413],[0.6289278179279679,6.910772956925685],[0.6289516709754149,6.910799257062036],[0.6289779887632376,6.91082309411739],[0.6290065178366704,6.910844238527501],[0.6290369834449213,6.910862486659771],[0.6290690921871596,6.9108776627743795],[0.6291025348381513,6.910889620716754],[0.6291369893262881,6.910898245325127],[0.6291721238353282,6.910903453539628],[0.6292076,6.910905195202197],[0.6292430761646718,6.910903453539629],[0.629278210673712,6.910898245325127],[0.6293126651618486,6.9108896207167545],[0.6293461078128403,6.9108776627743795],[0.6293782165550786,6.910862486659771],[0.6294086821633297,6.910844238527499],[0.6294372112367631,6.91082309411739],[0.629463529024585,6.910799257062034],[0.6294873820720335,6.910772956925687],[0.6295085406612985,6.910744446993413],[0.6295268010238244,6.9107140018318125],[0.6295419873027042,6.910681914644769],[0.6295539532462662,6.910648494449725],[0.6295625836165286,6.910614063101677],[0.6295677952989956,6.9105789521935],[0.6295695381030492,6.910543499862546],[0.6295677952453171,6.910508047534181],[0.6295625835112538,6.910472936633672]]]}},{"type":"Feature","properties":{"name":"Atakpamékodzi","place":"suburb","source_place":"suburb","place_type":"suburb","sublocality_class":"suburb","runtime_type":"quartier","hierarchy_level":"sublocality","display_level":"quartier","geometry_role":"buffered_point","geometry_authority":"osm","geometry_preference":"polygon_over_point","reference_geometry":true,"sibling_clipped":true,"buffer_radius_m":155.2,"source_path":"overpass/sublocalities/togo-osm-sublocalities.geojson","trust_rank":20,"classification_contract":"hierachy.yaml","feature_role":"reference_extent","layer_source":"combined_sublocalities","@id":"node/3139407109","coverage":"combined_sublocality","source":"overpass/sublocalities/togo-osm-sublocalities.geojson","commune_official_code":null,"official_code":null},"geometry":{"type":"Polygon","coordinates":[[[0.6354897068470322,6.914314380349678],[0.635456228548803,6.914180819866408],[0.635409811369341,6.914051181727587],[0.635350902340491,6.9139267144157195],[0.6352800687958179,6.913808616614643],[0.6351979929065943,6.913698025665684],[0.6351054651118895,6.913596006614661],[0.6350033765060938,6.913503541955107],[0.6348927102571394,6.913421522166539],[0.634774532138105,6.9133507371388845],[0.6346499802633702,6.913291868565607],[0.6345202541281587,6.913245483378819],[0.6343866030570307,6.913212028289595],[0.6342503141725533,6.913191825486036],[0.6341127,6.91318506953052],[0.6339750858274467,6.913191825486036],[0.6338387969429693,6.913212028289595],[0.6337051458718412,6.913245483378819],[0.6335754197366298,6.913291868565607],[0.633450867861895,6.9133507371388845],[0.633332689742861,6.913421522166539],[0.6332220234939061,6.913503541955107],[0.6331199348881106,6.91359600661466],[0.6330274070934057,6.913698025665684],[0.6329453312041812,6.913808616614642],[0.6328744976595091,6.9139267144157195],[0.6328155886306587,6.914051181727585],[0.6327691714511969,6.914180819866408],[0.6327356931529642,6.914314380349677],[0.6327154761605929,6.914450576919629],[0.6327087151859524,6.914588097930499],[0.6327154753525641,6.914725618980341],[0.6327356915679596,6.914861815665713],[0.6327691691501248,6.914995376336415],[0.6328155857019493,6.915125014727478],[0.6328744942157133,6.915249482346699],[0.6329453273776385,6.915367580498438],[0.6330274030311676,6.915478171827886],[0.6331199307462893,6.915580191274604],[0.6332220194316707,6.9156726563298525],[0.6333326859163193,6.915754676498908],[0.6334508644180976,6.915825461877223],[0.6335754168079203,6.915884330757859],[0.6337051435707698,6.915930716196887],[0.6338387953579636,6.915964171473542],[0.6339750850194178,6.915984374392522],[0.6341127,6.915991130387009],[0.6342503149805822,6.915984374392522],[0.6343866046420366,6.915964171473542],[0.6345202564292306,6.915930716196888],[0.6346499831920791,6.9158843307578595],[0.6347745355819016,6.915825461877222],[0.634892714083681,6.915754676498906],[0.6350033805683287,6.9156726563298525],[0.635105469253711,6.915580191274604],[0.6351979969688305,6.915478171827885],[0.6352800726223621,6.9153675804984385],[0.6353509057842875,6.9152494823467],[0.6354098142980517,6.915125014727478],[0.6354562308498756,6.914995376336413],[0.6354897084320403,6.914861815665712],[0.6355099246474358,6.914725618980341],[0.6355166848140477,6.914588097930499],[0.6355099238394102,6.914450576919627],[0.6354897068470322,6.914314380349678]]]}},{"type":"Feature","properties":{"name":"Samkodzi","place":"suburb","source_place":"suburb","place_type":"suburb","sublocality_class":"suburb","runtime_type":"quartier","hierarchy_level":"sublocality","display_level":"quartier","geometry_role":"buffered_point","geometry_authority":"osm","geometry_preference":"polygon_over_point","reference_geometry":true,"sibling_clipped":true,"buffer_radius_m":59.6,"source_path":"overpass/sublocalities/togo-osm-sublocalities.geojson","trust_rank":20,"classification_contract":"hierachy.yaml","feature_role":"reference_extent","layer_source":"combined_sublocalities","@id":"node/3139407134","coverage":"combined_sublocality","source":"overpass/sublocalities/togo-osm-sublocalities.geojson","commune_official_code":null,"official_code":null},"geometry":{"type":"Polygon","coordinates":[[[0.6299161735363966,6.911986891022498],[0.6299033178884614,6.911935603236473],[0.6298854936741122,6.911885821638854],[0.6298628725516174,6.911838025653107],[0.6298356723758364,6.91179267558005],[0.6298041551001484,6.911750208164934],[0.6297686242536479,6.911711032391378],[0.6297294220179761,6.911675525542646],[0.6296869259319247,6.911644029568274],[0.6296415452555347,6.911616847790895],[0.6295937170287117,6.9115942419851475],[0.629543901862334,6.911576429856641],[0.6294925795023536,6.9115635829453765],[0.6294402442096325,6.911555824973735],[0.6293874000000002,6.91155323065498],[0.6293345557903677,6.911555824973735],[0.6292822204976466,6.9115635829453765],[0.6292308981376662,6.911576429856641],[0.6291810829712885,6.9115942419851475],[0.6291332547444655,6.911616847790895],[0.6290878740680755,6.911644029568274],[0.6290453779820238,6.9116755255426465],[0.6290061757463524,6.911711032391377],[0.6289706448998518,6.911750208164934],[0.6289391276241628,6.911792675580051],[0.6289119274483836,6.911838025653106],[0.6288893063258867,6.911885821638855],[0.6288714821115389,6.911935603236473],[0.6288586264636054,6.9119868910225],[0.6288508631905148,6.912039191067918],[0.6288482670584893,6.912091999694947],[0.6288508630714122,6.912144808327716],[0.6288586262299674,6.912197108390149],[0.6288714817723522,6.912248396203806],[0.6288893058941807,6.912298177838606],[0.6289119269407527,6.912345973869659],[0.628939127060112,6.912391323994404],[0.628970644301059,6.912433791465603],[0.6290061751358287,6.912472967297492],[0.6290453773832324,6.9125084742045475],[0.6290878735040245,6.912539970235009],[0.6291332542368343,6.912567152064076],[0.6291810825395839,6.9125897579151285],[0.6292308977984777,6.912607570080818],[0.6292822202640096,6.91262041701971],[0.6293345556712605,6.912628175008363],[0.6293874000000002,6.912630769332863],[0.6294402443287396,6.912628175008363],[0.6294925797359907,6.912620417019709],[0.6295439022015225,6.912607570080818],[0.6295937174604169,6.91258975791513],[0.629641545763166,6.912567152064076],[0.6296869264959758,6.9125399702350085],[0.6297294226167672,6.912508474204547],[0.6297686248641714,6.912472967297493],[0.6298041556989407,6.912433791465603],[0.629835672939889,6.912391323994404],[0.6298628730592484,6.912345973869659],[0.6298854941058195,6.912298177838608],[0.6299033182276462,6.912248396203806],[0.6299161737700382,6.91219710839015],[0.629923936928588,6.912144808327716],[0.6299265329415109,6.912091999694947],[0.6299239368094884,6.912039191067917],[0.6299161735363966,6.911986891022498]]]}},{"type":"Feature","properties":{"name":"Kpegolo","place":"suburb","source_place":"suburb","place_type":"suburb","sublocality_class":"suburb","runtime_type":"quartier","hierarchy_level":"sublocality","display_level":"quartier","geometry_role":"buffered_point","geometry_authority":"osm","geometry_preference":"polygon_over_point","reference_geometry":true,"sibling_clipped":true,"buffer_radius_m":140.9,"source_path":"overpass/sublocalities/togo-osm-sublocalities.geojson","trust_rank":20,"classification_contract":"hierachy.yaml","feature_role":"reference_extent","layer_source":"combined_sublocalities","@id":"node/3139408001","coverage":"combined_sublocality","source":"overpass/sublocalities/togo-osm-sublocalities.geojson","commune_official_code":null,"official_code":null},"geometry":{"type":"Polygon","coordinates":[[[0.6233590679908008,6.916239914284487],[0.6233286759083407,6.916118666516708],[0.6232865377074625,6.916000979496129],[0.6232330592095102,6.915887986610097],[0.6231687554477812,6.915780776038225],[0.6230942457071864,6.915680380272765],[0.623010247560063,6.915587766175302],[0.6229175699554239,6.91550382566553],[0.6228171054283196,6.915429367131742],[0.6227098215042689,6.915365107645813],[0.6225967513815652,6.915311666057553],[0.6224789839811851,6.915269557035025],[0.6223576534601235,6.915239186108139],[0.6222339282891253,6.915220845763304],[0.622109,6.915214712626694],[0.6219840717108749,6.915220845763304],[0.6218603465398767,6.915239186108139],[0.6217390160188151,6.915269557035025],[0.6216212486184349,6.915311666057553],[0.6215081784957313,6.915365107645813],[0.6214008945716806,6.915429367131742],[0.6213004300445762,6.91550382566553],[0.6212077524399372,6.915587766175302],[0.6211237542928137,6.915680380272765],[0.621049244552219,6.915780776038225],[0.6209849407904899,6.915887986610097],[0.6209314622925377,6.916000979496129],[0.6208893240916594,6.916118666516708],[0.6208589320091956,6.916239914284486],[0.6208405787460249,6.916363555119404],[0.6208344410633219,6.916488398294004],[0.6208405780799222,6.91661324150073],[0.6208589307025878,6.916736882430796],[0.6208893221947582,6.916858130353083],[0.6209314598782472,6.916975817581594],[0.6209849379515799,6.9170888107209985],[0.621049241397793,6.917196021581937],[0.6211237509440921,6.917296417661056],[0.6212077490256119,6.917389032084707],[0.6213004266958556,6.917472972920676],[0.6214008914172554,6.9175474317681145],[0.6215081756568233,6.9176116915431125],[0.6216212462041416,6.917665133384745],[0.6217390141219167,6.917707242615209],[0.6218603452332706,6.917737613696601],[0.621984071044773,6.917755954136583],[0.622109,6.917762087305321],[0.622233928955227,6.917755954136583],[0.6223576547667297,6.917737613696601],[0.6224789858780829,6.917707242615208],[0.6225967537958582,6.917665133384744],[0.6227098243431777,6.917611691543114],[0.6228171085827455,6.917547431768115],[0.6229175733041438,6.917472972920676],[0.623010250974387,6.917389032084707],[0.6230942490559075,6.917296417661055],[0.6231687586022079,6.917196021581936],[0.6232330620484193,6.917088810720998],[0.6232865401217511,6.916975817581595],[0.6233286778052427,6.916858130353083],[0.6233590692974177,6.916736882430796],[0.6233774219200778,6.91661324150073],[0.6233835589366783,6.916488398294004],[0.6233774212539782,6.916363555119404],[0.6233590679908008,6.916239914284487]]]}},{"type":"Feature","properties":{"name":"Zongo 1","place":"suburb","source_place":"suburb","place_type":"suburb","sublocality_class":"suburb","runtime_type":"quartier","hierarchy_level":"sublocality","display_level":"quartier","geometry_role":"buffered_point","geometry_authority":"osm","geometry_preference":"polygon_over_point","reference_geometry":true,"sibling_clipped":true,"buffer_radius_m":60,"source_path":"overpass/sublocalities/togo-osm-sublocalities.geojson","trust_rank":20,"classification_contract":"hierachy.yaml","feature_role":"reference_extent","layer_source":"combined_sublocalities","@id":"node/3139409934","coverage":"combined_sublocality","source":"overpass/sublocalities/togo-osm-sublocalities.geojson","commune_official_code":null,"official_code":null},"geometry":{"type":"Polygon","coordinates":[[[0.6387115966742862,6.90392196898916],[0.6386986529395797,6.903870328888822],[0.6386807065940486,6.903820205323476],[0.6386579304721622,6.903772081009911],[0.6386305439215259,6.903726419410917],[0.6385988106904237,6.903683660271897],[0.6385630363877166,6.903644215385919],[0.6385235655396746,6.903608464627945],[0.6384807782719649,6.90357675229647],[0.6384350866488603,6.903549383797761],[0.6383869307048461,6.903526622704671],[0.6383367742068816,6.903508688218308],[0.6382851001881118,6.903495753057031],[0.6382324062960459,6.90348794179312],[0.6381792,6.903485329653066],[0.638125993703954,6.90348794179312],[0.6380732998118881,6.903495753057031],[0.6380216257931184,6.903508688218308],[0.6379714692951538,6.903526622704671],[0.6379233133511396,6.903549383797761],[0.6378776217280351,6.90357675229647],[0.6378348344603253,6.903608464627945],[0.6377953636122823,6.903644215385919],[0.6377595893095762,6.903683660271897],[0.6377278560784742,6.903726419410917],[0.6377004695278377,6.903772081009911],[0.637677693405951,6.903820205323477],[0.6376597470604202,6.903870328888822],[0.6376468033257119,6.9039219689891596],[0.6376389868586126,6.903974628302496],[0.6376363729376333,6.904027799691103],[0.6376389867380077,6.904080971085525],[0.6376468030891381,6.904133630416089],[0.6376597467169616,6.904185270544404],[0.6376776929688149,6.904235394147404],[0.6377004690138236,6.9042835185068405],[0.637727855507331,6.904329180158175],[0.6377595887032561,6.904371939353986],[0.6377953629940841,6.904411384299027],[0.6378348338540049,6.904447135116061],[0.6378776211568948,6.904478847504329],[0.6379233128371263,6.904506216055377],[0.6379714688580217,6.904528977194345],[0.6380216254496649,6.904546911718361],[0.6380732995753132,6.904559846907611],[0.6381259935833492,6.904567658188751],[0.6381792,6.904570270334621],[0.6382324064166507,6.904567658188751],[0.6382851004246867,6.904559846907611],[0.6383367745503349,6.904546911718361],[0.6383869311419789,6.904528977194347],[0.6384350871628728,6.904506216055377],[0.6384807788431053,6.90447884750433],[0.6385235661459943,6.904447135116062],[0.6385630370059165,6.904411384299027],[0.638598811296743,6.904371939353985],[0.6386305444926695,6.904329180158174],[0.6386579309861772,6.90428351850684],[0.6386807070311881,6.904235394147403],[0.6386986532830364,6.904185270544406],[0.638711596910858,6.904133630416089],[0.6387194132619922,6.904080971085525],[0.6387220270623666,6.904027799691103],[0.6387194131413944,6.903974628302495],[0.6387115966742862,6.90392196898916]]]}},{"type":"Feature","properties":{"name":"Houdou","place":"suburb","source_place":"suburb","place_type":"suburb","sublocality_class":"suburb","runtime_type":"quartier","hierarchy_level":"sublocality","display_level":"quartier","geometry_role":"buffered_point","geometry_authority":"osm","geometry_preference":"polygon_over_point","reference_geometry":true,"sibling_clipped":true,"buffer_radius_m":250,"source_path":"overpass/sublocalities/togo-osm-sublocalities.geojson","trust_rank":20,"classification_contract":"hierachy.yaml","feature_role":"reference_extent","layer_source":"combined_sublocalities","@id":"node/3158163070","coverage":"combined_sublocality","source":"overpass/sublocalities/togo-osm-sublocalities.geojson","commune_official_code":null,"official_code":null},"geometry":{"type":"Polygon","coordinates":[[[1.125079187464061,7.530331123143482],[1.1250465687930287,7.530111686101738],[1.124992554301729,7.529896496312509],[1.1249176642084435,7.529687626163462],[1.1248226197713236,7.529487087178029],[1.1247083363412615,7.529296810643743],[1.1245759145457725,7.529118629013355],[1.1244266296887493,7.5289542582578655],[1.1242619194682137,7.528805281341383],[1.1240833701303734,7.5286731329769285],[1.1238927011933437,7.528559085809989],[1.1236917488875955,7.528464238162849],[1.1234824484726718,7.528389503457669],[1.1232668156003773,7.528335601420238],[1.1230469269039356,7.528303051149014],[1.1228249000000001,7.528292166116198],[1.1226028730960644,7.528303051149014],[1.1223829843996227,7.528335601420238],[1.1221673515273283,7.528389503457669],[1.1219580511124048,7.528464238162849],[1.1217570988066563,7.528559085809989],[1.1215664298696266,7.5286731329769285],[1.1213878805317863,7.528805281341383],[1.1212231703112507,7.5289542582578655],[1.1210738854542275,7.529118629013355],[1.1209414636587385,7.529296810643743],[1.1208271802286782,7.529487087178029],[1.1207321357915565,7.529687626163462],[1.120657245698271,7.529896496312509],[1.1206032312069703,7.530111686101738],[1.1205706125359352,7.530331123143482],[1.1205597038525124,7.530552694143783],[1.120570610246239,7.530774265254372],[1.1206032267155646,7.530993702622747],[1.1206572391777736,7.531208892942393],[1.1207321274925321,7.531417763805266],[1.1208271704700539,7.531618303660496],[1.1209414528155395,7.531808581187125],[1.1210738739431474,7.5319867638942695],[1.1212231585746533,7.532151135769549],[1.1213878690207075,7.532300113805821],[1.1215664190264258,7.53243226324703],[1.1217570890480346,7.532546311406313],[1.1219580428133789,7.532641159923251],[1.1221673450068248,7.532715895342257],[1.1223829799082226,7.532769797910104],[1.1226028708063682,7.532802348507958],[1.1228249000000001,7.532813233651065],[1.1230469291936316,7.532802348507958],[1.1232668200917773,7.5327697979101025],[1.1234824549931752,7.532715895342257],[1.1236917571866212,7.532641159923251],[1.123892710951965,7.532546311406311],[1.1240833809735735,7.5324322632470295],[1.1242619309792925,7.532300113805819],[1.1244266414253445,7.532151135769549],[1.1245759260568544,7.531986763894271],[1.1247083471844614,7.531808581187125],[1.1248226295299448,7.531618303660495],[1.1249176725074665,7.531417763805266],[1.1249925608222275,7.531208892942393],[1.1250465732844288,7.530993702622749],[1.125079189753761,7.530774265254372],[1.1250900961474877,7.530552694143783],[1.125079187464061,7.530331123143482]]]}},{"type":"Feature","properties":{"name":"Glidji","place":"suburb","source_place":"suburb","place_type":"suburb","sublocality_class":"suburb","runtime_type":"quartier","hierarchy_level":"sublocality","display_level":"quartier","geometry_role":"buffered_point","geometry_authority":"osm","geometry_preference":"polygon_over_point","reference_geometry":true,"sibling_clipped":true,"buffer_radius_m":250,"source_path":"overpass/sublocalities/togo-osm-sublocalities.geojson","trust_rank":20,"classification_contract":"hierachy.yaml","feature_role":"reference_extent","layer_source":"combined_sublocalities","@id":"node/3371080340","coverage":"combined_sublocality","source":"overpass/sublocalities/togo-osm-sublocalities.geojson","commune_official_code":null,"official_code":null},"geometry":{"type":"Polygon","coordinates":[[[1.603750521228485,6.250739663510315],[1.6036966515205207,6.250524462180839],[1.603621962078242,6.250315580813391],[1.6035271722229554,6.250115031041213],[1.6034131948501467,6.249924744257864],[1.6032811276371262,6.249746553017246],[1.603132242471288,6.249582173385573],[1.6029679732008468,6.249433188415198],[1.6027899018259917,6.249301032899472],[1.6025997432634511,6.249186979555409],[1.6023993288312297,6.249092126767225],[1.6021905886124999,6.249017388008748],[1.6019755328685161,6.248963483046566],[1.6017562326795136,6.248930931008601],[1.6015348,6.248920045384883],[1.6013133673204867,6.248930931008601],[1.601094067131484,6.248963483046566],[1.6008790113875002,6.249017388008748],[1.6006702711687706,6.249092126767225],[1.600469856736549,6.249186979555409],[1.6002796981740086,6.249301032899472],[1.6001016267991532,6.249433188415198],[1.5999373575287124,6.249582173385573],[1.599788472362874,6.249746553017246],[1.599656405149853,6.249924744257864],[1.5995424277770445,6.250115031041212],[1.5994476379217581,6.250315580813391],[1.5993729484794796,6.250524462180839],[1.5993190787715177,6.250739663510317],[1.5992865476167588,6.250959112301716],[1.5992756683342026,6.2511806951471085],[1.5992865457245298,6.251402278083886],[1.5993190750597788,6.251621727145924],[1.599372943090866,6.2518369289149],[1.5994476310633585,6.252045810873808],[1.599542419712418,6.252246361366684],[1.5996563961889187,6.252436648972273],[1.5997884628499988,6.2526148411050695],[1.5999373478294678,6.25277922166458],[1.6001016172862752,6.2529282075627926],[1.6002796892130762,6.253060363970701],[1.6004698486719215,6.253174418137002],[1.6006702643103683,6.253269271645883],[1.6008790059988887,6.253344010995821],[1.6010940634197437,6.253397916397501],[1.6013133654282579,6.253430468706104],[1.6015348,6.253441354421207],[1.6017562345717422,6.253430468706104],[1.6019755365802566,6.2533979163975015],[1.6021905940011114,6.253344010995821],[1.6023993356896316,6.253269271645883],[1.602599751328078,6.253174418137002],[1.6027899107869243,6.253060363970701],[1.6029679827137249,6.2529282075627926],[1.6031322521705322,6.252779221664579],[1.6032811371500018,6.25261484110507],[1.6034132038110813,6.252436648972272],[1.6035271802875821,6.252246361366684],[1.6036219689366413,6.252045810873807],[1.6036966569091347,6.2518369289149],[1.603750524940224,6.251621727145925],[1.6037830542754703,6.251402278083886],[1.6037939316657976,6.2511806951471085],[1.6037830523832413,6.2509591123017145],[1.603750521228485,6.250739663510315]]]}},{"type":"Feature","properties":{"name":"Xlétrivikodzi","place":"suburb","source_place":"suburb","place_type":"suburb","sublocality_class":"suburb","runtime_type":"quartier","hierarchy_level":"sublocality","display_level":"quartier","geometry_role":"buffered_point","geometry_authority":"osm","geometry_preference":"polygon_over_point","reference_geometry":true,"sibling_clipped":true,"buffer_radius_m":70.3,"source_path":"overpass/sublocalities/togo-osm-sublocalities.geojson","trust_rank":20,"classification_contract":"hierachy.yaml","feature_role":"reference_extent","layer_source":"combined_sublocalities","@id":"node/3382614189","coverage":"combined_sublocality","source":"overpass/sublocalities/togo-osm-sublocalities.geojson","commune_official_code":null,"official_code":null},"geometry":{"type":"Polygon","coordinates":[[[0.618073934611433,6.906573733759699],[0.6180587605141967,6.906513195835728],[0.6180377218011155,6.906454435753675],[0.6180110210883596,6.9063980194045],[0.6179789155198961,6.906344490107579],[0.6179417142910423,6.906294363378271],[0.617899775670662,6.9062481219632526],[0.617853503550827,6.906206211191462],[0.6178033435571144,6.906169034685374],[0.6177497787569869,6.906136950473938],[0.6176933250076202,6.906110267544613],[0.6176345259879588,6.906089242867689],[0.617573947962851,6.906074078921551],[0.6175121743296779,6.906064921742735],[0.6174498,6.906061859519543],[0.6173874256703223,6.906064921742735],[0.6173256520371491,6.906074078921551],[0.6172650740120411,6.906089242867688],[0.6172062749923799,6.906110267544613],[0.6171498212430133,6.906136950473938],[0.6170962564428858,6.906169034685374],[0.6170460964491731,6.906206211191462],[0.6169998243293382,6.9062481219632526],[0.6169578857089578,6.906294363378271],[0.6169206844801041,6.906344490107579],[0.6168885789116414,6.9063980194045],[0.6168618781988833,6.906454435753675],[0.6168408394858034,6.906513195835728],[0.6168256653885633,6.906573733759696],[0.6168165020441368,6.906635466512831],[0.6168134377028383,6.906697799575317],[0.6168165018783246,6.9067601326458],[0.6168256650633088,6.906821865422622],[0.6168408390136096,6.906882403385053],[0.6168618775978912,6.90694116351887],[0.6168885782049541,6.906997579931119],[0.6169206836948715,6.907051109299995],[0.6169578848753605,6.907101236107384],[0.616999823479412,6.907147477603601],[0.617046095615578,6.907189388456593],[0.6170962556576558,6.907226565040762],[0.6171498205363246,6.907258649324157],[0.6172062743913909,6.907285332316555],[0.617265073539847,6.9073063570452415],[0.617325651711896,6.907321521029843],[0.6173874255045099,6.90733067823234],[0.6174498,6.907333740463533],[0.6175121744954903,6.90733067823234],[0.6175739482881041,6.907321521029843],[0.6176345264601535,6.9073063570452415],[0.6176933256086091,6.907285332316554],[0.617749779463675,6.907258649324157],[0.6178033443423436,6.907226565040761],[0.6178535043844232,6.907189388456593],[0.6178997765205868,6.907147477603601],[0.617941715124639,6.907101236107383],[0.6179789163051264,6.907051109299996],[0.618011021795047,6.906997579931119],[0.6180377224021069,6.90694116351887],[0.6180587609863913,6.906882403385054],[0.6180739349366822,6.906821865422622],[0.6180830981216755,6.9067601326458],[0.6180861622971618,6.906697799575317],[0.6180830979558624,6.9066354665128324],[0.618073934611433,6.906573733759699]]]}},{"type":"Feature","properties":{"name":"Kpodzi","place":"suburb","source_place":"suburb","place_type":"suburb","sublocality_class":"suburb","runtime_type":"quartier","hierarchy_level":"sublocality","display_level":"quartier","geometry_role":"buffered_point","geometry_authority":"osm","geometry_preference":"polygon_over_point","reference_geometry":true,"sibling_clipped":true,"buffer_radius_m":250,"source_path":"overpass/sublocalities/togo-osm-sublocalities.geojson","trust_rank":20,"classification_contract":"hierachy.yaml","feature_role":"reference_extent","layer_source":"combined_sublocalities","@id":"node/3385148222","coverage":"combined_sublocality","source":"overpass/sublocalities/togo-osm-sublocalities.geojson","commune_official_code":null,"official_code":null},"geometry":{"type":"Polygon","coordinates":[[[0.6339447433270556,6.931114474991277],[0.6338908000471628,6.930899279538414],[0.6338160086456628,6.9306904038840615],[0.6337210894281508,6.9304898596055],[0.6336069565378752,6.930299578042241],[0.6334747091513077,6.930121391696615],[0.6333256208918941,6.929957016586284],[0.6331611275640476,6.929808035718587],[0.632982813325453,6.929675883845898],[0.6327923954308674,6.929561833648734],[0.6325917076943671,6.929466983479704],[0.6323826828292594,6.929392246786272],[0.6321673338357409,6.9293383433142015],[0.6319477346155135,6.929305792176373],[0.631726,6.929294906853714],[0.6315042653844866,6.929305792176373],[0.6312846661642592,6.9293383433142015],[0.6310693171707407,6.929392246786272],[0.6308602923056329,6.929466983479704],[0.6306596045691326,6.929561833648734],[0.630469186674547,6.929675883845898],[0.6302908724359524,6.929808035718587],[0.6301263791081059,6.929957016586284],[0.6299772908486924,6.930121391696615],[0.6298450434621239,6.930299578042242],[0.6297309105718502,6.9304898596055],[0.6296359913543372,6.9306904038840615],[0.6295611999528372,6.930899279538414],[0.6295072566729354,6.9311144749912765],[0.6294746810447539,6.931333917799826],[0.629463786818495,6.9315554946141855],[0.6294746789418079,6.931777071529968],[0.6295072525478556,6.931996514638898],[0.6295611939641493,6.932211710579546],[0.6296359837321879,6.9324205868903475],[0.6297309016091491,6.932621131968797],[0.6298450335032996,6.9328114144446396],[0.6299772802764637,6.932989601780476],[0.6301263683287557,6.933153977920594],[0.6302908618637242,6.933302959818077],[0.6304691767157259,6.933435112680981],[0.6306595956064293,6.933549163790728],[0.6308602846834804,6.933644014759644],[0.6310693111820548,6.9337187521095265],[0.6312846620391801,6.933772656069385],[0.6315042632815396,6.933805207507588],[0.631726,6.933816092931674],[0.6319477367184603,6.933805207507589],[0.6321673379608201,6.933772656069385],[0.6323826888179457,6.9337187521095265],[0.6325917153165193,6.933644014759645],[0.6327924043935703,6.933549163790727],[0.6329828232842742,6.933435112680981],[0.6331611381362758,6.933302959818077],[0.6333256316712431,6.933153977920593],[0.6334747197235389,6.932989601780477],[0.6336069664966996,6.93281141444464],[0.6337210983908518,6.932621131968797],[0.6338160162678124,6.9324205868903475],[0.6338908060358516,6.932211710579544],[0.633944747452139,6.931996514638898],[0.6339773210581922,6.931777071529968],[0.633988213181505,6.9315554946141855],[0.6339773189552492,6.931333917799825],[0.6339447433270556,6.931114474991277]]]}},{"type":"Feature","properties":{"name":"Nogo","place":"suburb","source_place":"suburb","place_type":"suburb","sublocality_class":"suburb","runtime_type":"quartier","hierarchy_level":"sublocality","display_level":"quartier","geometry_role":"buffered_point","geometry_authority":"osm","geometry_preference":"polygon_over_point","reference_geometry":true,"sibling_clipped":true,"buffer_radius_m":250,"source_path":"overpass/sublocalities/togo-osm-sublocalities.geojson","trust_rank":20,"classification_contract":"hierachy.yaml","feature_role":"reference_extent","layer_source":"combined_sublocalities","@id":"node/3385148698","coverage":"combined_sublocality","source":"overpass/sublocalities/togo-osm-sublocalities.geojson","commune_official_code":null,"official_code":null},"geometry":{"type":"Polygon","coordinates":[[[0.646885979689592,6.917492674749512],[0.6468320379588329,6.917277479173175],[0.6467572487042387,6.917068603398797],[0.6466623322106821,6.916868059004827],[0.6465482025951428,6.916677777331912],[0.6464159590025129,6.916499590883468],[0.6462668750196905,6.916335215678171],[0.6461023864099024,6.916186234724308],[0.6459240772853932,6.916054082775107],[0.6457336648516935,6.915940032511854],[0.6455329828703105,6.915845182287821],[0.6453239639991694,6.915770445551024],[0.6451086211807877,6.9157165420476625],[0.6448890282574513,6.9156839908909316],[0.6446673000000002,6.915673105561952],[0.6444455717425489,6.9156839908909316],[0.6442259788192125,6.9157165420476625],[0.6440106360008309,6.915770445551024],[0.6438016171296898,6.915845182287821],[0.6436009351483067,6.915940032511854],[0.643410522714607,6.916054082775107],[0.6432322135900979,6.916186234724308],[0.6430677249803097,6.916335215678171],[0.6429186409974873,6.916499590883468],[0.642786397404858,6.916677777331912],[0.6426722677893174,6.916868059004827],[0.6425773512957615,6.917068603398797],[0.6425025620411673,6.917277479173175],[0.6424486203104081,6.917492674749512],[0.6424160456186158,6.917712117683774],[0.6424051517069265,6.917933694624869],[0.6424160435199003,6.918155271667187],[0.6424486161936308,6.9183747149012325],[0.6425025560645349,6.918589910964383],[0.6425773436889514,6.918798787393912],[0.6426722588446552,6.918999332586183],[0.6427863874660827,6.919189615169869],[0.6429186304465383,6.919367802606561],[0.6430677142226556,6.9195321788395985],[0.6432322030391506,6.919681160821206],[0.6434105127758307,6.919813313758652],[0.6436009262036447,6.919927364932679],[0.6438016095228802,6.920022215955008],[0.6440106300241994,6.9200969533469525],[0.6442259747024367,6.920150857337134],[0.6444455696438347,6.920183408793644],[0.6446673000000002,6.92019429422385],[0.6448890303561655,6.920183408793644],[0.6451086252975633,6.920150857337134],[0.6453239699758008,6.920096953346952],[0.6455329904771206,6.920022215955009],[0.645733673796355,6.919927364932677],[0.6459240872241696,6.919813313758653],[0.6461023969608496,6.919681160821205],[0.6462668857773457,6.9195321788395985],[0.6464159695534604,6.919367802606561],[0.646548212533918,6.919189615169871],[0.646662341155346,6.918999332586183],[0.6467572563110489,6.918798787393912],[0.6468320439354664,6.918589910964384],[0.6468859838063603,6.918374714901232],[0.6469185564800999,6.918155271667187],[0.6469294482930737,6.917933694624869],[0.6469185543813916,6.917712117683774],[0.646885979689592,6.917492674749512]]]}},{"type":"Feature","properties":{"name":"Tsivé","place":"suburb","source_place":"suburb","place_type":"suburb","sublocality_class":"suburb","runtime_type":"quartier","hierarchy_level":"sublocality","display_level":"quartier","geometry_role":"buffered_point","geometry_authority":"osm","geometry_preference":"polygon_over_point","reference_geometry":true,"sibling_clipped":true,"buffer_radius_m":250,"source_path":"overpass/sublocalities/togo-osm-sublocalities.geojson","trust_rank":20,"classification_contract":"hierachy.yaml","feature_role":"reference_extent","layer_source":"combined_sublocalities","@id":"node/3385150961","coverage":"combined_sublocality","source":"overpass/sublocalities/togo-osm-sublocalities.geojson","commune_official_code":null,"official_code":null},"geometry":{"type":"Polygon","coordinates":[[[0.6452444333448958,6.928979574953352],[0.6451904903079938,6.928764379481122],[0.6451156992432547,6.928555503807943],[0.64502078045302,6.928354959511281],[0.6449066480764248,6.9281646779308215],[0.6447744012849721,6.927986491569069],[0.6446253136963819,6.92782211644384],[0.6444608211086099,6.927673135562629],[0.6442825076722117,6.927540983677936],[0.6440920906342203,6.927426933470408],[0.643891403800467,6.927332083292749],[0.6436823798755725,6.927257346592517],[0.6434670318506857,6.927203443115539],[0.643247433618188,6.927170891974746],[0.6430257,6.927160006651096],[0.642803966381812,6.927170891974746],[0.6425843681493144,6.927203443115539],[0.6423690201244274,6.927257346592517],[0.642159996199533,6.927332083292749],[0.6419593093657797,6.927426933470408],[0.6417688923277883,6.927540983677936],[0.64159057889139,6.927673135562629],[0.6414260863036181,6.92782211644384],[0.6412769987150279,6.927986491569069],[0.6411447519235756,6.928164677930821],[0.6410306195469794,6.92835495951128],[0.6409357007567452,6.928555503807943],[0.6408609096920062,6.928764379481122],[0.6408069666551026,6.928979574953352],[0.6407743911738073,6.92919901778162],[0.6407634969968883,6.92942059461586],[0.6407743890715172,6.929642171551491],[0.6408069625313249,6.929861614680043],[0.6408609037052092,6.930076810639908],[0.6409356931369969,6.930285686969332],[0.6410306105871043,6.930486232065635],[0.6411447419678968,6.930676514558393],[0.6412769881461358,6.930854701910049],[0.6414260755276675,6.931019078064743],[0.6415905683224967,6.931168059975421],[0.6417688823721098,6.931300212850016],[0.6419593004059049,6.931414263969847],[0.6421599885797853,6.931509114947141],[0.6423690141376309,6.931583852303621],[0.6425843640255368,6.931637756268234],[0.6428039642795285,6.931670307709312],[0.6430257,6.931681193134356],[0.6432474357204716,6.931670307709312],[0.6434670359744634,6.931637756268234],[0.6436823858623695,6.931583852303622],[0.6438914114202148,6.931509114947142],[0.6440920995940946,6.931414263969846],[0.6442825176278896,6.931300212850016],[0.6444608316775038,6.931168059975419],[0.6446253244723323,6.931019078064743],[0.6447744118538644,6.930854701910049],[0.6449066580321038,6.930676514558394],[0.6450207894128951,6.9304862320656335],[0.6451157068630011,6.930285686969332],[0.6451904962947942,6.930076810639906],[0.6452444374686716,6.929861614680042],[0.6452770109284828,6.929642171551491],[0.6452879030031118,6.92942059461586],[0.6452770088261959,6.92919901778162],[0.6452444333448958,6.928979574953352]]]}},{"type":"Feature","properties":{"name":"Tsihinu","place":"quarter","source_place":"quarter","place_type":"quarter","sublocality_class":"quarter","runtime_type":"quartier","hierarchy_level":"sublocality","display_level":"quartier","geometry_role":"buffered_point","geometry_authority":"osm","geometry_preference":"polygon_over_point","reference_geometry":true,"sibling_clipped":true,"buffer_radius_m":137,"source_path":"overpass/sublocalities/togo-osm-sublocalities.geojson","trust_rank":20,"classification_contract":"hierachy.yaml","feature_role":"reference_extent","layer_source":"combined_sublocalities","@id":"node/3385151841","coverage":"combined_sublocality","source":"overpass/sublocalities/togo-osm-sublocalities.geojson","commune_official_code":null,"official_code":null},"geometry":{"type":"Polygon","coordinates":[[[0.6414349737562814,6.909747647775054],[0.6414054178868596,6.909629734361689],[0.6413644390796016,6.909515283772976],[0.6413124319898619,6.909405398227821],[0.641249897480117,6.909301135980643],[0.6411774377961706,6.909203501129949],[0.6410957507670352,6.909113433948455],[0.6410056230843454,6.9090318018279175],[0.6409079227260628,6.908959390925841],[0.640803590597402,6.908896898594533],[0.6406936314695023,6.908844926665372],[0.6405791043030986,6.908803975653002],[0.640461112050372,6.908774439935227],[0.6403407910331871,6.908756603955053],[0.6402193,6.908750639481428],[0.6400978089668131,6.908756603955053],[0.6399774879496282,6.908774439935227],[0.6398594956969016,6.908803975653002],[0.6397449685304979,6.908844926665372],[0.6396350094025982,6.908896898594533],[0.6395306772739374,6.908959390925841],[0.6394329769156548,6.9090318018279175],[0.6393428492329649,6.909113433948455],[0.6392611622038294,6.909203501129949],[0.6391887025198836,6.909301135980643],[0.6391261680101382,6.909405398227821],[0.6390741609203971,6.909515283772976],[0.6390331821131406,6.909629734361689],[0.6390036262437205,6.909747647775053],[0.6389857779593487,6.909867888444543],[0.6389798091574771,6.909989298388076],[0.6389857773299888,6.910110708361968],[0.6390036250091831,6.910230949121358],[0.6390331803208681,6.910348862680712],[0.6390741586392664,6.9104633134658915],[0.63912616532781,6.9105731992504476],[0.6391886995394432,6.910677461770751],[0.6392611590398095,6.910775096917805],[0.639342846006958,6.910865164407504],[0.6394329737516335,6.910946796836249],[0.6395306742934941,6.911019208034682],[0.6396350067202705,6.911081700639118],[0.6397449662493654,6.911133672807677],[0.6398594939046275,6.911174624016517],[0.6399774867150881,6.911204159880281],[0.6400978083374501,6.9112219959503545],[0.6402193,6.911227960454335],[0.6403407916625501,6.9112219959503545],[0.6404611132849118,6.911204159880281],[0.6405791060953729,6.9111746240165175],[0.6406936337506345,6.911133672807677],[0.6408035932797292,6.911081700639118],[0.6409079257065061,6.911019208034682],[0.6410056262483667,6.910946796836246],[0.6410957539930424,6.910865164407503],[0.6411774409601914,6.910775096917805],[0.6412499004605575,6.910677461770751],[0.6413124346721893,6.9105731992504476],[0.6413644413607346,6.910463313465892],[0.6414054196791359,6.910348862680713],[0.6414349749908169,6.910230949121357],[0.6414528226700114,6.910110708361968],[0.641458790842523,6.909989298388076],[0.6414528220406481,6.909867888444542],[0.6414349737562814,6.909747647775054]]]}},{"type":"Feature","properties":{"name":"Agbassiandjinu","place":"suburb","source_place":"suburb","place_type":"suburb","sublocality_class":"suburb","runtime_type":"quartier","hierarchy_level":"sublocality","display_level":"quartier","geometry_role":"buffered_point","geometry_authority":"osm","geometry_preference":"polygon_over_point","reference_geometry":true,"sibling_clipped":true,"buffer_radius_m":85.3,"source_path":"overpass/sublocalities/togo-osm-sublocalities.geojson","trust_rank":20,"classification_contract":"hierachy.yaml","feature_role":"reference_extent","layer_source":"combined_sublocalities","@id":"node/3385151917","coverage":"combined_sublocality","source":"overpass/sublocalities/togo-osm-sublocalities.geojson","commune_official_code":null,"official_code":null},"geometry":{"type":"Polygon","coordinates":[[[0.6324420891682069,6.912479547055268],[0.6324236753368758,6.9124060850430835],[0.6323981447791076,6.912334780421661],[0.6323657433708608,6.912266319892389],[0.6323267831576528,6.9122013627662495],[0.6322816393493051,6.9121405346143465],[0.6322307467063925,6.912084421243382],[0.6321745953532354,6.9120335630540675],[0.6321137260577111,6.911988449836845],[0.6320487250233873,6.911949516055001],[0.6319802182440881,6.911917136660611],[0.6319088654753059,6.911891623483603],[0.6318353538804752,6.911873222228725],[0.6317603914133219,6.9118621101093],[0.6316847,6.911858394140611],[0.6316090085866781,6.9118621101093],[0.6315340461195248,6.911873222228725],[0.6314605345246943,6.911891623483603],[0.6313891817559119,6.911917136660611],[0.6313206749766127,6.911949516055001],[0.6312556739422889,6.911988449836845],[0.6311948046467646,6.9120335630540675],[0.6311386532936067,6.912084421243382],[0.6310877606506948,6.9121405346143465],[0.631042616842345,6.91220136276625],[0.6310036566291393,6.912266319892389],[0.6309712552208924,6.912334780421661],[0.6309457246631242,6.9124060850430835],[0.630927310831793,6.912479547055268],[0.6309161910652669,6.912554458979697],[0.6309124724563885,6.912630099374092],[0.6309161908208958,6.912705739780274],[0.6309273103524164,6.912780651739611],[0.6309457239671785,6.912854113808485],[0.6309712543351262,6.912925418506195],[0.6310036555875892,6.9129938791284244],[0.6310426156850355,6.91305883636062],[0.6310877594221012,6.9131196646275965],[0.6311386520409439,6.913175778118238],[0.6311948034181706,6.913226636427229],[0.6312556727849769,6.913271749759529],[0.6313206739350609,6.913310683647428],[0.6313891808701442,6.913343063134777],[0.6314605338287514,6.913368576388073],[0.6315340456401509,6.913386977699639],[0.6316090083422954,6.913398089853972],[0.6316847,6.913401805834447],[0.6317603916577046,6.913398089853972],[0.6318353543598488,6.9133869776996395],[0.631908866171249,6.9133685763880734],[0.6319802191298559,6.913343063134778],[0.6320487260649391,6.913310683647428],[0.6321137272150231,6.91327174975953],[0.6321745965818294,6.913226636427228],[0.632230747959056,6.913175778118237],[0.6322816405778983,6.9131196646275965],[0.6323267843149653,6.913058836360619],[0.6323657444124117,6.9129938791284244],[0.6323981456648738,6.912925418506195],[0.6324236760328192,6.9128541138084865],[0.632442089647589,6.912780651739612],[0.6324532091791042,6.912705739780274],[0.6324569275436115,6.912630099374092],[0.6324532089347269,6.912554458979698],[0.6324420891682069,6.912479547055268]]]}},{"type":"Feature","properties":{"name":"Numetukodzi","place":"quarter","source_place":"quarter","place_type":"quarter","sublocality_class":"quarter","runtime_type":"quartier","hierarchy_level":"sublocality","display_level":"quartier","geometry_role":"buffered_point","geometry_authority":"osm","geometry_preference":"polygon_over_point","reference_geometry":true,"sibling_clipped":true,"buffer_radius_m":75.4,"source_path":"overpass/sublocalities/togo-osm-sublocalities.geojson","trust_rank":20,"classification_contract":"hierachy.yaml","feature_role":"reference_extent","layer_source":"combined_sublocalities","@id":"node/3385152624","coverage":"combined_sublocality","source":"overpass/sublocalities/togo-osm-sublocalities.geojson","commune_official_code":null,"official_code":null},"geometry":{"type":"Polygon","coordinates":[[[0.6385022031529736,6.908481395369999],[0.6384859357647119,6.908416495990004],[0.6384633812189753,6.908353502537141],[0.6384347567305044,6.908293021671939],[0.6384003379705159,6.90823563585715],[0.6383604564117886,6.90818189774835],[0.6383154961363283,6.908132324871609],[0.6382658901364425,6.908087394639486],[0.6382121161447545,6.908047539753331],[0.6381546920333977,6.908013144036197],[0.6380941708266583,6.907984538736447],[0.638031135375089,6.9079619993377115],[0.6379661927424164,6.90794574290587],[0.637899968359263,6.907935925998604],[0.6378331,6.90793264315771],[0.6377662316407371,6.907935925998604],[0.6377000072575837,6.90794574290587],[0.637635064624911,6.9079619993377115],[0.6375720291733419,6.907984538736447],[0.6375115079666024,6.908013144036197],[0.6374540838552457,6.908047539753331],[0.6374003098635577,6.908087394639486],[0.6373507038636719,6.908132324871609],[0.6373057435882116,6.90818189774835],[0.6372658620294832,6.90823563585715],[0.6372314432694957,6.908293021671939],[0.6372028187810247,6.908353502537141],[0.6371802642352883,6.908416495990004],[0.6371639968470284,6.90848139537],[0.6371541732825096,6.908547575661257],[0.637150888150681,6.9086143995117855],[0.6371541730918928,6.908681223371511],[0.6371639964731098,6.908747403689996],[0.6371802636924502,6.908812303114208],[0.6372028180901241,6.9088752966265785],[0.6372314424570796,6.908935777564286],[0.6372658611267755,6.9089931634617985],[0.6373057426299056,6.909046901660361],[0.6373507028865872,6.909096474630449],[0.6374003089052482,6.909141404955922],[0.6374540829525394,6.909181259931834],[0.6375115071541874,6.909215655731695],[0.6375720284824411,6.909244261103953],[0.6376350640820734,6.909266800562193],[0.6377000068836702,6.9092830570382535],[0.6377662314501178,6.909292873972748],[0.6378331,6.909296156822838],[0.6378999685498823,6.909292873972748],[0.6379661931163298,6.9092830570382535],[0.638031135917927,6.909266800562193],[0.6380941715175596,6.909244261103954],[0.6381546928458129,6.909215655731696],[0.6382121170474606,6.909181259931835],[0.6382658910947522,6.909141404955921],[0.6383154971134142,6.90909647463045],[0.6383604573700952,6.909046901660361],[0.6384003388732238,6.9089931634617985],[0.6384347575429212,6.908935777564287],[0.6384633819098771,6.908875296626577],[0.6384859363075508,6.908812303114209],[0.6385022035268867,6.908747403689997],[0.6385120269081074,6.908681223371511],[0.6385153118493191,6.9086143995117855],[0.6385120267174884,6.908547575661258],[0.6385022031529736,6.908481395369999]]]}},{"type":"Feature","properties":{"name":"Djama","place":"suburb","source_place":"suburb","place_type":"suburb","sublocality_class":"suburb","runtime_type":"quartier","hierarchy_level":"sublocality","display_level":"quartier","geometry_role":"buffered_point","geometry_authority":"osm","geometry_preference":"polygon_over_point","reference_geometry":true,"sibling_clipped":true,"buffer_radius_m":143,"source_path":"overpass/sublocalities/togo-osm-sublocalities.geojson","trust_rank":20,"classification_contract":"hierachy.yaml","feature_role":"reference_extent","layer_source":"combined_sublocalities","@id":"node/3430759196","coverage":"combined_sublocality","source":"overpass/sublocalities/togo-osm-sublocalities.geojson","commune_official_code":null,"official_code":null},"geometry":{"type":"Polygon","coordinates":[[[1.1251651249428385,7.535321198017718],[1.125134235470162,7.535198137005367],[1.1250914076609826,7.535078689993868],[1.1250370539788954,7.534964007319878],[1.1249716978864481,7.5348551934361385],[1.1248959688036502,7.5347532962751576],[1.1248105960461101,7.534659297157224],[1.1247164018012175,7.53457410133995],[1.1246142932099779,7.534498529300358],[1.124505253630793,7.534433308833424],[1.1243903331693101,7.534379068043219],[1.1242706385655148,7.534336329294116],[1.1241473225354932,7.534305504180259],[1.1240215726704659,7.534286889561847],[1.1238946,7.534280664706297],[1.1237676273295345,7.534286889561847],[1.123641877464507,7.534305504180259],[1.1235185614344854,7.534336329294114],[1.12339886683069,7.534379068043219],[1.1232839463692075,7.534433308833424],[1.1231749067900227,7.534498529300358],[1.123072798198783,7.53457410133995],[1.1229786039538903,7.534659297157224],[1.1228932311963502,7.5347532962751576],[1.1228175021135522,7.5348551934361385],[1.122752146021105,7.534964007319878],[1.1226977923390178,7.535078689993868],[1.1226549645298383,7.535198137005367],[1.1226240750571572,7.535321198017718],[1.1226054214130536,7.535446687888603],[1.1225991832526736,7.535573398083503],[1.1226054206637175,7.535700108314497],[1.1226240735872866,7.535825598292278],[1.1226549623959288,7.53594865947821],[1.1226977896230645,7.536068106723313],[1.122752142827481,7.536182789681954],[1.1228174985649875,7.536291603890445],[1.1228932274292172,7.536393501403805],[1.1229786001129498,7.5364875008881995],[1.1230727944316465,7.536572697071928],[1.1231749032414586,7.536648269463898],[1.1232839431755828,7.536713490255586],[1.1233988641147372,7.536767731330435],[1.1235185593005752,7.536810470313146],[1.1236418759946434,7.536841295600589],[1.1237676265802048,7.536859910325891],[1.1238946,7.536866135217534],[1.1240215734197958,7.536859910325891],[1.1241473240053568,7.536841295600589],[1.124270640699425,7.536810470313146],[1.1243903358852636,7.5367677313304355],[1.1245052568244176,7.536713490255586],[1.1246142967585415,7.536648269463898],[1.124716405568353,7.536572697071926],[1.1248105998870486,7.5364875008881995],[1.1248959725707859,7.536393501403803],[1.1249717014350125,7.536291603890445],[1.1250370571725197,7.536182789681954],[1.1250914103769356,7.536068106723315],[1.1251342376040765,7.535948659478213],[1.1251651264127072,7.535825598292278],[1.1251837793362829,7.535700108314497],[1.1251900167473265,7.535573398083503],[1.125183778586951,7.5354466878886015],[1.1251651249428385,7.535321198017718]]]}},{"type":"Feature","properties":{"name":"Gnagna","place":"suburb","source_place":"suburb","place_type":"suburb","sublocality_class":"suburb","runtime_type":"quartier","hierarchy_level":"sublocality","display_level":"quartier","geometry_role":"buffered_point","geometry_authority":"osm","geometry_preference":"polygon_over_point","reference_geometry":true,"sibling_clipped":true,"buffer_radius_m":140.7,"source_path":"overpass/sublocalities/togo-osm-sublocalities.geojson","trust_rank":20,"classification_contract":"hierachy.yaml","feature_role":"reference_extent","layer_source":"combined_sublocalities","@id":"node/3430759197","coverage":"combined_sublocality","source":"overpass/sublocalities/togo-osm-sublocalities.geojson","commune_official_code":null,"official_code":null},"geometry":{"type":"Polygon","coordinates":[[[1.1280607445272723,7.527130939600559],[1.1280303384003696,7.527009801852549],[1.1279881807403649,7.526892221623288],[1.1279346775566852,7.526779331271406],[1.1278703441208815,7.526672217988736],[1.1277958000040653,7.526571913330215],[1.1277117631098728,7.526479383279628],[1.1276190427605615,7.526395518946837],[1.1275185319027528,7.5263211279861055],[1.1274111985079058,7.526256926818137],[1.1272980762503395,7.526203533730755],[1.1271802545525769,7.526161462924607],[1.127058868093863,7.526131119561304],[1.126935085882899,7.526112795861594],[1.1268101,7.526106668291244],[1.126685114117101,7.526112795861594],[1.1265613319061372,7.526131119561304],[1.126439945447423,7.526161462924607],[1.1263221237496603,7.526203533730755],[1.126209001492094,7.526256926818137],[1.126101668097247,7.5263211279861055],[1.126001157239439,7.526395518946838],[1.125908436890127,7.526479383279628],[1.1258243999959345,7.526571913330215],[1.1257498558791184,7.526672217988736],[1.1256855224433147,7.526779331271406],[1.1256320192596294,7.526892221623286],[1.1255898615996303,7.527009801852549],[1.1255594554727244,7.527130939600559],[1.1255410937158055,7.5272544682470075],[1.1255349531726604,7.5273791981449865],[1.1255410929905245,7.5275039280779],[1.1255594540500409,7.52762745682781],[1.1255898595342126,7.527748594743836],[1.1256320166308538,7.527866175199207],[1.1256855193522006,7.527979065826606],[1.125749852444454,7.528086179423613],[1.1258243963497172,7.528186484423203],[1.1259084331724734,7.528279014828493],[1.1260011535932186,7.5283628795159885],[1.1261016646625837,7.528437270817794],[1.1262089984009787,7.528501472300097],[1.1263221211208827,7.528554865662995],[1.1264399433820051,7.528596936695254],[1.1265613304834527,7.5286272802265755],[1.1266851133918232,7.5286456040297445],[1.1268101,7.5286517316350325],[1.1269350866081767,7.528645604029746],[1.1270588695165473,7.5286272802265755],[1.1271802566179947,7.528596936695256],[1.127298078879117,7.528554865662995],[1.1274112015990203,7.528501472300095],[1.1275185353374166,7.528437270817794],[1.1276190464067812,7.5283628795159885],[1.1277117668275258,7.528279014828494],[1.1277958036502842,7.528186484423203],[1.1278703475555454,7.528086179423611],[1.127934680647801,7.527979065826606],[1.1279881833691463,7.527866175199207],[1.1280303404657877,7.527748594743836],[1.1280607459499614,7.52762745682781],[1.1280791070094753,7.5275039280779],[1.1280852468273395,7.5273791981449865],[1.1280791062841984,7.527254468247004],[1.1280607445272723,7.527130939600559]]]}},{"type":"Feature","properties":{"name":"Sada","place":"suburb","source_place":"suburb","place_type":"suburb","sublocality_class":"suburb","runtime_type":"quartier","hierarchy_level":"sublocality","display_level":"quartier","geometry_role":"buffered_point","geometry_authority":"osm","geometry_preference":"polygon_over_point","reference_geometry":true,"sibling_clipped":true,"buffer_radius_m":250,"source_path":"overpass/sublocalities/togo-osm-sublocalities.geojson","trust_rank":20,"classification_contract":"hierachy.yaml","feature_role":"reference_extent","layer_source":"combined_sublocalities","@id":"node/3430759774","coverage":"combined_sublocality","source":"overpass/sublocalities/togo-osm-sublocalities.geojson","commune_official_code":null,"official_code":null},"geometry":{"type":"Polygon","coordinates":[[[1.148313405200998,7.537258386239945],[1.1482593898235012,7.537043196521048],[1.1481844985020144,7.536834326440362],[1.1480894525065453,7.536633787520652],[1.1479751672030145,7.536443511048807],[1.1478427432369949,7.53626532947696],[1.1476934559332865,7.536100958775537],[1.1475287430134817,7.535951981908108],[1.1473501907497823,7.535819833587207],[1.1471595186884673,7.535705786457886],[1.1469585630900854,7.535610938842048],[1.1467492592458663,7.535536204161548],[1.1465336228406167,7.535482302141928],[1.1463137305415552,7.535449751881461],[1.1460917,7.53543886685224],[1.145869669458445,7.535449751881461],[1.1456497771593834,7.535482302141928],[1.1454341407541337,7.535536204161548],[1.1452248369099147,7.535610938842048],[1.1450238813115325,7.535705786457886],[1.1448332092502178,7.535819833587207],[1.1446546569865184,7.535951981908108],[1.1444899440667133,7.536100958775537],[1.1443406567630052,7.53626532947696],[1.1442082327969854,7.536443511048807],[1.1440939474934535,7.5366337875206515],[1.1439989014979854,7.536834326440362],[1.143924010176499,7.537043196521048],[1.1438699947990008,7.5372583862399445],[1.1438373755923363,7.5374778232100725],[1.1438264667290308,7.537699394138162],[1.1438373733004041,7.537920965176646],[1.1438699903032177,7.538140402473721],[1.1439240036496325,7.538355592723544],[1.1439988931908582,7.538564463518739],[1.1440939377253039,7.53876500330908],[1.144208221943199,7.538955280774221],[1.1443406452406872,7.539133463423857],[1.1444899323186595,7.539297835246145],[1.1446546454642015,7.539446813234439],[1.144833198396431,7.539578962633131],[1.145023871543383,7.539693010755748],[1.1452248286027857,7.539787859242219],[1.1454341342272643,7.5398625946372295],[1.1456497726635981,7.539916497187776],[1.1458696671665132,7.539949047775188],[1.1460917,7.539959932914805],[1.146313732833487,7.539949047775188],[1.1465336273364017,7.539916497187776],[1.1467492657727358,7.539862594637231],[1.1469585713972137,7.539787859242218],[1.1471595284566167,7.53969301075575],[1.1473502016035684,7.539578962633131],[1.1475287545357988,7.539446813234439],[1.1476934676813397,7.539297835246145],[1.1478427547593102,7.539133463423856],[1.1479751780568004,7.538955280774221],[1.148089462274695,7.53876500330908],[1.1481845068091419,7.538564463518739],[1.1482593963503673,7.538355592723542],[1.148313409696781,7.5381404024737195],[1.1483460266995957,7.537920965176646],[1.148356933270969,7.537699394138162],[1.1483460244076666,7.53747782321007],[1.148313405200998,7.537258386239945]]]}},{"type":"Feature","properties":{"name":"Hové","place":"suburb","source_place":"suburb","place_type":"suburb","sublocality_class":"suburb","runtime_type":"quartier","hierarchy_level":"sublocality","display_level":"quartier","geometry_role":"buffered_point","geometry_authority":"osm","geometry_preference":"polygon_over_point","reference_geometry":true,"sibling_clipped":true,"buffer_radius_m":250,"source_path":"overpass/sublocalities/togo-osm-sublocalities.geojson","trust_rank":20,"classification_contract":"hierachy.yaml","feature_role":"reference_extent","layer_source":"combined_sublocalities","@id":"node/4116848989","coverage":"combined_sublocality","source":"overpass/sublocalities/togo-osm-sublocalities.geojson","commune_official_code":null,"official_code":null},"geometry":{"type":"Polygon","coordinates":[[[1.2794839224550838,6.428738713679496],[1.2794513801312613,6.428519266392968],[1.2793974919471378,6.428304066541732],[1.2793227769002369,6.42809518661148],[1.2792279545590652,6.427894638221364],[1.2791139381324743,6.427704352751338],[1.2789818256742544,6.427526162742313],[1.2788328895077714,6.427361784248278],[1.2786685639724804,6.427212800310242],[1.2784904316103471,6.427080645711231],[1.2783002079252193,6.426966593159068],[1.2780997248618873,6.426871741029998],[1.2778909131639768,6.426797002791204],[1.277675783780511,6.426743098204026],[1.2774564085002131,6.426710546392593],[1.2772349,6.426699660844642],[1.277013391499787,6.426710546392593],[1.2767940162194888,6.426743098204026],[1.2765788868360233,6.426797002791204],[1.2763700751381126,6.426871741029998],[1.2761695920747806,6.426966593159068],[1.2759793683896528,6.427080645711231],[1.2758012360275197,6.427212800310242],[1.2756369104922285,6.427361784248278],[1.2754879743257455,6.427526162742313],[1.2753558618675251,6.427704352751336],[1.2752418454409367,6.427894638221365],[1.2751470230997632,6.42809518661148],[1.2750723080528623,6.428304066541732],[1.2750184198687378,6.428519266392968],[1.274985877544924,6.428738713679496],[1.2749749945087165,6.4289602950079905],[1.2749858755977688,6.4291818764304915],[1.2750184160492632,6.429401323995419],[1.2750723025078394,6.429616524298756],[1.27514701604229,6.429825404837435],[1.2752418371422236,6.4300259539689195],[1.275355852646491,6.43021624028477],[1.2754879645367467,6.430394431211563],[1.2756369005114518,6.430558810660047],[1.2758012262385199,6.430707795552533],[1.275979359168618,6.430839951069311],[1.2761695837760691,6.430954004467297],[1.2763700680806371,6.431048857337737],[1.2765788812910008,6.431123596184954],[1.276794012400011,6.431177501224234],[1.277013389552634,6.43121005331407],[1.2772349,6.4312209389560255],[1.277456410447366,6.43121005331407],[1.2776757875999891,6.431177501224234],[1.2778909187089993,6.431123596184954],[1.2780997319193623,6.431048857337738],[1.2783002162239305,6.430954004467297],[1.2784904408313826,6.430839951069311],[1.2786685737614785,6.430707795552532],[1.278832899488549,6.430558810660047],[1.2789818354632536,6.430394431211563],[1.2791139473535094,6.4302162402847705],[1.2792279628577747,6.430025953968918],[1.2793227839577095,6.429825404837435],[1.2793974974921625,6.4296165242987575],[1.2794513839507324,6.429401323995421],[1.2794839244022311,6.4291818764304915],[1.2794948054912834,6.4289602950079905],[1.2794839224550838,6.428738713679496]]]}},{"type":"Feature","properties":{"name":"Datcha Campment","place":"neighbourhood","source_place":"neighbourhood","place_type":"neighbourhood","sublocality_class":"neighbourhood","runtime_type":"neighborhood","hierarchy_level":"sublocality","display_level":"quartier","geometry_role":"buffered_point","geometry_authority":"osm","geometry_preference":"polygon_over_point","reference_geometry":true,"sibling_clipped":true,"buffer_radius_m":250,"source_path":"overpass/sublocalities/togo-osm-sublocalities.geojson","trust_rank":20,"classification_contract":"hierachy.yaml","feature_role":"reference_extent","layer_source":"combined_sublocalities","@id":"node/4343616959","coverage":"combined_sublocality","source":"overpass/sublocalities/togo-osm-sublocalities.geojson","commune_official_code":null,"official_code":null},"geometry":{"type":"Polygon","coordinates":[[[1.1641143333176516,7.441899922325052],[1.1640817212312145,7.441680484402613],[1.1640277176339846,7.441465293748487],[1.163952842638993,7.441256422758759],[1.1638578173586591,7.4410558829650855],[1.1637435569591472,7.440865605662923],[1.1636111618459792,7.440687423312595],[1.163461907065969,7.440523051892215],[1.1632972300274338,7.440374074372489],[1.1631187166570716,7.4402419254724395],[1.1629280861267173,7.440127877842894],[1.16272717429716,7.440033029810757],[1.162517916038384,7.4399582948020555],[1.1623023265965182,7.439904392545619],[1.1620824821868798,7.439871842142104],[1.1618605,7.439860957065041],[1.16163851781312,7.439871842142104],[1.161418673403482,7.439904392545619],[1.1612030839616159,7.4399582948020555],[1.1609938257028398,7.440033029810757],[1.1607929138732829,7.440127877842894],[1.1606022833429284,7.4402419254724395],[1.1604237699725661,7.440374074372489],[1.160259092934031,7.440523051892215],[1.1601098381540207,7.440687423312595],[1.159977443040853,7.440865605662923],[1.159863182641341,7.4410558829650855],[1.159768157361007,7.441256422758759],[1.1596932823660155,7.441465293748487],[1.1596392787687904,7.441680484402611],[1.159606666682356,7.441899922325053],[1.1595957602102336,7.442121494213303],[1.1596066644203038,7.442343066210538],[1.159639274331627,7.442562504455728],[1.159693275924248,7.44277769563397],[1.1597681491621934,7.442986567329042],[1.1598631730005495,7.4431871079821805],[1.1599774323285803,7.443377386264894],[1.160109826781932,7.443555569679188],[1.1602590813391536,7.443719942206055],[1.1604237586004778,7.4438689208322675],[1.1606022726306553,7.444001070796283],[1.1607929042324916,7.444115119406382],[1.1609938175040213,7.444209968297983],[1.161203077519846,7.44428470401203],[1.1614186689663133,7.4443386067925825],[1.1616385155510711,7.444371157518847],[1.1618605,7.444382042704891],[1.1620824844489288,7.444371157518847],[1.1623023310336864,7.444338606792582],[1.1625179224801538,7.44428470401203],[1.1627271824959782,7.444209968297983],[1.1629280957675088,7.4441151194063835],[1.1631187273693442,7.444001070796282],[1.1632972413995222,7.4438689208322675],[1.1634619186608466,7.443719942206054],[1.163611173218068,7.443555569679188],[1.1637435676714192,7.4433773862648955],[1.1638578269994506,7.4431871079821805],[1.163952850837806,7.442986567329042],[1.1640277240757513,7.44277769563397],[1.1640817256683744,7.442562504455727],[1.1641143355796963,7.442343066210538],[1.1641252397897663,7.442121494213303],[1.1641143333176516,7.441899922325052]]]}},{"type":"Feature","properties":{"name":"Agbonou","place":"suburb","source_place":"suburb","place_type":"suburb","sublocality_class":"suburb","runtime_type":"quartier","hierarchy_level":"sublocality","display_level":"quartier","geometry_role":"buffered_point","geometry_authority":"osm","geometry_preference":"polygon_over_point","reference_geometry":true,"sibling_clipped":true,"buffer_radius_m":80.5,"source_path":"overpass/sublocalities/togo-osm-sublocalities.geojson","trust_rank":20,"classification_contract":"hierachy.yaml","feature_role":"reference_extent","layer_source":"combined_sublocalities","@id":"node/4393357027","coverage":"combined_sublocality","source":"overpass/sublocalities/togo-osm-sublocalities.geojson","commune_official_code":null,"official_code":null},"geometry":{"type":"Polygon","coordinates":[[[1.151105758624323,7.515929034215567],[1.151088359353313,7.51585971350469],[1.1510642354727383,7.51579242856546],[1.1510336193114294,7.515727827387552],[1.150996805721915,7.5156665321143326],[1.1509541492408109,7.515609133051309],[1.1509060606743435,7.51555618298123],[1.1508530031420312,7.515508191840542],[1.1507954876165782,7.5154656218085005],[1.1507340680029405,7.515428882856174],[1.1506693358039548,7.51539832879828],[1.1506019144239061,7.515374253885805],[1.1505324531648897,7.515356889972247],[1.1504616209737752,7.515346404280793],[1.1503901,7.515342897793901],[1.1503185790262251,7.515346404280793],[1.1502477468351107,7.515356889972247],[1.150178285576094,7.5153742538858035],[1.1501108641960456,7.51539832879828],[1.1500461319970599,7.515428882856174],[1.1499847123834221,7.5154656218085005],[1.1499271968579698,7.515508191840544],[1.1498741393256569,7.51555618298123],[1.1498260507591893,7.515609133051309],[1.1497833942780853,7.5156665321143326],[1.149746580688573,7.515727827387554],[1.1497159645272614,7.51579242856546],[1.1496918406466874,7.51585971350469],[1.1496744413756759,7.515929034215567],[1.149663934281733,7.515999723102537],[1.1496604205572096,7.516071099393466],[1.1496639340445962,7.516142475695818],[1.1496744409105153,7.5162131646166195],[1.149691839971381,7.516282485382428],[1.1497159636677525,7.516349770395592],[1.1497465796779014,7.516414371663584],[1.1497833931550883,7.516475667039578],[1.1498260495670218,7.516533066214124],[1.1498741381101347,7.516586016400181],[1.1499271956658017,7.516634007656845],[1.1499847112604236,7.5166765778004105],[1.1500461309863894,7.516713316855509],[1.150110863336541,7.516743871003488],[1.1501782849007842,7.516767945989899],[1.1502477463699494,7.516785309958394],[1.1503185787890882,7.516795795683675],[1.1503901,7.516799302181988],[1.1504616212109124,7.516795795683675],[1.150532453630051,7.516785309958394],[1.1506019150992157,7.516767945989897],[1.1506693366634595,7.516743871003488],[1.1507340690136107,7.51671331685551],[1.1507954887395764,7.516676577800409],[1.1508530043341987,7.516634007656845],[1.1509060618898659,7.516586016400181],[1.1509541504329788,7.516533066214124],[1.1509968068449117,7.51647566703958],[1.1510336203221008,7.516414371663584],[1.1510642363322472,7.516349770395592],[1.1510883600286221,7.516282485382428],[1.151105759089484,7.516213164616618],[1.1511162659554042,7.516142475695818],[1.1511197794427908,7.516071099393466],[1.1511162657182574,7.515999723102537],[1.151105758624323,7.515929034215567]]]}},{"type":"Feature","properties":{"name":"Adamavo","place":"neighbourhood","source_place":"neighbourhood","place_type":"neighbourhood","sublocality_class":"neighbourhood","runtime_type":"neighborhood","hierarchy_level":"sublocality","display_level":"quartier","geometry_role":"buffered_point","geometry_authority":"osm","geometry_preference":"polygon_over_point","reference_geometry":true,"sibling_clipped":true,"buffer_radius_m":250,"source_path":"overpass/sublocalities/togo-osm-sublocalities.geojson","trust_rank":20,"classification_contract":"hierachy.yaml","feature_role":"reference_extent","layer_source":"combined_sublocalities","@id":"node/4902460799","coverage":"combined_sublocality","source":"overpass/sublocalities/togo-osm-sublocalities.geojson","commune_official_code":null,"official_code":null},"geometry":{"type":"Polygon","coordinates":[[[1.3136143789199977,6.168839962210306],[1.3135605175460696,6.168624760213495],[1.313485839653147,6.1684158781972265],[1.3133910644510298,6.168215327801092],[1.3132771046938512,6.168025040424807],[1.3131450578890957,6.167846848628136],[1.3129961957275185,6.167682468482816],[1.3128319518357523,6.167533483046324],[1.312653907969607,6.167401327116677],[1.3124637787809965,6.167287273415047],[1.312263395305211,6.167192420329248],[1.3120546873275258,6.16711768133611],[1.3118396647989803,6.167063776204595],[1.3116203984802486,6.167031224064338],[1.311399,6.167020338406408],[1.3111776015197514,6.167031224064338],[1.31095833520102,6.167063776204595],[1.3107433126724743,6.16711768133611],[1.3105346046947892,6.167192420329248],[1.3103342212190037,6.167287273415047],[1.3101440920303933,6.167401327116677],[1.3099660481642479,6.167533483046324],[1.3098018042724817,6.167682468482816],[1.3096529421109044,6.167846848628136],[1.3095208953061501,6.168025040424807],[1.3094069355489684,6.168215327801092],[1.3093121603468532,6.1684158781972265],[1.3092374824539303,6.168624760213495],[1.3091836210800054,6.168839962210307],[1.3091510949633811,6.169059411681037],[1.3091402173741808,6.1692809952111665],[1.3091510930964183,6.169502578831473],[1.3091836174178373,6.16972202856927],[1.3092374771372843,6.169937230999771],[1.3093121535800494,6.170146113599691],[1.3094069275920486,6.170346664707004],[1.3095208864648946,6.170536952894671],[1.3096529327250754,6.170715145571741],[1.3098017947027716,6.170879526632645],[1.3099660387784187,6.17102851298472],[1.3101440831891367,6.171160669794765],[1.310334213262082,6.171274724307777],[1.3105345979279852,6.171369578104757],[1.31074330735583,6.171444317681545],[1.3109583315388516,6.171498223246754],[1.3111775996527946,6.171530775654074],[1.311399,6.171541661402182],[1.3116204003472058,6.171530775654074],[1.3118396684611486,6.171498223246754],[1.3120546926441703,6.171444317681544],[1.3122634020720152,6.171369578104757],[1.3124637867379179,6.171274724307777],[1.312653916810863,6.171160669794766],[1.312831961221581,6.171028512984719],[1.3129962052972282,6.170879526632645],[1.3131450672749263,6.170715145571741],[1.3132771135351042,6.170536952894671],[1.3133910724079496,6.170346664707004],[1.3134858464199517,6.1701461135996905],[1.3135605228627163,6.16993723099977],[1.3136143825821696,6.16972202856927],[1.3136469069035819,6.169502578831473],[1.3136577826258191,6.1692809952111665],[1.3136469050366144,6.169059411681037],[1.3136143789199977,6.168839962210306]]]}},{"type":"Feature","properties":{"name":"Avépozo","place":"neighbourhood","source_place":"neighbourhood","place_type":"neighbourhood","sublocality_class":"neighbourhood","runtime_type":"neighborhood","hierarchy_level":"sublocality","display_level":"quartier","geometry_role":"buffered_point","geometry_authority":"osm","geometry_preference":"polygon_over_point","reference_geometry":true,"sibling_clipped":true,"buffer_radius_m":250,"source_path":"overpass/sublocalities/togo-osm-sublocalities.geojson","trust_rank":20,"classification_contract":"hierachy.yaml","feature_role":"reference_extent","layer_source":"combined_sublocalities","@id":"node/5146026985","coverage":"combined_sublocality","source":"overpass/sublocalities/togo-osm-sublocalities.geojson","commune_official_code":null,"official_code":null},"geometry":{"type":"Polygon","coordinates":[[[1.345215373602483,6.167558962190114],[1.3451615123580294,6.167343760182932],[1.3450868346445104,6.167134878156583],[1.3449920596700193,6.166934327750756],[1.3448781001864885,6.166744040365253],[1.3447460536987637,6.166565848559943],[1.3445971918945392,6.166401468406642],[1.344432948397013,6.166252482962906],[1.3442549049581938,6.166120327026828],[1.344064776225886,6.166006273319642],[1.3438643932309844,6.165911420229216],[1.34365568575414,6.165836681232434],[1.343440663741571,6.165782776098285],[1.343221397948989,6.165750223956439],[1.343,6.165739338297977],[1.342778602051011,6.165750223956439],[1.3425593362584292,6.165782776098285],[1.3423443142458602,6.165836681232434],[1.3421356067690158,6.165911420229216],[1.3419352237741142,6.166006273319642],[1.3417450950418064,6.166120327026828],[1.3415670516029872,6.166252482962906],[1.341402808105461,6.166401468406642],[1.3412539463012365,6.166565848559943],[1.3411218998135113,6.166744040365253],[1.3410079403299822,6.166934327750754],[1.3409131653554898,6.167134878156583],[1.3408384876419708,6.167343760182932],[1.340784626397521,6.167558962190115],[1.3407521003591554,6.167778411671399],[1.3407412227962654,6.167999995212168],[1.340752098492593,6.168221578843096],[1.3407846227361266,6.168441028591392],[1.340838482326457,6.168656231032174],[1.3409131585901135,6.168865113642053],[1.3410079323747444,6.1690656647589135],[1.341121890974129,6.169255952955621],[1.3412539369173955,6.169434145641149],[1.3414027985377779,6.169598526709845],[1.3415670422191464,6.169747513068969],[1.3417450862024214,6.169879669885262],[1.3419352158188775,6.169993724403662],[1.3421356000036424,6.1700885782051165],[1.3423443089303406,6.170163317785429],[1.3425593325970353,6.170217223353178],[1.342778600184449,6.170249775762032],[1.343,6.170260661510653],[1.343221399815551,6.170249775762032],[1.3434406674029649,6.170217223353178],[1.3436556910696595,6.170163317785429],[1.343864399996358,6.1700885782051165],[1.344064784181123,6.169993724403662],[1.3442549137975792,6.169879669885263],[1.3444329577808531,6.169747513068967],[1.3445972014622236,6.169598526709845],[1.3447460630826036,6.169434145641149],[1.3448781090258715,6.169255952955623],[1.344992067625257,6.169065664758913],[1.3450868414098842,6.168865113642053],[1.3451615176735432,6.168656231032173],[1.3452153772638773,6.168441028591392],[1.3452479015074073,6.168221578843096],[1.3452587772037348,6.167999995212168],[1.3452478996408443,6.167778411671398],[1.345215373602483,6.167558962190114]]]}},{"type":"Feature","properties":{"name":"Agoekondji","place":"quarter","source_place":"quarter","place_type":"quarter","sublocality_class":"quarter","runtime_type":"quartier","hierarchy_level":"sublocality","display_level":"quartier","geometry_role":"buffered_point","geometry_authority":"osm","geometry_preference":"polygon_over_point","reference_geometry":true,"sibling_clipped":true,"buffer_radius_m":109.3,"source_path":"overpass/sublocalities/togo-osm-sublocalities.geojson","trust_rank":20,"classification_contract":"hierachy.yaml","feature_role":"reference_extent","layer_source":"combined_sublocalities","@id":"node/5476086630","coverage":"combined_sublocality","source":"overpass/sublocalities/togo-osm-sublocalities.geojson","commune_official_code":null,"official_code":null},"geometry":{"type":"Polygon","coordinates":[[[0.6413738915415559,6.902237841390913],[0.6413503161221465,6.9021437853230365],[0.6413176291036825,6.902052491444279],[0.6412761452844947,6.9019648389628],[0.6412262641801139,6.901881672017721],[0.6411684661755667,6.901803791549683],[0.6411033078989136,6.901731947587462],[0.6410314168605448,6.901666832024859],[0.6409534854098926,6.901609071957527],[0.6408702640677482,6.901559223643769],[0.640782554298401,6.901517767147601],[0.6406912007912045,6.901485101715554],[0.6405970833258993,6.901461541931795],[0.6405011083000225,6.901447314688584],[0.6404042,6.9014425570012286],[0.6403072916999776,6.901447314688584],[0.6402113166741007,6.901461541931795],[0.6401171992087957,6.901485101715553],[0.6400258457015989,6.901517767147601],[0.6399381359322518,6.901559223643769],[0.6398549145901073,6.901609071957527],[0.6397769831394552,6.901666832024859],[0.6397050921010864,6.901731947587462],[0.6396399338244334,6.901803791549683],[0.6395821358198861,6.901881672017721],[0.6395322547155065,6.9019648389628],[0.6394907708963191,6.902052491444279],[0.6394580838778535,6.9021437853230365],[0.6394345084584423,6.902237841390914],[0.6394202716873565,6.90233375383789],[0.6394155106780388,6.902430598975499],[0.6394202712873579,6.902527444132404],[0.6394345076738095,6.90262335663652],[0.6394580827387469,6.90271741279718],[0.639490769446507,6.902808706800809],[0.6395322530107114,6.902896359434444],[0.6395821339256212,6.902979526553117],[0.6396399318134917,6.903057407209513],[0.6397050900507494,6.903129251367623],[0.6397769811285132,6.903194367126111],[0.6398549126958416,6.903252127381804],[0.6399381342274584,6.903301975869154],[0.6400258442517914,6.903343432517476],[0.6401171980696886,6.903376098074396],[0.6402113158894701,6.903399657950945],[0.6403072912999764,6.903413885251293],[0.6404042,6.903418642957939],[0.6405011087000236,6.903413885251293],[0.64059708411053,6.903399657950945],[0.6406912019303109,6.9033760980743955],[0.6407825557482089,6.9033434325174765],[0.6408702657725417,6.903301975869153],[0.6409534873041584,6.903252127381805],[0.6410314188714872,6.903194367126111],[0.6411033099492501,6.903129251367623],[0.6411684681865062,6.903057407209514],[0.6412262660743778,6.902979526553118],[0.6412761469892894,6.902896359434443],[0.641317630553492,6.902808706800809],[0.6413503172612535,6.90271741279718],[0.6413738923261906,6.90262335663652],[0.6413881287126422,6.902527444132404],[0.6413928893219613,6.902430598975499],[0.6413881283126426,6.90233375383789],[0.6413738915415559,6.902237841390913]]]}},{"type":"Feature","properties":{"name":"Agoè-Nyivé","place":"quarter","source_place":"quarter","place_type":"quarter","sublocality_class":"quarter","runtime_type":"quartier","hierarchy_level":"sublocality","display_level":"quartier","geometry_role":"buffered_point","geometry_authority":"osm","geometry_preference":"polygon_over_point","reference_geometry":true,"sibling_clipped":true,"buffer_radius_m":250,"source_path":"overpass/sublocalities/togo-osm-sublocalities.geojson","trust_rank":20,"classification_contract":"hierachy.yaml","feature_role":"reference_extent","layer_source":"combined_sublocalities","@id":"node/5733621361","coverage":"combined_sublocality","source":"overpass/sublocalities/togo-osm-sublocalities.geojson","commune_official_code":null,"official_code":null},"geometry":{"type":"Polygon","coordinates":[[[1.2123827082235554,6.22382396308113],[1.2123288412668605,6.223608761531387],[1.2122541556373119,6.223399879949786],[1.2121593706193978,6.223199329971663],[1.212045399061957,6.223009042992608],[1.2119133385862295,6.222830851568459],[1.2117644610146905,6.222666471767256],[1.2116002001224095,6.222517486643037],[1.2114221378288974,6.222385330990691],[1.211231988963459,6.2222712775286135],[1.21103158475077,6.2221764246422016],[1.2108228551756575,6.222101685806274],[1.2106078103969655,6.222047780788203],[1.2103885213894332,6.2220152287164785],[1.2101671,6.222004343081468],[1.209945678610567,6.2220152287164785],[1.2097263896030348,6.222047780788203],[1.2095113448243429,6.222101685806274],[1.20930261524923,6.2221764246422016],[1.209102211036541,6.2222712775286135],[1.2089120621711027,6.222385330990691],[1.2087339998775908,6.222517486643037],[1.2085697389853096,6.222666471767256],[1.2084208614137708,6.222830851568459],[1.2082888009380428,6.223009042992607],[1.2081748293806003,6.223199329971663],[1.2080800443626885,6.223399879949786],[1.2080053587331396,6.223608761531387],[1.2079514917764487,6.223823963081132],[1.207918962284891,6.224043412096757],[1.2079080835613352,6.224264995168163],[1.2079189604009655,6.224486578330557],[1.207951488080999,6.224706027615649],[1.208005353368185,6.22492122960298],[1.2080800375343965,6.225130111773476],[1.2081748213513797,6.225330662469165],[1.2082887920164487,6.225520950266892],[1.2084208519426598,6.225699142579347],[1.2085697293286461,6.225863523304364],[1.2087339904064769,6.226012509352393],[1.208912053249512,6.226144665893043],[1.2091022030073195,6.226258720173793],[1.2093026084209384,6.226353573777775],[1.2095113394593884,6.226428313202597],[1.2097263859075897,6.226482218658258],[1.2099456767266454,6.226514770999446],[1.2101671,6.226525656725444],[1.2103885232733547,6.226514770999446],[1.2106078140924104,6.226482218658258],[1.210822860540612,6.226428313202597],[1.211031591579062,6.226353573777776],[1.2112319969926806,6.226258720173792],[1.211422146750488,6.2261446658930435],[1.2116002095935232,6.226012509352392],[1.211764470671355,6.225863523304363],[1.2119133480573423,6.225699142579348],[1.2120454079835516,6.225520950266892],[1.2121593786486184,6.225330662469166],[1.2122541624656,6.225130111773475],[1.2123288466318134,6.22492122960298],[1.2123827119190016,6.224706027615649],[1.2124152395990346,6.224486578330557],[1.212426116438665,6.224264995168163],[1.2124152377151136,6.224043412096757],[1.2123827082235554,6.22382396308113]]]}},{"type":"Feature","properties":{"name":"yayrakomé","place":"neighbourhood","source_place":"neighbourhood","place_type":"neighbourhood","sublocality_class":"neighbourhood","runtime_type":"neighborhood","hierarchy_level":"sublocality","display_level":"quartier","geometry_role":"buffered_point","geometry_authority":"osm","geometry_preference":"polygon_over_point","reference_geometry":true,"sibling_clipped":true,"buffer_radius_m":250,"source_path":"overpass/sublocalities/togo-osm-sublocalities.geojson","trust_rank":20,"classification_contract":"hierachy.yaml","feature_role":"reference_extent","layer_source":"combined_sublocalities","@id":"node/5994085656","coverage":"combined_sublocality","source":"overpass/sublocalities/togo-osm-sublocalities.geojson","commune_official_code":null,"official_code":null},"geometry":{"type":"Polygon","coordinates":[[[0.6671290411525858,6.930649474983018],[0.667075097925626,6.930434279525935],[0.6670003065974823,6.930225403867481],[0.6669053874730448,6.930024859584975],[0.6667912546946717,6.92983457801797],[0.6666590074377381,6.929656391668833],[0.6665099193244538,6.929492016555255],[0.6663454261578231,6.929343035684613],[0.6661671120939733,6.92921088380931],[0.6659766943859868,6.929096833609886],[0.6657760068461375,6.929001983438977],[0.6655669821858405,6.928927246744066],[0.6653516334033253,6.928873343270926],[0.6651320343982602,6.928840792132451],[0.6649103,6.928829906809577],[0.6646885656017397,6.928840792132451],[0.6644689665966746,6.928873343270926],[0.6642536178141594,6.928927246744066],[0.6640445931538624,6.929001983438977],[0.6638439056140131,6.929096833609886],[0.6636534879060266,6.92921088380931],[0.6634751738421768,6.929343035684613],[0.6633106806755461,6.929492016555255],[0.6631615925622618,6.929656391668833],[0.6630293453053288,6.92983457801797],[0.6629152125269542,6.930024859584975],[0.6628202934025176,6.930225403867481],[0.662745502074374,6.930434279525935],[0.6626915588474126,6.930649474983018],[0.6626589832512161,6.93086891779586],[0.6626480890357123,6.93109049461455],[0.6626589811484156,6.931312071534659],[0.6626915547226132,6.931531514647862],[0.6627454960860995,6.9317467105926935],[0.6628202857808941,6.931955586907552],[0.6629152035648659,6.932156131989891],[0.6630293353471932,6.932346414469418],[0.6631615819907597,6.9325246018087014],[0.663310669896936,6.932688977951995],[0.6634751632706766,6.93283795985235],[0.6636534779478871,6.932970112717802],[0.6638438966519267,6.933084163829745],[0.6640445855322346,6.933179014800488],[0.6642536118258846,6.933253752151807],[0.6644689624718793,6.9333076561127],[0.6646885634989372,6.933340207551531],[0.6649103,6.933351092975825],[0.6651320365010627,6.933340207551532],[0.6653516375281208,6.9333076561127],[0.6655669881741153,6.933253752151807],[0.665776014467765,6.933179014800488],[0.6659767033480736,6.933084163829745],[0.666167122052111,6.932970112717802],[0.6663454367293233,6.932837959852349],[0.6665099301030639,6.932688977951994],[0.6666590180092413,6.932524601808701],[0.6667912646528058,6.932346414469418],[0.6669053964351332,6.932156131989891],[0.667000314219109,6.931955586907553],[0.667075103913901,6.931746710592693],[0.667129045277385,6.931531514647862],[0.6671616188515843,6.931312071534659],[0.6671725109642876,6.93109049461455],[0.6671616167487776,6.930868917795862],[0.6671290411525858,6.930649474983018]]]}},{"type":"Feature","properties":{"name":"Zongo Aaglato","place":"neighbourhood","source_place":"neighbourhood","place_type":"neighbourhood","sublocality_class":"neighbourhood","runtime_type":"neighborhood","hierarchy_level":"sublocality","display_level":"quartier","geometry_role":"buffered_point","geometry_authority":"osm","geometry_preference":"polygon_over_point","reference_geometry":true,"sibling_clipped":true,"buffer_radius_m":250,"source_path":"overpass/sublocalities/togo-osm-sublocalities.geojson","trust_rank":20,"classification_contract":"hierachy.yaml","feature_role":"reference_extent","layer_source":"combined_sublocalities","@id":"node/5994325426","coverage":"combined_sublocality","source":"overpass/sublocalities/togo-osm-sublocalities.geojson","commune_official_code":null,"official_code":null},"geometry":{"type":"Polygon","coordinates":[[[0.5804732313604288,6.8491544171033905],[0.5804406613528581,6.848934973540091],[0.5803867273714729,6.848719777345929],[0.5803119488565057,6.848510900970956],[0.5802170459891668,6.848310355999495],[0.5801029327550036,6.848120073777879],[0.5799707081410088,6.847941886814932],[0.5798216455512121,6.847777511134432],[0.5796571805427846,6.847628529749386],[0.579478897000708,6.847496377417327],[0.5792885118842279,6.84738232682337],[0.5790878586919203,6.847287476324102],[0.5788788698046461,6.8472127393703035],[0.5786635578764048,6.847158835710357],[0.5784439964522625,6.847126284459041],[0.5782223,6.847115399098426],[0.5780006035477375,6.847126284459041],[0.5777810421235953,6.847158835710357],[0.577565730195354,6.8472127393703035],[0.5773567413080798,6.847287476324102],[0.577156088115772,6.84738232682337],[0.5769657029992921,6.847496377417327],[0.5767874194572155,6.847628529749386],[0.576622954448788,6.847777511134432],[0.5764738918589912,6.847941886814932],[0.5763416672449955,6.848120073777877],[0.5762275540108339,6.848310355999495],[0.5761326511434943,6.848510900970956],[0.5760578726285271,6.848719777345929],[0.5760039386471434,6.848934973540091],[0.5759713686395699,6.84915441710339],[0.5759604763015446,6.8493759946786295],[0.5759713665621495,6.849597572354081],[0.5760039345721387,6.849817016214161],[0.5760578667125418,6.850032212890268],[0.5761326436138706,6.850241089913835],[0.5762275451569328,6.850441635675604],[0.5763416574070668,6.850631918798878],[0.5764738814151015,6.85081010674018],[0.5766229438002892,6.850974483438139],[0.5767874090133255,6.851123465840641],[0.5769656931613613,6.851255619151055],[0.5771560792618695,6.851369670646671],[0.5773567337784549,6.85146452193625],[0.5775657242793658,6.851539259538639],[0.5777810380485915,6.851593163680531],[0.5780006014703187,6.851625715228627],[0.5782223,6.851636600689455],[0.5784439985296814,6.851625715228627],[0.5786635619514087,6.851593163680531],[0.5788788757206346,6.851539259538639],[0.5790878662215448,6.85146452193625],[0.5792885207381304,6.851369670646672],[0.5794789068386379,6.851255619151056],[0.5796571909866753,6.851123465840641],[0.5798216561997122,6.850974483438139],[0.5799707185848979,6.850810106740179],[0.5801029425929338,6.850631918798878],[0.5802170548430665,6.850441635675603],[0.5803119563861281,6.850241089913832],[0.5803867332874587,6.850032212890267],[0.5804406654278572,6.849817016214161],[0.5804732334378505,6.849597572354081],[0.5804841236984555,6.8493759946786295],[0.5804732313604288,6.8491544171033905]]]}},{"type":"Feature","properties":{"name":"Woume","place":"quarter","source_place":"quarter","place_type":"quarter","sublocality_class":"quarter","runtime_type":"quartier","hierarchy_level":"sublocality","display_level":"quartier","geometry_role":"buffered_point","geometry_authority":"osm","geometry_preference":"polygon_over_point","reference_geometry":true,"sibling_clipped":true,"buffer_radius_m":192,"source_path":"overpass/sublocalities/togo-osm-sublocalities.geojson","trust_rank":20,"classification_contract":"hierachy.yaml","feature_role":"reference_extent","layer_source":"combined_sublocalities","@id":"node/6119883434","coverage":"combined_sublocality","source":"overpass/sublocalities/togo-osm-sublocalities.geojson","commune_official_code":null,"official_code":null},"geometry":{"type":"Polygon","coordinates":[[[0.6489036704344608,6.912025644946235],[0.6488622379037053,6.911860350993113],[0.6488047923487301,6.911699911329084],[0.6487318870154741,6.9115458710702535],[0.6486442240334963,6.911399713701749],[0.648542647653671,6.911262846791196],[0.6484281361172636,6.911136588433369],[0.648301792234714,6.9110221545565516],[0.648164832764922,6.910920647212816],[0.6480185766972558,6.910833043964976],[0.6478644325491592,6.910760188472474],[0.6477038848016855,6.9107027823667515],[0.6475384796035716,6.910661378494429],[0.6473698098815096,6.910636375593297],[0.6471995,6.910628014452421],[0.6470291901184905,6.910636375593297],[0.6468605203964285,6.910661378494429],[0.6466951151983146,6.9107027823667515],[0.6465345674508409,6.910760188472474],[0.6463804233027443,6.910833043964976],[0.6462341672350775,6.910920647212816],[0.646097207765286,6.9110221545565516],[0.6459708638827365,6.911136588433369],[0.6458563523463291,6.911262846791196],[0.6457547759665043,6.9113997137017495],[0.645667112984526,6.9115458710702535],[0.64559420765127,6.911699911329084],[0.6455367620962947,6.911860350993113],[0.6454953295655356,6.912025644946236],[0.6454703090927123,6.912194201321458],[0.6454619416557605,6.912364396831289],[0.6454703078554983,6.912534592400793],[0.6454953271386805,6.912703148952741],[0.6455367585730291,6.912868443192851],[0.6455942031670037,6.913028883243097],[0.6456671077115919,6.913182923972533],[0.645754770107532,6.913329081877948],[0.6458563461264757,6.913465949371089],[0.6459708575410296,6.913592208334784],[0.6460972015454334,6.913706642817465],[0.6462341613761048,6.913808150743789],[0.6463804180298085,6.913895754528539],[0.6465345629665779,6.913968610491652],[0.6466951116750514,6.914026016983592],[0.6468605179695627,6.914067421142901],[0.6470291888812848,6.9140924242207555],[0.6471995,6.9141007854213035],[0.6473698111187152,6.9140924242207555],[0.6475384820304374,6.914067421142901],[0.6477038883249486,6.914026016983591],[0.6478644370334224,6.913968610491652],[0.6480185819701925,6.913895754528539],[0.6481648386238945,6.913808150743789],[0.6483017984545651,6.913706642817464],[0.6484281424589702,6.913592208334784],[0.648542653873525,6.913465949371089],[0.6486442298924671,6.91332908187795],[0.648731892288409,6.913182923972533],[0.6488047968329964,6.913028883243096],[0.6488622414269692,6.912868443192849],[0.6489036728613213,6.912703148952741],[0.6489286921445018,6.912534592400793],[0.6489370583442395,6.912364396831289],[0.6489286909072856,6.912194201321457],[0.6489036704344608,6.912025644946235]]]}},{"type":"Feature","properties":{"name":"Baguida-Dévégo","place":"neighbourhood","source_place":"neighbourhood","place_type":"neighbourhood","sublocality_class":"neighbourhood","runtime_type":"neighborhood","hierarchy_level":"sublocality","display_level":"quartier","geometry_role":"buffered_point","geometry_authority":"osm","geometry_preference":"polygon_over_point","reference_geometry":true,"sibling_clipped":true,"buffer_radius_m":250,"source_path":"overpass/sublocalities/togo-osm-sublocalities.geojson","trust_rank":20,"classification_contract":"hierachy.yaml","feature_role":"reference_extent","layer_source":"combined_sublocalities","@id":"node/6510520969","coverage":"combined_sublocality","source":"overpass/sublocalities/togo-osm-sublocalities.geojson","commune_official_code":null,"official_code":null},"geometry":{"type":"Polygon","coordinates":[[[1.3512894651493361,6.189575062537771],[1.35123560167601,6.189359860709098],[1.351160920873728,6.189150978856304],[1.3510661419803878,6.1889504286173835],[1.3509521777857276,6.188760141390491],[1.3508201258400176,6.188581949733924],[1.3506712578835398,6.188417569718026],[1.3505070075987484,6.18826858439898],[1.350328956803014,6.1881364285736264],[1.3501388202149576,6.188022374962093],[1.3499384289410863,6.187927521951282],[1.3497297128417187,6.187852783017272],[1.3495146819460369,6.187798877928422],[1.3492954070952143,6.18776632581394],[1.349074,6.187755440164631],[1.3488525929047859,6.18776632581394],[1.3486333180539636,6.187798877928422],[1.3484182871582817,6.187852783017272],[1.348209571058914,6.187927521951282],[1.3480091797850426,6.188022374962093],[1.3478190431969863,6.1881364285736264],[1.347640992401252,6.18826858439898],[1.3474767421164604,6.188417569718026],[1.3473278741599826,6.188581949733924],[1.3471958222142726,6.188760141390491],[1.3470818580196153,6.1889504286173835],[1.3469870791262721,6.189150978856304],[1.3469123983239901,6.189359860709098],[1.3468585348506643,6.189575062537771],[1.346826007464888,6.189794511837342],[1.3468151294491109,6.190016095194952],[1.3468260055915304,6.190237678643045],[1.3468585311759482,6.1904571282105865],[1.3469123929891291,6.190672330474421],[1.3469870723362833,6.190881212912844],[1.3470818500354302,6.191081763865355],[1.3471958133427262,6.191272051906372],[1.3473278647419982,6.19145024444632],[1.3474767325139667,6.191614625380905],[1.3476409829832663,6.191763611618638],[1.3478190343254401,6.19189576832737],[1.3480091718008602,6.192009822753035],[1.3482095642689247,6.192104676477436],[1.3484182818234216,6.1921794159970736],[1.348633314379248,6.192233321521084],[1.3488525910314322,6.192265873903535],[1.349074,6.1922767596433275],[1.349295408968568,6.192265873903535],[1.3495146856207523,6.192233321521084],[1.3497297181765786,6.1921794159970736],[1.349938435731075,6.192104676477436],[1.3501388281991398,6.192009822753035],[1.35032896567456,6.191895768327369],[1.3505070170167321,6.191763611618635],[1.3506712674860346,6.191614625380905],[1.3508201352580012,6.19145024444632],[1.3509521866572756,6.191272051906372],[1.3510661499645713,6.191081763865355],[1.35116092766372,6.190881212912844],[1.3512356070108742,6.19067233047442],[1.351289468824055,6.1904571282105865],[1.3513219944084698,6.190237678643045],[1.3513328705508894,6.190016095194952],[1.3513219925351134,6.189794511837342],[1.3512894651493361,6.189575062537771]]]}},{"type":"Feature","properties":{"name":"Quartier Zongo Karamo","place":"quarter","source_place":"quarter","place_type":"quarter","sublocality_class":"quarter","runtime_type":"quartier","hierarchy_level":"sublocality","display_level":"quartier","geometry_role":"buffered_point","geometry_authority":"osm","geometry_preference":"polygon_over_point","reference_geometry":true,"sibling_clipped":true,"buffer_radius_m":250,"source_path":"overpass/sublocalities/togo-osm-sublocalities.geojson","trust_rank":20,"classification_contract":"hierachy.yaml","feature_role":"reference_extent","layer_source":"combined_sublocalities","@id":"node/7065250430","coverage":"combined_sublocality","source":"overpass/sublocalities/togo-osm-sublocalities.geojson","commune_official_code":null,"official_code":null},"geometry":{"type":"Polygon","coordinates":[[[0.4681499240616229,10.353863954589794],[0.46811705265956155,10.353644550947523],[0.46806261997259824,10.353429393951492],[0.4679871502579568,10.35322055567062],[0.46789137036589695,10.353020047317509],[0.4677762027384179,10.352829799879897],[0.46764275652445403,10.352651645524855],[0.4674923168973919,10.352487299954786],[0.4673263326775953,10.352338345885077],[0.4671464023793066,10.352206217802564],[0.46695425881626296,10.352092188151481],[0.46675175241426353,10.351997355079959],[0.46654083339138924,10.351922631865008],[0.4663235329774692,10.351868738117826],[0.46610194385358955,10.351836192854114],[0.4658782,10.351825309496041],[0.4656544561464105,10.351836192854114],[0.46543286702253084,10.351868738117826],[0.46521556660861074,10.351922631865008],[0.4650046475857365,10.351997355079959],[0.4648021411837371,10.352092188151481],[0.46460999762069344,10.352206217802564],[0.4644300673224047,10.352338345885077],[0.4642640831026081,10.352487299954786],[0.464113643475546,10.352651645524855],[0.463980197261583,10.352829799879897],[0.4638650296340981,10.353020047317507],[0.46376924974204325,10.35322055567062],[0.46369378002740175,10.353429393951492],[0.46363934734043405,10.353644550947525],[0.46360647593837967,10.353863954589794],[0.46359548243493665,10.354085491907789],[0.4636064727494866,10.354307029378232],[0.46363934108519866,10.35452643347198],[0.46369377094619485,10.354741591201188],[0.4637692381838655,10.354950430468737],[0.4638650160431145,10.35515094002412],[0.46398018216009407,10.355341188833398],[0.4641136274438872,10.355519344676782],[0.4642640667568699,10.355683691794681],[0.46443005129074816,10.355832647412212],[0.46460998251920277,10.355964776983065],[0.46480212759275313,10.356078808005812],[0.4650046360275559,10.356173642279607],[0.46521555752740634,10.356248366481244],[0.4654328607672892,10.356302260961591],[0.4656544529575156,10.35633480667679],[0.4658782,10.356345690187306],[0.46610194704248453,10.35633480667679],[0.4663235392327115,10.35630226096159],[0.46654084247259386,10.356248366481244],[0.4667517639724443,10.35617364227961],[0.4669542724072464,10.356078808005813],[0.4671464174807974,10.355964776983065],[0.46732634870925244,10.355832647412212],[0.46749233324312994,10.35568369179468],[0.46764277255611164,10.355519344676782],[0.4677762178399084,10.355341188833398],[0.4678913839568807,10.355150940024119],[0.4679871618161364,10.354950430468737],[0.46806262905380597,10.354741591201185],[0.46811705891480165,10.35452643347198],[0.46814992725051346,10.354307029378232],[0.46816091756506334,10.354085491907789],[0.4681499240616229,10.353863954589794]]]}},{"type":"Feature","properties":{"name":"Quartier Djabou","place":"neighbourhood","source_place":"neighbourhood","place_type":"neighbourhood","sublocality_class":"neighbourhood","runtime_type":"neighborhood","hierarchy_level":"sublocality","display_level":"quartier","geometry_role":"buffered_point","geometry_authority":"osm","geometry_preference":"polygon_over_point","reference_geometry":true,"sibling_clipped":true,"buffer_radius_m":135.7,"source_path":"overpass/sublocalities/togo-osm-sublocalities.geojson","trust_rank":20,"classification_contract":"hierachy.yaml","feature_role":"reference_extent","layer_source":"combined_sublocalities","@id":"node/7068008874","coverage":"combined_sublocality","source":"overpass/sublocalities/togo-osm-sublocalities.geojson","commune_official_code":null,"official_code":null},"geometry":{"type":"Polygon","coordinates":[[[0.47830588495424803,10.361032074679612],[0.47827632866712705,10.360915248284176],[0.47823534935113027,10.360801852803812],[0.47818334166997706,10.360692980294795],[0.4781208064947151,10.360589679253795],[0.4780483460796818,10.360492944520473],[0.47796665826222856,10.360403707696879],[0.47787652974203526,10.360322828175821],[0.47777882850468045,10.360251084864727],[0.477674495462538,10.360189168684583],[0.4775645353934179,10.36013767591622],[0.47745000726426307,10.360097102458043],[0.47733201403304026,10.360067839050439],[0.47721169202706404,10.360050167512906],[0.4770902,10.360044258030095],[0.47696870797293606,10.360050167512906],[0.4768483859669598,10.360067839050439],[0.47673039273573703,10.360097102458043],[0.4766158646065821,10.36013767591622],[0.47650590453746267,10.360189168684583],[0.47640157149531914,10.360251084864727],[0.47630387025796483,10.360322828175821],[0.47621374173777153,10.360403707696879],[0.4761320539203183,10.360492944520473],[0.476059593505285,10.360589679253795],[0.47599705833002126,10.360692980294797],[0.47594505064887416,10.360801852803812],[0.47590407133287305,10.360915248284176],[0.475874515045747,10.361032074679612],[0.47585666644272645,10.361151206891183],[0.4758506974286215,10.361271497612487],[0.4758566655018587,10.361391788378771],[0.4758745132001718,10.36151092072355],[0.47590406865349977,10.3616277473353],[0.4759450472386888,10.361741143106771],[0.47599705432007045,10.361850015970502],[0.4760595890496606,10.361953317416202],[0.4761320491902583,10.362050052588636],[0.47621373691504026,10.362139289868903],[0.47630386552790116,10.362220169846625],[0.4764015670396985,10.362291913596842],[0.47650590052750846,10.362353830181679],[0.47661586119639726,10.362405323304754],[0.4767303900563721,10.362445897054043],[0.4768483841213804,10.362475160677961],[0.47696870703206773,10.362492832348696],[0.4770902,10.362498741876488],[0.47721169296793226,10.362492832348696],[0.47733201587861956,10.362475160677961],[0.47745000994362774,10.362445897054041],[0.4775645388036037,10.362405323304754],[0.4776744994724911,10.362353830181677],[0.4777788329603018,10.362291913596842],[0.477876534472098,10.362220169846625],[0.47796666308496116,10.362139289868903],[0.47804835080974156,10.362050052588636],[0.47812081095033565,10.3619533174162],[0.4781833456799344,10.361850015970502],[0.4782353527613161,10.361741143106768],[0.4782763313464963,10.3616277473353],[0.4783058867998279,10.36151092072355],[0.4783237344981414,10.361391788378771],[0.4783297025713786,10.361271497612487],[0.4783237335572763,10.361151206891183],[0.47830588495424803,10.361032074679612]]]}},{"type":"Feature","properties":{"name":"Quartier Badara","place":"quarter","source_place":"quarter","place_type":"quarter","sublocality_class":"quarter","runtime_type":"quartier","hierarchy_level":"sublocality","display_level":"quartier","geometry_role":"buffered_point","geometry_authority":"osm","geometry_preference":"polygon_over_point","reference_geometry":true,"sibling_clipped":true,"buffer_radius_m":74.7,"source_path":"overpass/sublocalities/togo-osm-sublocalities.geojson","trust_rank":20,"classification_contract":"hierachy.yaml","feature_role":"reference_extent","layer_source":"combined_sublocalities","@id":"node/7071401382","coverage":"combined_sublocality","source":"overpass/sublocalities/togo-osm-sublocalities.geojson","commune_official_code":null,"official_code":null},"geometry":{"type":"Polygon","coordinates":[[[0.4803931305018528,10.361936516282826],[0.4803768745608239,10.361872261563025],[0.48035433590783044,10.361809893842413],[0.4803257316055936,10.361750013754971],[0.48029133713179567,10.361693197977127],[0.4802514837259671,10.36163999367411],[0.48020655519938243,10.361590913230543],[0.48015698423871467,10.36154642931593],[0.48010324823901473,10.361506970332691],[0.4800458647061382,10.361472916290506],[0.4799853862729331,10.361444595146644],[0.4799223953771584,10.36142227964766],[0.47985749865239397,10.361406184702744],[0.4797913210859404,10.361396465314067],[0.4797245,10.361393215084076],[0.4796576789140595,10.361396465314067],[0.479591501347606,10.361406184702744],[0.47952660462284125,10.36142227964766],[0.47946361372706686,10.361444595146644],[0.47940313529386175,10.361472916290506],[0.4793457517609852,10.361506970332691],[0.4792920157612853,10.36154642931593],[0.4792424448006175,10.361590913230543],[0.47919751627403284,10.36163999367411],[0.4791576628682023,10.361693197977125],[0.47912326839440783,10.36175001375497],[0.47909466409217377,10.361809893842414],[0.47907212543917604,10.361872261563025],[0.47905586949815304,10.361936516282825],[0.4790460528263311,10.36200203919468],[0.4790427699675707,10.362068199277715],[0.479046052541695,10.362134359374355],[0.4790558689398127,10.362199882326513],[0.4790721246285935,10.36226413711175],[0.4790946630604999,10.362326504920429],[0.4791232671812896,10.362386385115183],[0.4791576615202602,10.362443201015457],[0.47919751484306367,10.362496405451314],[0.4792424433416165,10.362545486033037],[0.4792920143303163,10.36258997008581],[0.47934575041304167,10.362629429201888],[0.4794031340807456,10.362663483366504],[0.479463612695397,10.362691804617677],[0.47952660381226275,10.362714120204727],[0.4795915007892708,10.362730215215084],[0.47965767862942255,10.362739934644058],[0.4797245,10.362743184887657],[0.4797913213705771,10.362739934644058],[0.4798574992107291,10.362730215215084],[0.47992239618773697,10.362714120204725],[0.4799853873046038,10.362691804617677],[0.48004586591925463,10.362663483366505],[0.48010324958695805,10.362629429201888],[0.4801569856696843,10.362589970085809],[0.4802065566583821,10.362545486033037],[0.4802514851569341,10.362496405451314],[0.4802913384797391,10.362443201015457],[0.4803257328187088,10.362386385115181],[0.48035433693949886,10.362326504920427],[0.48037687537140233,10.362264137111747],[0.48039313106018694,10.362199882326513],[0.4804029474583049,10.362134359374355],[0.4804062300324292,10.362068199277715],[0.4804029471736715,10.36200203919468],[0.4803931305018528,10.361936516282826]]]}},{"type":"Feature","properties":{"name":"Quartier Sangbana","place":"quarter","source_place":"quarter","place_type":"quarter","sublocality_class":"quarter","runtime_type":"quartier","hierarchy_level":"sublocality","display_level":"quartier","geometry_role":"buffered_point","geometry_authority":"osm","geometry_preference":"polygon_over_point","reference_geometry":true,"sibling_clipped":true,"buffer_radius_m":176.3,"source_path":"overpass/sublocalities/togo-osm-sublocalities.geojson","trust_rank":20,"classification_contract":"hierachy.yaml","feature_role":"reference_extent","layer_source":"combined_sublocalities","@id":"node/7071799002","coverage":"combined_sublocality","source":"overpass/sublocalities/togo-osm-sublocalities.geojson","commune_official_code":null,"official_code":null},"geometry":{"type":"Polygon","coordinates":[[[0.47918417736868696,10.356217660570431],[0.4791457810865909,10.356065890903091],[0.4790925453423898,10.355918578367847],[0.47902498284314854,10.355777141657876],[0.4789437442672328,10.355642942877399],[0.4788496119973583,10.355517274424198],[0.4787434925854072,10.355401346543514],[0.47862640802158324,10.3552962756731],[0.4784994858919785,10.35520307369181],[0.4783639485194235,10.355122638174992],[0.4782211011920799,10.355055743750821],[0.4780723195932301,10.355003034640555],[0.4779190365532552,10.354965018454667],[0.47776272825137156,10.354942061304554],[0.4776049,10.35493438427689],[0.47744707174862844,10.354942061304554],[0.4772907634467448,10.354965018454667],[0.4771374804067699,10.355003034640555],[0.4769886988079201,10.355055743750821],[0.47684585148057645,10.355122638174992],[0.47671031410802095,10.355203073691811],[0.47658339197841676,10.3552962756731],[0.4764663074145928,10.355401346543514],[0.4763601880026417,10.355517274424198],[0.47626605573276787,10.355642942877397],[0.47618481715684957,10.355777141657876],[0.4761172546576105,10.355918578367847],[0.4760640189134091,10.356065890903091],[0.476025622631316,10.356217660570435],[0.4760024356087676,10.356372425750266],[0.47599468117143506,10.35652869597255],[0.4760024340216512,10.356684966270702],[0.4760256195180847,10.356839731675237],[0.47606401439370405,10.356991501707473],[0.47611724890511264,10.357138814733785],[0.4761848103926325,10.357280252042118],[0.47626604821677415,10.357414451505266],[0.47636018002370156,10.357540120699209],[0.4764662992793332,10.357656049350245],[0.4765833839994779,10.357761120990995],[0.47671030659202485,10.357854323713028],[0.4768458447163573,10.357934759912519],[0.476988693055425,10.358001654935054],[0.47713747588706334,10.358054364536384],[0.4772907603335171,10.35809238108717],[0.47744707016151905,10.358115338461982],[0.4776049,10.35812301556552],[0.47776272983848084,10.358115338461982],[0.47791903966648247,10.35809238108717],[0.47807232411293676,10.358054364536384],[0.4782211069445751,10.358001654935054],[0.47836395528364184,10.357934759912515],[0.4784994934079762,10.357854323713028],[0.4786264160005217,10.357761120990993],[0.47874350072066707,10.357656049350245],[0.4788496199763008,10.357540120699209],[0.478943751783228,10.357414451505266],[0.47902498960736556,10.357280252042118],[0.47909255109488824,10.357138814733785],[0.4791457856062918,10.356991501707473],[0.47918418048191974,10.35683973167524],[0.47920736597834873,10.356684966270702],[0.4792151188285649,10.35652869597255],[0.47920736439123596,10.356372425750266],[0.47918417736868696,10.356217660570431]]]}},{"type":"Feature","properties":{"name":"Quartier Fomboro","place":"quarter","source_place":"quarter","place_type":"quarter","sublocality_class":"quarter","runtime_type":"quartier","hierarchy_level":"sublocality","display_level":"quartier","geometry_role":"buffered_point","geometry_authority":"osm","geometry_preference":"polygon_over_point","reference_geometry":true,"sibling_clipped":true,"buffer_radius_m":229.9,"source_path":"overpass/sublocalities/togo-osm-sublocalities.geojson","trust_rank":20,"classification_contract":"hierachy.yaml","feature_role":"reference_extent","layer_source":"combined_sublocalities","@id":"node/7071799003","coverage":"combined_sublocality","source":"overpass/sublocalities/togo-osm-sublocalities.geojson","commune_official_code":null,"official_code":null},"geometry":{"type":"Polygon","coordinates":[[[0.4736983579737565,10.348891015514743],[0.473648303996346,10.348693162815097],[0.4735789052119132,10.348501120629061],[0.47349082999883335,10.348316738415853],[0.4733849265942903,10.348141791862357],[0.47326221492433945,10.347977965782814],[0.4731238767807614,10.347826837893813],[0.4729712444393158,10.347689863620712],[0.4728057878290629,10.3475683620818],[0.4726291003762879,10.3474635033852],[0.4724428836593589,10.347376297360796],[0.47224893102232335,10.34730758383564],[0.4720491103049542,10.347258024546543],[0.4718453458556061,10.34722809676762],[0.47163960000000005,10.347218088714257],[0.471433854144394,10.34722809676762],[0.4712300896950459,10.347258024546543],[0.471030268977677,10.34730758383564],[0.4708363163406412,10.347376297360796],[0.4706500996237122,10.3474635033852],[0.4704734121709367,10.3475683620818],[0.4703079555606843,10.347689863620712],[0.4701553232192387,10.347826837893813],[0.47001698507566064,10.347977965782814],[0.46989427340571066,10.348141791862357],[0.4697883700011712,10.348316738415855],[0.4697002947880869,10.348501120629061],[0.4696308960036541,10.348693162815097],[0.4695808420262495,10.348891015514743],[0.4695506149374034,10.34909277330727],[0.46954050587784724,10.349296493160336],[0.4695506122421437,10.349500213142258],[0.46958083673929824,10.34970197131638],[0.4696308883282008,10.349899824635713],[0.46970028501908806,10.350091867655706],[0.46978835851404116,10.350276250885091],[0.46989426064189316,10.350451198597945],[0.4700169715256648,10.350615025935454],[0.47015530940378336,10.3507661551327],[0.4703079420106893,10.350903130714045],[0.4704733994071201,10.351024633510928],[0.47065008813658066,10.351129493366878],[0.470836306571638,10.351216700407463],[0.4710302613022208,10.351285414766572],[0.47123008440810016,10.35133497467536],[0.4714338514491328,10.35136490283588],[0.47163960000000005,10.351374911018093],[0.4718453485508674,10.35136490283588],[0.4720491155918998,10.351334974675359],[0.47224893869777906,10.351285414766574],[0.4724428934283621,10.351216700407463],[0.4726291118634188,10.351129493366878],[0.47280580059288113,10.35102463351093],[0.4729712579893115,10.350903130714045],[0.47312389059621607,10.3507661551327],[0.4732622284743367,10.350615025935454],[0.47338493935810916,10.350451198597943],[0.47349084148596665,10.350276250885093],[0.4735789149809139,10.350091867655706],[0.4736483116718001,10.349899824635711],[0.47369836326070147,10.34970197131638],[0.4737285877578564,10.349500213142258],[0.47373869412215286,10.349296493160336],[0.47372858506259624,10.34909277330727],[0.4736983579737565,10.348891015514743]]]}},{"type":"Feature","properties":{"name":"Douane","place":"quarter","source_place":"quarter","place_type":"quarter","sublocality_class":"quarter","runtime_type":"quartier","hierarchy_level":"sublocality","display_level":"quartier","geometry_role":"buffered_point","geometry_authority":"osm","geometry_preference":"polygon_over_point","reference_geometry":true,"sibling_clipped":true,"buffer_radius_m":250,"source_path":"overpass/sublocalities/togo-osm-sublocalities.geojson","trust_rank":20,"classification_contract":"hierachy.yaml","feature_role":"reference_extent","layer_source":"combined_sublocalities","@id":"node/7071799004","coverage":"combined_sublocality","source":"overpass/sublocalities/togo-osm-sublocalities.geojson","commune_official_code":null,"official_code":null},"geometry":{"type":"Polygon","coordinates":[[[0.47220735039228917,10.33921535056449],[0.472152920193851,10.339000193375623],[0.47207745392846096,10.338791354907382],[0.4719816784131155,10.338590846374201],[0.47186651604760677,10.338400598765567],[0.47173307593019076,10.338222444250226],[0.471582643175496,10.338058098532157],[0.4714166665377041,10.337909144328206],[0.47123674445804425,10.337777016126534],[0.4710446096711236,10.33766298637255],[0.4708421125182535,10.33756815321541],[0.47063120312848544,10.337493429932962],[0.4704139126389264,10.337439536137088],[0.4701923336351473,10.337406990843965],[0.4699686,10.337396107476058],[0.46974486636485274,10.337406990843965],[0.4695232873610736,10.337439536137088],[0.4693059968715146,10.337493429932962],[0.46909508748174655,10.33756815321541],[0.4688925903288764,10.33766298637255],[0.4687004555419557,10.337777016126534],[0.46852053346229594,10.337909144328206],[0.46835455682450405,10.338058098532157],[0.46820412406980927,10.338222444250226],[0.46807068395239393,10.338400598765565],[0.4679555215868857,10.3385908463742],[0.4678597460715391,10.338791354907382],[0.467784279806149,10.339000193375623],[0.46772984960771047,10.33921535056449],[0.46769697970941243,10.339434754403188],[0.46768598671042877,10.339656291919304],[0.4676969765252021,10.33987782958765],[0.46772984336165724,10.340097233877191],[0.46778427073829526,10.34031239179818],[0.46785973453035246,10.340521231251694],[0.467955508015882,10.34072174098544],[0.4680706688730952,10.340911989963782],[0.4682041080617141,10.341090145965346],[0.4683545405027903,10.341254493229034],[0.46852051745419876,10.341403448978603],[0.46870044046265885,10.341535578666496],[0.46889257675786783,10.341649609790187],[0.46909507594055244,10.34174444414789],[0.4693059878036577,10.341819168415608],[0.4695232811150247,10.34187306294361],[0.4697448631806444,10.341905608687576],[0.4699686,10.34191649220771],[0.47019233681935524,10.341905608687576],[0.4704139188849753,10.341873062943609],[0.4706312121963429,10.34181916841561],[0.4708421240594477,10.34174444414789],[0.47104462324213164,10.341649609790187],[0.47123675953734145,10.341535578666498],[0.4714166825458009,10.341403448978603],[0.47158265949721,10.341254493229032],[0.4717330919382847,10.341090145965344],[0.4718665311269042,10.340911989963784],[0.4719816919841225,10.34072174098544],[0.4720774654696493,10.340521231251694],[0.47215292926170116,10.34031239179818],[0.47220735663834384,10.340097233877193],[0.47224022347479794,10.33987782958765],[0.47225121328957126,10.339656291919304],[0.4722402202905872,10.339434754403188],[0.47220735039228917,10.33921535056449]]]}},{"type":"Feature","properties":{"name":"Carrefour Angoh Achingou","place":"quarter","source_place":"quarter","place_type":"quarter","sublocality_class":"quarter","runtime_type":"quartier","hierarchy_level":"sublocality","display_level":"quartier","geometry_role":"buffered_point","geometry_authority":"osm","geometry_preference":"polygon_over_point","reference_geometry":true,"sibling_clipped":true,"buffer_radius_m":126.5,"source_path":"overpass/sublocalities/togo-osm-sublocalities.geojson","trust_rank":20,"classification_contract":"hierachy.yaml","feature_role":"reference_extent","layer_source":"combined_sublocalities","@id":"node/7079510453","coverage":"combined_sublocality","source":"overpass/sublocalities/togo-osm-sublocalities.geojson","commune_official_code":null,"official_code":null},"geometry":{"type":"Polygon","coordinates":[[[0.4770463280648388,10.347223422670961],[0.4770187911231694,10.347114573116992],[0.4769806115833236,10.34700892021449],[0.4769321571442739,10.346907481455027],[0.476873894456228,10.34681123374488],[0.4768063846262916,10.346721103997057],[0.4767302778144508,10.346637960204829],[0.4766463069720727,10.346562603082655],[0.47655528078310777,10.346495758355122],[0.47645807587609385,10.34643806976801],[0.47635562838185685,10.346390092888901],[0.47624892491828574,10.34635228975694],[0.47613899308894186,10.346325024433321],[0.47602689158702877,10.346308559495313],[0.4759137,10.346303053507604],[0.4758005084129713,10.346308559495313],[0.4756884069110582,10.346325024433321],[0.4755784750817141,10.34635228975694],[0.4754717716181432,10.346390092888901],[0.47536932412390676,10.34643806976801],[0.4752721192168928,10.346495758355124],[0.4751810930279273,10.346562603082655],[0.47509712218554917,10.346637960204829],[0.47502101537370844,10.346721103997057],[0.474953505543772,10.34681123374488],[0.4748952428557261,10.346907481455027],[0.4748467884166738,10.34700892021449],[0.47480860887683063,10.347114573116992],[0.4747810719351559,10.347223422670963],[0.47476444279787006,10.347334420598388],[0.47475888162393426,10.34744649793022],[0.4747644419822498,10.34755857530104],[0.474781070335258,10.347669573343948],[0.4748086065541403,10.34777842308544],[0.4748467854604562,10.347884076240312],[0.47489523937957795,10.347985515307286],[0.4749535016812862,10.34808176336827],[0.4750210112733145,10.348171893496767],[0.47509711800481996,10.348255037684893],[0.47518108892752997,10.348330395202957],[0.4752721153544025,10.348397240311174],[0.4753693206477585,10.34845492924912],[0.47547176866192187,10.348502906435739],[0.4755784727590267,10.348540709820066],[0.47568840531116297,10.348567975331212],[0.47580050759735143,10.3485844403847],[0.4759137,10.3485899464114],[0.4760268924026487,10.3485844403847],[0.4761389946888371,10.34856797533121],[0.47624892724097356,10.348540709820067],[0.4763556313380792,10.348502906435739],[0.47645807935224216,10.34845492924912],[0.4765552846455986,10.348397240311174],[0.4766463110724691,10.348330395202959],[0.47673028199517936,10.348255037684892],[0.47680638872668446,10.348171893496767],[0.4768738983187159,10.348081763368267],[0.4769321606204202,10.347985515307286],[0.4769806145395496,10.347884076240309],[0.4770187934458611,10.34777842308544],[0.47704632966473687,10.34766957334395],[0.4770629580177502,10.34755857530104],[0.4770685183760658,10.34744649793022],[0.47706295720213354,10.347334420598388],[0.4770463280648388,10.347223422670961]]]}},{"type":"Feature","properties":{"name":"N'Gbegna Gléi","place":"neighbourhood","source_place":"neighbourhood","place_type":"neighbourhood","sublocality_class":"neighbourhood","runtime_type":"neighborhood","hierarchy_level":"sublocality","display_level":"quartier","geometry_role":"buffered_point","geometry_authority":"osm","geometry_preference":"polygon_over_point","reference_geometry":true,"sibling_clipped":true,"buffer_radius_m":250,"source_path":"overpass/sublocalities/togo-osm-sublocalities.geojson","trust_rank":20,"classification_contract":"hierachy.yaml","feature_role":"reference_extent","layer_source":"combined_sublocalities","@id":"node/7146284085","coverage":"combined_sublocality","source":"overpass/sublocalities/togo-osm-sublocalities.geojson","commune_official_code":null,"official_code":null},"geometry":{"type":"Polygon","coordinates":[[[1.1590349126013906,7.319256721206899],[1.1590023095148616,7.319037282079841],[1.1589483208076188,7.3188220902426835],[1.158873466448814,7.318613218103026],[1.1587784673516917,7.31841267720377],[1.1586642384299068,7.318222398851229],[1.1585318797855746,7.318044215516075],[1.1583826661141308,7.3178798431861605],[1.158218034427947,7.317730864841214],[1.1580395702169994,7.317598715208476],[1.1578489921798583,7.317484666946084],[1.1576481356720296,7.317389818387271],[1.1574389350310774,7.317315082963341],[1.1572234049486616,7.317261180407298],[1.1570036210689278,7.317228629822804],[1.1567817,7.317217744685213],[1.1565597789310724,7.317228629822804],[1.1563399950513387,7.317261180407298],[1.1561244649689228,7.317315082963341],[1.1559152643279706,7.317389818387271],[1.155714407820142,7.317484666946084],[1.1555238297830008,7.317598715208476],[1.1553453655720534,7.317730864841214],[1.1551807338858693,7.3178798431861605],[1.1550315202144257,7.318044215516075],[1.1548991615700936,7.318222398851229],[1.1547849326483084,7.31841267720377],[1.1546899335511862,7.318613218103026],[1.1546150791923815,7.3188220902426835],[1.1545610904851396,7.319037282079841],[1.154528487398609,7.319256721206901],[1.1545175839491129,7.319478294309681],[1.1545284851748545,7.319699867519619],[1.1545610861230968,7.319919306964049],[1.1546150728596734,7.320134499316593],[1.1546899254911833,7.320343372149839],[1.1547849231707437,7.320543913894235],[1.1548991510391882,7.320734193210988],[1.155031509034875,7.3209123775923794],[1.1551807224872992,7.321076751010338],[1.155345354392503,7.321225730443331],[1.155523819252095,7.321357881122302],[1.155714398342579,7.321471930348905],[1.155915256267965,7.3215667797528585],[1.156124458636219,7.321641515870376],[1.156339990689296,7.3216954189418],[1.156559776707322,7.321727969843667],[1.1567817,7.321738855088422],[1.1570036232926784,7.321727969843667],[1.1572234093107046,7.3216954189417995],[1.1574389413637818,7.3216415158703745],[1.1576481437320356,7.3215667797528585],[1.1578490016574217,7.321471930348907],[1.158039580747905,7.321357881122299],[1.158218045607497,7.32122573044333],[1.1583826775126995,7.321076751010336],[1.1585318909651252,7.320912377592379],[1.1586642489608128,7.32073419321099],[1.1587784768292582,7.320543913894235],[1.158873474508817,7.320343372149837],[1.1589483271403265,7.320134499316595],[1.159002313876901,7.319919306964049],[1.1590349148251458,7.319699867519619],[1.1590458160508874,7.319478294309681],[1.1590349126013906,7.319256721206899]]]}},{"type":"Feature","properties":{"name":"SOTOCO","place":"quarter","source_place":"quarter","place_type":"quarter","sublocality_class":"quarter","runtime_type":"quartier","hierarchy_level":"sublocality","display_level":"quartier","geometry_role":"buffered_point","geometry_authority":"osm","geometry_preference":"polygon_over_point","reference_geometry":true,"sibling_clipped":true,"buffer_radius_m":250,"source_path":"overpass/sublocalities/togo-osm-sublocalities.geojson","trust_rank":20,"classification_contract":"hierachy.yaml","feature_role":"reference_extent","layer_source":"combined_sublocalities","@id":"node/7149231072","coverage":"combined_sublocality","source":"overpass/sublocalities/togo-osm-sublocalities.geojson","commune_official_code":null,"official_code":null},"geometry":{"type":"Polygon","coordinates":[[[1.0766342273909737,7.518695123035208],[1.076601609590922,7.518475685876999],[1.076547596540646,7.518260495973397],[1.0764727084445072,7.518051625713178],[1.0763776665413847,7.517851086620867],[1.0762633861577298,7.517660809985039],[1.0761309678916933,7.517482628259448],[1.0759816870131618,7.517318257416037],[1.0758169811818392,7.517169280419783],[1.0756384366016687,7.517037131984506],[1.0754477727449592,7.516923084756398],[1.0752468257932821,7.516828237058343],[1.0750375309546494,7.516753502313028],[1.0748219038272049,7.516699600246642],[1.074602020988893,7.516667049957923],[1.07438,7.5166561649192545],[1.0741579790111069,7.516667049957923],[1.0739380961727947,7.516699600246642],[1.0737224690453504,7.516753502313028],[1.0735131742067177,7.516828237058343],[1.0733122272550406,7.516923084756398],[1.0731215633983309,7.517037131984506],[1.0729430188181606,7.517169280419783],[1.072778312986838,7.517318257416037],[1.0726290321083065,7.517482628259448],[1.07249661384227,7.517660809985039],[1.0723823334586169,7.517851086620868],[1.0722872915554926,7.518051625713178],[1.0722124034593539,7.518260495973397],[1.0721583904090832,7.518475685876999],[1.072125772609026,7.51869512303521],[1.0721148642180973,7.518916694152932],[1.0721257703229747,7.519138265380773],[1.0721583859248183,7.519357702865101],[1.0722123969492185,7.519572893298292],[1.0722872832696535,7.519781764271219],[1.072382323715503,7.519982304231968],[1.0724966030163081,7.520172581858586],[1.072629020615523,7.520350764659251],[1.0727783012688976,7.5205151366207],[1.0729430073253772,7.520664114734992],[1.0731215525723654,7.520796264245341],[1.0733122175119294,7.520910312464246],[1.0735131659208832,7.521005161030735],[1.0737224625352118,7.521079896488757],[1.0739380916885328,7.521133799084739],[1.07415797672505,7.521166349699575],[1.07438,7.521177234848359],[1.0746020232749498,7.521166349699576],[1.0748219083114667,7.521133799084737],[1.075037537464788,7.521079896488757],[1.0752468340791164,7.521005161030734],[1.0754477824880695,7.5209103124642445],[1.075638447427634,7.520796264245343],[1.0758169926746226,7.52066411473499],[1.075981698731103,7.5205151366207],[1.0761309793844769,7.520350764659249],[1.0762633969836926,7.520172581858586],[1.0763776762844988,7.519982304231968],[1.0764727167303443,7.519781764271218],[1.0765476030507781,7.519572893298292],[1.0766016140751835,7.519357702865101],[1.076634229677025,7.519138265380773],[1.0766451357819025,7.518916694152932],[1.0766342273909737,7.518695123035208]]]}},{"type":"Feature","properties":{"name":"Babamé","place":"quarter","source_place":"quarter","place_type":"quarter","sublocality_class":"quarter","runtime_type":"quartier","hierarchy_level":"sublocality","display_level":"quartier","geometry_role":"buffered_point","geometry_authority":"osm","geometry_preference":"polygon_over_point","reference_geometry":true,"sibling_clipped":true,"buffer_radius_m":204.4,"source_path":"overpass/sublocalities/togo-osm-sublocalities.geojson","trust_rank":20,"classification_contract":"hierachy.yaml","feature_role":"reference_extent","layer_source":"combined_sublocalities","@id":"node/7176913170","coverage":"combined_sublocality","source":"overpass/sublocalities/togo-osm-sublocalities.geojson","commune_official_code":null,"official_code":null},"geometry":{"type":"Polygon","coordinates":[[[1.1958211539421955,7.750422860534119],[1.1957944742307736,7.750243469605885],[1.1957502941826668,7.750067550815182],[1.1956890392960113,7.749896798350872],[1.1956112995064845,7.7497328566454655],[1.1955178235052129,7.749577304538573],[1.1954095115279413,7.749431640072195],[1.1952874066848311,7.749297266064102],[1.19515268491451,7.749175476598347],[1.195006643659029,7.749067444562977],[1.194850689368895,7.748974210354878],[1.1946863239584213,7.748896671860607],[1.1945151303418924,7.748835575809646],[1.1943387571897943,7.7487915105832785],[1.194158903051882,7.748764900548474],[1.1939773,7.748756001971187],[1.193795696948118,7.748764900548474],[1.1936158428102057,7.7487915105832785],[1.1934394696581068,7.748835575809643],[1.193268276041579,7.748896671860607],[1.1931039106311052,7.748974210354878],[1.192947956340971,7.749067444562977],[1.19280191508549,7.749175476598347],[1.192667193315169,7.749297266064102],[1.1925450884720588,7.749431640072195],[1.1924367764947859,7.749577304538573],[1.1923433004935156,7.7497328566454655],[1.1922655607039865,7.749896798350874],[1.1922043058173333,7.750067550815182],[1.1921601257692303,7.750243469605885],[1.1921334460577997,7.750422860534121],[1.1921245236450808,7.7506039959704225],[1.1921334444814733,7.750785131482611],[1.1921601226771497,7.750964522635604],[1.192204301328336,7.7511404417912875],[1.1922655549905672,7.751311194746778],[1.1923432937752463,7.751475137050696],[1.1924367690298465,7.751630689840415],[1.1925450805473217,7.751776355047707],[1.1926671852351753,7.7519107298263314],[1.1928019071607527,7.752032520062609],[1.1929479488760315,7.752140552838895],[1.1931039039128386,7.752233787729822],[1.1932682703281625,7.752311326822599],[1.1934394651691034,7.752372423364748],[1.1936158397181267,7.752416488956095],[1.19379569537179,7.7524430992156494],[1.1939773,7.752451997868832],[1.1941589046282102,7.7524430992156494],[1.1943387602818734,7.752416488956095],[1.1945151348308967,7.752372423364748],[1.1946863296718382,7.7523113268226],[1.1948506960871612,7.752233787729826],[1.1950066511239676,7.752140552838895],[1.195152692839246,7.752032520062607],[1.1952874147648247,7.75191072982633],[1.1954095194526773,7.751776355047707],[1.1955178309701544,7.751630689840415],[1.1956113062247529,7.751475137050694],[1.1956890450094346,7.751311194746779],[1.19575029867167,7.751140441791286],[1.1957944773228522,7.750964522635604],[1.1958211555185267,7.750785131482611],[1.1958300763549194,7.7506039959704225],[1.1958211539421955,7.750422860534119]]]}},{"type":"Feature","properties":{"name":"Kpotamé","place":"quarter","source_place":"quarter","place_type":"quarter","sublocality_class":"quarter","runtime_type":"quartier","hierarchy_level":"sublocality","display_level":"quartier","geometry_role":"buffered_point","geometry_authority":"osm","geometry_preference":"polygon_over_point","reference_geometry":true,"sibling_clipped":true,"buffer_radius_m":250,"source_path":"overpass/sublocalities/togo-osm-sublocalities.geojson","trust_rank":20,"classification_contract":"hierachy.yaml","feature_role":"reference_extent","layer_source":"combined_sublocalities","@id":"node/7176913171","coverage":"combined_sublocality","source":"overpass/sublocalities/togo-osm-sublocalities.geojson","commune_official_code":null,"official_code":null},"geometry":{"type":"Polygon","coordinates":[[[1.1908920299556622,7.75470359050849],[1.190837987201217,7.754488402960542],[1.1907630579372397,7.75427953498996],[1.1906679637998838,7.754078998098887],[1.1905536206193412,7.753888723554303],[1.1904211295990323,7.753710543789371],[1.1902717667098184,7.753546174756656],[1.190106970401309,7.753397199403189],[1.189928327748697,7.753265052426449],[1.1897375591684625,7.753151006458098],[1.1895365018502235,7.753056159808433],[1.1893270920642023,7.752981425889641],[1.1891113465147196,7.752927524419627],[1.1888913429192458,7.752894974491143],[1.1886692,7.752884089572957],[1.1884470570807544,7.752894974491143],[1.1882270534852806,7.752927524419627],[1.188011307935798,7.752981425889641],[1.1878018981497767,7.753056159808433],[1.1876008408315375,7.753151006458098],[1.187410072251303,7.753265052426449],[1.1872314295986912,7.753397199403189],[1.1870666332901816,7.753546174756656],[1.1869172704009676,7.753710543789371],[1.1867847793806587,7.753888723554303],[1.186670436200117,7.754078998098887],[1.1865753420627603,7.75427953498996],[1.186500412798783,7.754488402960542],[1.186446370044341,7.75470359050849],[1.1864137342908117,7.754923025267954],[1.1864028198710148,7.755144593967091],[1.186413731930777,7.755366162779847],[1.1864463654149542,7.755585597875805],[1.1865004060779607,7.755800785970186],[1.1865753335087785,7.756009654676146],[1.1866704261416992,7.756210192463278],[1.1867847682043413,7.756400468030168],[1.1869172585362548,7.756578648904368],[1.187066621193027,7.756743019090684],[1.187231417733978,7.756891995597751],[1.1874100610749898,7.757024143683756],[1.1876008307731207,7.757138190674414],[1.187801889595796,7.757233038220137],[1.1880113012149784,7.75730777287431],[1.1882270488558995,7.757361674890757],[1.1884470547207164,7.757394225155731],[1.1886692,7.757405110187536],[1.1888913452792835,7.757394225155731],[1.1891113511441007,7.757361674890757],[1.1893270987850213,7.75730777287431],[1.189536510404204,7.757233038220138],[1.1897375692268795,7.757138190674414],[1.189928338925011,7.757024143683757],[1.1901069822660222,7.75689199559775],[1.1902717788069743,7.756743019090682],[1.1904211414637456,7.756578648904366],[1.1905536317956569,7.756400468030168],[1.1906679738583,7.756210192463278],[1.1907630664912208,7.756009654676146],[1.190837993922043,7.755800785970186],[1.1908920345850407,7.755585597875805],[1.1909246680692231,7.755366162779847],[1.1909355801289851,7.755144593967091],[1.190924665709193,7.754923025267954],[1.1908920299556622,7.75470359050849]]]}},{"type":"Feature","properties":{"name":"Klémé","place":"neighbourhood","source_place":"neighbourhood","place_type":"neighbourhood","sublocality_class":"neighbourhood","runtime_type":"neighborhood","hierarchy_level":"sublocality","display_level":"quartier","geometry_role":"buffered_point","geometry_authority":"osm","geometry_preference":"polygon_over_point","reference_geometry":true,"sibling_clipped":true,"buffer_radius_m":250,"source_path":"overpass/sublocalities/togo-osm-sublocalities.geojson","trust_rank":20,"classification_contract":"hierachy.yaml","feature_role":"reference_extent","layer_source":"combined_sublocalities","@id":"node/7252841266","coverage":"combined_sublocality","source":"overpass/sublocalities/togo-osm-sublocalities.geojson","commune_official_code":null,"official_code":null},"geometry":{"type":"Polygon","coordinates":[[[1.1146137859777239,6.211860312004299],[1.1145812572365994,6.211640862887491],[1.1145273915212637,6.211425661238354],[1.114452707611986,6.2112167795601145],[1.11435792477667,6.211016229489059],[1.11424395584308,6.210825942421692],[1.114111898407169,6.210647750914724],[1.1139630242621235,6.210483371037014],[1.1137987671500018,6.210334385843372],[1.1136207089539196,6.210202230129378],[1.1134305644637383,6.210088176614044],[1.113230164862021,6.209993323683304],[1.1130214400892238,6.209918584812426],[1.112806400257983,6.209864679769134],[1.11258711629544,6.209832127682173],[1.1123657,6.209821242042068],[1.1121442837045599,6.209832127682173],[1.111924999742017,6.209864679769134],[1.1117099599107763,6.209918584812426],[1.111501235137979,6.209993323683304],[1.1113008355362617,6.210088176614044],[1.1111106910460804,6.210202230129378],[1.1109326328499982,6.210334385843372],[1.1107683757378766,6.210483371037014],[1.1106195015928308,6.210647750914724],[1.1104874441569181,6.210825942421691],[1.1103734752233314,6.211016229489059],[1.110278692388014,6.2112167795601145],[1.1102040084787363,6.211425661238354],[1.110150142763403,6.211640862887491],[1.110117614022272,6.211860312004299],[1.110106735550944,6.212081895177692],[1.110117612142118,6.212303478441894],[1.1101501390753283,6.212522927827634],[1.1102040031244909,6.212738129913498],[1.1102786855733486,6.21294701217947],[1.1103734672101335,6.213147562966678],[1.1104874352531324,6.213337850851102],[1.1106194921406194,6.213516043244626],[1.110768366100487,6.213680424044321],[1.1109326233977872,6.213829410159949],[1.1111106821422934,6.213961566760498],[1.111300827523063,6.214075621092888],[1.1115012283233134,6.214170474739782],[1.1117099545565285,6.214245214198393],[1.1119249960539466,6.214299119678409],[1.112144281824398,6.2143316720343025],[1.1123657,6.2143425577652165],[1.112587118175602,6.2143316720343025],[1.1128064039460532,6.214299119678408],[1.1130214454434715,6.2142452141983915],[1.1132301716766861,6.214170474739782],[1.1134305724769369,6.214075621092889],[1.113620717857707,6.213961566760498],[1.1137987766022137,6.213829410159949],[1.1139630338995141,6.213680424044321],[1.114111907859381,6.213516043244625],[1.1142439647468692,6.2133378508511035],[1.1143579327898678,6.213147562966678],[1.114452714426652,6.212947012179468],[1.1145273968755072,6.2127381299134985],[1.1145812609246712,6.212522927827635],[1.1146137878578821,6.212303478441894],[1.1146246644490558,6.212081895177692],[1.1146137859777239,6.211860312004299]]]}},{"type":"Feature","properties":{"name":"Mission","place":"suburb","source_place":"suburb","place_type":"suburb","sublocality_class":"suburb","runtime_type":"quartier","hierarchy_level":"sublocality","display_level":"quartier","geometry_role":"buffered_point","geometry_authority":"osm","geometry_preference":"polygon_over_point","reference_geometry":true,"sibling_clipped":true,"buffer_radius_m":112.4,"source_path":"overpass/sublocalities/togo-osm-sublocalities.geojson","trust_rank":20,"classification_contract":"hierachy.yaml","feature_role":"reference_extent","layer_source":"combined_sublocalities","@id":"node/7733071124","coverage":"combined_sublocality","source":"overpass/sublocalities/togo-osm-sublocalities.geojson","commune_official_code":null,"official_code":null},"geometry":{"type":"Polygon","coordinates":[[[1.1973321482715358,7.753774150921489],[1.1973078420739545,7.753677367083916],[1.1972741418555304,7.7535834255459894],[1.1972313721731505,7.753493231013932],[1.1971799449266078,7.753407652107776],[1.1971203553916565,7.753327512996197],[1.197053177450097,7.753253585459417],[1.1969790580629054,7.75318658145667],[1.1968987110396234,7.753127146269769],[1.196812910163998,7.753075852288824],[1.1967224817421118,7.7530331934999355],[1.1966282966447195,7.752999580727951],[1.1965312619204573,7.7529753376800965],[1.196432312060673,7.752960697828586],[1.1963324,7.752955802162213],[1.196232487939327,7.752960697828586],[1.1961335380795424,7.7529753376800965],[1.1960365033552807,7.752999580727953],[1.195942318257888,7.7530331934999355],[1.195851889836002,7.753075852288824],[1.1957660889603763,7.753127146269769],[1.1956857419370943,7.75318658145667],[1.1956116225499027,7.753253585459417],[1.1955444446083434,7.753327512996197],[1.1954848550733919,7.753407652107776],[1.1954334278268468,7.75349323101393],[1.195390658144467,7.753583425545988],[1.1953569579260452,7.753677367083916],[1.1953326517284588,7.753774150921485],[1.1953179736397577,7.753872844979029],[1.195313065024576,7.753972498779799],[1.1953179731624277,7.75407215260355],[1.1953326507921331,7.754170846729152],[1.195356956566722,7.754267630677242],[1.1953906564143695,7.754361572363902],[1.1954334257924644,7.754451767077199],[1.1954848528129058,7.754537346190123],[1.1955444422086228,7.754617485526057],[1.195611620103169,7.7546914132961575],[1.1956857395373757,7.754758417532233],[1.1957660866998925,7.754817852943491],[1.19585188780162,7.7548691471312035],[1.1959423165277878,7.754911806101326],[1.1960365019959487,7.7549454190220475],[1.1961335371432187,7.754969662180421],[1.1962324874619932,7.75498430209999],[1.1963324,7.754989197789347],[1.1964323125380067,7.75498430209999],[1.196531262856781,7.754969662180421],[1.196628298004051,7.754945419022046],[1.1967224834722123,7.754911806101326],[1.1968129121983808,7.754869147131204],[1.1968987133001079,7.754817852943491],[1.1969790604626238,7.754758417532232],[1.1970531798968294,7.754691413296159],[1.1971203577913758,7.754617485526057],[1.1971799471870934,7.75453734619012],[1.197231374207533,7.754451767077197],[1.1972741435856347,7.754361572363902],[1.1973078434332782,7.754267630677241],[1.1973321492078581,7.754170846729148],[1.197346826837572,7.75407215260355],[1.1973517349754237,7.753972498779799],[1.197346826360241,7.753872844979029],[1.1973321482715358,7.753774150921489]]]}},{"type":"Feature","properties":{"name":"Naolo Fida","place":"quarter","source_place":"quarter","place_type":"quarter","sublocality_class":"quarter","runtime_type":"quartier","hierarchy_level":"sublocality","display_level":"quartier","geometry_role":"buffered_point","geometry_authority":"osm","geometry_preference":"polygon_over_point","reference_geometry":true,"sibling_clipped":true,"buffer_radius_m":250,"source_path":"overpass/sublocalities/togo-osm-sublocalities.geojson","trust_rank":20,"classification_contract":"hierachy.yaml","feature_role":"reference_extent","layer_source":"combined_sublocalities","@id":"node/8256990977","coverage":"combined_sublocality","source":"overpass/sublocalities/togo-osm-sublocalities.geojson","commune_official_code":null,"official_code":null},"geometry":{"type":"Polygon","coordinates":[[[1.1897830717635014,6.942453417894739],[1.189750495369529,6.942233975188991],[1.1896965508227646,6.942018779837095],[1.1896217576655295,6.94180990428089],[1.189526836220377,6.941609360096702],[1.189412700652046,6.9414190786231105],[1.1892804501628096,6.941240892361561],[1.1891313584060121,6.941076517328886],[1.1889668612197577,6.940927536531648],[1.188788542798883,6.940795384721521],[1.1885981204384075,6.940681334578398],[1.1883974279953928,6.940586484454345],[1.18818839822844,6.940511747796376],[1.1879730441849172,6.94045784434989],[1.1877534398151142,6.940425293227516],[1.1875317,6.940414407910027],[1.187309960184886,6.940425293227516],[1.187090355815083,6.94045784434989],[1.1868750017715601,6.940511747796376],[1.1866659720046073,6.940586484454345],[1.1864652795615926,6.940681334578398],[1.1862748572011172,6.940795384721521],[1.1860965387802422,6.940927536531648],[1.185932041593988,6.941076517328886],[1.1857829498371906,6.941240892361561],[1.1856506993479543,6.9414190786231105],[1.1855365637796225,6.941609360096701],[1.1854416423344707,6.94180990428089],[1.1853668491772356,6.942018779837095],[1.1853129046304696,6.94223397518899],[1.185280328236505,6.94245341789474],[1.185269433752994,6.942674994605462],[1.1852803261301017,6.9428965714177755],[1.1853129004986074,6.943116014424391],[1.1853668431787114,6.943331210264863],[1.185441634699792,6.9435400864785795],[1.1855365548021897,6.943740631463953],[1.185650689372766,6.943930913851608],[1.1857829392475896,6.944109101104971],[1.1859320307969239,6.944273477169103],[1.1860965281906404,6.944422458997792],[1.1862748472259321,6.944554611799736],[1.1864652705841612,6.944668662856924],[1.1866659643699293,6.94476351378216],[1.1868749957730325,6.944838251097646],[1.1870903516832245,6.944892155032708],[1.187309958078483,6.944924706455941],[1.1875317,6.944935591875021],[1.187753441921517,6.944924706455941],[1.1879730483167756,6.944892155032708],[1.1881884042269677,6.944838251097644],[1.1883974356300704,6.94476351378216],[1.1885981294158383,6.944668662856923],[1.1887885527740687,6.944554611799736],[1.1889668718093598,6.944422458997792],[1.1891313692030767,6.944273477169102],[1.1892804607524115,6.944109101104971],[1.1894127106272332,6.943930913851608],[1.1895268451978112,6.943740631463953],[1.1896217653002052,6.943540086478578],[1.1896965568212896,6.943331210264862],[1.189750499501391,6.94311601442439],[1.1897830738698985,6.9428965714177755],[1.189793966247006,6.942674994605462],[1.1897830717635014,6.942453417894739]]]}},{"type":"Feature","properties":{"name":"Bohou","place":"quarter","source_place":"quarter","place_type":"quarter","sublocality_class":"quarter","runtime_type":"quartier","hierarchy_level":"sublocality","display_level":"quartier","geometry_role":"buffered_point","geometry_authority":"osm","geometry_preference":"polygon_over_point","reference_geometry":true,"sibling_clipped":true,"buffer_radius_m":250,"source_path":"overpass/sublocalities/togo-osm-sublocalities.geojson","trust_rank":20,"classification_contract":"hierachy.yaml","feature_role":"reference_extent","layer_source":"combined_sublocalities","@id":"node/8262813853","coverage":"combined_sublocality","source":"overpass/sublocalities/togo-osm-sublocalities.geojson","commune_official_code":null,"official_code":null},"geometry":{"type":"Polygon","coordinates":[[[1.0179849441602566,8.063743628296413],[1.017952284073668,8.063524196781678],[1.0178982010588438,8.063309012420023],[1.017823215996135,8.063100147546296],[1.0177280510601534,8.06289961363239],[1.0176136227638106,8.062709341916097],[1.0174810331309003,8.062531164802735],[1.017331559082384,8.062366798218703],[1.0171666401385342,8.062217825086769],[1.0169878645554487,8.062085680082353],[1.0167969540293982,8.061971635817475],[1.016595747116351,8.061876790585435],[1.0163861815263198,8.061802057784242],[1.0161702754630175,8.061748157120617],[1.015950108188513,8.061715607679226],[1.0157278,8.061704722923949],[1.0155054918114872,8.061715607679226],[1.0152853245369826,8.061748157120617],[1.0150694184736806,8.061802057784242],[1.0148598528836492,8.061876790585435],[1.0146586459706022,8.061971635817475],[1.0144677354445515,8.062085680082353],[1.0142889598614662,8.062217825086769],[1.0141240409176162,8.062366798218703],[1.0139745668690998,8.062531164802735],[1.01384197723619,8.062709341916094],[1.0137275489398432,8.06289961363239],[1.0136323840038652,8.063100147546296],[1.0135573989411566,8.063309012420023],[1.0135033159263347,8.063524196781676],[1.013470655839748,8.063743628296415],[1.013459733249903,8.063965193723833],[1.013470653382691,8.064186759269457],[1.0135033111066347,8.064406191134267],[1.0135573919440366,8.064621376064407],[1.0136323750982226,8.064830241703183],[1.0137275384679165,8.065030776549309],[1.0138419656004032,8.065221049329159],[1.0139745545166163,8.06539922759655],[1.0141240283231348,8.065563595380736],[1.0142889475089834,8.06571256971282],[1.014467723808767,8.065844715871265],[1.0146586354986729,8.065958761199706],[1.0148598439780054,8.066053607363965],[1.0150694114765617,8.066128340930206],[1.0152853197172829,8.066182242162318],[1.0155054893544257,8.066214791953776],[1.0157278,8.066225676827257],[1.0159501106455744,8.066214791953776],[1.0161702802827175,8.066182242162316],[1.0163861885234386,8.066128340930206],[1.016595756021994,8.066053607363965],[1.0167969645013266,8.065958761199706],[1.0169878761912328,8.065844715871265],[1.0171666524910172,8.065712569712819],[1.0173315716768645,8.065563595380734],[1.0174810454833847,8.065399227596549],[1.0176136343995967,8.065221049329162],[1.0177280615320816,8.065030776549305],[1.017823224901777,8.064830241703183],[1.0178982080559653,8.064621376064405],[1.017952288893364,8.064406191134266],[1.0179849466173094,8.064186759269457],[1.0179958667500975,8.063965193723833],[1.0179849441602566,8.063743628296413]]]}},{"type":"Feature","properties":{"name":"Togodo","place":"quarter","source_place":"quarter","place_type":"quarter","sublocality_class":"quarter","runtime_type":"quartier","hierarchy_level":"sublocality","display_level":"quartier","geometry_role":"buffered_point","geometry_authority":"osm","geometry_preference":"polygon_over_point","reference_geometry":true,"sibling_clipped":true,"buffer_radius_m":250,"source_path":"overpass/sublocalities/togo-osm-sublocalities.geojson","trust_rank":20,"classification_contract":"hierachy.yaml","feature_role":"reference_extent","layer_source":"combined_sublocalities","@id":"node/8262841922","coverage":"combined_sublocality","source":"overpass/sublocalities/togo-osm-sublocalities.geojson","commune_official_code":null,"official_code":null},"geometry":{"type":"Polygon","coordinates":[[[1.0234812342356427,8.05439809659275],[1.0234271524338228,8.054182912135206],[1.023352169052293,8.053974047168282],[1.023257006249434,8.053773513164783],[1.0231425805175889,8.053583241363377],[1.0230099938558321,8.053405064170226],[1.0228605231564984,8.053240697512507],[1.0226956079076128,8.053091724313724],[1.0225168363296804,8.052959579249963],[1.0223259300804177,8.052845534933823],[1.0221247276746248,8.052750689659126],[1.0219151667789315,8.052675956824306],[1.0216992655518748,8.05262205613642],[1.0214791032089845,8.05258950668037],[1.0212568,8.052578621920194],[1.0210344967910157,8.05258950668037],[1.0208143344481253,8.05262205613642],[1.0205984332210687,8.052675956824306],[1.0203888723253753,8.052750689659126],[1.0201876699195824,8.052845534933823],[1.0199967636703196,8.052959579249963],[1.019817992092387,8.053091724313724],[1.0196530768435017,8.053240697512507],[1.019503606144168,8.053405064170226],[1.019371019482414,8.053583241363379],[1.0192565937505642,8.053773513164781],[1.019161430947707,8.053974047168282],[1.0190864475661774,8.054182912135206],[1.0190323657643574,8.05439809659275],[1.0189997064109002,8.054617528205139],[1.018988784067184,8.054839093731028],[1.018999703956707,8.055060659374982],[1.0190323609502967,8.055280091337043],[1.0190864405772342,8.05549527636242],[1.0191614220524765,8.055704142093514],[1.0192565832908773,8.055904677028165],[1.0193710078602303,8.05609494989191],[1.019503593806126,8.056273128237768],[1.01965306426374,8.05643749609426],[1.0198179797543456,8.056586470491816],[1.0199967520481374,8.056718616708286],[1.020187659459895,8.056832662086764],[1.020388863430143,8.05692750829261],[1.0205984262321288,8.057002241891604],[1.0208143296340597,8.057056143147328],[1.0210344943368261,8.057088692953043],[1.0212568,8.05709957783129],[1.021479105663174,8.057088692953043],[1.0216992703659402,8.057056143147328],[1.0219151737678709,8.057002241891604],[1.0221247365698578,8.056927508292612],[1.0223259405401046,8.056832662086762],[1.0225168479518632,8.056718616708286],[1.0226956202456545,8.056586470491816],[1.0228605357362612,8.05643749609426],[1.0230100061938743,8.056273128237768],[1.023142592139768,8.056094949891913],[1.0232570167091208,8.055904677028165],[1.0233521779475259,8.055704142093516],[1.023427159422768,8.055495276362418],[1.0234812390497088,8.055280091337043],[1.0235138960432932,8.055060659374982],[1.023524815932816,8.054839093731028],[1.0235138935891015,8.054617528205139],[1.0234812342356427,8.05439809659275]]]}},{"type":"Feature","properties":{"name":"Minamadou","place":"quarter","source_place":"quarter","place_type":"quarter","sublocality_class":"quarter","runtime_type":"quartier","hierarchy_level":"sublocality","display_level":"quartier","geometry_role":"buffered_point","geometry_authority":"osm","geometry_preference":"polygon_over_point","reference_geometry":true,"sibling_clipped":true,"buffer_radius_m":250,"source_path":"overpass/sublocalities/togo-osm-sublocalities.geojson","trust_rank":20,"classification_contract":"hierachy.yaml","feature_role":"reference_extent","layer_source":"combined_sublocalities","@id":"node/8279047533","coverage":"combined_sublocality","source":"overpass/sublocalities/togo-osm-sublocalities.geojson","commune_official_code":null,"official_code":null},"geometry":{"type":"Polygon","coordinates":[[[1.188796511705049,6.224654963094353],[1.1887426446635927,6.224439761551394],[1.1886679589165754,6.224230879976393],[1.1885731737496354,6.2240303300046165],[1.1884592020130325,6.223840043031589],[1.18832714132974,6.223661851613096],[1.1881782635242326,6.223497471817116],[1.1880140023738335,6.223348486697636],[1.1878359398005387,6.223216331049503],[1.187645790636351,6.2231022775910585],[1.1874453861088152,6.223007424707674],[1.1872366562057906,6.2229326858741345],[1.1870216110892762,6.222878780857783],[1.1868023217372616,6.222846228787098],[1.1865809,6.222835343152436],[1.1863594782627385,6.222846228787098],[1.186140188910724,6.222878780857783],[1.1859251437942095,6.2229326858741345],[1.185716413891185,6.223007424707674],[1.1855160093636494,6.2231022775910585],[1.1853258601994616,6.223216331049503],[1.1851477976261666,6.223348486697636],[1.1849835364757675,6.223497471817116],[1.1848346586702603,6.223661851613096],[1.1847025979869688,6.22384004303159],[1.1845886262503662,6.2240303300046165],[1.1844938410834247,6.224230879976393],[1.1844191553364074,6.224439761551394],[1.1843652882949554,6.224654963094351],[1.1843327587521602,6.224874412103071],[1.1843218800113788,6.2250959951675116],[1.1843327568679791,6.225317578322955],[1.1843652845990031,6.225537027601174],[1.1844191499707248,6.225752229581777],[1.184493834254204,6.225961111745755],[1.1845886182200533,6.226161662435197],[1.1847025890641605,6.226351950227003],[1.1848346491978596,6.226530142533923],[1.1849835268177908,6.22669452325384],[1.1851477881537646,6.226843509297252],[1.1853258512766538,6.226975665833815],[1.1855160013333355,6.227089720111036],[1.1857164070619644,6.227184573712089],[1.1859251384285254,6.227259313134604],[1.1861401852147766,6.227313218588601],[1.1863594763785608,6.227345770928787],[1.1865809,6.2273566566544485],[1.1868023236214393,6.227345770928787],[1.1870216147852237,6.2273132185886],[1.1872366615714747,6.227259313134604],[1.1874453929380357,6.227184573712089],[1.187645798666665,6.227089720111036],[1.1878359487233467,6.226975665833815],[1.1880140118462343,6.226843509297251],[1.188178273182209,6.2266945232538395],[1.188327150802138,6.226530142533923],[1.1884592109358398,6.226351950227002],[1.1885731817799496,6.226161662435197],[1.188667965745794,6.225961111745755],[1.1887426500292795,6.2257522295817775],[1.1887965154009945,6.225537027601172],[1.1888290431320212,6.225317578322955],[1.1888399199886213,6.2250959951675116],[1.188829041247846,6.22487441210307],[1.188796511705049,6.224654963094353]]]}},{"type":"Feature","properties":{"name":"Koeroma","place":"quarter","source_place":"quarter","place_type":"quarter","sublocality_class":"quarter","runtime_type":"quartier","hierarchy_level":"sublocality","display_level":"quartier","geometry_role":"buffered_point","geometry_authority":"osm","geometry_preference":"polygon_over_point","reference_geometry":true,"sibling_clipped":true,"buffer_radius_m":212.9,"source_path":"overpass/sublocalities/togo-osm-sublocalities.geojson","trust_rank":20,"classification_contract":"hierachy.yaml","feature_role":"reference_extent","layer_source":"combined_sublocalities","@id":"node/8284248655","coverage":"combined_sublocality","source":"overpass/sublocalities/togo-osm-sublocalities.geojson","commune_official_code":null,"official_code":null},"geometry":{"type":"Polygon","coordinates":[[[1.1597488809648817,7.5117872950722795],[1.1597028918960954,7.511604069561282],[1.1596391288363534,7.511426224958743],[1.1595582058772937,7.511255473997962],[1.159460902366446,7.511093461094978],[1.1593481554011007,7.510941746512275],[1.1592210508031155,7.510801791333012],[1.1590808126616017,7.510674943390412],[1.1589287915441693,7.510562424287843],[1.1587664514903273,7.510465317634566],[1.1585953559122428,7.510384558610397],[1.1584171525386662,7.510320924959835],[1.1582335575469838,7.510275029502288],[1.1580463390362015,7.510247314230576],[1.1578573,7.510238046054524],[1.1576682609637987,7.510247314230576],[1.1574810424530164,7.510275029502288],[1.157297447461334,7.510320924959835],[1.1571192440877573,7.510384558610397],[1.1569481485096729,7.510465317634566],[1.156785808455831,7.510562424287843],[1.1566337873383985,7.510674943390412],[1.1564935491968844,7.510801791333012],[1.1563664445988995,7.510941746512275],[1.1562536976335556,7.511093461094976],[1.1561563941227062,7.511255473997962],[1.1560754711636492,7.511426224958743],[1.1560117081039047,7.511604069561282],[1.155965719035124,7.5117872950722795],[1.1559379468782833,7.511974136935419],[1.155928659117383,7.512162795764824],[1.1559379452224654,7.512351454673993],[1.1559657157871173,7.512538296773347],[1.1560117033885313,7.512721522667934],[1.1560754651621126,7.512899367786709],[1.1561563870656482,7.513070119376519],[1.1562536897921694,7.513232132997158],[1.1563664362745285,7.513383848358559],[1.1564935407094288,7.513523804347645],[1.1566337790140264,7.513650653100067],[1.156785800614444,7.513763172981337],[1.1569481414526137,7.513860280352269],[1.157119238086221,7.513941040005468],[1.1572974427459561,7.514004674172261],[1.1574810392050079,7.514050570013405],[1.1576682593079783,7.514078285521327],[1.1578573,7.514087553777143],[1.1580463406920216,7.514078285521327],[1.158233560794992,7.514050570013403],[1.1584171572540436,7.514004674172261],[1.1585953619137797,7.513941040005468],[1.1587664585473876,7.5138602803522705],[1.1589287993855557,7.513763172981335],[1.1590808209859738,7.513650653100067],[1.1592210592905718,7.513523804347646],[1.1593481637254714,7.51338384835856],[1.1594609102078315,7.513232132997158],[1.159558212934354,7.513070119376521],[1.1596391348378854,7.512899367786708],[1.159702896611464,7.512721522667934],[1.1597488842128887,7.512538296773347],[1.1597766547775348,7.512351454673993],[1.1597859408826172,7.512162795764824],[1.1597766531217157,7.511974136935417],[1.1597488809648817,7.5117872950722795]]]}},{"type":"Feature","properties":{"name":"Quartier English","place":"quarter","source_place":"quarter","place_type":"quarter","sublocality_class":"quarter","runtime_type":"quartier","hierarchy_level":"sublocality","display_level":"quartier","geometry_role":"buffered_point","geometry_authority":"osm","geometry_preference":"polygon_over_point","reference_geometry":true,"sibling_clipped":true,"buffer_radius_m":250,"source_path":"overpass/sublocalities/togo-osm-sublocalities.geojson","trust_rank":20,"classification_contract":"hierachy.yaml","feature_role":"reference_extent","layer_source":"combined_sublocalities","@id":"node/8318029425","coverage":"combined_sublocality","source":"overpass/sublocalities/togo-osm-sublocalities.geojson","commune_official_code":null,"official_code":null},"geometry":{"type":"Polygon","coordinates":[[[1.0415805542904886,7.993109027592792],[1.0415478998558156,7.99288959532505],[1.0414938261925066,7.992674410223961],[1.0414188540905733,7.992465544631572],[1.041323705599559,7.9922650100267845],[1.0412092970737887,7.992074737654171],[1.0410767303465076,7.991896559925513],[1.0409272821179905,7.991732192773268],[1.0407623916598197,7.991583219125842],[1.040583646953792,7.991451073663764],[1.0403927693989046,7.991337029003612],[1.0401915972337512,7.991242183442629],[1.0399820678339038,7.991167450382115],[1.0397661990547955,7.991113549531378],[1.0395460697997092,7.991080999976967],[1.0393238,7.9910701151838905],[1.0391015302002908,7.991080999976967],[1.0388814009452045,7.991113549531378],[1.038665532166096,7.991167450382115],[1.0384560027662488,7.991242183442629],[1.0382548306010952,7.991337029003612],[1.0380639530462081,7.991451073663764],[1.0378852083401804,7.991583219125842],[1.0377203178820096,7.991732192773268],[1.0375708696534924,7.991896559925513],[1.0374383029262124,7.992074737654171],[1.0373238944004388,7.9922650100267845],[1.0372287459094265,7.992465544631572],[1.0371537738074932,7.992674410223961],[1.0370997001441875,7.992889595325048],[1.0370670457095084,7.993109027592792],[1.0370561250172492,7.993330593779501],[1.0370670432746816,7.993552160083364],[1.0370996953680813,7.9937715926980735],[1.0371537668736601,7.9939867783626],[1.0372287370843292,7.99419564471325],[1.0373238840232233,7.9943961802419805],[1.0374382913956695,7.994586453668708],[1.0375708574127316,7.994764632541155],[1.037720305401439,7.994929000882898],[1.037885196099419,7.9950779757198225],[1.0380639415156654,7.995210122325686],[1.0382548202238802,7.9953241680399545],[1.038455993941153,7.995419014524879],[1.0386655252322623,7.995493748343656],[1.038881396169097,7.995547649757829],[1.0391015277654523,7.995580199659203],[1.0393238,7.995591084569436],[1.0395460722345478,7.995580199659203],[1.039766203830903,7.995547649757829],[1.0399820747677377,7.995493748343654],[1.0401916060588463,7.995419014524881],[1.04039277977612,7.9953241680399545],[1.040583658484336,7.995210122325684],[1.0407624039005807,7.995077975719821],[1.0409272945985617,7.994929000882898],[1.041076742587267,7.994764632541154],[1.0412093086043301,7.994586453668709],[1.041323715976773,7.994396180241979],[1.0414188629156687,7.994195644713252],[1.041493833126347,7.9939867783626015],[1.0415479046319183,7.9937715926980735],[1.0415805567253185,7.993552160083364],[1.0415914749827508,7.993330593779501],[1.0415805542904886,7.993109027592792]]]}},{"type":"Feature","properties":{"name":"Agovémé","place":"quarter","source_place":"quarter","place_type":"quarter","sublocality_class":"quarter","runtime_type":"quartier","hierarchy_level":"sublocality","display_level":"quartier","geometry_role":"buffered_point","geometry_authority":"osm","geometry_preference":"polygon_over_point","reference_geometry":true,"sibling_clipped":true,"buffer_radius_m":250,"source_path":"overpass/sublocalities/togo-osm-sublocalities.geojson","trust_rank":20,"classification_contract":"hierachy.yaml","feature_role":"reference_extent","layer_source":"combined_sublocalities","@id":"node/9006856592","coverage":"combined_sublocality","source":"overpass/sublocalities/togo-osm-sublocalities.geojson","commune_official_code":null,"official_code":null},"geometry":{"type":"Polygon","coordinates":[[[1.1581257101368936,6.287796112583773],[1.1580931766940292,6.287576664100793],[1.1580393032010714,6.287361463074281],[1.1579646085134856,6.28715258200139],[1.1578698120032351,6.286952032512477],[1.1577558266300025,6.286761745998306],[1.1576237501482205,6.28658355501012],[1.1574748545345968,6.2864191756116234],[1.1573105737379776,6.286270190852848],[1.1571324898695396,6.2861380355250205],[1.1569423179662859,6.286023982343277],[1.1567418894746198,6.285929129690193],[1.1565331346130092,6.28585439103824],[1.156318063783601,6.285800486152923],[1.1560987482117662,6.285767934161394],[1.1558773,6.285757048553207],[1.155655851788234,6.285767934161394],[1.155436536216399,6.285800486152923],[1.155221465386991,6.28585439103824],[1.1550127105253805,6.285929129690193],[1.1548122820337143,6.286023982343277],[1.1546221101304606,6.2861380355250205],[1.1544440262620226,6.286270190852848],[1.1542797454654035,6.2864191756116234],[1.1541308498517797,6.28658355501012],[1.1539987733699957,6.286761745998306],[1.1538847879967633,6.286952032512476],[1.1537899914865146,6.28715258200139],[1.1537152967989288,6.287361463074281],[1.153661423305971,6.287576664100793],[1.1536288898631026,6.287796112583774],[1.1536180098115307,6.28801769511829],[1.153628887959501,6.288239277744735],[1.15366141957192,6.288458726499963],[1.1537152913779305,6.288673927968584],[1.1537899845868922,6.288882809636448],[1.153884779883667,6.289083359850345],[1.1539987643552048,6.289273647191636],[1.1541308402817254,6.289451839077304],[1.1542797357078616,6.289616219409149],[1.1544440166919698,6.2897652051012765],[1.1546221011156688,6.2898973613265845],[1.1548122739206157,6.290011415335453],[1.1550127036257576,6.290106268713514],[1.1552214599659922,6.290181007960444],[1.1554365324823501,6.290234913287867],[1.1556558498846323,6.2902674655516435],[1.1558773,6.29027835125176],[1.1560987501153681,6.2902674655516435],[1.15631806751765,6.290234913287867],[1.1565331400340078,6.290181007960444],[1.1567418963742429,6.290106268713514],[1.1569423260793843,6.290011415335453],[1.1571324988843317,6.2898973613265845],[1.1573105833080306,6.289765205101275],[1.157474864292137,6.289616219409149],[1.1576237597182726,6.289451839077303],[1.1577558356447943,6.289273647191636],[1.157869820116333,6.289083359850342],[1.157964615413105,6.288882809636447],[1.1580393086220675,6.288673927968584],[1.1580931804280803,6.288458726499963],[1.1581257120404993,6.288239277744735],[1.1581365901884695,6.28801769511829],[1.1581257101368936,6.287796112583773]]]}},{"type":"Feature","properties":{"name":"Dabara Condji","place":"quarter","source_place":"quarter","place_type":"quarter","sublocality_class":"quarter","runtime_type":"quartier","hierarchy_level":"sublocality","display_level":"quartier","geometry_role":"buffered_point","geometry_authority":"osm","geometry_preference":"polygon_over_point","reference_geometry":true,"sibling_clipped":true,"buffer_radius_m":250,"source_path":"overpass/sublocalities/togo-osm-sublocalities.geojson","trust_rank":20,"classification_contract":"hierachy.yaml","feature_role":"reference_extent","layer_source":"combined_sublocalities","@id":"node/9025471224","coverage":"combined_sublocality","source":"overpass/sublocalities/togo-osm-sublocalities.geojson","commune_official_code":null,"official_code":null},"geometry":{"type":"Polygon","coordinates":[[[1.6744196839903307,6.397144413431595],[1.6743871436747328,6.3969249658746055],[1.6743332588127156,6.396709765757697],[1.6742585483696781,6.396500885569151],[1.6741637318696787,6.396300336930657],[1.6740497224652269,6.396110051224608],[1.673917618142415,6.395931860994254],[1.6737686911462255,6.395767482295778],[1.6736043757277816,6.395618498172222],[1.673426254331637,6.395486343408475],[1.6732360423560644,6.395372290714005],[1.6730355716331564,6.3952774384664925],[1.6728267727877812,6.395202700134313],[1.672611656645295,6.395148795479746],[1.6723922948670278,6.395116243627608],[1.6721708,6.395105358066041],[1.6719493051329721,6.395116243627608],[1.6717299433547048,6.395148795479746],[1.6715148272122187,6.395202700134313],[1.6713060283668435,6.3952774384664925],[1.6711055576439358,6.395372290714005],[1.6709153456683632,6.395486343408475],[1.6707372242722185,6.395618498172222],[1.6705729088537746,6.395767482295778],[1.6704239818575852,6.395931860994254],[1.6702918775347744,6.396110051224608],[1.6701778681303214,6.396300336930656],[1.670083051630322,6.396500885569151],[1.6700083411872844,6.396709765757697],[1.6699544563252644,6.3969249658746055],[1.66992191600967,6.397144413431596],[1.66991103364835,6.397365995032723],[1.6699219140722865,6.397587576727388],[1.6699544525249457,6.397807024561402],[1.670008335670077,6.398022225128171],[1.6700830446082509,6.398231105922124],[1.6701778598732413,6.398431655298314],[1.6702918683599959,6.398621941845992],[1.6704239721176917,6.3988001329895665],[1.6705728989230648,6.398964512637764],[1.6707372145323245,6.399113497711034],[1.6709153364935847,6.399245653388003],[1.6711055493868534,6.399359706924101],[1.6713060213447724,6.399454559909309],[1.6715148216950122,6.3995292988468995],[1.671729939554387,6.399583203951326],[1.671949303195587,6.399615756080486],[1.6721708,6.399626641735592],[1.6723922968044131,6.399615756080486],[1.6726116604456134,6.399583203951326],[1.6728267783049877,6.3995292988468995],[1.6730355786552273,6.399454559909309],[1.6732360506131463,6.399359706924101],[1.6734262635064145,6.399245653388002],[1.6736043854676765,6.399113497711033],[1.6737687010769366,6.398964512637764],[1.6739176278823105,6.398800132989566],[1.6740497316400058,6.3986219418459935],[1.6741637401267588,6.398431655298313],[1.6742585553917497,6.398231105922124],[1.6743332643299245,6.39802222512817],[1.674387147475058,6.397807024561403],[1.6744196859277136,6.397587576727388],[1.6744305663516499,6.397365995032723],[1.6744196839903307,6.397144413431595]]]}},{"type":"Feature","properties":{"name":"Kpassakopé","place":"quarter","source_place":"quarter","place_type":"quarter","sublocality_class":"quarter","runtime_type":"quartier","hierarchy_level":"sublocality","display_level":"quartier","geometry_role":"buffered_point","geometry_authority":"osm","geometry_preference":"polygon_over_point","reference_geometry":true,"sibling_clipped":true,"buffer_radius_m":250,"source_path":"overpass/sublocalities/togo-osm-sublocalities.geojson","trust_rank":20,"classification_contract":"hierachy.yaml","feature_role":"reference_extent","layer_source":"combined_sublocalities","@id":"node/9435208280","coverage":"combined_sublocality","source":"overpass/sublocalities/togo-osm-sublocalities.geojson","commune_official_code":null,"official_code":null},"geometry":{"type":"Polygon","coordinates":[[[1.193907396578679,7.779456725504004],[1.193874758927829,7.779237290997805],[1.1938207130342124,7.7790221036985665],[1.1937457794195276,7.77881323596972],[1.1936506797619357,7.77861269931104],[1.1935363299448434,7.77842242498724],[1.1934038312356487,7.7782442454292955],[1.1932544596792882,7.778079876587736],[1.193089653808856,7.777930901407694],[1.1929110007916157,7.777798754584928],[1.1927202211438355,7.777684708749563],[1.1925191521616665,7.777589862210569],[1.1923097302275902,7.777515128379027],[1.192093972162833,7.777461226971967],[1.1918739558052969,7.777428677081513],[1.1916518,7.777417792176046],[1.1914296441947032,7.777428677081513],[1.191209627837167,7.777461226971967],[1.1909938697724098,7.777515128379027],[1.1907844478383336,7.777589862210569],[1.1905833788561646,7.777684708749563],[1.1903925992083844,7.777798754584928],[1.190213946191144,7.777930901407694],[1.1900491403207119,7.778079876587736],[1.189899768764351,7.7782442454292955],[1.1897672700551583,7.778422424987242],[1.1896529202380666,7.778612699311041],[1.1895578205804724,7.77881323596972],[1.1894828869657874,7.7790221036985665],[1.1894288410721696,7.779237290997805],[1.1893962034213197,7.779456725504004],[1.189385288364439,7.779678293947775],[1.1893962010535826,7.779899862505532],[1.1894288364276966,7.7801192973493],[1.1894828802230573,7.780334485196723],[1.1895578119986019,7.780543353663303],[1.18965291014685,7.780743891220909],[1.1897672588424015,7.780934166570294],[1.189899756860954,7.7811123472410575],[1.1900491281841146,7.781276717239913],[1.1902139342877471,7.781425693577252],[1.190392587995631,7.78155784151284],[1.1905833687649519,7.781671888373786],[1.1907844392564624,7.78176673581171],[1.1909938630296777,7.781841470380987],[1.191209623192692,7.78189537233623],[1.1914296418269705,7.781927922564252],[1.1916518,7.781938807583706],[1.1918739581730295,7.781927922564252],[1.1920939768073076,7.781895372336229],[1.1923097369703224,7.781841470380988],[1.1925191607435373,7.78176673581171],[1.192720231235049,7.781671888373788],[1.1929110120043696,7.78155784151284],[1.1930896657122523,7.781425693577252],[1.1932544718158866,7.781276717239912],[1.1934038431390466,7.7811123472410575],[1.1935363411575979,7.780934166570294],[1.193650689853149,7.780743891220911],[1.1937457880014,7.780543353663303],[1.1938207197769415,7.780334485196723],[1.1938747635723106,7.7801192973493],[1.1939073989464175,7.779899862505532],[1.1939183116355612,7.779678293947775],[1.193907396578679,7.779456725504004]]]}},{"type":"Feature","properties":{"name":"Vakpossito","place":"suburb","source_place":"suburb","place_type":"suburb","sublocality_class":"suburb","runtime_type":"quartier","hierarchy_level":"sublocality","display_level":"quartier","geometry_role":"buffered_point","geometry_authority":"osm","geometry_preference":"polygon_over_point","reference_geometry":true,"sibling_clipped":true,"buffer_radius_m":250,"source_path":"overpass/sublocalities/togo-osm-sublocalities.geojson","trust_rank":20,"classification_contract":"hierachy.yaml","feature_role":"reference_extent","layer_source":"combined_sublocalities","@id":"node/9628345400","coverage":"combined_sublocality","source":"overpass/sublocalities/togo-osm-sublocalities.geojson","commune_official_code":null,"official_code":null},"geometry":{"type":"Polygon","coordinates":[[[1.1614545857728238,6.218462462995866],[1.1614007193627285,6.218247261402359],[1.1613260344906533,6.218038379778207],[1.1612312504337907,6.217837829759165],[1.161117280031691,6.217647542741223],[1.1609852208944633,6.217469351280609],[1.160836344831689,6.217304971445719],[1.1606720856038988,6.2171559862909325],[1.1604940251145783,6.217023830611442],[1.1603038781756678,6.216909777125914],[1.1601034759932949,6.216814924219986],[1.1598947485327524,6.2167401853686695],[1.1596797059325377,6.216686280339492],[1.1594604191464302,6.21665372826106],[1.159239,6.216642842623806],[1.1590175808535699,6.21665372826106],[1.1587982940674624,6.216686280339492],[1.1585832514672476,6.2167401853686695],[1.1583745240067052,6.216814924219986],[1.1581741218243322,6.216909777125914],[1.1579839748854217,6.217023830611442],[1.1578059143961013,6.2171559862909325],[1.157641655168311,6.217304971445719],[1.1574927791055367,6.217469351280609],[1.1573607199683087,6.217647542741223],[1.1572467495662109,6.217837829759165],[1.1571519655093467,6.218038379778207],[1.1570772806372716,6.218247261402359],[1.157023414227176,6.218462462995867],[1.1569908850660426,6.218681912056043],[1.1569800064535556,6.218903495172357],[1.1569908831837854,6.219125078379577],[1.1570234105349784,6.219344527708986],[1.1570772752770295,6.219559729739704],[1.1571519586870522,6.219768611952238],[1.1572467415440428,6.219969162688226],[1.1573607110545516,6.220159450524127],[1.1574927696427433,6.220337642872279],[1.157641645520131,6.220502023630177],[1.1578059049333067,6.220651009707972],[1.1579839659716658,6.220783166274996],[1.1581741138021637,6.2208972205784825],[1.15837451718441,6.220992074201361],[1.1585832461070047,6.22106681364106],[1.1587982903752638,6.221120719107445],[1.1590175789713029,6.221153271455109],[1.159239,6.2211641571832725],[1.1594604210286972,6.221153271455109],[1.1596797096247364,6.221120719107445],[1.1598947538929953,6.22106681364106],[1.1601034828155896,6.220992074201361],[1.160303886197836,6.2208972205784825],[1.160494034028335,6.220783166274996],[1.1606720950666924,6.220651009707971],[1.1608363544798685,6.220502023630175],[1.1609852303572556,6.220337642872278],[1.1611172889454489,6.220159450524127],[1.16123125845596,6.219969162688228],[1.1613260413129474,6.219768611952239],[1.161400724722968,6.219559729739704],[1.161454589465024,6.219344527708987],[1.1614871168162146,6.219125078379577],[1.1614979935464445,6.218903495172357],[1.1614871149339487,6.218681912056043],[1.1614545857728238,6.218462462995866]]]}},{"type":"Feature","properties":{"name":"TCHITCHAO YOKODE","place":"quarter","source_place":"quarter","place_type":"quarter","sublocality_class":"quarter","runtime_type":"quartier","hierarchy_level":"sublocality","display_level":"quartier","geometry_role":"buffered_point","geometry_authority":"osm","geometry_preference":"polygon_over_point","reference_geometry":true,"sibling_clipped":true,"buffer_radius_m":233.3,"source_path":"overpass/sublocalities/togo-osm-sublocalities.geojson","trust_rank":20,"classification_contract":"hierachy.yaml","feature_role":"reference_extent","layer_source":"combined_sublocalities","@id":"node/10827067538","coverage":"combined_sublocality","source":"overpass/sublocalities/togo-osm-sublocalities.geojson","commune_official_code":null,"official_code":null},"geometry":{"type":"Polygon","coordinates":[[[1.1446717783601434,9.641204763704856],[1.1446411723355137,9.641000025003551],[1.1445904908125235,9.64079924908467],[1.144520221914823,9.640604369521519],[1.144431042399114,9.640417263099321],[1.1443238111365235,9.640239731741188],[1.144199560840299,9.640073485155154],[1.144059488119525,9.639920124369379],[1.143904941954729,9.639781126314018],[1.1437374107062963,9.63965782959829],[1.1435585077809143,9.63955142161962],[1.1433699560939816,9.639462927129022],[1.1431735714776676,9.63939319836281],[1.1429712451943754,9.639342906835617],[1.1427649257239452,9.639312536873794],[1.1425566,9.63930238095142],[1.142348274276055,9.639312536873794],[1.1421419548056246,9.639342906835617],[1.1419396285223322,9.639393198362809],[1.1417432439060187,9.639462927129022],[1.1415546922190858,9.63955142161962],[1.1413757892937038,9.63965782959829],[1.1412082580452712,9.639781126314018],[1.1410537118804753,9.639920124369379],[1.140913639159701,9.640073485155154],[1.1407893888634764,9.640239731741186],[1.1406821576008863,9.640417263099321],[1.1405929780851811,9.640604369521522],[1.1405227091874768,9.64079924908467],[1.1404720276644873,9.641000025003551],[1.1404414216398586,9.641204763704854],[1.1404311859019842,9.641411493448237],[1.140441419063725,9.64161822331503],[1.1404720226112386,9.641822962381847],[1.1405227018512993,9.642023738894272],[1.1405929687479954,9.642218619256207],[1.1406821466215245,9.642405726651727],[1.1407893766638577,9.642583259120313],[1.140913626208655,9.642749506911263],[1.141053698675701,9.642902868950108],[1.1412082450942254,9.643041868258535],[1.1413757770940842,9.643165166179179],[1.1415546812397181,9.643271575268303],[1.141743234568835,9.64336007073222],[1.1419396211861537,9.643429800297216],[1.1421419497523768,9.643480092417965],[1.1423482716999316,9.643510462745292],[1.1425566,9.643520618791085],[1.1427649283000685,9.643510462745292],[1.1429712502476232,9.643480092417963],[1.1431735788138466,9.643429800297218],[1.1433699654311649,9.64336007073222],[1.143558518760283,9.643271575268303],[1.143737422905915,9.643165166179177],[1.1439049549057734,9.643041868258535],[1.144059501324299,9.642902868950108],[1.144199573791343,9.642749506911263],[1.144323823336143,9.642583259120315],[1.1444310533784794,9.642405726651727],[1.1445202312520069,9.64221861925621],[1.1445904981486976,9.642023738894272],[1.1446411773887624,9.641822962381847],[1.1446717809362752,9.64161822331503],[1.144682014098016,9.641411493448237],[1.1446717783601434,9.641204763704856]]]}},{"type":"Feature","properties":{"name":"KOLEDE","place":"quarter","source_place":"quarter","place_type":"quarter","sublocality_class":"quarter","runtime_type":"quartier","hierarchy_level":"sublocality","display_level":"quartier","geometry_role":"buffered_point","geometry_authority":"osm","geometry_preference":"polygon_over_point","reference_geometry":true,"sibling_clipped":true,"buffer_radius_m":128.4,"source_path":"overpass/sublocalities/togo-osm-sublocalities.geojson","trust_rank":20,"classification_contract":"hierachy.yaml","feature_role":"reference_extent","layer_source":"combined_sublocalities","@id":"node/10827123628","coverage":"combined_sublocality","source":"overpass/sublocalities/togo-osm-sublocalities.geojson","commune_official_code":null,"official_code":null},"geometry":{"type":"Polygon","coordinates":[[[1.1392410306843956,9.639651288863957],[1.1392131314452008,9.639540763739678],[1.1391744495751521,9.639433484472379],[1.1391253576105274,9.639330484216565],[1.1390663283409421,9.639232754916764],[1.1389979302558557,9.639141237754705],[1.1389208220694975,9.639056814085428],[1.1388357463769594,9.638980296949562],[1.138743522502555,9.63891242324348],[1.138645038609337,9.638853846622823],[1.1385412431457074,9.638805131207622],[1.138433135711555,9.638766746149713],[1.1383217574318423,9.638739061114698],[1.1382081809303268,9.638722342722012],[1.1380935,9.63871675197732],[1.1379788190696734,9.638722342722012],[1.137865242568158,9.638739061114698],[1.1377538642884446,9.638766746149711],[1.1376457568542928,9.638805131207622],[1.1375419613906632,9.638853846622823],[1.1374434774974451,9.63891242324348],[1.1373512536230406,9.638980296949562],[1.1372661779305027,9.639056814085428],[1.1371890697441445,9.639141237754705],[1.137120671659058,9.639232754916764],[1.1370616423894726,9.639330484216565],[1.1370125504248478,9.639433484472379],[1.1369738685547994,9.639540763739678],[1.1369459693156077,9.639651288863956],[1.1369291214021657,9.639763995430444],[1.1369234870798965,9.639877798014881],[1.1369291206216439,9.639991600636714],[1.1369459677845455,9.640104307313948],[1.1369738663320257,9.640214832618069],[1.13701254759579,9.640322112127386],[1.1370616390628545,9.640425112678107],[1.1371206679627166,9.640522842314365],[1.1371890658201276,9.640614359841504],[1.1372661739296106,9.640698783890443],[1.1373512496990263,9.640775301405979],[1.137443473801104,9.640843175477134],[1.1375419580640442,9.64090175243425],[1.1376457540252365,9.640950468144354],[1.1377538620656695,9.64098885344429],[1.1378652410370838,9.64101653865914],[1.137978818289138,9.641033257162576],[1.1380935,9.64103884794466],[1.1382081817108622,9.641033257162576],[1.1383217589629173,9.64101653865914],[1.1384331379343309,9.640988853444288],[1.1385412459747628,9.640950468144355],[1.1386450419359557,9.64090175243425],[1.1387435261988963,9.640843175477134],[1.1388357503009738,9.640775301405979],[1.1389208260703891,9.640698783890441],[1.1389979341798735,9.640614359841504],[1.1390663320372842,9.640522842314367],[1.1391253609371457,9.640425112678107],[1.139174452404212,9.640322112127386],[1.1392131336679758,9.640214832618069],[1.1392410322154578,9.640104307313946],[1.1392578793783563,9.639991600636714],[1.1392635129201036,9.639877798014881],[1.1392578785978373,9.63976399543044],[1.1392410306843956,9.639651288863957]]]}},{"type":"Feature","properties":{"name":"Arrêt Dévikêmê","place":"borough","source_place":"borough","place_type":"borough","sublocality_class":"borough","runtime_type":"sublocality","hierarchy_level":"sublocality","display_level":"quartier","geometry_role":"buffered_point","geometry_authority":"osm","geometry_preference":"polygon_over_point","reference_geometry":true,"sibling_clipped":true,"buffer_radius_m":250,"source_path":"overpass/sublocalities/togo-osm-sublocalities.geojson","trust_rank":20,"classification_contract":"hierachy.yaml","feature_role":"reference_extent","layer_source":"combined_sublocalities","@id":"node/11254834752","coverage":"combined_sublocality","source":"overpass/sublocalities/togo-osm-sublocalities.geojson","commune_official_code":null,"official_code":null},"geometry":{"type":"Polygon","coordinates":[[[1.4447470836856555,6.211320012000202],[1.4447145549777705,6.211100562878914],[1.4446606893174283,6.2108853612253725],[1.4445860054843658,6.210676479542853],[1.4444912227457425,6.210475929467681],[1.4443772539283923,6.210285642396399],[1.444245196627155,6.2101074508857605],[1.4440963226339083,6.209943071004663],[1.443932065689256,6.209794085807944],[1.4437540076746993,6.20966193009122],[1.443563863378351,6.209547876573526],[1.4433634639809096,6.209453023640821],[1.4431547394208646,6.2093782847683965],[1.4429396998088055,6.209324379723986],[1.4427204160697658,6.209291827636351],[1.442499,6.2092809419960195],[1.4422775839302342,6.209291827636351],[1.4420583001911944,6.209324379723986],[1.4418432605791354,6.2093782847683965],[1.4416345360190903,6.209453023640821],[1.441434136621649,6.209547876573526],[1.4412439923253006,6.20966193009122],[1.441065934310744,6.209794085807944],[1.4409016773660916,6.209943071004663],[1.4407528033728447,6.2101074508857605],[1.4406207460716056,6.210285642396399],[1.4405067772542572,6.210475929467681],[1.4404119945156342,6.210676479542853],[1.4403373106825716,6.2108853612253725],[1.440283445022226,6.211100562878914],[1.4402509163143442,6.211320012000204],[1.4402400378541902,6.211541595178116],[1.440250914434353,6.2117631784468275],[1.4402834413344836,6.2119826278370285],[1.4403373053287991,6.212197829927256],[1.4404119877015733,6.212406712197457],[1.4405067692417686,6.212607262988721],[1.440620737168604,6.212797550876986],[1.4407527939214728,6.212975743274098],[1.4409016677295532,6.213140124077104],[1.4410659248593691,6.2132891101957295],[1.4412439834223028,6.213421266798931],[1.4414341286091608,6.213535321133609],[1.4416345292050297,6.213630174782403],[1.4418432552253628,6.21370491424251],[1.4420582965034514,6.213758819723605],[1.4422775820502391,6.21379137208015],[1.442499,6.213802257811282],[1.4427204179497608,6.21379137208015],[1.4429397034965483,6.213758819723605],[1.4431547447746371,6.21370491424251],[1.44336347079497,6.213630174782403],[1.443563871390839,6.213535321133609],[1.4437540165776974,6.213421266798933],[1.4439320751406315,6.2132891101957295],[1.4440963322704452,6.2131401240771025],[1.4442452060785291,6.212975743274098],[1.4443772628313962,6.212797550876984],[1.4444912307582294,6.212607262988721],[1.4445860122984282,6.212406712197455],[1.444660694671204,6.212197829927256],[1.4447145586655104,6.211982627837028],[1.4447470855656468,6.2117631784468275],[1.4447579621458098,6.211541595178116],[1.4447470836856555,6.211320012000202]]]}},{"type":"Feature","properties":{"name":"Douga-eni","place":"quarter","source_place":"quarter","place_type":"quarter","sublocality_class":"quarter","runtime_type":"quartier","hierarchy_level":"sublocality","display_level":"quartier","geometry_role":"buffered_point","geometry_authority":"osm","geometry_preference":"polygon_over_point","reference_geometry":true,"sibling_clipped":true,"buffer_radius_m":250,"source_path":"overpass/sublocalities/togo-osm-sublocalities.geojson","trust_rank":20,"classification_contract":"hierachy.yaml","feature_role":"reference_extent","layer_source":"combined_sublocalities","@id":"node/12728533685","coverage":"combined_sublocality","source":"overpass/sublocalities/togo-osm-sublocalities.geojson","commune_official_code":null,"official_code":null},"geometry":{"type":"Polygon","coordinates":[[[1.1139498342426182,9.753384847046902],[1.1139170235583025,9.753165435451692],[1.1138626913491083,9.752950270648043],[1.113787360902123,9.752741424780707],[1.1136917577242011,9.752540909136188],[1.1135768025537074,9.752350654773458],[1.113443602492187,9.75217249392746],[1.1132934403416213,9.752008142364373],[1.113127762249848,9.751859182858615],[1.112948163783208,9.7517270499507],[1.1127563745605322,9.7516130161326],[1.1125542415964498,9.751518179593747],[1.1123437115144168,9.75144345364556],[1.112126811800718,9.75138955792641],[1.111905631279957,9.75135701147161],[1.1116823,9.751346127715191],[1.111458968720043,9.75135701147161],[1.111237788199282,9.75138955792641],[1.111020888485583,9.75144345364556],[1.1108103584035502,9.751518179593747],[1.1106082254394676,9.7516130161326],[1.1104164362167919,9.7517270499507],[1.1102368377501517,9.751859182858615],[1.1100711596583785,9.752008142364373],[1.1099209975078128,9.75217249392746],[1.1097877974462926,9.752350654773458],[1.1096728422757995,9.752540909136187],[1.1095772390978769,9.752741424780707],[1.1095019086508917,9.752950270648043],[1.109447576441694,9.753165435451692],[1.1094147657573794,9.7533848470469],[1.1094037926242362,9.7536063923862],[1.10941476276265,9.753827937868918],[1.1094475705673312,9.754047349888891],[1.1095019001226318,9.754262515382312],[1.109577228243475,9.754471362177926],[1.1096728295123628,9.754671878953559],[1.109787783264324,9.754862134606762],[1.109920982452312,9.75504029685301],[1.1100711443079225,9.755204649872306],[1.1102368226946513,9.755353610834272],[1.1104164220348196,9.755485745142435],[1.110608212676032,9.755599780251007],[1.1108103475491393,9.755694617920975],[1.1110208799573285,9.755769344797436],[1.1112377823249178,9.75582324120636],[1.111458965725318,9.75585578808592],[1.1116823,9.755866671985766],[1.1119056342746823,9.75585578808592],[1.112126817675082,9.75582324120636],[1.1123437200426711,9.755769344797438],[1.1125542524508614,9.755694617920977],[1.112756387323968,9.755599780251007],[1.1129481779651802,9.755485745142435],[1.1131277773053487,9.755353610834272],[1.113293455692076,9.755204649872306],[1.1134436175476885,9.755040296853007],[1.113576816735675,9.754862134606762],[1.1136917704876377,9.754671878953557],[1.1137873717565272,9.754471362177926],[1.113862699877368,9.75426251538231],[1.1139170294326648,9.754047349888891],[1.1139498372373497,9.753827937868918],[1.1139608073757639,9.7536063923862],[1.1139498342426182,9.753384847046902]]]}},{"type":"Feature","properties":{"name":"Yèou","place":"quarter","source_place":"quarter","place_type":"quarter","sublocality_class":"quarter","runtime_type":"quartier","hierarchy_level":"sublocality","display_level":"quartier","geometry_role":"buffered_point","geometry_authority":"osm","geometry_preference":"polygon_over_point","reference_geometry":true,"sibling_clipped":true,"buffer_radius_m":250,"source_path":"overpass/sublocalities/togo-osm-sublocalities.geojson","trust_rank":20,"classification_contract":"hierachy.yaml","feature_role":"reference_extent","layer_source":"combined_sublocalities","@id":"node/12737785746","coverage":"combined_sublocality","source":"overpass/sublocalities/togo-osm-sublocalities.geojson","commune_official_code":null,"official_code":null},"geometry":{"type":"Polygon","coordinates":[[[1.2166176059918719,9.554735944652448],[1.2165848145573372,9.55451653052653],[1.2165305142025156,9.554301363238325],[1.2164552279069007,9.554092514956707],[1.216359680751439,9.553891996991709],[1.216244792934375,9.553701740424998],[1.2161116709081774,9.553523577513122],[1.2159615967230248,9.55335922404257],[1.2157960156795145,9.55321026280658],[1.2156165224094475,9.553078128362749],[1.2154248455188266,9.55296409321827],[1.2152228309408963,9.552869255575724],[1.2150124241595752,9.552794528757506],[1.2147956514744078,9.552740632410641],[1.21457460048746,9.552708085576688],[1.2143514,9.552697201693466],[1.2141281995125401,9.552708085576688],[1.2139071485255923,9.552740632410641],[1.213690375840425,9.552794528757506],[1.2134799690591038,9.552869255575724],[1.2132779544811736,9.55296409321827],[1.2130862775905527,9.553078128362749],[1.2129067843204857,9.55321026280658],[1.2127412032769753,9.55335922404257],[1.2125911290918228,9.553523577513122],[1.2124580070656226,9.553701740425],[1.2123431192485585,9.553891996991707],[1.2122475720930994,9.554092514956707],[1.2121722857974846,9.554301363238325],[1.2121179854426576,9.554516530526532],[1.2120851940081223,9.55473594465245],[1.2120742273339031,9.554957492544098],[1.2120851910772585,9.555179040576188],[1.2121179796935542,9.55539845511805],[1.212172277451083,9.555613623081706],[1.2122475614701447,9.555822472272332],[1.2123431067572796,9.556022991344959],[1.212457993186053,9.55621324917535],[1.2125911143573527,9.556391413458403],[1.2127411882538413,9.556555768354933],[1.2129067695860163,9.556704731016902],[1.2130862637109858,9.556836866831906],[1.213277941989894,9.55695090324007],[1.2134799584361435,9.557045741990244],[1.2136903674940192,9.557120469717468],[1.2139071427764878,9.557174366739787],[1.214128196581672,9.557206913989678],[1.2143514,9.55721779801335],[1.2145746034183285,9.557206913989678],[1.2147956572235123,9.557174366739787],[1.215012432505981,9.55712046971747],[1.2152228415638566,9.557045741990244],[1.2154248580101055,9.55695090324007],[1.2156165362890146,9.556836866831905],[1.215796030413982,9.556704731016898],[1.2159616117461585,9.556555768354931],[1.2161116856426457,9.556391413458405],[1.2162448068139464,9.556213249175354],[1.2163596932427176,9.556022991344959],[1.216455238529858,9.55582247227233],[1.2165305225489185,9.555613623081708],[1.2165848203064458,9.55539845511805],[1.2166176089227416,9.555179040576188],[1.216628572666097,9.554957492544098],[1.2166176059918719,9.554735944652448]]]}},{"type":"Feature","properties":{"name":"Tchintchinda","place":"quarter","source_place":"quarter","place_type":"quarter","sublocality_class":"quarter","runtime_type":"quartier","hierarchy_level":"sublocality","display_level":"quartier","geometry_role":"buffered_point","geometry_authority":"osm","geometry_preference":"polygon_over_point","reference_geometry":true,"sibling_clipped":true,"buffer_radius_m":250,"source_path":"overpass/sublocalities/togo-osm-sublocalities.geojson","trust_rank":20,"classification_contract":"hierachy.yaml","feature_role":"reference_extent","layer_source":"combined_sublocalities","@id":"node/12737785753","coverage":"combined_sublocality","source":"overpass/sublocalities/togo-osm-sublocalities.geojson","commune_official_code":null,"official_code":null},"geometry":{"type":"Polygon","coordinates":[[[1.2146293599612792,9.546137130320988],[1.2145750609350658,9.545921962929054],[1.2144997764809335,9.545713114546643],[1.2144042316620731,9.545512596484768],[1.2142893466542075,9.545322339826043],[1.2141562278827254,9.545144176827918],[1.2140061573664525,9.54497982327773],[1.2138405803706516,9.544830861969498],[1.21366109148814,9.544698727461546],[1.2134694192826827,9.544584692261683],[1.213267409642418,9.544489854573058],[1.2130570080037373,9.544415127718516],[1.2128402406166905,9.544361231345441],[1.2126191950323528,9.544328684495662],[1.212396,9.544317800607143],[1.212172804967647,9.544328684495662],[1.2119517593833096,9.544361231345441],[1.2117349919962628,9.544415127718516],[1.211524590357582,9.544489854573058],[1.2113225807173171,9.544584692261683],[1.2111309085118598,9.544698727461546],[1.2109514196293485,9.544830861969498],[1.2107858426335474,9.54497982327773],[1.2106357721172747,9.545144176827918],[1.2105026533457912,9.545322339826043],[1.210387768337927,9.545512596484768],[1.2102922235190663,9.545713114546643],[1.2102169390649342,9.545921962929054],[1.210162640038722,9.546137130320988],[1.210129849407064,9.546356544552555],[1.2101188830022476,9.546578092550753],[1.2101298464788872,9.546799640689272],[1.2101626342948801,9.547019055336412],[1.2102169307261934,9.5472342234032],[1.2102922129058622,9.5474430726938],[1.2103877558581135,9.547643591862311],[1.2105026394789602,9.54783384978359],[1.2106357573963273,9.548012014151666],[1.2107858276242003,9.548176369126558],[1.210951404908401,9.54832533185949],[1.2111308946450294,9.548457467737395],[1.211322568237502,9.548571504199808],[1.2115245797443719,9.548666342995071],[1.2117349836575173,9.548741070757806],[1.2119517536394808,9.548794967805728],[1.2121728020394684,9.54882751507108],[1.212396,9.548838399099923],[1.2126191979605314,9.54882751507108],[1.2128402463605195,9.54879496780573],[1.213057016342483,9.548741070757806],[1.213267420255629,9.548666342995071],[1.2134694317624974,9.548571504199806],[1.2136611053549695,9.548457467737395],[1.2138405950915985,9.54832533185949],[1.2140061723757996,9.548176369126558],[1.2141562426036727,9.548012014151668],[1.2142893605210359,9.54783384978359],[1.2144042441418899,9.54764359186231],[1.2144997870941392,9.5474430726938],[1.21457506927381,9.547234223403196],[1.2146293657051161,9.547019055336413],[1.2146621535211128,9.546799640689272],[1.2146731169977525,9.546578092550753],[1.2146621505929325,9.546356544552552],[1.2146293599612792,9.546137130320988]]]}},{"type":"Feature","properties":{"name":"Belle-Ville","place":"quarter","source_place":"quarter","place_type":"quarter","sublocality_class":"quarter","runtime_type":"quartier","hierarchy_level":"sublocality","display_level":"quartier","geometry_role":"buffered_point","geometry_authority":"osm","geometry_preference":"polygon_over_point","reference_geometry":true,"sibling_clipped":true,"buffer_radius_m":171.1,"source_path":"overpass/sublocalities/togo-osm-sublocalities.geojson","trust_rank":20,"classification_contract":"hierachy.yaml","feature_role":"reference_extent","layer_source":"combined_sublocalities","@id":"node/12900464682","coverage":"combined_sublocality","source":"overpass/sublocalities/togo-osm-sublocalities.geojson","commune_official_code":null,"official_code":null},"geometry":{"type":"Polygon","coordinates":[[[1.2195563391995983,9.545173095575665],[1.2195191765693703,9.545025831853328],[1.219467651223756,9.544882892926552],[1.2194022593953318,9.544745655369203],[1.2193236308557465,9.544615440846526],[1.2192325228501617,9.544493503387038],[1.2191298128042436,9.544381017305891],[1.2190164898738156,9.544279065895935],[1.2188936454187067,9.544188630995366],[1.2187624624924074,9.544110583532483],[1.2186242044488587,9.544045675138497],[1.218480202776009,9.543994530909266],[1.2183318442733508,9.543957643385552],[1.2181805576968656,9.543935367809821],[1.2180278,9.543927918705242],[1.2178750423031344,9.543935367809821],[1.2177237557266491,9.543957643385552],[1.2175753972239909,9.543994530909266],[1.2174313955511413,9.544045675138497],[1.2172931375075928,9.544110583532483],[1.2171619545812933,9.544188630995366],[1.217039110126186,9.544279065895935],[1.2169257871957568,9.544381017305891],[1.2168230771498383,9.544493503387038],[1.2167319691442535,9.544615440846526],[1.2166533406046651,9.544745655369203],[1.2165879487762405,9.54488289292655],[1.2165364234306297,9.545025831853328],[1.2164992608004015,9.545173095575665],[1.2164768187995054,9.545323265867962],[1.2164693135756703,9.545474896511012],[1.216476817428051,9.545626527219783],[1.2164992581101863,9.54577669770672],[1.2165364195250388,9.54592396174513],[1.2165879438053717,9.546066901097278],[1.2166533347595425,9.546204139172941],[1.216731962649495,9.546334354286959],[1.2168230702550413,9.546456292388084],[1.2169257801658842,9.546568779136514],[1.2170391032313883,9.546670731213757],[1.217161948086539,9.546761166755966],[1.2172931316624667,9.546839214810191],[1.217431390580271,9.546904123722488],[1.2175753933184033,9.546955268377088],[1.217723753036433,9.54699215621688],[1.217875040931674,9.54701443198725],[1.2180278,9.54702188115755],[1.2181805590683261,9.547014431987252],[1.2183318469635673,9.546992156216882],[1.218480206681597,9.546955268377092],[1.2186242094197286,9.546904123722488],[1.2187624683375327,9.546839214810193],[1.21889365191346,9.546761166755966],[1.2190164967686112,9.546670731213757],[1.2191298198341134,9.546568779136514],[1.2192325297449575,9.546456292388084],[1.219323637350501,9.546334354286959],[1.219402265240461,9.54620413917294],[1.2194676561946232,9.546066901097277],[1.2195191804749625,9.545923961745132],[1.2195563418898134,9.545776697706719],[1.219578782571949,9.545626527219783],[1.2195862864243296,9.545474896511012],[1.219578781200493,9.545323265867962],[1.2195563391995983,9.545173095575665]]]}},{"type":"Feature","properties":{"name":"Lama-Feing","place":"quarter","source_place":"quarter","place_type":"quarter","sublocality_class":"quarter","runtime_type":"quartier","hierarchy_level":"sublocality","display_level":"quartier","geometry_role":"buffered_point","geometry_authority":"osm","geometry_preference":"polygon_over_point","reference_geometry":true,"sibling_clipped":true,"buffer_radius_m":250,"source_path":"overpass/sublocalities/togo-osm-sublocalities.geojson","trust_rank":20,"classification_contract":"hierachy.yaml","feature_role":"reference_extent","layer_source":"combined_sublocalities","@id":"node/12900466013","coverage":"combined_sublocality","source":"overpass/sublocalities/togo-osm-sublocalities.geojson","commune_official_code":null,"official_code":null},"geometry":{"type":"Polygon","coordinates":[[[1.2152147919933782,9.566388230818053],[1.21516048975414,9.56617306367695],[1.2150852008466633,9.565964215538278],[1.2149896503770945,9.56576369771067],[1.2148747585756239,9.565573441274461],[1.2147416319331115,9.565395278484903],[1.214591552544223,9.565230925127292],[1.214425965759667,9.565081963993746],[1.2142464662665322,9.564949829640863],[1.2140547827307349,9.564835794574915],[1.213852761149491,9.56474095699772],[1.2136423470741289,9.564666230231023],[1.2134255668743992,9.564612333921323],[1.2132045082246852,9.564579787109823],[1.2129813,9.564568903234107],[1.2127580917753151,9.564579787109823],[1.2125370331256011,9.564612333921323],[1.2123202529258714,9.564666230231023],[1.2121098388505094,9.56474095699772],[1.2119078172692654,9.564835794574915],[1.211716133733468,9.564949829640863],[1.211536634240333,9.565081963993746],[1.2113710474557773,9.565230925127292],[1.2112209680668886,9.565395278484903],[1.2110878414243773,9.565573441274458],[1.210972949622903,9.56576369771067],[1.210877399153337,9.565964215538278],[1.2108021102458604,9.56617306367695],[1.2107478080066167,9.566388230818053],[1.2107150154333264,9.566607644794132],[1.2107040483769944,9.566829192534666],[1.210715012498645,9.56705074041582],[1.2107478022500457,9.567270154808373],[1.210802101888597,9.56748532262578],[1.2108773885165611,9.567694171674612],[1.2109729371153821,9.567894690611247],[1.2110878275267585,9.568084948312745],[1.2112209533132567,9.568263112475217],[1.2113710324131084,9.568427467260605],[1.2115366194867054,9.568576429821931],[1.211716119835854,9.56870856554773],[1.2119078047617435,9.568822601878958],[1.2121098282137364,9.568917440565185],[1.2123202445686116,9.568992168242042],[1.2125370273690206,9.569046065228047],[1.2127580888406357,9.569078612456016],[1.2129813,9.569089496472357],[1.2132045111593646,9.569078612456016],[1.2134255726309797,9.569046065228047],[1.2136423554313884,9.56899216824204],[1.2138527717862642,9.568917440565183],[1.2140547952382563,9.568822601878956],[1.2142464801641468,9.568708565547729],[1.2144259805132938,9.568576429821928],[1.2145915675868921,9.568427467260607],[1.214741646686743,9.568263112475215],[1.214874772473241,9.56808494831275],[1.2149896628846153,9.567894690611245],[1.2150852114834376,9.56769417167461],[1.2151604981114004,9.567485322625783],[1.2152147977499492,9.567270154808373],[1.215247587501355,9.56705074041582],[1.215258551623006,9.566829192534666],[1.2152475845666808,9.566607644794132],[1.2152147919933782,9.566388230818053]]]}},{"type":"Feature","properties":{"name":"Yovo Komé","place":"quarter","source_place":"quarter","place_type":"quarter","sublocality_class":"quarter","runtime_type":"quartier","hierarchy_level":"sublocality","display_level":"quartier","geometry_role":"buffered_point","geometry_authority":"osm","geometry_preference":"polygon_over_point","reference_geometry":true,"sibling_clipped":true,"buffer_radius_m":250,"source_path":"overpass/sublocalities/togo-osm-sublocalities.geojson","trust_rank":20,"classification_contract":"hierachy.yaml","feature_role":"reference_extent","layer_source":"combined_sublocalities","@id":"node/13084572983","coverage":"combined_sublocality","source":"overpass/sublocalities/togo-osm-sublocalities.geojson","commune_official_code":null,"official_code":null},"geometry":{"type":"Polygon","coordinates":[[[0.9162722369994135,6.454755613884624],[0.9162396930143175,6.454536166821796],[0.916185802082011,6.454320967190296],[0.9161110832266027,6.454112087473673],[0.9160162560533577,6.4539115392889865],[0.9159022338177439,6.453721254014165],[0.9157701146295503,6.453543064188197],[0.9156211708769867,6.453378685863247],[0.9154568369725774,6.4532297020786435],[0.91527869553888,6.453097547615883],[0.9150884621670671,6.452983495181412],[0.9148879688951675,6.452888643150301],[0.9146791465650446,6.4528139049887425],[0.9144640062280253,6.452760000457295],[0.9142446197782187,6.452727448679529],[0.9140230999999999,6.452716563142839],[0.913801580221781,6.452727448679529],[0.9135821937719746,6.452760000457295],[0.9133670534349552,6.4528139049887425],[0.9131582311048323,6.452888643150301],[0.9129577378329327,6.452983495181412],[0.9127675044611198,6.453097547615883],[0.9125893630274223,6.4532297020786435],[0.912425029123013,6.453378685863247],[0.9122760853704496,6.453543064188197],[0.9121439661822552,6.453721254014165],[0.9120299439466425,6.4539115392889865],[0.911935116773397,6.454112087473673],[0.9118603979179888,6.454320967190296],[0.91180650698569,6.454536166821796],[0.9117739630005832,6.454755613884623],[0.9117630794061078,6.454977194987625],[0.9117739610453807,6.455198776185018],[0.9118065031504329,6.455418223527381],[0.9118603923500538,6.455633423612828],[0.9119351096867624,6.45584230394036],[0.9120299356136408,6.456042852869443],[0.9121439569231181,6.456233138993539],[0.9122760755410022,6.456411329741023],[0.9124250191009966,6.456575709024316],[0.9125893531979754,6.456724693767264],[0.9127674952019839,6.456856849151543],[0.9129577294999291,6.4569709024352875],[0.9131582240181952,6.4570657552107935],[0.9133670478670209,6.457140493983261],[0.9135821899367146,6.457194398968656],[0.9138015782665826,6.457226951025957],[0.9140230999999999,6.457237836657037],[0.9142446217334173,6.457226951025957],[0.9144640100632851,6.457194398968654],[0.9146791521329787,6.457140493983261],[0.9148879759818044,6.4570657552107935],[0.91508847050007,6.456970902435286],[0.9152787047980158,6.456856849151542],[0.915456846802024,6.4567246937672635],[0.9156211808990038,6.456575709024316],[0.9157701244589982,6.456411329741023],[0.9159022430768821,6.456233138993539],[0.9160162643863609,6.456042852869442],[0.916111090313235,6.45584230394036],[0.9161858076499446,6.455633423612827],[0.9162396968495746,6.455418223527383],[0.9162722389546192,6.455198776185018],[0.9162831205938919,6.454977194987625],[0.9162722369994135,6.454755613884624]]]}},{"type":"Feature","properties":{"name":"Tchaloudè","place":"quarter","source_place":"quarter","place_type":"quarter","sublocality_class":"quarter","runtime_type":"quartier","hierarchy_level":"sublocality","display_level":"quartier","geometry_role":"buffered_point","geometry_authority":"osm","geometry_preference":"polygon_over_point","reference_geometry":true,"sibling_clipped":true,"buffer_radius_m":250,"source_path":"overpass/sublocalities/togo-osm-sublocalities.geojson","trust_rank":20,"classification_contract":"hierachy.yaml","feature_role":"reference_extent","layer_source":"combined_sublocalities","@id":"node/13614881122","coverage":"combined_sublocality","source":"overpass/sublocalities/togo-osm-sublocalities.geojson","commune_official_code":null,"official_code":null},"geometry":{"type":"Polygon","coordinates":[[[1.1988121881850085,9.56580473080371],[1.198757886038444,9.565589563655378],[1.198682597259421,9.565380715509676],[1.198587046952846,9.565180197675314],[1.1984721553473325,9.56498994123268],[1.1983390289318532,9.564811778437111],[1.1981889497988876,9.564647425073943],[1.1980233632966797,9.564498463935363],[1.1978438641096014,9.564366329578005],[1.1976521809006189,9.5642522945082],[1.1974501596638056,9.56415745692779],[1.1972397459471709,9.564082730158557],[1.1970229661170135,9.564028833847033],[1.1968019078441614,9.563996287034426],[1.1965787,9.563985403158338],[1.1963554921558386,9.563996287034426],[1.1961344338829865,9.564028833847033],[1.1959176540528293,9.564082730158557],[1.1957072403361946,9.56415745692779],[1.1955052190993811,9.5642522945082],[1.1953135358903988,9.564366329578005],[1.1951340367033205,9.564498463935363],[1.1949684502011124,9.564647425073943],[1.1948183710681468,9.564811778437111],[1.194685244652669,9.56498994123268],[1.1945703530471548,9.565180197675312],[1.194474802740579,9.565380715509676],[1.1943995139615562,9.565589563655378],[1.1943452118149902,9.565804730803713],[1.194312419297702,9.566024144787166],[1.194301452260165,9.56624569253513],[1.1943124163632073,9.566467240423707],[1.194345206058783,9.5666866548236],[1.1943995056048315,9.566901822648203],[1.1944747921044916,9.567110671704006],[1.1945703405404373,9.567311190647327],[1.1946852307559452,9.567501448355165],[1.194818356315462,9.567679612523566],[1.1949684351594039,9.567843967314422],[1.1951340219506323,9.567992929880697],[1.1953135219936715,9.568125065610884],[1.1955052065926555,9.568239101945897],[1.195707229700101,9.568333940635265],[1.1959176456961031,9.5684086683146],[1.1961344281267734,9.568462565302392],[1.1963554892213466,9.568495112531439],[1.1965787,9.568505996548138],[1.1968019107786534,9.568495112531439],[1.1970229718732268,9.568462565302392],[1.1972397543038964,9.568408668314598],[1.1974501702998992,9.568333940635267],[1.197652193407345,9.568239101945897],[1.1978438780063287,9.568125065610882],[1.1980233780493676,9.567992929880697],[1.1981889648405961,9.56784396731442],[1.198339043684539,9.567679612523564],[1.1984721692440565,9.567501448355165],[1.198587059459573,9.56731119064733],[1.1986826078955157,9.567110671704006],[1.1987578943951727,9.566901822648203],[1.1988121939412129,9.566686654823602],[1.198844983636793,9.566467240423707],[1.1988559477398353,9.56624569253513],[1.1988449807022974,9.566024144787168],[1.1988121881850085,9.56580473080371]]]}},{"type":"Feature","properties":{"name":"La Gare","place":"quarter","source_place":"quarter","place_type":"quarter","sublocality_class":"quarter","runtime_type":"quartier","hierarchy_level":"sublocality","display_level":"quartier","geometry_role":"buffered_point","geometry_authority":"osm","geometry_preference":"polygon_over_point","reference_geometry":true,"sibling_clipped":true,"buffer_radius_m":150.6,"source_path":"overpass/sublocalities/togo-osm-sublocalities.geojson","trust_rank":20,"classification_contract":"hierachy.yaml","feature_role":"reference_extent","layer_source":"combined_sublocalities","@id":"node/13705563176","coverage":"combined_sublocality","source":"overpass/sublocalities/togo-osm-sublocalities.geojson","commune_official_code":null,"official_code":null},"geometry":{"type":"Polygon","coordinates":[[[1.0182123030611554,8.058538223148375],[1.0181797219324453,8.058408587256618],[1.018134548689308,8.058282758458219],[1.0180772183847357,8.058161948549289],[1.0180082831490764,8.058047320990424],[1.0179284068724175,8.057939979702123],[1.0178383588107023,8.057840958433644],[1.0177390061772582,8.057751210807666],[1.01763130579099,8.057671601136619],[1.017516294861748,8.057602896099134],[1.0173950810015762,8.057545757356715],[1.0172688315580278,8.057500735181835],[1.0171387623722943,8.05746826315864],[1.0170061260703662,8.057448654007503],[1.0168722,8.057442096573435],[1.0167382739296336,8.057448654007503],[1.0166056376277055,8.05746826315864],[1.016475568441972,8.057500735181835],[1.0163493189984236,8.057545757356715],[1.0162281051382518,8.057602896099134],[1.0161130942090102,8.05767160113662],[1.0160053938227418,8.057751210807666],[1.0159060411892977,8.057840958433644],[1.0158159931275823,8.057939979702123],[1.0157361168509231,8.058047320990422],[1.0156671816152638,8.058161948549287],[1.0156098513106926,8.058282758458219],[1.0155646780675545,8.058408587256618],[1.015532096938843,8.058538223148373],[1.0155124217100178,8.058670417671944],[1.0155058418766056,8.058803897723637],[1.0155124208188502,8.058937377818198],[1.015532095190764,8.05906957246874],[1.0155646755297327,8.059199208566682],[1.0156098480806615,8.059325037642566],[1.0156671778171553,8.059445847889611],[1.0157361126306859,8.059560475834232],[1.0158159886474043,8.059667817541095],[1.015906036621346,8.05976683924487],[1.0160053893425613,8.059856587306141],[1.0161130899887725,8.059936197395752],[1.016228101340138,8.060004902818992],[1.0163493157683938,8.060062041899522],[1.016475565904154,8.060107064351888],[1.0166056358796258,8.060139536581273],[1.0167382730384702,8.06015914585938],[1.0168722,8.060165703336319],[1.0170061269615296,8.060159145859382],[1.0171387641203735,8.06013953658127],[1.0172688340958451,8.060107064351886],[1.0173950842316053,8.060062041899522],[1.0175162986598616,8.060004902818994],[1.0176313100112273,8.059936197395752],[1.0177390106574373,8.059856587306141],[1.0178383633786534,8.059766839244867],[1.0179284113525973,8.059667817541097],[1.018008287369315,8.059560475834232],[1.0180772221828502,8.059445847889611],[1.0181345519193359,8.059325037642566],[1.018179724470264,8.059199208566682],[1.0182123048092344,8.059069572468738],[1.0182319791811496,8.058937377818198],[1.0182385581233941,8.058803897723637],[1.01823197828999,8.058670417671944],[1.0182123030611554,8.058538223148375]]]}}]}
