{
  "type": "FeatureCollection",
  "name": "DAGL Lomé and sublocality reference context",
  "metadata": {
    "generated_at": "2026-08-21T00:00:00Z",
    "scope": "internal_reference_only",
    "notice": "Includes protected Lomé capital-city context and source sublocality representations without treating them as official boundaries."
  },
  "features": [
    {
      "type": "Feature",
      "id": "tfd:dagl:capital-city-context:lome",
      "geometry": {
        "type": "Polygon",
        "coordinates": [
          [
            [
              1.204328,
              6.20630100000011
            ],
            [
              1.204282000000148,
              6.20633800000013
            ],
            [
              1.203580000000102,
              6.205173
            ],
            [
              1.203324,
              6.204816000000164
            ],
            [
              1.203731000000175,
              6.204469
            ],
            [
              1.203463,
              6.204331
            ],
            [
              1.202639,
              6.20395
            ],
            [
              1.202697,
              6.203696
            ],
            [
              1.202872000000184,
              6.203015000000164
            ],
            [
              1.202988000000175,
              6.202727000000152
            ],
            [
              1.203111,
              6.202592000000152
            ],
            [
              1.202744,
              6.201792
            ],
            [
              1.20257,
              6.201342000000125
            ],
            [
              1.202233,
              6.200869
            ],
            [
              1.202001,
              6.200811
            ],
            [
              1.201722,
              6.200742
            ],
            [
              1.201722,
              6.200737000000174
            ],
            [
              1.200916000000177,
              6.199314000000186
            ],
            [
              1.200619,
              6.198775000000182
            ],
            [
              1.200265000000115,
              6.198191000000179
            ],
            [
              1.199046000000124,
              6.198853
            ],
            [
              1.19877,
              6.199027
            ],
            [
              1.198181,
              6.199346000000162
            ],
            [
              1.197141000000101,
              6.199904000000174
            ],
            [
              1.196046,
              6.200488000000178
            ],
            [
              1.195299513000066,
              6.200884891000044
            ],
            [
              1.194878,
              6.201109
            ],
            [
              1.194280000000163,
              6.201438
            ],
            [
              1.194204,
              6.201449
            ],
            [
              1.191894000000104,
              6.199153
            ],
            [
              1.189788,
              6.198913
            ],
            [
              1.188527,
              6.198737
            ],
            [
              1.188826,
              6.195461
            ],
            [
              1.188829000000169,
              6.195456
            ],
            [
              1.188816000000145,
              6.195456
            ],
            [
              1.188373,
              6.19572
            ],
            [
              1.187620000000152,
              6.196185000000128
            ],
            [
              1.186878879000176,
              6.196695719
            ],
            [
              1.185185000000104,
              6.197863
            ],
            [
              1.18474300000014,
              6.198178000000155
            ],
            [
              1.184274,
              6.19849
            ],
            [
              1.184175,
              6.198557000000108
            ],
            [
              1.183175106000078,
              6.197007066000083
            ],
            [
              1.183157000000165,
              6.196979
            ],
            [
              1.182985000000144,
              6.196708
            ],
            [
              1.18250678000004,
              6.195987017000164
            ],
            [
              1.182396,
              6.19582
            ],
            [
              1.181623,
              6.194552
            ],
            [
              1.181598684,
              6.194513407999978
            ],
            [
              1.181407977000163,
              6.194210737000105
            ],
            [
              1.180693,
              6.193076
            ],
            [
              1.180040287000111,
              6.193629757000167
            ],
            [
              1.18004,
              6.19363
            ],
            [
              1.178944000000115,
              6.192194000000143
            ],
            [
              1.178604,
              6.192449
            ],
            [
              1.178602330000103,
              6.19244679600007
            ],
            [
              1.178169068000102,
              6.191874976000179
            ],
            [
              1.178050346000077,
              6.191718287000128
            ],
            [
              1.176806000000113,
              6.190076
            ],
            [
              1.176541,
              6.189698
            ],
            [
              1.17535,
              6.188152000000173
            ],
            [
              1.176036000000181,
              6.187625
            ],
            [
              1.176920000000166,
              6.18690700000019
            ],
            [
              1.177752,
              6.186226000000147
            ],
            [
              1.179329000000166,
              6.184915
            ],
            [
              1.179911000000175,
              6.184447
            ],
            [
              1.18075000000016,
              6.183757000000128
            ],
            [
              1.180766,
              6.183744000000161
            ],
            [
              1.180355000000134,
              6.182853000000136
            ],
            [
              1.17983,
              6.181652
            ],
            [
              1.179501000000187,
              6.180923000000121
            ],
            [
              1.179216,
              6.18024000000014
            ],
            [
              1.178808,
              6.179309
            ],
            [
              1.178598,
              6.178844
            ],
            [
              1.17745500000018,
              6.179381
            ],
            [
              1.177187,
              6.178898000000117
            ],
            [
              1.176982000000123,
              6.178520000000105
            ],
            [
              1.177777,
              6.178105
            ],
            [
              1.178030000000149,
              6.177959
            ],
            [
              1.17903200000012,
              6.177310000000148
            ],
            [
              1.178612000000157,
              6.176928
            ],
            [
              1.178629538,
              6.176834637000184
            ],
            [
              1.178646000000128,
              6.176747
            ],
            [
              1.178594,
              6.176319
            ],
            [
              1.178591205000146,
              6.176288189000104
            ],
            [
              1.178549,
              6.175823
            ],
            [
              1.178309594000041,
              6.175324387000103
            ],
            [
              1.17815000000013,
              6.174992
            ],
            [
              1.177907067000035,
              6.174477798000112
            ],
            [
              1.177448451000089,
              6.173507071000188
            ],
            [
              1.177447,
              6.173504
            ],
            [
              1.177280376000112,
              6.172847632000071
            ],
            [
              1.177266,
              6.172791000000188
            ],
            [
              1.177271,
              6.172179
            ],
            [
              1.177280495000048,
              6.171923287000084
            ],
            [
              1.177315000000135,
              6.170994000000178
            ],
            [
              1.177287000000149,
              6.169513
            ],
            [
              1.177488,
              6.166395000000136
            ],
            [
              1.177464451000162,
              6.163960120000127
            ],
            [
              1.177441429000055,
              6.161579731000074
            ],
            [
              1.177424498000164,
              6.159829166000122
            ],
            [
              1.177409793999971,
              6.158308853000165
            ],
            [
              1.177376558999981,
              6.154872532000127
            ],
            [
              1.180055001000085,
              6.154900004000126
            ],
            [
              1.183148585000083,
              6.154931733000183
            ],
            [
              1.187071840999977,
              6.154971949000128
            ],
            [
              1.189630102000024,
              6.154998139000156
            ],
            [
              1.191648961000169,
              6.155018806000157
            ],
            [
              1.191657765000173,
              6.151643756000169
            ],
            [
              1.191668115000141,
              6.147717968000052
            ],
            [
              1.191677262000098,
              6.14426808900015
            ],
            [
              1.191690826000183,
              6.13915228400009
            ],
            [
              1.191702813000177,
              6.134630867000169
            ],
            [
              1.191716061000022,
              6.129634192000026
            ],
            [
              1.191725681000094,
              6.126005854000027
            ],
            [
              1.191736879000132,
              6.12178218300005
            ],
            [
              1.191741992000118,
              6.119853970000122
            ],
            [
              1.191747590000034,
              6.117742292000173
            ],
            [
              1.191751928000087,
              6.116106424000179
            ],
            [
              1.191756580000117,
              6.114351505
            ],
            [
              1.191762653000126,
              6.112061132000122
            ],
            [
              1.191769958000123,
              6.109305859000187
            ],
            [
              1.193268358000125,
              6.109322970000051
            ],
            [
              1.194369734000134,
              6.109335547000114
            ],
            [
              1.196370595000019,
              6.109325843000022
            ],
            [
              1.19763209000007,
              6.109417699000176
            ],
            [
              1.200155338000116,
              6.10964976300005
            ],
            [
              1.203702156000134,
              6.109968000000151
            ],
            [
              1.204031000000157,
              6.110078
            ],
            [
              1.209181000000115,
              6.112323000000117
            ],
            [
              1.212544,
              6.113616
            ],
            [
              1.21421,
              6.114531
            ],
            [
              1.215045,
              6.114515000000154
            ],
            [
              1.217407,
              6.115721000000121
            ],
            [
              1.220334,
              6.116761000000167
            ],
            [
              1.22227,
              6.117631
            ],
            [
              1.224121,
              6.118946000000108
            ],
            [
              1.226752,
              6.119939
            ],
            [
              1.228605000000186,
              6.120716
            ],
            [
              1.230292000000134,
              6.121158
            ],
            [
              1.231264000000124,
              6.121783
            ],
            [
              1.232056,
              6.122159
            ],
            [
              1.234321,
              6.123
            ],
            [
              1.236556,
              6.123026
            ],
            [
              1.237863,
              6.123383
            ],
            [
              1.239206000000138,
              6.123899000000108
            ],
            [
              1.240142000000162,
              6.124254
            ],
            [
              1.240374000000145,
              6.124394
            ],
            [
              1.241864,
              6.125235
            ],
            [
              1.243552,
              6.125538
            ],
            [
              1.244282,
              6.125768
            ],
            [
              1.244988,
              6.126016000000163
            ],
            [
              1.246532,
              6.126332
            ],
            [
              1.248083000000122,
              6.126871
            ],
            [
              1.249696,
              6.127452000000119
            ],
            [
              1.250048000000163,
              6.127629
            ],
            [
              1.252187,
              6.128621
            ],
            [
              1.253817,
              6.129545000000121
            ],
            [
              1.255623000000128,
              6.130247000000111
            ],
            [
              1.257160000000113,
              6.131246000000147
            ],
            [
              1.258679,
              6.131984000000102
            ],
            [
              1.261423,
              6.13255
            ],
            [
              1.26323,
              6.133095
            ],
            [
              1.264555,
              6.133637
            ],
            [
              1.266176,
              6.134274
            ],
            [
              1.268446,
              6.135089000000164
            ],
            [
              1.269939,
              6.135447000000113
            ],
            [
              1.270671000000164,
              6.135672
            ],
            [
              1.273016,
              6.136422000000152
            ],
            [
              1.275806000000102,
              6.137081000000137
            ],
            [
              1.276927000000114,
              6.137605000000121
            ],
            [
              1.278558,
              6.138112
            ],
            [
              1.280308000000105,
              6.139009000000158
            ],
            [
              1.282272,
              6.139841
            ],
            [
              1.282476,
              6.139963
            ],
            [
              1.284522,
              6.141130000000146
            ],
            [
              1.286856000000114,
              6.142372
            ],
            [
              1.288488000000143,
              6.142684
            ],
            [
              1.289759000000117,
              6.142474000000107
            ],
            [
              1.2909,
              6.142496000000165
            ],
            [
              1.292585,
              6.142824000000132
            ],
            [
              1.293950000000166,
              6.143305000000169
            ],
            [
              1.295006000000114,
              6.143791
            ],
            [
              1.297471,
              6.144597
            ],
            [
              1.299915,
              6.145384
            ],
            [
              1.302392,
              6.146256
            ],
            [
              1.305032000000153,
              6.147212000000138
            ],
            [
              1.307433,
              6.147907
            ],
            [
              1.308851000000118,
              6.148459
            ],
            [
              1.310176000000126,
              6.148834
            ],
            [
              1.31427200000013,
              6.150157
            ],
            [
              1.315397000000132,
              6.150601
            ],
            [
              1.314311000000146,
              6.153765
            ],
            [
              1.313013632000093,
              6.160200440999972
            ],
            [
              1.309699,
              6.166214
            ],
            [
              1.307785,
              6.165770000000123
            ],
            [
              1.307185000000118,
              6.16511
            ],
            [
              1.305106,
              6.164665000000184
            ],
            [
              1.302316000000133,
              6.163835
            ],
            [
              1.302038,
              6.165368
            ],
            [
              1.301262000000122,
              6.168215
            ],
            [
              1.300487000000146,
              6.17106200000012
            ],
            [
              1.299952,
              6.17294800000019
            ],
            [
              1.299824000000172,
              6.173364000000163
            ],
            [
              1.299706000000185,
              6.17373
            ],
            [
              1.298882,
              6.176371
            ],
            [
              1.297384,
              6.180925000000116
            ],
            [
              1.29518800000011,
              6.181597000000124
            ],
            [
              1.29479600000019,
              6.181661
            ],
            [
              1.294789,
              6.181645
            ],
            [
              1.294439000000125,
              6.181752000000188
            ],
            [
              1.291585,
              6.182172
            ],
            [
              1.290446000000145,
              6.182388
            ],
            [
              1.280056,
              6.187039
            ],
            [
              1.279606000000115,
              6.187247
            ],
            [
              1.279101,
              6.187439000000154
            ],
            [
              1.279076000000146,
              6.187474
            ],
            [
              1.275676,
              6.189027
            ],
            [
              1.275646,
              6.198452
            ],
            [
              1.25541927300003,
              6.200894170000026
            ],
            [
              1.254990000000134,
              6.200946
            ],
            [
              1.254991,
              6.200954
            ],
            [
              1.254486,
              6.201026
            ],
            [
              1.253548,
              6.201170000000104
            ],
            [
              1.253298999000094,
              6.201211993000129
            ],
            [
              1.252528,
              6.201342000000125
            ],
            [
              1.25186600000012,
              6.201486000000159
            ],
            [
              1.251196000000107,
              6.201604000000145
            ],
            [
              1.251058,
              6.201632000000131
            ],
            [
              1.251048967000088,
              6.201633963
            ],
            [
              1.250340000000165,
              6.201788
            ],
            [
              1.249739,
              6.201865
            ],
            [
              1.249049000000127,
              6.201967000000138
            ],
            [
              1.248732000000189,
              6.202
            ],
            [
              1.248518,
              6.202013
            ],
            [
              1.248375000000124,
              6.202022
            ],
            [
              1.245133000000124,
              6.202548
            ],
            [
              1.242116,
              6.203064000000154
            ],
            [
              1.241465000000176,
              6.203177
            ],
            [
              1.241214,
              6.203218000000106
            ],
            [
              1.238341695000145,
              6.203478942000174
            ],
            [
              1.230878000000132,
              6.20415700000018
            ],
            [
              1.229371000000128,
              6.204117
            ],
            [
              1.216964000000132,
              6.204134
            ],
            [
              1.20855900000015,
              6.200779
            ],
            [
              1.208577,
              6.204604000000188
            ],
            [
              1.206573000000162,
              6.205089
            ],
            [
              1.206453000000181,
              6.205015000000117
            ],
            [
              1.204328,
              6.20630100000011
            ]
          ]
        ]
      },
      "properties": {
        "record_type": "protected_autonomous_capital_city_context",
        "record_name": "Lomé",
        "autonomous_parent_context_id": "tfd:official:autonomous-district:DAGL",
        "autonomous_parent_context_name": "District Autonome du Grand Lomé (DAGL)",
        "geographic_region": "Maritime",
        "geographic_prefecture": "Golfe",
        "geometry_status": "protected_parent_context",
        "publication_scope": "internal_reference_only",
        "non_authoritative_notice": "Reference context only; never an administrative, locality, cadastral, parcel, title, legal, or official boundary.",
        "generated_at": "2026-08-21T00:00:00Z",
        "source_ref": "tfd:source:lome-special-context.geojson#feature:0",
        "source_place_type": null,
        "capital_city": "Lomé",
        "context_only": true,
        "boundary_replacement_allowed": false,
        "dagl_scope_geometry_ref": "official-admin-boundaries/layers/dagl.geojson#autonomous-district.DAGL",
        "dagl_geometry_authority": "derived_from_official_gouv_tg_communes",
        "district_and_capital_city_are_distinct": true,
        "capital_city_context_id": "tfd:capital-city-context:lome",
        "administrative_parent_id": "tfd:official:autonomous-district:DAGL",
        "geographic_region_id": "tfd:official:region:A",
        "special_status": "capital_city_context_within_autonomous_district"
      }
    },
    {
      "type": "Feature",
      "id": "tfd:dagl:source_quartier:osm-rel-6610248",
      "geometry": {
        "type": "Polygon",
        "coordinates": [
          [
            [
              1.2289805,
              6.1361522
            ],
            [
              1.2289748,
              6.1360698
            ],
            [
              1.2289601,
              6.1359788
            ],
            [
              1.2289104,
              6.1356705
            ],
            [
              1.2288165,
              6.1352011
            ],
            [
              1.2287883,
              6.1350451
            ],
            [
              1.2286355,
              6.1342664
            ],
            [
              1.2284531,
              6.1333197
            ],
            [
              1.2283022,
              6.1324823
            ],
            [
              1.2282002,
              6.1319092
            ],
            [
              1.2281017,
              6.1313328
            ],
            [
              1.2291934,
              6.1322213
            ],
            [
              1.2310133,
              6.133634
            ],
            [
              1.2317576,
              6.1342029
            ],
            [
              1.2326572,
              6.1348913
            ],
            [
              1.2327062,
              6.1349319
            ],
            [
              1.2327696,
              6.1349786
            ],
            [
              1.2326154,
              6.1350925
            ],
            [
              1.2325002,
              6.1351725
            ],
            [
              1.2324098,
              6.1352205
            ],
            [
              1.2318196,
              6.1354725
            ],
            [
              1.230929,
              6.1358172
            ],
            [
              1.2289805,
              6.1361522
            ]
          ]
        ]
      },
      "properties": {
        "record_type": "dagl_source_sublocality_geometry_candidate",
        "record_name": "Abobokomé",
        "autonomous_parent_context_id": "tfd:official:autonomous-district:DAGL",
        "autonomous_parent_context_name": "District Autonome du Grand Lomé (DAGL)",
        "geographic_region": "Maritime",
        "geographic_prefecture": "Golfe",
        "geometry_status": "source_geometry_candidate_review_required",
        "publication_scope": "internal_reference_only",
        "non_authoritative_notice": "Reference context only; never an administrative, locality, cadastral, parcel, title, legal, or official boundary.",
        "generated_at": "2026-08-21T00:00:00Z",
        "source_ref": "tfd:source:TG_grand_lome_quartiers.geojson#feature:1",
        "source_place_type": "suburb",
        "source_role": "source_quartier",
        "hierarchy_level": "sublocality",
        "sublocality_class": "suburb",
        "parent_quarter_reference_id": null,
        "parent_quarter_name": null,
        "parent_quarter_relationship": "not_resolved",
        "boundary_replacement_allowed": false,
        "requires_geometry_review": true,
        "dagl_scope_geometry_ref": "official-admin-boundaries/layers/dagl.geojson#autonomous-district.DAGL",
        "dagl_geometry_authority": "derived_from_official_gouv_tg_communes",
        "district_and_capital_city_are_distinct": true
      }
    },
    {
      "type": "Feature",
      "id": "tfd:dagl:source_quartier:osm-rel-6610101",
      "geometry": {
        "type": "Polygon",
        "coordinates": [
          [
            [
              1.2015089,
              6.1534448
            ],
            [
              1.2023315,
              6.1534803
            ],
            [
              1.2037605,
              6.1536076
            ],
            [
              1.2044045,
              6.1536673
            ],
            [
              1.2063501,
              6.1543049
            ],
            [
              1.2075015,
              6.154687
            ],
            [
              1.2078475,
              6.154795
            ],
            [
              1.208472,
              6.1550076
            ],
            [
              1.2091001,
              6.1552083
            ],
            [
              1.2097404,
              6.1554703
            ],
            [
              1.208591,
              6.1580776
            ],
            [
              1.208899,
              6.1582061
            ],
            [
              1.208553,
              6.1589422
            ],
            [
              1.2086067,
              6.1591233
            ],
            [
              1.2081794,
              6.1600659
            ],
            [
              1.2078814,
              6.1606656
            ],
            [
              1.2077817,
              6.1605952
            ],
            [
              1.2067007,
              6.1598171
            ],
            [
              1.2064346,
              6.1596623
            ],
            [
              1.2046427,
              6.1595149
            ],
            [
              1.2022315,
              6.1593184
            ],
            [
              1.2018003,
              6.1592995
            ],
            [
              1.2017666,
              6.1585523
            ],
            [
              1.2017525,
              6.1582597
            ],
            [
              1.2016792,
              6.1569661
            ],
            [
              1.2016385,
              6.1561943
            ],
            [
              1.2016043,
              6.1554856
            ],
            [
              1.2015887,
              6.1550794
            ],
            [
              1.2015089,
              6.1534448
            ]
          ]
        ]
      },
      "properties": {
        "record_type": "dagl_source_sublocality_geometry_candidate",
        "record_name": "Abové",
        "autonomous_parent_context_id": "tfd:official:autonomous-district:DAGL",
        "autonomous_parent_context_name": "District Autonome du Grand Lomé (DAGL)",
        "geographic_region": "Maritime",
        "geographic_prefecture": "Golfe",
        "geometry_status": "source_geometry_candidate_review_required",
        "publication_scope": "internal_reference_only",
        "non_authoritative_notice": "Reference context only; never an administrative, locality, cadastral, parcel, title, legal, or official boundary.",
        "generated_at": "2026-08-21T00:00:00Z",
        "source_ref": "tfd:source:TG_grand_lome_quartiers.geojson#feature:2",
        "source_place_type": "suburb",
        "source_role": "source_quartier",
        "hierarchy_level": "sublocality",
        "sublocality_class": "suburb",
        "parent_quarter_reference_id": null,
        "parent_quarter_name": null,
        "parent_quarter_relationship": "not_resolved",
        "boundary_replacement_allowed": false,
        "requires_geometry_review": true,
        "dagl_scope_geometry_ref": "official-admin-boundaries/layers/dagl.geojson#autonomous-district.DAGL",
        "dagl_geometry_authority": "derived_from_official_gouv_tg_communes",
        "district_and_capital_city_are_distinct": true
      }
    },
    {
      "type": "Feature",
      "id": "tfd:dagl:source_quartier:osm-rel-6615991",
      "geometry": {
        "type": "Polygon",
        "coordinates": [
          [
            [
              1.294094,
              6.1792335
            ],
            [
              1.2943291,
              6.1792587
            ],
            [
              1.2943595,
              6.1799501
            ],
            [
              1.294479,
              6.1805824
            ],
            [
              1.2945537,
              6.180666
            ],
            [
              1.2945729,
              6.1808409
            ],
            [
              1.2945897,
              6.1811575
            ],
            [
              1.2936979,
              6.1811582
            ],
            [
              1.2935163,
              6.1811584
            ],
            [
              1.2934345,
              6.1810361
            ],
            [
              1.2932047,
              6.18084
            ],
            [
              1.2931495,
              6.1807254
            ],
            [
              1.2930799,
              6.1806332
            ],
            [
              1.2930057,
              6.1805846
            ],
            [
              1.2929387,
              6.1805001
            ],
            [
              1.2929116,
              6.1803976
            ],
            [
              1.2929202,
              6.1802051
            ],
            [
              1.2929143,
              6.1797338
            ],
            [
              1.292623,
              6.1797231
            ],
            [
              1.2924826,
              6.1796709
            ],
            [
              1.2920416,
              6.1796256
            ],
            [
              1.2917747,
              6.1795982
            ],
            [
              1.2905258,
              6.1793953
            ],
            [
              1.2901974,
              6.1793522
            ],
            [
              1.2902331,
              6.1790769
            ],
            [
              1.2892024,
              6.1788543
            ],
            [
              1.2891005,
              6.1787663
            ],
            [
              1.2888028,
              6.1784596
            ],
            [
              1.2888189,
              6.1782516
            ],
            [
              1.2887357,
              6.1781103
            ],
            [
              1.2879029,
              6.1781236
            ],
            [
              1.2877608,
              6.1789983
            ],
            [
              1.2874899,
              6.1789636
            ],
            [
              1.2873128,
              6.1799622
            ],
            [
              1.2860732,
              6.1796276
            ],
            [
              1.2848172,
              6.1793716
            ],
            [
              1.2847806,
              6.1795925
            ],
            [
              1.2854616,
              6.1797983
            ],
            [
              1.2853847,
              6.1804666
            ],
            [
              1.2859645,
              6.1805703
            ],
            [
              1.2859171,
              6.1808408
            ],
            [
              1.2871539,
              6.1815453
            ],
            [
              1.2876861,
              6.1818356
            ],
            [
              1.2876283,
              6.182349
            ],
            [
              1.2875008,
              6.1829217
            ],
            [
              1.2868839,
              6.1827916
            ],
            [
              1.2856191,
              6.182528
            ],
            [
              1.2851592,
              6.1824233
            ],
            [
              1.2845221,
              6.1822985
            ],
            [
              1.2845898,
              6.181546
            ],
            [
              1.28396,
              6.1813624
            ],
            [
              1.2832849,
              6.1811909
            ],
            [
              1.2831955,
              6.1811669
            ],
            [
              1.2832629,
              6.1808138
            ],
            [
              1.2834037,
              6.1808353
            ],
            [
              1.283463,
              6.1805787
            ],
            [
              1.2835404,
              6.1802889
            ],
            [
              1.2829015,
              6.1801403
            ],
            [
              1.2826623,
              6.1810306
            ],
            [
              1.2820131,
              6.1808792
            ],
            [
              1.2819616,
              6.1810249
            ],
            [
              1.2810491,
              6.18037
            ],
            [
              1.2809221,
              6.1803418
            ],
            [
              1.2808249,
              6.1803201
            ],
            [
              1.2807036,
              6.1802855
            ],
            [
              1.2806502,
              6.1804536
            ],
            [
              1.2805831,
              6.1806416
            ],
            [
              1.2805295,
              6.1807049
            ],
            [
              1.2804513,
              6.1807338
            ],
            [
              1.2798436,
              6.1819267
            ],
            [
              1.2795205,
              6.1824869
            ],
            [
              1.279354,
              6.1828024
            ],
            [
              1.2787766,
              6.1824809
            ],
            [
              1.2786757,
              6.1826719
            ],
            [
              1.2782921,
              6.1825043
            ],
            [
              1.2780418,
              6.1823965
            ],
            [
              1.2776426,
              6.1822288
            ],
            [
              1.2781032,
              6.1809899
            ],
            [
              1.278337,
              6.180368
            ],
            [
              1.2785774,
              6.1797338
            ],
            [
              1.279083,
              6.1783952
            ],
            [
              1.2790989,
              6.1783542
            ],
            [
              1.2793382,
              6.1776874
            ],
            [
              1.2795465,
              6.1770553
            ],
            [
              1.2795859,
              6.1769495
            ],
            [
              1.2797011,
              6.1766544
            ],
            [
              1.2797908,
              6.1764033
            ],
            [
              1.2802621,
              6.1752518
            ],
            [
              1.2803814,
              6.175036
            ],
            [
              1.2807178,
              6.1746649
            ],
            [
              1.2807967,
              6.1745906
            ],
            [
              1.2808437,
              6.1745463
            ],
            [
              1.2812408,
              6.1744103
            ],
            [
              1.2815661,
              6.1742983
            ],
            [
              1.2815223,
              6.1741047
            ],
            [
              1.2813569,
              6.1732713
            ],
            [
              1.2805262,
              6.1733764
            ],
            [
              1.2803121,
              6.1725793
            ],
            [
              1.2803579,
              6.1721369
            ],
            [
              1.2804965,
              6.170808
            ],
            [
              1.2805731,
              6.170094
            ],
            [
              1.2815435,
              6.1702937
            ],
            [
              1.2817964,
              6.1703457
            ],
            [
              1.2819379,
              6.1703751
            ],
            [
              1.2824059,
              6.1704683
            ],
            [
              1.2828393,
              6.1705627
            ],
            [
              1.2835608,
              6.1707142
            ],
            [
              1.2841378,
              6.1708237
            ],
            [
              1.2845158,
              6.1708955
            ],
            [
              1.2845686,
              6.1709055
            ],
            [
              1.2848457,
              6.1709581
            ],
            [
              1.2859042,
              6.171159
            ],
            [
              1.2864677,
              6.1712545
            ],
            [
              1.2865143,
              6.1712529
            ],
            [
              1.2867896,
              6.1712438
            ],
            [
              1.2871641,
              6.1711978
            ],
            [
              1.2875258,
              6.1711207
            ],
            [
              1.2881121,
              6.1709103
            ],
            [
              1.2884678,
              6.1707826
            ],
            [
              1.288764,
              6.1706788
            ],
            [
              1.2889019,
              6.1706305
            ],
            [
              1.2896172,
              6.1703808
            ],
            [
              1.2904297,
              6.1700922
            ],
            [
              1.290786,
              6.1699657
            ],
            [
              1.29094,
              6.1699109
            ],
            [
              1.291068,
              6.1698653
            ],
            [
              1.2911114,
              6.1698498
            ],
            [
              1.292338,
              6.169413
            ],
            [
              1.2923631,
              6.1694029
            ],
            [
              1.2925286,
              6.1693367
            ],
            [
              1.2928407,
              6.1692118
            ],
            [
              1.293011,
              6.1693438
            ],
            [
              1.2926141,
              6.1706914
            ],
            [
              1.2924302,
              6.1713158
            ],
            [
              1.2925364,
              6.1718255
            ],
            [
              1.29259,
              6.1720829
            ],
            [
              1.2927287,
              6.1727486
            ],
            [
              1.2928355,
              6.1731155
            ],
            [
              1.2927146,
              6.1735482
            ],
            [
              1.293317,
              6.1737153
            ],
            [
              1.2932402,
              6.173975
            ],
            [
              1.2930809,
              6.1745116
            ],
            [
              1.2934086,
              6.1745903
            ],
            [
              1.2935853,
              6.1745046
            ],
            [
              1.2938573,
              6.1745359
            ],
            [
              1.2939742,
              6.1745971
            ],
            [
              1.2939862,
              6.1749155
            ],
            [
              1.293992,
              6.1750716
            ],
            [
              1.2939967,
              6.1751956
            ],
            [
              1.2940032,
              6.1753697
            ],
            [
              1.29402,
              6.1758159
            ],
            [
              1.2940636,
              6.1769776
            ],
            [
              1.2940704,
              6.1771577
            ],
            [
              1.2940753,
              6.177289
            ],
            [
              1.2940984,
              6.1779035
            ],
            [
              1.2942781,
              6.1779307
            ],
            [
              1.2941867,
              6.1785776
            ],
            [
              1.294094,
              6.1792335
            ]
          ]
        ]
      },
      "properties": {
        "record_type": "dagl_source_sublocality_geometry_candidate",
        "record_name": "Adakpamé",
        "autonomous_parent_context_id": "tfd:official:autonomous-district:DAGL",
        "autonomous_parent_context_name": "District Autonome du Grand Lomé (DAGL)",
        "geographic_region": "Maritime",
        "geographic_prefecture": "Golfe",
        "geometry_status": "source_geometry_candidate_review_required",
        "publication_scope": "internal_reference_only",
        "non_authoritative_notice": "Reference context only; never an administrative, locality, cadastral, parcel, title, legal, or official boundary.",
        "generated_at": "2026-08-21T00:00:00Z",
        "source_ref": "tfd:source:TG_grand_lome_quartiers.geojson#feature:3",
        "source_place_type": "suburb",
        "source_role": "source_quartier",
        "hierarchy_level": "sublocality",
        "sublocality_class": "suburb",
        "parent_quarter_reference_id": null,
        "parent_quarter_name": null,
        "parent_quarter_relationship": "not_resolved",
        "boundary_replacement_allowed": false,
        "requires_geometry_review": true,
        "dagl_scope_geometry_ref": "official-admin-boundaries/layers/dagl.geojson#autonomous-district.DAGL",
        "dagl_geometry_authority": "derived_from_official_gouv_tg_communes",
        "district_and_capital_city_are_distinct": true
      }
    },
    {
      "type": "Feature",
      "id": "tfd:dagl:source_quartier:osm-rel-6609731",
      "geometry": {
        "type": "Polygon",
        "coordinates": [
          [
            [
              1.2262498,
              6.123415
            ],
            [
              1.2262685,
              6.1233582
            ],
            [
              1.2269229,
              6.1220441
            ],
            [
              1.2275666,
              6.1223108
            ],
            [
              1.228795,
              6.1228708
            ],
            [
              1.2297124,
              6.1232415
            ],
            [
              1.2299672,
              6.1233215
            ],
            [
              1.2295143,
              6.1249281
            ],
            [
              1.2295022,
              6.1249753
            ],
            [
              1.2294395,
              6.1251494
            ],
            [
              1.2293137,
              6.1256377
            ],
            [
              1.2290552,
              6.1265168
            ],
            [
              1.2288576,
              6.1271942
            ],
            [
              1.2286587,
              6.1280024
            ],
            [
              1.227721,
              6.1277682
            ],
            [
              1.2273738,
              6.1276808
            ],
            [
              1.2266154,
              6.1274731
            ],
            [
              1.225827,
              6.1272516
            ],
            [
              1.2250625,
              6.1270348
            ],
            [
              1.2252909,
              6.1262552
            ],
            [
              1.2254685,
              6.1256285
            ],
            [
              1.2256431,
              6.1250257
            ],
            [
              1.2258456,
              6.124336
            ],
            [
              1.2258929,
              6.1241762
            ],
            [
              1.2262498,
              6.123415
            ]
          ]
        ]
      },
      "properties": {
        "record_type": "dagl_source_sublocality_geometry_candidate",
        "record_name": "Adawlato",
        "autonomous_parent_context_id": "tfd:official:autonomous-district:DAGL",
        "autonomous_parent_context_name": "District Autonome du Grand Lomé (DAGL)",
        "geographic_region": "Maritime",
        "geographic_prefecture": "Golfe",
        "geometry_status": "source_geometry_candidate_review_required",
        "publication_scope": "internal_reference_only",
        "non_authoritative_notice": "Reference context only; never an administrative, locality, cadastral, parcel, title, legal, or official boundary.",
        "generated_at": "2026-08-21T00:00:00Z",
        "source_ref": "tfd:source:TG_grand_lome_quartiers.geojson#feature:4",
        "source_place_type": "suburb",
        "source_role": "source_quartier",
        "hierarchy_level": "sublocality",
        "sublocality_class": "suburb",
        "parent_quarter_reference_id": null,
        "parent_quarter_name": null,
        "parent_quarter_relationship": "not_resolved",
        "boundary_replacement_allowed": false,
        "requires_geometry_review": true,
        "dagl_scope_geometry_ref": "official-admin-boundaries/layers/dagl.geojson#autonomous-district.DAGL",
        "dagl_geometry_authority": "derived_from_official_gouv_tg_communes",
        "district_and_capital_city_are_distinct": true
      }
    },
    {
      "type": "Feature",
      "id": "tfd:dagl:source_quartier:osm-rel-6610249",
      "geometry": {
        "type": "Polygon",
        "coordinates": [
          [
            [
              1.2289748,
              6.1360698
            ],
            [
              1.2289805,
              6.1361522
            ],
            [
              1.2278971,
              6.1363483
            ],
            [
              1.2264912,
              6.1366433
            ],
            [
              1.2252619,
              6.1368622
            ],
            [
              1.2251137,
              6.1368788
            ],
            [
              1.222092,
              6.1368907
            ],
            [
              1.2222143,
              6.1365499
            ],
            [
              1.2222189,
              6.1365338
            ],
            [
              1.2222231,
              6.1365193
            ],
            [
              1.2223759,
              6.1359878
            ],
            [
              1.222461,
              6.1356731
            ],
            [
              1.2225167,
              6.1354918
            ],
            [
              1.2226428,
              6.1350517
            ],
            [
              1.2226471,
              6.1350362
            ],
            [
              1.2226568,
              6.1350018
            ],
            [
              1.2226672,
              6.1349669
            ],
            [
              1.2226724,
              6.1349492
            ],
            [
              1.2228533,
              6.1344857
            ],
            [
              1.222978,
              6.1339224
            ],
            [
              1.2230933,
              6.1335297
            ],
            [
              1.2232456,
              6.1329996
            ],
            [
              1.2232893,
              6.1330333
            ],
            [
              1.2233536,
              6.1330617
            ],
            [
              1.2234717,
              6.1330799
            ],
            [
              1.2242396,
              6.1330928
            ],
            [
              1.2243208,
              6.1330873
            ],
            [
              1.2243823,
              6.1330792
            ],
            [
              1.2250601,
              6.132985
            ],
            [
              1.2257407,
              6.1328336
            ],
            [
              1.2271897,
              6.1325729
            ],
            [
              1.2272474,
              6.1325616
            ],
            [
              1.227289,
              6.1325376
            ],
            [
              1.2273332,
              6.1325049
            ],
            [
              1.22746,
              6.1323789
            ],
            [
              1.2275934,
              6.1322329
            ],
            [
              1.2280608,
              6.1323903
            ],
            [
              1.2281875,
              6.1324316
            ],
            [
              1.2283022,
              6.1324823
            ],
            [
              1.2284531,
              6.1333197
            ],
            [
              1.2286355,
              6.1342664
            ],
            [
              1.2287883,
              6.1350451
            ],
            [
              1.2288165,
              6.1352011
            ],
            [
              1.2289104,
              6.1356705
            ],
            [
              1.2289601,
              6.1359788
            ],
            [
              1.2289748,
              6.1360698
            ]
          ]
        ]
      },
      "properties": {
        "record_type": "dagl_source_sublocality_geometry_candidate",
        "record_name": "Adoboukomé",
        "autonomous_parent_context_id": "tfd:official:autonomous-district:DAGL",
        "autonomous_parent_context_name": "District Autonome du Grand Lomé (DAGL)",
        "geographic_region": "Maritime",
        "geographic_prefecture": "Golfe",
        "geometry_status": "source_geometry_candidate_review_required",
        "publication_scope": "internal_reference_only",
        "non_authoritative_notice": "Reference context only; never an administrative, locality, cadastral, parcel, title, legal, or official boundary.",
        "generated_at": "2026-08-21T00:00:00Z",
        "source_ref": "tfd:source:TG_grand_lome_quartiers.geojson#feature:5",
        "source_place_type": "suburb",
        "source_role": "source_quartier",
        "hierarchy_level": "sublocality",
        "sublocality_class": "suburb",
        "parent_quarter_reference_id": null,
        "parent_quarter_name": null,
        "parent_quarter_relationship": "not_resolved",
        "boundary_replacement_allowed": false,
        "requires_geometry_review": true,
        "dagl_scope_geometry_ref": "official-admin-boundaries/layers/dagl.geojson#autonomous-district.DAGL",
        "dagl_geometry_authority": "derived_from_official_gouv_tg_communes",
        "district_and_capital_city_are_distinct": true
      }
    },
    {
      "type": "Feature",
      "id": "tfd:dagl:source_quartier:osm-rel-6609732",
      "geometry": {
        "type": "Polygon",
        "coordinates": [
          [
            [
              1.1940686,
              6.1848611
            ],
            [
              1.1932712,
              6.1846483
            ],
            [
              1.1921064,
              6.1842381
            ],
            [
              1.1924119,
              6.1836045
            ],
            [
              1.1928648,
              6.1821285
            ],
            [
              1.1930057,
              6.1816215
            ],
            [
              1.1932575,
              6.1808543
            ],
            [
              1.1933081,
              6.1808475
            ],
            [
              1.1930979,
              6.1791034
            ],
            [
              1.1927825,
              6.1783628
            ],
            [
              1.1925759,
              6.1779769
            ],
            [
              1.1921388,
              6.1772179
            ],
            [
              1.1918436,
              6.1766596
            ],
            [
              1.1913931,
              6.1758338
            ],
            [
              1.1929402,
              6.1746632
            ],
            [
              1.1964434,
              6.171952
            ],
            [
              1.1980315,
              6.1706516
            ],
            [
              1.1988395,
              6.1700696
            ],
            [
              1.199101,
              6.169871
            ],
            [
              1.1993357,
              6.1696736
            ],
            [
              1.1994827,
              6.1695778
            ],
            [
              1.199536,
              6.1695541
            ],
            [
              1.1996318,
              6.1694872
            ],
            [
              1.2014419,
              6.168085
            ],
            [
              1.201973,
              6.1676396
            ],
            [
              1.2024633,
              6.1672195
            ],
            [
              1.2025047,
              6.1673976
            ],
            [
              1.2025356,
              6.1675067
            ],
            [
              1.2028735,
              6.1689336
            ],
            [
              1.2029098,
              6.1690704
            ],
            [
              1.2030586,
              6.1697416
            ],
            [
              1.2031391,
              6.1700856
            ],
            [
              1.2033203,
              6.1708193
            ],
            [
              1.203528,
              6.171699
            ],
            [
              1.2035649,
              6.171849
            ],
            [
              1.2036863,
              6.1723123
            ],
            [
              1.2038331,
              6.172929
            ],
            [
              1.2039806,
              6.1735076
            ],
            [
              1.2042965,
              6.1747856
            ],
            [
              1.2043442,
              6.1749921
            ],
            [
              1.20445,
              6.1754503
            ],
            [
              1.2046378,
              6.1761036
            ],
            [
              1.2046939,
              6.1763194
            ],
            [
              1.2048041,
              6.1767436
            ],
            [
              1.2048362,
              6.1768476
            ],
            [
              1.2049958,
              6.1774423
            ],
            [
              1.2052218,
              6.1782869
            ],
            [
              1.205596,
              6.1798789
            ],
            [
              1.2056248,
              6.1799676
            ],
            [
              1.2056965,
              6.1802351
            ],
            [
              1.2058134,
              6.1806713
            ],
            [
              1.2059091,
              6.1810529
            ],
            [
              1.206168,
              6.1820557
            ],
            [
              1.2058837,
              6.183781
            ],
            [
              1.2057256,
              6.1847737
            ],
            [
              1.2057288,
              6.1851801
            ],
            [
              1.2057132,
              6.1859229
            ],
            [
              1.2056596,
              6.1860429
            ],
            [
              1.2054793,
              6.1861321
            ],
            [
              1.2040416,
              6.1864227
            ],
            [
              1.2028938,
              6.1866993
            ],
            [
              1.202117,
              6.1868689
            ],
            [
              1.2013023,
              6.1869987
            ],
            [
              1.2012065,
              6.1862654
            ],
            [
              1.2010885,
              6.1855908
            ],
            [
              1.2009054,
              6.1845828
            ],
            [
              1.1966909,
              6.185363
            ],
            [
              1.1960205,
              6.1852381
            ],
            [
              1.1952199,
              6.1850914
            ],
            [
              1.1947867,
              6.1849894
            ],
            [
              1.1940686,
              6.1848611
            ]
          ]
        ]
      },
      "properties": {
        "record_type": "dagl_source_sublocality_geometry_candidate",
        "record_name": "Aflao-Gakli",
        "autonomous_parent_context_id": "tfd:official:autonomous-district:DAGL",
        "autonomous_parent_context_name": "District Autonome du Grand Lomé (DAGL)",
        "geographic_region": "Maritime",
        "geographic_prefecture": "Golfe",
        "geometry_status": "source_geometry_candidate_review_required",
        "publication_scope": "internal_reference_only",
        "non_authoritative_notice": "Reference context only; never an administrative, locality, cadastral, parcel, title, legal, or official boundary.",
        "generated_at": "2026-08-21T00:00:00Z",
        "source_ref": "tfd:source:TG_grand_lome_quartiers.geojson#feature:6",
        "source_place_type": "suburb",
        "source_role": "source_quartier",
        "hierarchy_level": "sublocality",
        "sublocality_class": "suburb",
        "parent_quarter_reference_id": null,
        "parent_quarter_name": null,
        "parent_quarter_relationship": "not_resolved",
        "boundary_replacement_allowed": false,
        "requires_geometry_review": true,
        "dagl_scope_geometry_ref": "official-admin-boundaries/layers/dagl.geojson#autonomous-district.DAGL",
        "dagl_geometry_authority": "derived_from_official_gouv_tg_communes",
        "district_and_capital_city_are_distinct": true
      }
    },
    {
      "type": "Feature",
      "id": "tfd:dagl:source_quartier:osm-rel-6609733",
      "geometry": {
        "type": "Polygon",
        "coordinates": [
          [
            [
              1.2212641,
              6.1247909
            ],
            [
              1.2214159,
              6.1243525
            ],
            [
              1.22142,
              6.1243408
            ],
            [
              1.221429,
              6.1243148
            ],
            [
              1.2216384,
              6.1237079
            ],
            [
              1.2216981,
              6.1235438
            ],
            [
              1.2219904,
              6.1226181
            ],
            [
              1.222158,
              6.1220892
            ],
            [
              1.2226287,
              6.1205826
            ],
            [
              1.2229907,
              6.1206893
            ],
            [
              1.223385,
              6.120796
            ],
            [
              1.2236291,
              6.1208813
            ],
            [
              1.2238839,
              6.1209906
            ],
            [
              1.2243184,
              6.1211693
            ],
            [
              1.2247342,
              6.121284
            ],
            [
              1.2251821,
              6.121412
            ],
            [
              1.2258419,
              6.1216094
            ],
            [
              1.2269229,
              6.1220441
            ],
            [
              1.2262685,
              6.1233582
            ],
            [
              1.2262498,
              6.123415
            ],
            [
              1.2258929,
              6.1241762
            ],
            [
              1.2258456,
              6.124336
            ],
            [
              1.2256431,
              6.1250257
            ],
            [
              1.2254685,
              6.1256285
            ],
            [
              1.2252909,
              6.1262552
            ],
            [
              1.2250625,
              6.1270348
            ],
            [
              1.224372,
              6.1268441
            ],
            [
              1.2232109,
              6.1265104
            ],
            [
              1.2221694,
              6.1260184
            ],
            [
              1.2221842,
              6.1259381
            ],
            [
              1.222293,
              6.1253787
            ],
            [
              1.2220701,
              6.1253031
            ],
            [
              1.2221264,
              6.1251124
            ],
            [
              1.2212641,
              6.1247909
            ]
          ]
        ]
      },
      "properties": {
        "record_type": "dagl_source_sublocality_geometry_candidate",
        "record_name": "Agbadahonou",
        "autonomous_parent_context_id": "tfd:official:autonomous-district:DAGL",
        "autonomous_parent_context_name": "District Autonome du Grand Lomé (DAGL)",
        "geographic_region": "Maritime",
        "geographic_prefecture": "Golfe",
        "geometry_status": "source_geometry_candidate_review_required",
        "publication_scope": "internal_reference_only",
        "non_authoritative_notice": "Reference context only; never an administrative, locality, cadastral, parcel, title, legal, or official boundary.",
        "generated_at": "2026-08-21T00:00:00Z",
        "source_ref": "tfd:source:TG_grand_lome_quartiers.geojson#feature:7",
        "source_place_type": "suburb",
        "source_role": "source_quartier",
        "hierarchy_level": "sublocality",
        "sublocality_class": "suburb",
        "parent_quarter_reference_id": null,
        "parent_quarter_name": null,
        "parent_quarter_relationship": "not_resolved",
        "boundary_replacement_allowed": false,
        "requires_geometry_review": true,
        "dagl_scope_geometry_ref": "official-admin-boundaries/layers/dagl.geojson#autonomous-district.DAGL",
        "dagl_geometry_authority": "derived_from_official_gouv_tg_communes",
        "district_and_capital_city_are_distinct": true
      }
    },
    {
      "type": "Feature",
      "id": "tfd:dagl:source_quartier:osm-rel-6610250",
      "geometry": {
        "type": "Polygon",
        "coordinates": [
          [
            [
              1.2345223,
              6.1335878
            ],
            [
              1.2345725,
              6.1336503
            ],
            [
              1.2339469,
              6.1341167
            ],
            [
              1.2334172,
              6.1345127
            ],
            [
              1.2327696,
              6.1349786
            ],
            [
              1.2327062,
              6.1349319
            ],
            [
              1.2326572,
              6.1348913
            ],
            [
              1.2317576,
              6.1342029
            ],
            [
              1.2310133,
              6.133634
            ],
            [
              1.2291934,
              6.1322213
            ],
            [
              1.2281017,
              6.1313328
            ],
            [
              1.2280612,
              6.1311309
            ],
            [
              1.2279475,
              6.1305474
            ],
            [
              1.2280192,
              6.1302821
            ],
            [
              1.228142,
              6.1297567
            ],
            [
              1.2282696,
              6.1292968
            ],
            [
              1.2284608,
              6.128743
            ],
            [
              1.2286587,
              6.1280024
            ],
            [
              1.2288576,
              6.1271942
            ],
            [
              1.2289043,
              6.1272751
            ],
            [
              1.2293002,
              6.1277076
            ],
            [
              1.2295898,
              6.1279803
            ],
            [
              1.2304465,
              6.1289293
            ],
            [
              1.23079,
              6.1293803
            ],
            [
              1.23116,
              6.1298
            ],
            [
              1.231833,
              6.1305308
            ],
            [
              1.232432,
              6.1312128
            ],
            [
              1.2331089,
              6.1319842
            ],
            [
              1.2337525,
              6.1327171
            ],
            [
              1.2344052,
              6.1334554
            ],
            [
              1.2345223,
              6.1335878
            ]
          ]
        ]
      },
      "properties": {
        "record_type": "dagl_source_sublocality_geometry_candidate",
        "record_name": "Aguia Komé",
        "autonomous_parent_context_id": "tfd:official:autonomous-district:DAGL",
        "autonomous_parent_context_name": "District Autonome du Grand Lomé (DAGL)",
        "geographic_region": "Maritime",
        "geographic_prefecture": "Golfe",
        "geometry_status": "source_geometry_candidate_review_required",
        "publication_scope": "internal_reference_only",
        "non_authoritative_notice": "Reference context only; never an administrative, locality, cadastral, parcel, title, legal, or official boundary.",
        "generated_at": "2026-08-21T00:00:00Z",
        "source_ref": "tfd:source:TG_grand_lome_quartiers.geojson#feature:9",
        "source_place_type": "suburb",
        "source_role": "source_quartier",
        "hierarchy_level": "sublocality",
        "sublocality_class": "suburb",
        "parent_quarter_reference_id": null,
        "parent_quarter_name": null,
        "parent_quarter_relationship": "not_resolved",
        "boundary_replacement_allowed": false,
        "requires_geometry_review": true,
        "dagl_scope_geometry_ref": "official-admin-boundaries/layers/dagl.geojson#autonomous-district.DAGL",
        "dagl_geometry_authority": "derived_from_official_gouv_tg_communes",
        "district_and_capital_city_are_distinct": true
      }
    },
    {
      "type": "Feature",
      "id": "tfd:dagl:source_quartier:osm-rel-6614572",
      "geometry": {
        "type": "Polygon",
        "coordinates": [
          [
            [
              1.2651296,
              6.1408455
            ],
            [
              1.2656575,
              6.1409645
            ],
            [
              1.2662742,
              6.1410308
            ],
            [
              1.2662555,
              6.1417709
            ],
            [
              1.266251,
              6.1425813
            ],
            [
              1.2662389,
              6.1429989
            ],
            [
              1.26623,
              6.1436903
            ],
            [
              1.2662347,
              6.1440276
            ],
            [
              1.2662856,
              6.144467
            ],
            [
              1.2663017,
              6.1445937
            ],
            [
              1.2663715,
              6.1451964
            ],
            [
              1.2664742,
              6.1460006
            ],
            [
              1.2665331,
              6.1465411
            ],
            [
              1.2665497,
              6.1467119
            ],
            [
              1.2665818,
              6.1470942
            ],
            [
              1.2666416,
              6.1479705
            ],
            [
              1.2666947,
              6.1483925
            ],
            [
              1.2667419,
              6.1488343
            ],
            [
              1.2667826,
              6.1491849
            ],
            [
              1.2668017,
              6.1493766
            ],
            [
              1.2668375,
              6.149888
            ],
            [
              1.2668453,
              6.1499986
            ],
            [
              1.2669354,
              6.150632
            ],
            [
              1.2670222,
              6.1512429
            ],
            [
              1.2670362,
              6.1513414
            ],
            [
              1.2670679,
              6.1515611
            ],
            [
              1.2672428,
              6.1527727
            ],
            [
              1.2673622,
              6.1536225
            ],
            [
              1.2667348,
              6.1534325
            ],
            [
              1.2666123,
              6.1533954
            ],
            [
              1.2663789,
              6.1533288
            ],
            [
              1.2662351,
              6.1532878
            ],
            [
              1.2659301,
              6.1532008
            ],
            [
              1.2651793,
              6.1529889
            ],
            [
              1.265028,
              6.1529513
            ],
            [
              1.2645303,
              6.1528042
            ],
            [
              1.2638125,
              6.1525998
            ],
            [
              1.2631314,
              6.1524049
            ],
            [
              1.2624483,
              6.1522114
            ],
            [
              1.2622649,
              6.1521592
            ],
            [
              1.262025,
              6.1520866
            ],
            [
              1.2624367,
              6.1504553
            ],
            [
              1.2626392,
              6.1497392
            ],
            [
              1.2629865,
              6.1484632
            ],
            [
              1.2632495,
              6.1475613
            ],
            [
              1.26348,
              6.1467044
            ],
            [
              1.2637939,
              6.1456831
            ],
            [
              1.2638514,
              6.1454467
            ],
            [
              1.2640165,
              6.144785
            ],
            [
              1.2642753,
              6.143811
            ],
            [
              1.2645724,
              6.1427402
            ],
            [
              1.2649125,
              6.1415382
            ],
            [
              1.2651296,
              6.1408455
            ]
          ]
        ]
      },
      "properties": {
        "record_type": "dagl_source_sublocality_geometry_candidate",
        "record_name": "Akodésséwa",
        "autonomous_parent_context_id": "tfd:official:autonomous-district:DAGL",
        "autonomous_parent_context_name": "District Autonome du Grand Lomé (DAGL)",
        "geographic_region": "Maritime",
        "geographic_prefecture": "Golfe",
        "geometry_status": "source_geometry_candidate_review_required",
        "publication_scope": "internal_reference_only",
        "non_authoritative_notice": "Reference context only; never an administrative, locality, cadastral, parcel, title, legal, or official boundary.",
        "generated_at": "2026-08-21T00:00:00Z",
        "source_ref": "tfd:source:TG_grand_lome_quartiers.geojson#feature:10",
        "source_place_type": "suburb",
        "source_role": "source_quartier",
        "hierarchy_level": "sublocality",
        "sublocality_class": "suburb",
        "parent_quarter_reference_id": null,
        "parent_quarter_name": null,
        "parent_quarter_relationship": "not_resolved",
        "boundary_replacement_allowed": false,
        "requires_geometry_review": true,
        "dagl_scope_geometry_ref": "official-admin-boundaries/layers/dagl.geojson#autonomous-district.DAGL",
        "dagl_geometry_authority": "derived_from_official_gouv_tg_communes",
        "district_and_capital_city_are_distinct": true
      }
    },
    {
      "type": "Feature",
      "id": "tfd:dagl:source_quartier:osm-rel-6615685",
      "geometry": {
        "type": "Polygon",
        "coordinates": [
          [
            [
              1.2923631,
              6.1694029
            ],
            [
              1.292338,
              6.169413
            ],
            [
              1.2911114,
              6.1698498
            ],
            [
              1.291068,
              6.1698653
            ],
            [
              1.29094,
              6.1699109
            ],
            [
              1.290786,
              6.1699657
            ],
            [
              1.2904297,
              6.1700922
            ],
            [
              1.2896172,
              6.1703808
            ],
            [
              1.2889019,
              6.1706305
            ],
            [
              1.288764,
              6.1706788
            ],
            [
              1.2884678,
              6.1707826
            ],
            [
              1.2881121,
              6.1709103
            ],
            [
              1.2875258,
              6.1711207
            ],
            [
              1.2871641,
              6.1711978
            ],
            [
              1.2867896,
              6.1712438
            ],
            [
              1.2865143,
              6.1712529
            ],
            [
              1.2864677,
              6.1712545
            ],
            [
              1.2859042,
              6.171159
            ],
            [
              1.2848457,
              6.1709581
            ],
            [
              1.2845686,
              6.1709055
            ],
            [
              1.2845158,
              6.1708955
            ],
            [
              1.2841378,
              6.1708237
            ],
            [
              1.2835608,
              6.1707142
            ],
            [
              1.2828393,
              6.1705627
            ],
            [
              1.2824059,
              6.1704683
            ],
            [
              1.2824409,
              6.1702989
            ],
            [
              1.2825059,
              6.169895
            ],
            [
              1.2826191,
              6.1692275
            ],
            [
              1.2827339,
              6.1685323
            ],
            [
              1.2828503,
              6.1679328
            ],
            [
              1.2829874,
              6.1672636
            ],
            [
              1.2831157,
              6.1666085
            ],
            [
              1.2832897,
              6.1657291
            ],
            [
              1.2834945,
              6.1648898
            ],
            [
              1.2836164,
              6.1642179
            ],
            [
              1.283786,
              6.1635098
            ],
            [
              1.2838332,
              6.1635203
            ],
            [
              1.2838929,
              6.1635333
            ],
            [
              1.284567,
              6.1636666
            ],
            [
              1.2852556,
              6.1638052
            ],
            [
              1.2858901,
              6.1639328
            ],
            [
              1.2865528,
              6.1640662
            ],
            [
              1.2872162,
              6.1641996
            ],
            [
              1.2875756,
              6.1642719
            ],
            [
              1.2878367,
              6.1643245
            ],
            [
              1.288694,
              6.1644743
            ],
            [
              1.2887822,
              6.164634
            ],
            [
              1.289512,
              6.1648313
            ],
            [
              1.2901667,
              6.1649916
            ],
            [
              1.2908258,
              6.1651503
            ],
            [
              1.2919774,
              6.1654254
            ],
            [
              1.2926534,
              6.1655984
            ],
            [
              1.2933522,
              6.1657918
            ],
            [
              1.2938114,
              6.1659603
            ],
            [
              1.2940451,
              6.1661332
            ],
            [
              1.294516,
              6.1665416
            ],
            [
              1.2949687,
              6.1669188
            ],
            [
              1.293957,
              6.1680234
            ],
            [
              1.293381,
              6.168648
            ],
            [
              1.2928407,
              6.1692118
            ],
            [
              1.2925286,
              6.1693367
            ],
            [
              1.2923631,
              6.1694029
            ]
          ]
        ]
      },
      "properties": {
        "record_type": "dagl_source_sublocality_geometry_candidate",
        "record_name": "Akodésséwa-Kponou",
        "autonomous_parent_context_id": "tfd:official:autonomous-district:DAGL",
        "autonomous_parent_context_name": "District Autonome du Grand Lomé (DAGL)",
        "geographic_region": "Maritime",
        "geographic_prefecture": "Golfe",
        "geometry_status": "source_geometry_candidate_review_required",
        "publication_scope": "internal_reference_only",
        "non_authoritative_notice": "Reference context only; never an administrative, locality, cadastral, parcel, title, legal, or official boundary.",
        "generated_at": "2026-08-21T00:00:00Z",
        "source_ref": "tfd:source:TG_grand_lome_quartiers.geojson#feature:11",
        "source_place_type": "suburb",
        "source_role": "source_quartier",
        "hierarchy_level": "sublocality",
        "sublocality_class": "suburb",
        "parent_quarter_reference_id": null,
        "parent_quarter_name": null,
        "parent_quarter_relationship": "not_resolved",
        "boundary_replacement_allowed": false,
        "requires_geometry_review": true,
        "dagl_scope_geometry_ref": "official-admin-boundaries/layers/dagl.geojson#autonomous-district.DAGL",
        "dagl_geometry_authority": "derived_from_official_gouv_tg_communes",
        "district_and_capital_city_are_distinct": true
      }
    },
    {
      "type": "Feature",
      "id": "tfd:dagl:source_quartier:osm-rel-6615686",
      "geometry": {
        "type": "Polygon",
        "coordinates": [
          [
            [
              1.2792508,
              6.169777
            ],
            [
              1.2792138,
              6.1697029
            ],
            [
              1.2789801,
              6.1690288
            ],
            [
              1.2783462,
              6.1671849
            ],
            [
              1.2781946,
              6.1667409
            ],
            [
              1.2775288,
              6.1649839
            ],
            [
              1.2773711,
              6.1644288
            ],
            [
              1.2773147,
              6.1642183
            ],
            [
              1.2772483,
              6.1639371
            ],
            [
              1.2768006,
              6.1625517
            ],
            [
              1.2767209,
              6.1623367
            ],
            [
              1.2761643,
              6.1608332
            ],
            [
              1.2759686,
              6.1603142
            ],
            [
              1.2757462,
              6.15955
            ],
            [
              1.2754975,
              6.1590459
            ],
            [
              1.275715,
              6.1590946
            ],
            [
              1.2764881,
              6.1591782
            ],
            [
              1.277313,
              6.1593322
            ],
            [
              1.2781024,
              6.1594601
            ],
            [
              1.2793286,
              6.1596043
            ],
            [
              1.279996,
              6.1597274
            ],
            [
              1.2805629,
              6.1598951
            ],
            [
              1.2816796,
              6.1602361
            ],
            [
              1.2818048,
              6.1602504
            ],
            [
              1.2825909,
              6.160484
            ],
            [
              1.2832992,
              6.1606586
            ],
            [
              1.2842698,
              6.1608036
            ],
            [
              1.2843675,
              6.160822
            ],
            [
              1.2844142,
              6.1608308
            ],
            [
              1.2843905,
              6.1609589
            ],
            [
              1.284355,
              6.1610969
            ],
            [
              1.2842678,
              6.161465
            ],
            [
              1.2840213,
              6.1624906
            ],
            [
              1.283786,
              6.1635098
            ],
            [
              1.2836164,
              6.1642179
            ],
            [
              1.2834945,
              6.1648898
            ],
            [
              1.2832897,
              6.1657291
            ],
            [
              1.2831157,
              6.1666085
            ],
            [
              1.2829874,
              6.1672636
            ],
            [
              1.2828503,
              6.1679328
            ],
            [
              1.2827339,
              6.1685323
            ],
            [
              1.2826191,
              6.1692275
            ],
            [
              1.2825059,
              6.169895
            ],
            [
              1.2824409,
              6.1702989
            ],
            [
              1.2824059,
              6.1704683
            ],
            [
              1.2819379,
              6.1703751
            ],
            [
              1.2817964,
              6.1703457
            ],
            [
              1.2815435,
              6.1702937
            ],
            [
              1.2805731,
              6.170094
            ],
            [
              1.2792508,
              6.169777
            ]
          ]
        ]
      },
      "properties": {
        "record_type": "dagl_source_sublocality_geometry_candidate",
        "record_name": "Akodésséwa-Kpota",
        "autonomous_parent_context_id": "tfd:official:autonomous-district:DAGL",
        "autonomous_parent_context_name": "District Autonome du Grand Lomé (DAGL)",
        "geographic_region": "Maritime",
        "geographic_prefecture": "Golfe",
        "geometry_status": "source_geometry_candidate_review_required",
        "publication_scope": "internal_reference_only",
        "non_authoritative_notice": "Reference context only; never an administrative, locality, cadastral, parcel, title, legal, or official boundary.",
        "generated_at": "2026-08-21T00:00:00Z",
        "source_ref": "tfd:source:TG_grand_lome_quartiers.geojson#feature:12",
        "source_place_type": "suburb",
        "source_role": "source_quartier",
        "hierarchy_level": "sublocality",
        "sublocality_class": "suburb",
        "parent_quarter_reference_id": null,
        "parent_quarter_name": null,
        "parent_quarter_relationship": "not_resolved",
        "boundary_replacement_allowed": false,
        "requires_geometry_review": true,
        "dagl_scope_geometry_ref": "official-admin-boundaries/layers/dagl.geojson#autonomous-district.DAGL",
        "dagl_geometry_authority": "derived_from_official_gouv_tg_communes",
        "district_and_capital_city_are_distinct": true
      }
    },
    {
      "type": "Feature",
      "id": "tfd:dagl:source_quartier:osm-rel-6609734",
      "geometry": {
        "type": "Polygon",
        "coordinates": [
          [
            [
              1.1995171,
              6.1692259
            ],
            [
              1.1994381,
              6.1691206
            ],
            [
              1.1994295,
              6.1678643
            ],
            [
              1.1993815,
              6.1608426
            ],
            [
              1.1994065,
              6.1595676
            ],
            [
              1.2018054,
              6.1594581
            ],
            [
              1.2018003,
              6.1592995
            ],
            [
              1.2022315,
              6.1593184
            ],
            [
              1.2046427,
              6.1595149
            ],
            [
              1.2064346,
              6.1596623
            ],
            [
              1.2067007,
              6.1598171
            ],
            [
              1.2077817,
              6.1605952
            ],
            [
              1.2070634,
              6.1618409
            ],
            [
              1.2062166,
              6.1631357
            ],
            [
              1.2057402,
              6.1638136
            ],
            [
              1.205007,
              6.1647097
            ],
            [
              1.2041184,
              6.1657078
            ],
            [
              1.2033594,
              6.166492
            ],
            [
              1.2031552,
              6.166666
            ],
            [
              1.2024633,
              6.1672195
            ],
            [
              1.201973,
              6.1676396
            ],
            [
              1.2014419,
              6.168085
            ],
            [
              1.1996318,
              6.1694872
            ],
            [
              1.1995171,
              6.1692259
            ]
          ]
        ]
      },
      "properties": {
        "record_type": "dagl_source_sublocality_geometry_candidate",
        "record_name": "Akossombo",
        "autonomous_parent_context_id": "tfd:official:autonomous-district:DAGL",
        "autonomous_parent_context_name": "District Autonome du Grand Lomé (DAGL)",
        "geographic_region": "Maritime",
        "geographic_prefecture": "Golfe",
        "geometry_status": "source_geometry_candidate_review_required",
        "publication_scope": "internal_reference_only",
        "non_authoritative_notice": "Reference context only; never an administrative, locality, cadastral, parcel, title, legal, or official boundary.",
        "generated_at": "2026-08-21T00:00:00Z",
        "source_ref": "tfd:source:TG_grand_lome_quartiers.geojson#feature:13",
        "source_place_type": "suburb",
        "source_role": "source_quartier",
        "hierarchy_level": "sublocality",
        "sublocality_class": "suburb",
        "parent_quarter_reference_id": null,
        "parent_quarter_name": null,
        "parent_quarter_relationship": "not_resolved",
        "boundary_replacement_allowed": false,
        "requires_geometry_review": true,
        "dagl_scope_geometry_ref": "official-admin-boundaries/layers/dagl.geojson#autonomous-district.DAGL",
        "dagl_geometry_authority": "derived_from_official_gouv_tg_communes",
        "district_and_capital_city_are_distinct": true
      }
    },
    {
      "type": "Feature",
      "id": "tfd:dagl:source_quartier:osm-rel-6613549",
      "geometry": {
        "type": "Polygon",
        "coordinates": [
          [
            [
              1.2298859,
              6.1440806
            ],
            [
              1.2298881,
              6.143623
            ],
            [
              1.229878,
              6.1433833
            ],
            [
              1.2298648,
              6.143195
            ],
            [
              1.2298621,
              6.1430929
            ],
            [
              1.2298493,
              6.1427492
            ],
            [
              1.2298003,
              6.1423535
            ],
            [
              1.2297505,
              6.1415178
            ],
            [
              1.2297227,
              6.1411522
            ],
            [
              1.2296862,
              6.1404421
            ],
            [
              1.2296648,
              6.1401501
            ],
            [
              1.229593,
              6.1394241
            ],
            [
              1.2295219,
              6.1388867
            ],
            [
              1.2294609,
              6.1385347
            ],
            [
              1.2294019,
              6.138256
            ],
            [
              1.2293757,
              6.138114
            ],
            [
              1.2293167,
              6.137802
            ],
            [
              1.2292967,
              6.1377071
            ],
            [
              1.2292665,
              6.1375646
            ],
            [
              1.2292135,
              6.1373166
            ],
            [
              1.2290854,
              6.1367132
            ],
            [
              1.2290022,
              6.1362932
            ],
            [
              1.2289922,
              6.1362152
            ],
            [
              1.2289805,
              6.1361522
            ],
            [
              1.230929,
              6.1358172
            ],
            [
              1.230947,
              6.1358867
            ],
            [
              1.230975,
              6.1359949
            ],
            [
              1.2311004,
              6.1363865
            ],
            [
              1.2312816,
              6.136986
            ],
            [
              1.2314182,
              6.1374733
            ],
            [
              1.2315099,
              6.1377739
            ],
            [
              1.2316099,
              6.138148
            ],
            [
              1.2317142,
              6.1385212
            ],
            [
              1.2318286,
              6.1389088
            ],
            [
              1.2319324,
              6.1393024
            ],
            [
              1.2320457,
              6.1397081
            ],
            [
              1.2321533,
              6.1400937
            ],
            [
              1.2322564,
              6.1404625
            ],
            [
              1.2323596,
              6.1408312
            ],
            [
              1.2324784,
              6.1412139
            ],
            [
              1.2326158,
              6.1416446
            ],
            [
              1.2327116,
              6.1419948
            ],
            [
              1.2327772,
              6.1424544
            ],
            [
              1.2328785,
              6.1424928
            ],
            [
              1.2332989,
              6.1426314
            ],
            [
              1.233803,
              6.1427859
            ],
            [
              1.2345418,
              6.1430061
            ],
            [
              1.2346754,
              6.1430468
            ],
            [
              1.2355639,
              6.1433258
            ],
            [
              1.2355568,
              6.1440802
            ],
            [
              1.2355231,
              6.1447439
            ],
            [
              1.235508,
              6.1449124
            ],
            [
              1.2355077,
              6.1451394
            ],
            [
              1.2354875,
              6.1455163
            ],
            [
              1.2354746,
              6.1456471
            ],
            [
              1.2353193,
              6.1456439
            ],
            [
              1.2349945,
              6.1455139
            ],
            [
              1.2347589,
              6.1454775
            ],
            [
              1.2346676,
              6.1454307
            ],
            [
              1.2344074,
              6.1453578
            ],
            [
              1.2342414,
              6.1453427
            ],
            [
              1.2338941,
              6.1452491
            ],
            [
              1.2336841,
              6.1451693
            ],
            [
              1.2330041,
              6.1449949
            ],
            [
              1.231468,
              6.1445038
            ],
            [
              1.2311574,
              6.1444295
            ],
            [
              1.2304763,
              6.1442668
            ],
            [
              1.2302819,
              6.1441778
            ],
            [
              1.2301148,
              6.1441554
            ],
            [
              1.2299884,
              6.1441479
            ],
            [
              1.2298879,
              6.1441187
            ],
            [
              1.2298859,
              6.1440806
            ]
          ]
        ]
      },
      "properties": {
        "record_type": "dagl_source_sublocality_geometry_candidate",
        "record_name": "Amoutivé",
        "autonomous_parent_context_id": "tfd:official:autonomous-district:DAGL",
        "autonomous_parent_context_name": "District Autonome du Grand Lomé (DAGL)",
        "geographic_region": "Maritime",
        "geographic_prefecture": "Golfe",
        "geometry_status": "source_geometry_candidate_review_required",
        "publication_scope": "internal_reference_only",
        "non_authoritative_notice": "Reference context only; never an administrative, locality, cadastral, parcel, title, legal, or official boundary.",
        "generated_at": "2026-08-21T00:00:00Z",
        "source_ref": "tfd:source:TG_grand_lome_quartiers.geojson#feature:14",
        "source_place_type": "suburb",
        "source_role": "source_quartier",
        "hierarchy_level": "sublocality",
        "sublocality_class": "suburb",
        "parent_quarter_reference_id": null,
        "parent_quarter_name": null,
        "parent_quarter_relationship": "not_resolved",
        "boundary_replacement_allowed": false,
        "requires_geometry_review": true,
        "dagl_scope_geometry_ref": "official-admin-boundaries/layers/dagl.geojson#autonomous-district.DAGL",
        "dagl_geometry_authority": "derived_from_official_gouv_tg_communes",
        "district_and_capital_city_are_distinct": true
      }
    },
    {
      "type": "Feature",
      "id": "tfd:dagl:source_quartier:osm-rel-6615992",
      "geometry": {
        "type": "Polygon",
        "coordinates": [
          [
            [
              1.2776426,
              6.1822288
            ],
            [
              1.2780418,
              6.1823965
            ],
            [
              1.2782921,
              6.1825043
            ],
            [
              1.2786757,
              6.1826719
            ],
            [
              1.2786359,
              6.1851155
            ],
            [
              1.2779519,
              6.1860008
            ],
            [
              1.2773457,
              6.1867314
            ],
            [
              1.2768254,
              6.1872594
            ],
            [
              1.2762708,
              6.1877441
            ],
            [
              1.2752898,
              6.1886085
            ],
            [
              1.2752616,
              6.1885762
            ],
            [
              1.2747621,
              6.1880346
            ],
            [
              1.2743264,
              6.1875474
            ],
            [
              1.2738987,
              6.1870628
            ],
            [
              1.2741418,
              6.1868634
            ],
            [
              1.2739232,
              6.1865988
            ],
            [
              1.273881,
              6.1865388
            ],
            [
              1.2738609,
              6.1864994
            ],
            [
              1.2738481,
              6.1864401
            ],
            [
              1.2738401,
              6.1863521
            ],
            [
              1.2738273,
              6.1862968
            ],
            [
              1.2737495,
              6.1861914
            ],
            [
              1.2735658,
              6.1859401
            ],
            [
              1.2734525,
              6.1857661
            ],
            [
              1.2733962,
              6.1856875
            ],
            [
              1.2733197,
              6.1855628
            ],
            [
              1.2732795,
              6.1854855
            ],
            [
              1.2732399,
              6.1854141
            ],
            [
              1.273195,
              6.1853268
            ],
            [
              1.2731286,
              6.1852181
            ],
            [
              1.2730334,
              6.1850848
            ],
            [
              1.2728879,
              6.1848961
            ],
            [
              1.2726108,
              6.1845117
            ],
            [
              1.2724038,
              6.1846645
            ],
            [
              1.2723453,
              6.1846815
            ],
            [
              1.2723155,
              6.1846823
            ],
            [
              1.2722844,
              6.1846801
            ],
            [
              1.2722546,
              6.1846744
            ],
            [
              1.2722401,
              6.1846714
            ],
            [
              1.271461,
              6.1845289
            ],
            [
              1.2714771,
              6.1843248
            ],
            [
              1.2714704,
              6.1841362
            ],
            [
              1.2714637,
              6.1840322
            ],
            [
              1.2714456,
              6.1839349
            ],
            [
              1.2714235,
              6.1837995
            ],
            [
              1.2713839,
              6.1836675
            ],
            [
              1.2713236,
              6.1835322
            ],
            [
              1.2712316,
              6.1833236
            ],
            [
              1.2711123,
              6.1831276
            ],
            [
              1.2709688,
              6.1829675
            ],
            [
              1.2706684,
              6.1825629
            ],
            [
              1.2700158,
              6.1817575
            ],
            [
              1.2697924,
              6.1814719
            ],
            [
              1.2695677,
              6.181176
            ],
            [
              1.2692858,
              6.1808322
            ],
            [
              1.2680751,
              6.1793099
            ],
            [
              1.2679902,
              6.1791796
            ],
            [
              1.2679017,
              6.1789449
            ],
            [
              1.267857,
              6.1785496
            ],
            [
              1.2677788,
              6.1778581
            ],
            [
              1.2677808,
              6.1777839
            ],
            [
              1.2677496,
              6.1774453
            ],
            [
              1.2677259,
              6.1770539
            ],
            [
              1.2677001,
              6.1767743
            ],
            [
              1.2676431,
              6.1761566
            ],
            [
              1.2675711,
              6.175376
            ],
            [
              1.2675007,
              6.174647
            ],
            [
              1.2674331,
              6.1738798
            ],
            [
              1.2674137,
              6.1736693
            ],
            [
              1.267355,
              6.1730331
            ],
            [
              1.2673471,
              6.172947
            ],
            [
              1.267336,
              6.1728263
            ],
            [
              1.267299,
              6.1724253
            ],
            [
              1.2672317,
              6.1716404
            ],
            [
              1.2671342,
              6.1706384
            ],
            [
              1.2671251,
              6.1705395
            ],
            [
              1.2670963,
              6.1701857
            ],
            [
              1.2670825,
              6.169884
            ],
            [
              1.2670587,
              6.1696136
            ],
            [
              1.2670281,
              6.1692064
            ],
            [
              1.2669801,
              6.1686027
            ],
            [
              1.2668985,
              6.167853
            ],
            [
              1.2668551,
              6.1673417
            ],
            [
              1.2668424,
              6.1670573
            ],
            [
              1.2668062,
              6.16667
            ],
            [
              1.2667626,
              6.1661564
            ],
            [
              1.2667293,
              6.1658301
            ],
            [
              1.2667161,
              6.1657103
            ],
            [
              1.2665827,
              6.1642822
            ],
            [
              1.2664908,
              6.1631763
            ],
            [
              1.2664396,
              6.1627969
            ],
            [
              1.266419,
              6.162614
            ],
            [
              1.2664098,
              6.1625326
            ],
            [
              1.2662988,
              6.1621737
            ],
            [
              1.2663064,
              6.1618946
            ],
            [
              1.2662982,
              6.1617521
            ],
            [
              1.2662757,
              6.1615008
            ],
            [
              1.2662717,
              6.1614562
            ],
            [
              1.2662454,
              6.1611636
            ],
            [
              1.2661087,
              6.1594482
            ],
            [
              1.2660409,
              6.1587383
            ],
            [
              1.2660307,
              6.158555
            ],
            [
              1.2659793,
              6.1580648
            ],
            [
              1.265972,
              6.1579955
            ],
            [
              1.2659552,
              6.1578349
            ],
            [
              1.2659361,
              6.1576619
            ],
            [
              1.2659192,
              6.157491
            ],
            [
              1.2659084,
              6.1573145
            ],
            [
              1.2659257,
              6.1572484
            ],
            [
              1.2659334,
              6.1572043
            ],
            [
              1.2659669,
              6.1571123
            ],
            [
              1.266054,
              6.1569755
            ],
            [
              1.2662019,
              6.1570624
            ],
            [
              1.2663304,
              6.1571091
            ],
            [
              1.2664854,
              6.1571767
            ],
            [
              1.2668703,
              6.1572659
            ],
            [
              1.2669198,
              6.1572775
            ],
            [
              1.2674639,
              6.1574039
            ],
            [
              1.2687331,
              6.1576872
            ],
            [
              1.2687824,
              6.1574311
            ],
            [
              1.2689637,
              6.1574954
            ],
            [
              1.2702202,
              6.1578089
            ],
            [
              1.2707325,
              6.1579035
            ],
            [
              1.2712423,
              6.1580153
            ],
            [
              1.2722506,
              6.1582509
            ],
            [
              1.2726575,
              6.1583568
            ],
            [
              1.273276,
              6.1585296
            ],
            [
              1.2737447,
              6.1586516
            ],
            [
              1.274055,
              6.1587237
            ],
            [
              1.2742368,
              6.1587702
            ],
            [
              1.2744711,
              6.1588231
            ],
            [
              1.2746667,
              6.158862
            ],
            [
              1.2749806,
              6.1589204
            ],
            [
              1.2754975,
              6.1590459
            ],
            [
              1.2757462,
              6.15955
            ],
            [
              1.2759686,
              6.1603142
            ],
            [
              1.2761643,
              6.1608332
            ],
            [
              1.2767209,
              6.1623367
            ],
            [
              1.2768006,
              6.1625517
            ],
            [
              1.2772483,
              6.1639371
            ],
            [
              1.2773147,
              6.1642183
            ],
            [
              1.2773711,
              6.1644288
            ],
            [
              1.2775288,
              6.1649839
            ],
            [
              1.2781946,
              6.1667409
            ],
            [
              1.2783462,
              6.1671849
            ],
            [
              1.2789801,
              6.1690288
            ],
            [
              1.2792138,
              6.1697029
            ],
            [
              1.2792508,
              6.169777
            ],
            [
              1.2805731,
              6.170094
            ],
            [
              1.2804965,
              6.170808
            ],
            [
              1.2803579,
              6.1721369
            ],
            [
              1.2803121,
              6.1725793
            ],
            [
              1.2805262,
              6.1733764
            ],
            [
              1.2813569,
              6.1732713
            ],
            [
              1.2815223,
              6.1741047
            ],
            [
              1.2815661,
              6.1742983
            ],
            [
              1.2812408,
              6.1744103
            ],
            [
              1.2808437,
              6.1745463
            ],
            [
              1.2807967,
              6.1745906
            ],
            [
              1.2807178,
              6.1746649
            ],
            [
              1.2803814,
              6.175036
            ],
            [
              1.2802621,
              6.1752518
            ],
            [
              1.2797908,
              6.1764033
            ],
            [
              1.2797011,
              6.1766544
            ],
            [
              1.2795859,
              6.1769495
            ],
            [
              1.2795465,
              6.1770553
            ],
            [
              1.2793382,
              6.1776874
            ],
            [
              1.2790989,
              6.1783542
            ],
            [
              1.279083,
              6.1783952
            ],
            [
              1.2785774,
              6.1797338
            ],
            [
              1.278337,
              6.180368
            ],
            [
              1.2781032,
              6.1809899
            ],
            [
              1.2776426,
              6.1822288
            ]
          ]
        ]
      },
      "properties": {
        "record_type": "dagl_source_sublocality_geometry_candidate",
        "record_name": "Anfamé",
        "autonomous_parent_context_id": "tfd:official:autonomous-district:DAGL",
        "autonomous_parent_context_name": "District Autonome du Grand Lomé (DAGL)",
        "geographic_region": "Maritime",
        "geographic_prefecture": "Golfe",
        "geometry_status": "source_geometry_candidate_review_required",
        "publication_scope": "internal_reference_only",
        "non_authoritative_notice": "Reference context only; never an administrative, locality, cadastral, parcel, title, legal, or official boundary.",
        "generated_at": "2026-08-21T00:00:00Z",
        "source_ref": "tfd:source:TG_grand_lome_quartiers.geojson#feature:15",
        "source_place_type": "suburb",
        "source_role": "source_quartier",
        "hierarchy_level": "sublocality",
        "sublocality_class": "suburb",
        "parent_quarter_reference_id": null,
        "parent_quarter_name": null,
        "parent_quarter_relationship": "not_resolved",
        "boundary_replacement_allowed": false,
        "requires_geometry_review": true,
        "dagl_scope_geometry_ref": "official-admin-boundaries/layers/dagl.geojson#autonomous-district.DAGL",
        "dagl_geometry_authority": "derived_from_official_gouv_tg_communes",
        "district_and_capital_city_are_distinct": true
      }
    },
    {
      "type": "Feature",
      "id": "tfd:dagl:source_quartier:osm-rel-6614215",
      "geometry": {
        "type": "Polygon",
        "coordinates": [
          [
            [
              1.2372038,
              6.1306714
            ],
            [
              1.2371304,
              6.1306416
            ],
            [
              1.2374641,
              6.1294785
            ],
            [
              1.2376358,
              6.1288198
            ],
            [
              1.2379022,
              6.1277769
            ],
            [
              1.2384243,
              6.125672
            ],
            [
              1.2398618,
              6.1260764
            ],
            [
              1.2412673,
              6.1264098
            ],
            [
              1.2414202,
              6.1264285
            ],
            [
              1.2418574,
              6.1264845
            ],
            [
              1.2423509,
              6.1265645
            ],
            [
              1.2444699,
              6.1270872
            ],
            [
              1.2460337,
              6.1275707
            ],
            [
              1.2469907,
              6.1278661
            ],
            [
              1.2493345,
              6.1284575
            ],
            [
              1.2488359,
              6.1300687
            ],
            [
              1.2489255,
              6.1315374
            ],
            [
              1.2489097,
              6.1317517
            ],
            [
              1.2488996,
              6.1319165
            ],
            [
              1.2489752,
              6.1323621
            ],
            [
              1.2489831,
              6.132392
            ],
            [
              1.2489958,
              6.1325168
            ],
            [
              1.249005,
              6.132651
            ],
            [
              1.2490051,
              6.1330358
            ],
            [
              1.2490003,
              6.1336023
            ],
            [
              1.2489977,
              6.1337557
            ],
            [
              1.248993,
              6.1340324
            ],
            [
              1.2489866,
              6.1344054
            ],
            [
              1.2489993,
              6.1350462
            ],
            [
              1.2469368,
              6.1343024
            ],
            [
              1.2462782,
              6.1340528
            ],
            [
              1.2461598,
              6.134005
            ],
            [
              1.2453733,
              6.1337123
            ],
            [
              1.2447409,
              6.133461
            ],
            [
              1.2443384,
              6.1333127
            ],
            [
              1.2437598,
              6.1331023
            ],
            [
              1.2434096,
              6.1329771
            ],
            [
              1.2427583,
              6.1327479
            ],
            [
              1.2415894,
              6.1323073
            ],
            [
              1.2403966,
              6.1318699
            ],
            [
              1.2391462,
              6.1314007
            ],
            [
              1.2372038,
              6.1306714
            ]
          ]
        ]
      },
      "properties": {
        "record_type": "dagl_source_sublocality_geometry_candidate",
        "record_name": "Anthonio-Nétimé",
        "autonomous_parent_context_id": "tfd:official:autonomous-district:DAGL",
        "autonomous_parent_context_name": "District Autonome du Grand Lomé (DAGL)",
        "geographic_region": "Maritime",
        "geographic_prefecture": "Golfe",
        "geometry_status": "source_geometry_candidate_review_required",
        "publication_scope": "internal_reference_only",
        "non_authoritative_notice": "Reference context only; never an administrative, locality, cadastral, parcel, title, legal, or official boundary.",
        "generated_at": "2026-08-21T00:00:00Z",
        "source_ref": "tfd:source:TG_grand_lome_quartiers.geojson#feature:16",
        "source_place_type": "suburb",
        "source_role": "source_quartier",
        "hierarchy_level": "sublocality",
        "sublocality_class": "suburb",
        "parent_quarter_reference_id": null,
        "parent_quarter_name": null,
        "parent_quarter_relationship": "not_resolved",
        "boundary_replacement_allowed": false,
        "requires_geometry_review": true,
        "dagl_scope_geometry_ref": "official-admin-boundaries/layers/dagl.geojson#autonomous-district.DAGL",
        "dagl_geometry_authority": "derived_from_official_gouv_tg_communes",
        "district_and_capital_city_are_distinct": true
      }
    },
    {
      "type": "Feature",
      "id": "tfd:dagl:source_quartier:osm-rel-6609735",
      "geometry": {
        "type": "Polygon",
        "coordinates": [
          [
            [
              1.1996318,
              6.1694872
            ],
            [
              1.199536,
              6.1695541
            ],
            [
              1.1994827,
              6.1695778
            ],
            [
              1.1993357,
              6.1696736
            ],
            [
              1.199101,
              6.169871
            ],
            [
              1.1988395,
              6.1700696
            ],
            [
              1.1980315,
              6.1706516
            ],
            [
              1.1964434,
              6.171952
            ],
            [
              1.1929402,
              6.1746632
            ],
            [
              1.1913931,
              6.1758338
            ],
            [
              1.1860288,
              6.1799257
            ],
            [
              1.1860605,
              6.1797499
            ],
            [
              1.1861838,
              6.1788272
            ],
            [
              1.1862267,
              6.1784886
            ],
            [
              1.1863099,
              6.1773313
            ],
            [
              1.1863314,
              6.1762219
            ],
            [
              1.1863971,
              6.1752659
            ],
            [
              1.1867216,
              6.1731193
            ],
            [
              1.1871052,
              6.172942
            ],
            [
              1.1878696,
              6.1725913
            ],
            [
              1.1881935,
              6.1724415
            ],
            [
              1.1882619,
              6.17242
            ],
            [
              1.1884706,
              6.1723142
            ],
            [
              1.1885147,
              6.1722949
            ],
            [
              1.1891751,
              6.1719817
            ],
            [
              1.1895487,
              6.171802
            ],
            [
              1.1901126,
              6.17154
            ],
            [
              1.1911238,
              6.171084
            ],
            [
              1.1916227,
              6.1708546
            ],
            [
              1.1918594,
              6.1707526
            ],
            [
              1.192251,
              6.1705959
            ],
            [
              1.1938034,
              6.1703253
            ],
            [
              1.1942123,
              6.1702546
            ],
            [
              1.1957506,
              6.170024
            ],
            [
              1.1984563,
              6.1695926
            ],
            [
              1.1990779,
              6.169436
            ],
            [
              1.1994206,
              6.169278
            ],
            [
              1.1995171,
              6.1692259
            ],
            [
              1.1996318,
              6.1694872
            ]
          ]
        ]
      },
      "properties": {
        "record_type": "dagl_source_sublocality_geometry_candidate",
        "record_name": "Avénou",
        "autonomous_parent_context_id": "tfd:official:autonomous-district:DAGL",
        "autonomous_parent_context_name": "District Autonome du Grand Lomé (DAGL)",
        "geographic_region": "Maritime",
        "geographic_prefecture": "Golfe",
        "geometry_status": "source_geometry_candidate_review_required",
        "publication_scope": "internal_reference_only",
        "non_authoritative_notice": "Reference context only; never an administrative, locality, cadastral, parcel, title, legal, or official boundary.",
        "generated_at": "2026-08-21T00:00:00Z",
        "source_ref": "tfd:source:TG_grand_lome_quartiers.geojson#feature:18",
        "source_place_type": "suburb",
        "source_role": "source_quartier",
        "hierarchy_level": "sublocality",
        "sublocality_class": "suburb",
        "parent_quarter_reference_id": null,
        "parent_quarter_name": null,
        "parent_quarter_relationship": "not_resolved",
        "boundary_replacement_allowed": false,
        "requires_geometry_review": true,
        "dagl_scope_geometry_ref": "official-admin-boundaries/layers/dagl.geojson#autonomous-district.DAGL",
        "dagl_geometry_authority": "derived_from_official_gouv_tg_communes",
        "district_and_capital_city_are_distinct": true
      }
    },
    {
      "type": "Feature",
      "id": "tfd:dagl:source_quartier:osm-rel-6613579",
      "geometry": {
        "type": "Polygon",
        "coordinates": [
          [
            [
              1.2384428,
              6.1413117
            ],
            [
              1.2384708,
              6.1420947
            ],
            [
              1.2385402,
              6.1430078
            ],
            [
              1.2385328,
              6.1442306
            ],
            [
              1.2383059,
              6.1441662
            ],
            [
              1.238054,
              6.144089
            ],
            [
              1.2377781,
              6.1440044
            ],
            [
              1.2375878,
              6.1439442
            ],
            [
              1.2373351,
              6.1438615
            ],
            [
              1.2369164,
              6.1437372
            ],
            [
              1.2361925,
              6.1435157
            ],
            [
              1.2355639,
              6.1433258
            ],
            [
              1.2346754,
              6.1430468
            ],
            [
              1.2345418,
              6.1430061
            ],
            [
              1.233803,
              6.1427859
            ],
            [
              1.2347207,
              6.1424033
            ],
            [
              1.2355162,
              6.1420783
            ],
            [
              1.2359747,
              6.1418878
            ],
            [
              1.2364024,
              6.1417076
            ],
            [
              1.2368627,
              6.1414953
            ],
            [
              1.2372871,
              6.1413294
            ],
            [
              1.2375529,
              6.1413014
            ],
            [
              1.2380053,
              6.1412959
            ],
            [
              1.2384428,
              6.1413117
            ]
          ]
        ]
      },
      "properties": {
        "record_type": "dagl_source_sublocality_geometry_candidate",
        "record_name": "Bassadji",
        "autonomous_parent_context_id": "tfd:official:autonomous-district:DAGL",
        "autonomous_parent_context_name": "District Autonome du Grand Lomé (DAGL)",
        "geographic_region": "Maritime",
        "geographic_prefecture": "Golfe",
        "geometry_status": "source_geometry_candidate_review_required",
        "publication_scope": "internal_reference_only",
        "non_authoritative_notice": "Reference context only; never an administrative, locality, cadastral, parcel, title, legal, or official boundary.",
        "generated_at": "2026-08-21T00:00:00Z",
        "source_ref": "tfd:source:TG_grand_lome_quartiers.geojson#feature:19",
        "source_place_type": "suburb",
        "source_role": "source_quartier",
        "hierarchy_level": "sublocality",
        "sublocality_class": "suburb",
        "parent_quarter_reference_id": null,
        "parent_quarter_name": null,
        "parent_quarter_relationship": "not_resolved",
        "boundary_replacement_allowed": false,
        "requires_geometry_review": true,
        "dagl_scope_geometry_ref": "official-admin-boundaries/layers/dagl.geojson#autonomous-district.DAGL",
        "dagl_geometry_authority": "derived_from_official_gouv_tg_communes",
        "district_and_capital_city_are_distinct": true
      }
    },
    {
      "type": "Feature",
      "id": "tfd:dagl:source_quartier:osm-rel-6614451",
      "geometry": {
        "type": "Polygon",
        "coordinates": [
          [
            [
              1.2537667,
              6.1392416
            ],
            [
              1.2531435,
              6.1406862
            ],
            [
              1.2530295,
              6.1411682
            ],
            [
              1.252326,
              6.1429416
            ],
            [
              1.2521725,
              6.1433243
            ],
            [
              1.2517287,
              6.144445
            ],
            [
              1.2516093,
              6.1447977
            ],
            [
              1.2515754,
              6.1449661
            ],
            [
              1.2515388,
              6.1451684
            ],
            [
              1.251512,
              6.1453657
            ],
            [
              1.2514121,
              6.145885
            ],
            [
              1.2511349,
              6.1472759
            ],
            [
              1.2507522,
              6.1488052
            ],
            [
              1.250569,
              6.148745
            ],
            [
              1.2505635,
              6.1487342
            ],
            [
              1.2499966,
              6.1484094
            ],
            [
              1.2498982,
              6.1483101
            ],
            [
              1.2497779,
              6.1482336
            ],
            [
              1.2497055,
              6.1481758
            ],
            [
              1.2494423,
              6.1479691
            ],
            [
              1.2490999,
              6.1476628
            ],
            [
              1.2489609,
              6.1475418
            ],
            [
              1.2486254,
              6.1472066
            ],
            [
              1.2485169,
              6.1471005
            ],
            [
              1.2484193,
              6.1470224
            ],
            [
              1.2482518,
              6.1468657
            ],
            [
              1.2480015,
              6.1466786
            ],
            [
              1.2477534,
              6.1464622
            ],
            [
              1.2476878,
              6.1464116
            ],
            [
              1.2470387,
              6.1459044
            ],
            [
              1.246663,
              6.1456064
            ],
            [
              1.2462849,
              6.1453165
            ],
            [
              1.2458985,
              6.1450198
            ],
            [
              1.2451774,
              6.1444563
            ],
            [
              1.2449097,
              6.1442462
            ],
            [
              1.2448097,
              6.144167
            ],
            [
              1.2446465,
              6.1440503
            ],
            [
              1.244536,
              6.1439542
            ],
            [
              1.2444639,
              6.1438764
            ],
            [
              1.2439113,
              6.143506
            ],
            [
              1.243959,
              6.1434434
            ],
            [
              1.2442951,
              6.1429781
            ],
            [
              1.2446175,
              6.1425479
            ],
            [
              1.2449834,
              6.1420944
            ],
            [
              1.2453227,
              6.1416488
            ],
            [
              1.2454011,
              6.1415512
            ],
            [
              1.2456756,
              6.1412136
            ],
            [
              1.2456781,
              6.141211
            ],
            [
              1.2457177,
              6.141175
            ],
            [
              1.2460506,
              6.1407855
            ],
            [
              1.2463907,
              6.1403521
            ],
            [
              1.2467398,
              6.1398976
            ],
            [
              1.2470692,
              6.1394739
            ],
            [
              1.2474183,
              6.1390267
            ],
            [
              1.2477536,
              6.138592
            ],
            [
              1.2480585,
              6.1381497
            ],
            [
              1.2484021,
              6.1376837
            ],
            [
              1.2487492,
              6.1372642
            ],
            [
              1.2489713,
              6.1369929
            ],
            [
              1.2489895,
              6.1369317
            ],
            [
              1.249,
              6.1368431
            ],
            [
              1.2489726,
              6.136738
            ],
            [
              1.2490628,
              6.1367828
            ],
            [
              1.2491222,
              6.1368303
            ],
            [
              1.2491475,
              6.1367977
            ],
            [
              1.2494735,
              6.1363719
            ],
            [
              1.2507486,
              6.1373633
            ],
            [
              1.2518436,
              6.13819
            ],
            [
              1.252351,
              6.1386807
            ],
            [
              1.2526922,
              6.1388513
            ],
            [
              1.2529584,
              6.138946
            ],
            [
              1.2531993,
              6.139031
            ],
            [
              1.2537667,
              6.1392416
            ]
          ]
        ]
      },
      "properties": {
        "record_type": "dagl_source_sublocality_geometry_candidate",
        "record_name": "Bè",
        "autonomous_parent_context_id": "tfd:official:autonomous-district:DAGL",
        "autonomous_parent_context_name": "District Autonome du Grand Lomé (DAGL)",
        "geographic_region": "Maritime",
        "geographic_prefecture": "Golfe",
        "geometry_status": "source_geometry_candidate_review_required",
        "publication_scope": "internal_reference_only",
        "non_authoritative_notice": "Reference context only; never an administrative, locality, cadastral, parcel, title, legal, or official boundary.",
        "generated_at": "2026-08-21T00:00:00Z",
        "source_ref": "tfd:source:TG_grand_lome_quartiers.geojson#feature:20",
        "source_place_type": "suburb",
        "source_role": "source_quartier",
        "hierarchy_level": "sublocality",
        "sublocality_class": "suburb",
        "parent_quarter_reference_id": null,
        "parent_quarter_name": null,
        "parent_quarter_relationship": "not_resolved",
        "boundary_replacement_allowed": false,
        "requires_geometry_review": true,
        "dagl_scope_geometry_ref": "official-admin-boundaries/layers/dagl.geojson#autonomous-district.DAGL",
        "dagl_geometry_authority": "derived_from_official_gouv_tg_communes",
        "district_and_capital_city_are_distinct": true
      }
    },
    {
      "type": "Feature",
      "id": "tfd:dagl:source_quartier:osm-rel-6614452",
      "geometry": {
        "type": "Polygon",
        "coordinates": [
          [
            [
              1.2594286,
              6.1389388
            ],
            [
              1.2591498,
              6.1395923
            ],
            [
              1.2589808,
              6.1399601
            ],
            [
              1.2589418,
              6.1400409
            ],
            [
              1.2588713,
              6.1401368
            ],
            [
              1.2588237,
              6.1402401
            ],
            [
              1.2586427,
              6.1407735
            ],
            [
              1.2586179,
              6.1409428
            ],
            [
              1.2586152,
              6.1410515
            ],
            [
              1.2586212,
              6.1413328
            ],
            [
              1.2586769,
              6.1416342
            ],
            [
              1.2588975,
              6.1424102
            ],
            [
              1.2590517,
              6.1429089
            ],
            [
              1.2591065,
              6.1430955
            ],
            [
              1.2590732,
              6.1431126
            ],
            [
              1.2590191,
              6.1431495
            ],
            [
              1.2589583,
              6.1431605
            ],
            [
              1.2588936,
              6.1431588
            ],
            [
              1.2587715,
              6.1431337
            ],
            [
              1.2578172,
              6.1428122
            ],
            [
              1.2573612,
              6.1426336
            ],
            [
              1.2568221,
              6.1424542
            ],
            [
              1.2562729,
              6.1422622
            ],
            [
              1.2557043,
              6.1421415
            ],
            [
              1.2546495,
              6.1417875
            ],
            [
              1.2541057,
              6.1415788
            ],
            [
              1.2535378,
              6.1413422
            ],
            [
              1.2530295,
              6.1411682
            ],
            [
              1.2531435,
              6.1406862
            ],
            [
              1.2537667,
              6.1392416
            ],
            [
              1.2531993,
              6.139031
            ],
            [
              1.2529584,
              6.138946
            ],
            [
              1.2526922,
              6.1388513
            ],
            [
              1.252351,
              6.1386807
            ],
            [
              1.2518436,
              6.13819
            ],
            [
              1.2507486,
              6.1373633
            ],
            [
              1.2494735,
              6.1363719
            ],
            [
              1.2491475,
              6.1367977
            ],
            [
              1.2491222,
              6.1368303
            ],
            [
              1.2490628,
              6.1367828
            ],
            [
              1.2489726,
              6.136738
            ],
            [
              1.2489911,
              6.1360063
            ],
            [
              1.2489927,
              6.1358143
            ],
            [
              1.2489689,
              6.1352779
            ],
            [
              1.2489993,
              6.1350462
            ],
            [
              1.2501341,
              6.135492
            ],
            [
              1.2502915,
              6.1355567
            ],
            [
              1.2517159,
              6.1360745
            ],
            [
              1.2529604,
              6.1365405
            ],
            [
              1.2534581,
              6.1367308
            ],
            [
              1.2540038,
              6.1369312
            ],
            [
              1.2545271,
              6.1371265
            ],
            [
              1.2550386,
              6.13731
            ],
            [
              1.2555828,
              6.1375178
            ],
            [
              1.2561263,
              6.1377236
            ],
            [
              1.2566936,
              6.1379235
            ],
            [
              1.2570112,
              6.1380433
            ],
            [
              1.2572273,
              6.1381318
            ],
            [
              1.2577562,
              6.1383293
            ],
            [
              1.2582833,
              6.1385253
            ],
            [
              1.2588317,
              6.1387173
            ],
            [
              1.2594286,
              6.1389388
            ]
          ]
        ]
      },
      "properties": {
        "record_type": "dagl_source_sublocality_geometry_candidate",
        "record_name": "Bè-Ahligo",
        "autonomous_parent_context_id": "tfd:official:autonomous-district:DAGL",
        "autonomous_parent_context_name": "District Autonome du Grand Lomé (DAGL)",
        "geographic_region": "Maritime",
        "geographic_prefecture": "Golfe",
        "geometry_status": "source_geometry_candidate_review_required",
        "publication_scope": "internal_reference_only",
        "non_authoritative_notice": "Reference context only; never an administrative, locality, cadastral, parcel, title, legal, or official boundary.",
        "generated_at": "2026-08-21T00:00:00Z",
        "source_ref": "tfd:source:TG_grand_lome_quartiers.geojson#feature:21",
        "source_place_type": "suburb",
        "source_role": "source_quartier",
        "hierarchy_level": "sublocality",
        "sublocality_class": "suburb",
        "parent_quarter_reference_id": null,
        "parent_quarter_name": null,
        "parent_quarter_relationship": "not_resolved",
        "boundary_replacement_allowed": false,
        "requires_geometry_review": true,
        "dagl_scope_geometry_ref": "official-admin-boundaries/layers/dagl.geojson#autonomous-district.DAGL",
        "dagl_geometry_authority": "derived_from_official_gouv_tg_communes",
        "district_and_capital_city_are_distinct": true
      }
    },
    {
      "type": "Feature",
      "id": "tfd:dagl:source_quartier:osm-rel-6614077",
      "geometry": {
        "type": "Polygon",
        "coordinates": [
          [
            [
              1.2428517,
              6.1427182
            ],
            [
              1.2430129,
              6.1428432
            ],
            [
              1.2430455,
              6.1428678
            ],
            [
              1.2434684,
              6.1431932
            ],
            [
              1.2439113,
              6.143506
            ],
            [
              1.243866,
              6.143639
            ],
            [
              1.2436919,
              6.1439666
            ],
            [
              1.2436137,
              6.1440971
            ],
            [
              1.2436107,
              6.1441115
            ],
            [
              1.2434343,
              6.1443759
            ],
            [
              1.2432807,
              6.1446617
            ],
            [
              1.2432536,
              6.1447738
            ],
            [
              1.2432515,
              6.144862
            ],
            [
              1.2432762,
              6.1450337
            ],
            [
              1.2433096,
              6.1451474
            ],
            [
              1.243364,
              6.1453327
            ],
            [
              1.2433999,
              6.145465
            ],
            [
              1.2434208,
              6.1455312
            ],
            [
              1.2435178,
              6.1459154
            ],
            [
              1.2436044,
              6.1461959
            ],
            [
              1.2437784,
              6.1468172
            ],
            [
              1.2438493,
              6.1470769
            ],
            [
              1.2440028,
              6.1476215
            ],
            [
              1.2441148,
              6.1480333
            ],
            [
              1.2441495,
              6.148159
            ],
            [
              1.2441629,
              6.1482129
            ],
            [
              1.2441963,
              6.1483708
            ],
            [
              1.2442386,
              6.1485488
            ],
            [
              1.2442775,
              6.1487424
            ],
            [
              1.2442174,
              6.1486807
            ],
            [
              1.2441604,
              6.1486242
            ],
            [
              1.2441175,
              6.1486089
            ],
            [
              1.2441078,
              6.1485819
            ],
            [
              1.244091,
              6.1485505
            ],
            [
              1.2440761,
              6.1485185
            ],
            [
              1.244036,
              6.1485015
            ],
            [
              1.243999,
              6.148489
            ],
            [
              1.2439852,
              6.1485416
            ],
            [
              1.2439344,
              6.1485375
            ],
            [
              1.2439031,
              6.148607
            ],
            [
              1.2438084,
              6.1485818
            ],
            [
              1.2438151,
              6.1485535
            ],
            [
              1.2437913,
              6.1485452
            ],
            [
              1.2434881,
              6.1484696
            ],
            [
              1.2428294,
              6.1483156
            ],
            [
              1.2419005,
              6.1480587
            ],
            [
              1.2409643,
              6.1478117
            ],
            [
              1.2400943,
              6.1474413
            ],
            [
              1.2399179,
              6.1473615
            ],
            [
              1.2394505,
              6.1471579
            ],
            [
              1.23939,
              6.1471613
            ],
            [
              1.239336,
              6.1471311
            ],
            [
              1.2393014,
              6.1470815
            ],
            [
              1.2384208,
              6.1467074
            ],
            [
              1.2375165,
              6.1463167
            ],
            [
              1.2367671,
              6.1459748
            ],
            [
              1.2356998,
              6.14571
            ],
            [
              1.2356555,
              6.1457237
            ],
            [
              1.2356043,
              6.1457045
            ],
            [
              1.2355213,
              6.1456481
            ],
            [
              1.2354746,
              6.1456471
            ],
            [
              1.2354875,
              6.1455163
            ],
            [
              1.2355077,
              6.1451394
            ],
            [
              1.235508,
              6.1449124
            ],
            [
              1.2355231,
              6.1447439
            ],
            [
              1.2355568,
              6.1440802
            ],
            [
              1.2355639,
              6.1433258
            ],
            [
              1.2361925,
              6.1435157
            ],
            [
              1.2369164,
              6.1437372
            ],
            [
              1.2373351,
              6.1438615
            ],
            [
              1.2375878,
              6.1439442
            ],
            [
              1.2377781,
              6.1440044
            ],
            [
              1.238054,
              6.144089
            ],
            [
              1.2383059,
              6.1441662
            ],
            [
              1.2385328,
              6.1442306
            ],
            [
              1.2385402,
              6.1430078
            ],
            [
              1.2384708,
              6.1420947
            ],
            [
              1.2384428,
              6.1413117
            ],
            [
              1.2389916,
              6.1413298
            ],
            [
              1.239557,
              6.1413632
            ],
            [
              1.2396197,
              6.1409039
            ],
            [
              1.2399161,
              6.1408979
            ],
            [
              1.2402303,
              6.1409075
            ],
            [
              1.2405374,
              6.1409155
            ],
            [
              1.2408497,
              6.1411738
            ],
            [
              1.241321,
              6.1415201
            ],
            [
              1.2420964,
              6.1421317
            ],
            [
              1.2428517,
              6.1427182
            ]
          ]
        ]
      },
      "properties": {
        "record_type": "dagl_source_sublocality_geometry_candidate",
        "record_name": "Bè-Apéhémé",
        "autonomous_parent_context_id": "tfd:official:autonomous-district:DAGL",
        "autonomous_parent_context_name": "District Autonome du Grand Lomé (DAGL)",
        "geographic_region": "Maritime",
        "geographic_prefecture": "Golfe",
        "geometry_status": "source_geometry_candidate_review_required",
        "publication_scope": "internal_reference_only",
        "non_authoritative_notice": "Reference context only; never an administrative, locality, cadastral, parcel, title, legal, or official boundary.",
        "generated_at": "2026-08-21T00:00:00Z",
        "source_ref": "tfd:source:TG_grand_lome_quartiers.geojson#feature:22",
        "source_place_type": "suburb",
        "source_role": "source_quartier",
        "hierarchy_level": "sublocality",
        "sublocality_class": "suburb",
        "parent_quarter_reference_id": null,
        "parent_quarter_name": null,
        "parent_quarter_relationship": "not_resolved",
        "boundary_replacement_allowed": false,
        "requires_geometry_review": true,
        "dagl_scope_geometry_ref": "official-admin-boundaries/layers/dagl.geojson#autonomous-district.DAGL",
        "dagl_geometry_authority": "derived_from_official_gouv_tg_communes",
        "district_and_capital_city_are_distinct": true
      }
    },
    {
      "type": "Feature",
      "id": "tfd:dagl:source_quartier:osm-rel-6613385",
      "geometry": {
        "type": "Polygon",
        "coordinates": [
          [
            [
              1.2696452,
              6.1544913
            ],
            [
              1.2694917,
              6.1546841
            ],
            [
              1.2693388,
              6.1549041
            ],
            [
              1.2691671,
              6.1550988
            ],
            [
              1.2690451,
              6.1552308
            ],
            [
              1.2688962,
              6.1553868
            ],
            [
              1.2687541,
              6.1554961
            ],
            [
              1.2684966,
              6.1556761
            ],
            [
              1.2683035,
              6.1558055
            ],
            [
              1.2680486,
              6.1559401
            ],
            [
              1.2678019,
              6.1560401
            ],
            [
              1.2675726,
              6.1561321
            ],
            [
              1.2673204,
              6.1562514
            ],
            [
              1.2671748,
              6.1562827
            ],
            [
              1.2670161,
              6.1563037
            ],
            [
              1.2667318,
              6.1562137
            ],
            [
              1.2662911,
              6.1561964
            ],
            [
              1.2634265,
              6.1553872
            ],
            [
              1.2634949,
              6.1551252
            ],
            [
              1.2628619,
              6.1549582
            ],
            [
              1.2627586,
              6.1552434
            ],
            [
              1.2622289,
              6.1551432
            ],
            [
              1.2592552,
              6.1541799
            ],
            [
              1.2593339,
              6.1535154
            ],
            [
              1.2584148,
              6.1532847
            ],
            [
              1.257911,
              6.1529764
            ],
            [
              1.2575655,
              6.1527794
            ],
            [
              1.2575161,
              6.1527313
            ],
            [
              1.2574022,
              6.1526607
            ],
            [
              1.2571903,
              6.1525687
            ],
            [
              1.2571366,
              6.1526367
            ],
            [
              1.2571044,
              6.1526927
            ],
            [
              1.2568416,
              6.1525873
            ],
            [
              1.2563279,
              6.152442
            ],
            [
              1.2560382,
              6.1523553
            ],
            [
              1.2558599,
              6.1522913
            ],
            [
              1.2557365,
              6.1522527
            ],
            [
              1.2553167,
              6.15219
            ],
            [
              1.2550468,
              6.1520908
            ],
            [
              1.2538918,
              6.1518315
            ],
            [
              1.2536587,
              6.1517572
            ],
            [
              1.2533598,
              6.1516623
            ],
            [
              1.2532813,
              6.1516575
            ],
            [
              1.2531412,
              6.1516217
            ],
            [
              1.2530142,
              6.1515969
            ],
            [
              1.2526223,
              6.1514972
            ],
            [
              1.2517516,
              6.1512692
            ],
            [
              1.2509335,
              6.1510411
            ],
            [
              1.2508827,
              6.1509486
            ],
            [
              1.2508578,
              6.1508125
            ],
            [
              1.2508232,
              6.1505992
            ],
            [
              1.2507842,
              6.1504035
            ],
            [
              1.2507001,
              6.1503681
            ],
            [
              1.2500705,
              6.1501989
            ],
            [
              1.2493053,
              6.1499857
            ],
            [
              1.2479002,
              6.1495963
            ],
            [
              1.2468293,
              6.1493198
            ],
            [
              1.2448242,
              6.1487828
            ],
            [
              1.2447068,
              6.1487358
            ],
            [
              1.244584,
              6.1487001
            ],
            [
              1.2445031,
              6.148709
            ],
            [
              1.2444403,
              6.1487388
            ],
            [
              1.2442775,
              6.1487424
            ],
            [
              1.2442386,
              6.1485488
            ],
            [
              1.2441963,
              6.1483708
            ],
            [
              1.2441629,
              6.1482129
            ],
            [
              1.2441495,
              6.148159
            ],
            [
              1.2441148,
              6.1480333
            ],
            [
              1.2440028,
              6.1476215
            ],
            [
              1.2438493,
              6.1470769
            ],
            [
              1.2437784,
              6.1468172
            ],
            [
              1.2436044,
              6.1461959
            ],
            [
              1.2435178,
              6.1459154
            ],
            [
              1.2434208,
              6.1455312
            ],
            [
              1.2433999,
              6.145465
            ],
            [
              1.243364,
              6.1453327
            ],
            [
              1.2433096,
              6.1451474
            ],
            [
              1.2432762,
              6.1450337
            ],
            [
              1.2432515,
              6.144862
            ],
            [
              1.2432536,
              6.1447738
            ],
            [
              1.2432807,
              6.1446617
            ],
            [
              1.2434343,
              6.1443759
            ],
            [
              1.2436107,
              6.1441115
            ],
            [
              1.2436137,
              6.1440971
            ],
            [
              1.2436919,
              6.1439666
            ],
            [
              1.243866,
              6.143639
            ],
            [
              1.2439113,
              6.143506
            ],
            [
              1.2444639,
              6.1438764
            ],
            [
              1.244536,
              6.1439542
            ],
            [
              1.2446465,
              6.1440503
            ],
            [
              1.2448097,
              6.144167
            ],
            [
              1.2449097,
              6.1442462
            ],
            [
              1.2451774,
              6.1444563
            ],
            [
              1.2458985,
              6.1450198
            ],
            [
              1.2462849,
              6.1453165
            ],
            [
              1.246663,
              6.1456064
            ],
            [
              1.2470387,
              6.1459044
            ],
            [
              1.2476878,
              6.1464116
            ],
            [
              1.2477534,
              6.1464622
            ],
            [
              1.2480015,
              6.1466786
            ],
            [
              1.2482518,
              6.1468657
            ],
            [
              1.2484193,
              6.1470224
            ],
            [
              1.2485169,
              6.1471005
            ],
            [
              1.2486254,
              6.1472066
            ],
            [
              1.2489609,
              6.1475418
            ],
            [
              1.2490999,
              6.1476628
            ],
            [
              1.2494423,
              6.1479691
            ],
            [
              1.2497055,
              6.1481758
            ],
            [
              1.2497779,
              6.1482336
            ],
            [
              1.2498982,
              6.1483101
            ],
            [
              1.2499966,
              6.1484094
            ],
            [
              1.2505635,
              6.1487342
            ],
            [
              1.250569,
              6.148745
            ],
            [
              1.2507522,
              6.1488052
            ],
            [
              1.2510151,
              6.148888
            ],
            [
              1.2513093,
              6.1490115
            ],
            [
              1.251806,
              6.1491644
            ],
            [
              1.2524054,
              6.1493428
            ],
            [
              1.2534713,
              6.1496235
            ],
            [
              1.2535621,
              6.1496496
            ],
            [
              1.2539555,
              6.1497719
            ],
            [
              1.2541829,
              6.1498331
            ],
            [
              1.2544551,
              6.1499146
            ],
            [
              1.2545495,
              6.1499386
            ],
            [
              1.2546945,
              6.1499774
            ],
            [
              1.2548728,
              6.1500319
            ],
            [
              1.2552985,
              6.1501516
            ],
            [
              1.2556342,
              6.1502345
            ],
            [
              1.2558343,
              6.1502919
            ],
            [
              1.2567642,
              6.1505494
            ],
            [
              1.256828,
              6.1505715
            ],
            [
              1.2577223,
              6.1508231
            ],
            [
              1.257912,
              6.1508792
            ],
            [
              1.2583677,
              6.1510309
            ],
            [
              1.2588312,
              6.1511738
            ],
            [
              1.2588722,
              6.1511858
            ],
            [
              1.2593142,
              6.1513156
            ],
            [
              1.2599184,
              6.1514415
            ],
            [
              1.2601101,
              6.1515001
            ],
            [
              1.2607552,
              6.1516903
            ],
            [
              1.2613952,
              6.1518812
            ],
            [
              1.2618079,
              6.1520159
            ],
            [
              1.262025,
              6.1520866
            ],
            [
              1.2622649,
              6.1521592
            ],
            [
              1.2624483,
              6.1522114
            ],
            [
              1.2631314,
              6.1524049
            ],
            [
              1.2638125,
              6.1525998
            ],
            [
              1.2645303,
              6.1528042
            ],
            [
              1.265028,
              6.1529513
            ],
            [
              1.2651793,
              6.1529889
            ],
            [
              1.2659301,
              6.1532008
            ],
            [
              1.2662351,
              6.1532878
            ],
            [
              1.2663789,
              6.1533288
            ],
            [
              1.2666123,
              6.1533954
            ],
            [
              1.2667348,
              6.1534325
            ],
            [
              1.2673622,
              6.1536225
            ],
            [
              1.2682654,
              6.1539439
            ],
            [
              1.2683777,
              6.153986
            ],
            [
              1.2684212,
              6.1540169
            ],
            [
              1.2684596,
              6.1540737
            ],
            [
              1.2684983,
              6.1541156
            ],
            [
              1.2685285,
              6.154143
            ],
            [
              1.2685687,
              6.1541636
            ],
            [
              1.2686304,
              6.1541876
            ],
            [
              1.2688117,
              6.1542445
            ],
            [
              1.2696452,
              6.1544913
            ]
          ]
        ]
      },
      "properties": {
        "record_type": "dagl_source_sublocality_geometry_candidate",
        "record_name": "Bè-Hédjé",
        "autonomous_parent_context_id": "tfd:official:autonomous-district:DAGL",
        "autonomous_parent_context_name": "District Autonome du Grand Lomé (DAGL)",
        "geographic_region": "Maritime",
        "geographic_prefecture": "Golfe",
        "geometry_status": "source_geometry_candidate_review_required",
        "publication_scope": "internal_reference_only",
        "non_authoritative_notice": "Reference context only; never an administrative, locality, cadastral, parcel, title, legal, or official boundary.",
        "generated_at": "2026-08-21T00:00:00Z",
        "source_ref": "tfd:source:TG_grand_lome_quartiers.geojson#feature:23",
        "source_place_type": "suburb",
        "source_role": "source_quartier",
        "hierarchy_level": "sublocality",
        "sublocality_class": "suburb",
        "parent_quarter_reference_id": null,
        "parent_quarter_name": null,
        "parent_quarter_relationship": "not_resolved",
        "boundary_replacement_allowed": false,
        "requires_geometry_review": true,
        "dagl_scope_geometry_ref": "official-admin-boundaries/layers/dagl.geojson#autonomous-district.DAGL",
        "dagl_geometry_authority": "derived_from_official_gouv_tg_communes",
        "district_and_capital_city_are_distinct": true
      }
    },
    {
      "type": "Feature",
      "id": "tfd:dagl:source_quartier:osm-rel-6609736",
      "geometry": {
        "type": "Polygon",
        "coordinates": [
          [
            [
              1.2097841,
              6.1591929
            ],
            [
              1.209737,
              6.1593604
            ],
            [
              1.209549,
              6.1606323
            ],
            [
              1.2094103,
              6.1615728
            ],
            [
              1.2092871,
              6.1618362
            ],
            [
              1.2090437,
              6.1634475
            ],
            [
              1.2087894,
              6.1651839
            ],
            [
              1.208586,
              6.1664999
            ],
            [
              1.2081084,
              6.1696458
            ],
            [
              1.207486,
              6.1735667
            ],
            [
              1.2072883,
              6.1748272
            ],
            [
              1.2071135,
              6.1759785
            ],
            [
              1.2069746,
              6.176878
            ],
            [
              1.2066141,
              6.1792335
            ],
            [
              1.206168,
              6.1820557
            ],
            [
              1.2059091,
              6.1810529
            ],
            [
              1.2058134,
              6.1806713
            ],
            [
              1.2056965,
              6.1802351
            ],
            [
              1.2056248,
              6.1799676
            ],
            [
              1.205596,
              6.1798789
            ],
            [
              1.2052218,
              6.1782869
            ],
            [
              1.2049958,
              6.1774423
            ],
            [
              1.2048362,
              6.1768476
            ],
            [
              1.2048041,
              6.1767436
            ],
            [
              1.2046939,
              6.1763194
            ],
            [
              1.2046378,
              6.1761036
            ],
            [
              1.20445,
              6.1754503
            ],
            [
              1.2043442,
              6.1749921
            ],
            [
              1.2042965,
              6.1747856
            ],
            [
              1.2039806,
              6.1735076
            ],
            [
              1.2038331,
              6.172929
            ],
            [
              1.2036863,
              6.1723123
            ],
            [
              1.2035649,
              6.171849
            ],
            [
              1.203528,
              6.171699
            ],
            [
              1.2033203,
              6.1708193
            ],
            [
              1.2031391,
              6.1700856
            ],
            [
              1.2030586,
              6.1697416
            ],
            [
              1.2029098,
              6.1690704
            ],
            [
              1.2028735,
              6.1689336
            ],
            [
              1.2025356,
              6.1675067
            ],
            [
              1.2025047,
              6.1673976
            ],
            [
              1.2024633,
              6.1672195
            ],
            [
              1.2031552,
              6.166666
            ],
            [
              1.2033594,
              6.166492
            ],
            [
              1.2041184,
              6.1657078
            ],
            [
              1.205007,
              6.1647097
            ],
            [
              1.2057402,
              6.1638136
            ],
            [
              1.2062166,
              6.1631357
            ],
            [
              1.2070634,
              6.1618409
            ],
            [
              1.2077817,
              6.1605952
            ],
            [
              1.2078814,
              6.1606656
            ],
            [
              1.2081794,
              6.1600659
            ],
            [
              1.2086067,
              6.1591233
            ],
            [
              1.208553,
              6.1589422
            ],
            [
              1.208899,
              6.1582061
            ],
            [
              1.208591,
              6.1580776
            ],
            [
              1.2097404,
              6.1554703
            ],
            [
              1.2100538,
              6.1547911
            ],
            [
              1.2104989,
              6.1549177
            ],
            [
              1.2111674,
              6.1529209
            ],
            [
              1.2116335,
              6.1518966
            ],
            [
              1.2115104,
              6.1523528
            ],
            [
              1.2114633,
              6.1525633
            ],
            [
              1.2114327,
              6.1527719
            ],
            [
              1.2114227,
              6.15293
            ],
            [
              1.2114204,
              6.1531336
            ],
            [
              1.2114304,
              6.15333
            ],
            [
              1.2114531,
              6.1535451
            ],
            [
              1.2114857,
              6.1537691
            ],
            [
              1.2115283,
              6.153986
            ],
            [
              1.2115844,
              6.1541617
            ],
            [
              1.2117398,
              6.1545244
            ],
            [
              1.2118738,
              6.1547501
            ],
            [
              1.2120208,
              6.1549693
            ],
            [
              1.2121848,
              6.1551798
            ],
            [
              1.2123642,
              6.155381
            ],
            [
              1.2125702,
              6.1555571
            ],
            [
              1.2128682,
              6.1557885
            ],
            [
              1.2131555,
              6.1559515
            ],
            [
              1.2133809,
              6.156051
            ],
            [
              1.2136306,
              6.1561401
            ],
            [
              1.2138952,
              6.156213
            ],
            [
              1.2141602,
              6.1562744
            ],
            [
              1.2138818,
              6.1562437
            ],
            [
              1.2136085,
              6.1562212
            ],
            [
              1.2133302,
              6.156217
            ],
            [
              1.2130643,
              6.1562247
            ],
            [
              1.2127418,
              6.1562591
            ],
            [
              1.2124112,
              6.1563342
            ],
            [
              1.2121511,
              6.156415
            ],
            [
              1.2118866,
              6.1565149
            ],
            [
              1.2116321,
              6.1566444
            ],
            [
              1.2113766,
              6.156794
            ],
            [
              1.2109337,
              6.1571331
            ],
            [
              1.2107171,
              6.1573557
            ],
            [
              1.2105028,
              6.1575989
            ],
            [
              1.2103315,
              6.1578491
            ],
            [
              1.2101898,
              6.158114
            ],
            [
              1.210059,
              6.1583798
            ],
            [
              1.2099356,
              6.1586465
            ],
            [
              1.2098497,
              6.1589158
            ],
            [
              1.2097841,
              6.1591929
            ]
          ]
        ]
      },
      "properties": {
        "record_type": "dagl_source_sublocality_geometry_candidate",
        "record_name": "Bè-Klikamé",
        "autonomous_parent_context_id": "tfd:official:autonomous-district:DAGL",
        "autonomous_parent_context_name": "District Autonome du Grand Lomé (DAGL)",
        "geographic_region": "Maritime",
        "geographic_prefecture": "Golfe",
        "geometry_status": "source_geometry_candidate_review_required",
        "publication_scope": "internal_reference_only",
        "non_authoritative_notice": "Reference context only; never an administrative, locality, cadastral, parcel, title, legal, or official boundary.",
        "generated_at": "2026-08-21T00:00:00Z",
        "source_ref": "tfd:source:TG_grand_lome_quartiers.geojson#feature:24",
        "source_place_type": "suburb",
        "source_role": "source_quartier",
        "hierarchy_level": "sublocality",
        "sublocality_class": "suburb",
        "parent_quarter_reference_id": null,
        "parent_quarter_name": null,
        "parent_quarter_relationship": "not_resolved",
        "boundary_replacement_allowed": false,
        "requires_geometry_review": true,
        "dagl_scope_geometry_ref": "official-admin-boundaries/layers/dagl.geojson#autonomous-district.DAGL",
        "dagl_geometry_authority": "derived_from_official_gouv_tg_communes",
        "district_and_capital_city_are_distinct": true
      }
    },
    {
      "type": "Feature",
      "id": "tfd:dagl:source_quartier:osm-rel-6612342",
      "geometry": {
        "type": "Polygon",
        "coordinates": [
          [
            [
              1.2678347,
              6.1791211
            ],
            [
              1.2677204,
              6.1790136
            ],
            [
              1.2676737,
              6.1789786
            ],
            [
              1.2676312,
              6.1789433
            ],
            [
              1.2668736,
              6.177989
            ],
            [
              1.2662947,
              6.1772656
            ],
            [
              1.2660687,
              6.1769833
            ],
            [
              1.2655356,
              6.1763272
            ],
            [
              1.2649925,
              6.175619
            ],
            [
              1.2640104,
              6.1744036
            ],
            [
              1.2635575,
              6.1738265
            ],
            [
              1.263049,
              6.1731664
            ],
            [
              1.2626252,
              6.1726379
            ],
            [
              1.2622158,
              6.1721083
            ],
            [
              1.2614045,
              6.1711208
            ],
            [
              1.260891,
              6.1704755
            ],
            [
              1.260383,
              6.1698424
            ],
            [
              1.2598978,
              6.1691921
            ],
            [
              1.2595693,
              6.168815
            ],
            [
              1.2592539,
              6.1683957
            ],
            [
              1.2587848,
              6.1677924
            ],
            [
              1.2582489,
              6.1671016
            ],
            [
              1.2576777,
              6.1663846
            ],
            [
              1.2576354,
              6.1663253
            ],
            [
              1.2558928,
              6.1641726
            ],
            [
              1.2555512,
              6.1637187
            ],
            [
              1.2553121,
              6.1634253
            ],
            [
              1.2546681,
              6.1627053
            ],
            [
              1.2543357,
              6.1622723
            ],
            [
              1.253796,
              6.1616055
            ],
            [
              1.2530363,
              6.1606418
            ],
            [
              1.2528852,
              6.1604739
            ],
            [
              1.2526251,
              6.1601692
            ],
            [
              1.2522046,
              6.159682
            ],
            [
              1.2517864,
              6.1591331
            ],
            [
              1.2514036,
              6.1586254
            ],
            [
              1.2509127,
              6.1580365
            ],
            [
              1.2508225,
              6.1579302
            ],
            [
              1.2501749,
              6.1570888
            ],
            [
              1.2498718,
              6.1567061
            ],
            [
              1.2495017,
              6.1562708
            ],
            [
              1.2492583,
              6.1559635
            ],
            [
              1.2490899,
              6.1557554
            ],
            [
              1.2489767,
              6.1555928
            ],
            [
              1.2489223,
              6.1554954
            ],
            [
              1.2488734,
              6.1553888
            ],
            [
              1.2488264,
              6.1552962
            ],
            [
              1.2483888,
              6.1550779
            ],
            [
              1.24739,
              6.1546535
            ],
            [
              1.2471389,
              6.1545655
            ],
            [
              1.2468629,
              6.1544749
            ],
            [
              1.2467352,
              6.1544322
            ],
            [
              1.2466212,
              6.1543855
            ],
            [
              1.2465407,
              6.1543482
            ],
            [
              1.2464631,
              6.1542999
            ],
            [
              1.2463238,
              6.1542075
            ],
            [
              1.2458029,
              6.1538335
            ],
            [
              1.2455979,
              6.1536788
            ],
            [
              1.2453746,
              6.1535142
            ],
            [
              1.2450967,
              6.1532782
            ],
            [
              1.2450434,
              6.1532262
            ],
            [
              1.2450031,
              6.1531688
            ],
            [
              1.2449405,
              6.1530428
            ],
            [
              1.2448915,
              6.1529295
            ],
            [
              1.2448513,
              6.1528015
            ],
            [
              1.2447728,
              6.1525308
            ],
            [
              1.2447568,
              6.1524805
            ],
            [
              1.2446522,
              6.1523324
            ],
            [
              1.2447401,
              6.15202
            ],
            [
              1.2447502,
              6.1517253
            ],
            [
              1.2447515,
              6.1517026
            ],
            [
              1.2447542,
              6.15161
            ],
            [
              1.244718,
              6.1513653
            ],
            [
              1.2445558,
              6.1506941
            ],
            [
              1.2456191,
              6.1510413
            ],
            [
              1.246084,
              6.1511674
            ],
            [
              1.2461485,
              6.1511766
            ],
            [
              1.2467894,
              6.1513803
            ],
            [
              1.2472401,
              6.1515313
            ],
            [
              1.2476255,
              6.1516433
            ],
            [
              1.2479755,
              6.151746
            ],
            [
              1.248516,
              6.1519073
            ],
            [
              1.2491685,
              6.1521114
            ],
            [
              1.2496237,
              6.1522274
            ],
            [
              1.2501119,
              6.1523766
            ],
            [
              1.2505585,
              6.152498
            ],
            [
              1.2510789,
              6.1526413
            ],
            [
              1.2512817,
              6.1527022
            ],
            [
              1.2515129,
              6.1527798
            ],
            [
              1.2520146,
              6.1529416
            ],
            [
              1.2522075,
              6.153001
            ],
            [
              1.2524257,
              6.153077
            ],
            [
              1.2525731,
              6.1531277
            ],
            [
              1.2528912,
              6.1532347
            ],
            [
              1.2531092,
              6.1533134
            ],
            [
              1.2536824,
              6.1535031
            ],
            [
              1.2542772,
              6.153697
            ],
            [
              1.2548491,
              6.1538688
            ],
            [
              1.255573,
              6.1540922
            ],
            [
              1.2561055,
              6.1542597
            ],
            [
              1.2572558,
              6.1545984
            ],
            [
              1.2578273,
              6.1547744
            ],
            [
              1.2578528,
              6.154782
            ],
            [
              1.2584019,
              6.1549578
            ],
            [
              1.2593457,
              6.1552886
            ],
            [
              1.2596495,
              6.1553998
            ],
            [
              1.2596971,
              6.1554172
            ],
            [
              1.2599424,
              6.1554765
            ],
            [
              1.2599758,
              6.1554815
            ],
            [
              1.2603568,
              6.155549
            ],
            [
              1.2607071,
              6.1556253
            ],
            [
              1.2609469,
              6.1556776
            ],
            [
              1.2614078,
              6.1557864
            ],
            [
              1.2615995,
              6.1558417
            ],
            [
              1.2628371,
              6.1560227
            ],
            [
              1.2630356,
              6.1560566
            ],
            [
              1.2635839,
              6.1561676
            ],
            [
              1.2640373,
              6.156246
            ],
            [
              1.2648942,
              6.1563846
            ],
            [
              1.2653351,
              6.156431
            ],
            [
              1.2657753,
              6.1563942
            ],
            [
              1.2660477,
              6.1563743
            ],
            [
              1.2666198,
              6.1562954
            ],
            [
              1.266758,
              6.156312
            ],
            [
              1.2668435,
              6.1563824
            ],
            [
              1.266607,
              6.1566978
            ],
            [
              1.2665257,
              6.1567814
            ],
            [
              1.2663433,
              6.1568681
            ],
            [
              1.26627,
              6.1569013
            ],
            [
              1.266054,
              6.1569755
            ],
            [
              1.2659669,
              6.1571123
            ],
            [
              1.2659334,
              6.1572043
            ],
            [
              1.2659257,
              6.1572484
            ],
            [
              1.2659084,
              6.1573145
            ],
            [
              1.2659192,
              6.157491
            ],
            [
              1.2659361,
              6.1576619
            ],
            [
              1.2659552,
              6.1578349
            ],
            [
              1.265972,
              6.1579955
            ],
            [
              1.2659793,
              6.1580648
            ],
            [
              1.2660307,
              6.158555
            ],
            [
              1.2660409,
              6.1587383
            ],
            [
              1.2661087,
              6.1594482
            ],
            [
              1.2662454,
              6.1611636
            ],
            [
              1.2662717,
              6.1614562
            ],
            [
              1.2662757,
              6.1615008
            ],
            [
              1.2662982,
              6.1617521
            ],
            [
              1.2663064,
              6.1618946
            ],
            [
              1.2662988,
              6.1621737
            ],
            [
              1.2664098,
              6.1625326
            ],
            [
              1.266419,
              6.162614
            ],
            [
              1.2664396,
              6.1627969
            ],
            [
              1.2664908,
              6.1631763
            ],
            [
              1.2665827,
              6.1642822
            ],
            [
              1.2667161,
              6.1657103
            ],
            [
              1.2667293,
              6.1658301
            ],
            [
              1.2667626,
              6.1661564
            ],
            [
              1.2668062,
              6.16667
            ],
            [
              1.2668424,
              6.1670573
            ],
            [
              1.2668551,
              6.1673417
            ],
            [
              1.2668985,
              6.167853
            ],
            [
              1.2669801,
              6.1686027
            ],
            [
              1.2670281,
              6.1692064
            ],
            [
              1.2670587,
              6.1696136
            ],
            [
              1.2670825,
              6.169884
            ],
            [
              1.2670963,
              6.1701857
            ],
            [
              1.2671251,
              6.1705395
            ],
            [
              1.2671342,
              6.1706384
            ],
            [
              1.2672317,
              6.1716404
            ],
            [
              1.267299,
              6.1724253
            ],
            [
              1.267336,
              6.1728263
            ],
            [
              1.2673471,
              6.172947
            ],
            [
              1.267355,
              6.1730331
            ],
            [
              1.2674137,
              6.1736693
            ],
            [
              1.2674331,
              6.1738798
            ],
            [
              1.2675007,
              6.174647
            ],
            [
              1.2675711,
              6.175376
            ],
            [
              1.2676431,
              6.1761566
            ],
            [
              1.2677001,
              6.1767743
            ],
            [
              1.2677259,
              6.1770539
            ],
            [
              1.2677496,
              6.1774453
            ],
            [
              1.2677808,
              6.1777839
            ],
            [
              1.2677788,
              6.1778581
            ],
            [
              1.267857,
              6.1785496
            ],
            [
              1.2679017,
              6.1789449
            ],
            [
              1.2679902,
              6.1791796
            ],
            [
              1.2680751,
              6.1793099
            ],
            [
              1.2678347,
              6.1791211
            ]
          ]
        ]
      },
      "properties": {
        "record_type": "dagl_source_sublocality_geometry_candidate",
        "record_name": "Bè-Kpota",
        "autonomous_parent_context_id": "tfd:official:autonomous-district:DAGL",
        "autonomous_parent_context_name": "District Autonome du Grand Lomé (DAGL)",
        "geographic_region": "Maritime",
        "geographic_prefecture": "Golfe",
        "geometry_status": "source_geometry_candidate_review_required",
        "publication_scope": "internal_reference_only",
        "non_authoritative_notice": "Reference context only; never an administrative, locality, cadastral, parcel, title, legal, or official boundary.",
        "generated_at": "2026-08-21T00:00:00Z",
        "source_ref": "tfd:source:TG_grand_lome_quartiers.geojson#feature:25",
        "source_place_type": "suburb",
        "source_role": "source_quartier",
        "hierarchy_level": "sublocality",
        "sublocality_class": "suburb",
        "parent_quarter_reference_id": null,
        "parent_quarter_name": null,
        "parent_quarter_relationship": "not_resolved",
        "boundary_replacement_allowed": false,
        "requires_geometry_review": true,
        "dagl_scope_geometry_ref": "official-admin-boundaries/layers/dagl.geojson#autonomous-district.DAGL",
        "dagl_geometry_authority": "derived_from_official_gouv_tg_communes",
        "district_and_capital_city_are_distinct": true
      }
    },
    {
      "type": "Feature",
      "id": "tfd:dagl:source_quartier:osm-rel-6610221",
      "geometry": {
        "type": "Polygon",
        "coordinates": [
          [
            [
              1.2295022,
              6.1249753
            ],
            [
              1.2295143,
              6.1249281
            ],
            [
              1.2299672,
              6.1233215
            ],
            [
              1.2303239,
              6.1234015
            ],
            [
              1.2306645,
              6.1234895
            ],
            [
              1.2309381,
              6.1235829
            ],
            [
              1.2315832,
              6.1238362
            ],
            [
              1.2319949,
              6.1239669
            ],
            [
              1.2324214,
              6.1240816
            ],
            [
              1.2329096,
              6.1242043
            ],
            [
              1.2336016,
              6.1244069
            ],
            [
              1.2341005,
              6.1245856
            ],
            [
              1.2345779,
              6.1247376
            ],
            [
              1.2350392,
              6.124839
            ],
            [
              1.2356454,
              6.1249697
            ],
            [
              1.236155,
              6.1250763
            ],
            [
              1.2367988,
              6.125223
            ],
            [
              1.2375659,
              6.1254177
            ],
            [
              1.2384243,
              6.125672
            ],
            [
              1.2379022,
              6.1277769
            ],
            [
              1.2376358,
              6.1288198
            ],
            [
              1.2374641,
              6.1294785
            ],
            [
              1.2371304,
              6.1306416
            ],
            [
              1.2363217,
              6.1322379
            ],
            [
              1.2361319,
              6.1324659
            ],
            [
              1.2358597,
              6.1326906
            ],
            [
              1.2351945,
              6.133184
            ],
            [
              1.2345725,
              6.1336503
            ],
            [
              1.2345223,
              6.1335878
            ],
            [
              1.2344052,
              6.1334554
            ],
            [
              1.2337525,
              6.1327171
            ],
            [
              1.2331089,
              6.1319842
            ],
            [
              1.232432,
              6.1312128
            ],
            [
              1.231833,
              6.1305308
            ],
            [
              1.23116,
              6.1298
            ],
            [
              1.23079,
              6.1293803
            ],
            [
              1.2304465,
              6.1289293
            ],
            [
              1.2295898,
              6.1279803
            ],
            [
              1.2293002,
              6.1277076
            ],
            [
              1.2289043,
              6.1272751
            ],
            [
              1.2288576,
              6.1271942
            ],
            [
              1.2290552,
              6.1265168
            ],
            [
              1.2293137,
              6.1256377
            ],
            [
              1.2294395,
              6.1251494
            ],
            [
              1.2295022,
              6.1249753
            ]
          ]
        ]
      },
      "properties": {
        "record_type": "dagl_source_sublocality_geometry_candidate",
        "record_name": "Béniglato",
        "autonomous_parent_context_id": "tfd:official:autonomous-district:DAGL",
        "autonomous_parent_context_name": "District Autonome du Grand Lomé (DAGL)",
        "geographic_region": "Maritime",
        "geographic_prefecture": "Golfe",
        "geometry_status": "source_geometry_candidate_review_required",
        "publication_scope": "internal_reference_only",
        "non_authoritative_notice": "Reference context only; never an administrative, locality, cadastral, parcel, title, legal, or official boundary.",
        "generated_at": "2026-08-21T00:00:00Z",
        "source_ref": "tfd:source:TG_grand_lome_quartiers.geojson#feature:26",
        "source_place_type": "suburb",
        "source_role": "source_quartier",
        "hierarchy_level": "sublocality",
        "sublocality_class": "suburb",
        "parent_quarter_reference_id": null,
        "parent_quarter_name": null,
        "parent_quarter_relationship": "not_resolved",
        "boundary_replacement_allowed": false,
        "requires_geometry_review": true,
        "dagl_scope_geometry_ref": "official-admin-boundaries/layers/dagl.geojson#autonomous-district.DAGL",
        "dagl_geometry_authority": "derived_from_official_gouv_tg_communes",
        "district_and_capital_city_are_distinct": true
      }
    },
    {
      "type": "Feature",
      "id": "tfd:dagl:source_quartier:osm-rel-6609976",
      "geometry": {
        "type": "Polygon",
        "coordinates": [
          [
            [
              1.2015089,
              6.1534448
            ],
            [
              1.2015887,
              6.1550794
            ],
            [
              1.2016043,
              6.1554856
            ],
            [
              1.2016385,
              6.1561943
            ],
            [
              1.2016792,
              6.1569661
            ],
            [
              1.2017525,
              6.1582597
            ],
            [
              1.2017666,
              6.1585523
            ],
            [
              1.2018003,
              6.1592995
            ],
            [
              1.2018054,
              6.1594581
            ],
            [
              1.1994065,
              6.1595676
            ],
            [
              1.199432,
              6.1582676
            ],
            [
              1.1994491,
              6.1573954
            ],
            [
              1.1995673,
              6.151197
            ],
            [
              1.1996996,
              6.1510698
            ],
            [
              1.2000376,
              6.1506871
            ],
            [
              1.2003943,
              6.1502818
            ],
            [
              1.2004533,
              6.1502191
            ],
            [
              1.2005887,
              6.1500457
            ],
            [
              1.2010338,
              6.1495822
            ],
            [
              1.2012103,
              6.1494644
            ],
            [
              1.2012731,
              6.1495007
            ],
            [
              1.2015168,
              6.1495917
            ],
            [
              1.2014593,
              6.1498546
            ],
            [
              1.2014053,
              6.1502036
            ],
            [
              1.201412,
              6.1511163
            ],
            [
              1.2014353,
              6.1516835
            ],
            [
              1.2014566,
              6.152178
            ],
            [
              1.2014844,
              6.152959
            ],
            [
              1.2015089,
              6.1534448
            ]
          ]
        ]
      },
      "properties": {
        "record_type": "dagl_source_sublocality_geometry_candidate",
        "record_name": "Cassablanca",
        "autonomous_parent_context_id": "tfd:official:autonomous-district:DAGL",
        "autonomous_parent_context_name": "District Autonome du Grand Lomé (DAGL)",
        "geographic_region": "Maritime",
        "geographic_prefecture": "Golfe",
        "geometry_status": "source_geometry_candidate_review_required",
        "publication_scope": "internal_reference_only",
        "non_authoritative_notice": "Reference context only; never an administrative, locality, cadastral, parcel, title, legal, or official boundary.",
        "generated_at": "2026-08-21T00:00:00Z",
        "source_ref": "tfd:source:TG_grand_lome_quartiers.geojson#feature:27",
        "source_place_type": "suburb",
        "source_role": "source_quartier",
        "hierarchy_level": "sublocality",
        "sublocality_class": "suburb",
        "parent_quarter_reference_id": null,
        "parent_quarter_name": null,
        "parent_quarter_relationship": "not_resolved",
        "boundary_replacement_allowed": false,
        "requires_geometry_review": true,
        "dagl_scope_geometry_ref": "official-admin-boundaries/layers/dagl.geojson#autonomous-district.DAGL",
        "dagl_geometry_authority": "derived_from_official_gouv_tg_communes",
        "district_and_capital_city_are_distinct": true
      }
    },
    {
      "type": "Feature",
      "id": "tfd:dagl:source_quartier:osm-rel-6610102",
      "geometry": {
        "type": "Polygon",
        "coordinates": [
          [
            [
              1.2184244,
              6.1494224
            ],
            [
              1.2183468,
              6.1498049
            ],
            [
              1.218142,
              6.1505446
            ],
            [
              1.2170255,
              6.1541994
            ],
            [
              1.2170107,
              6.1542581
            ],
            [
              1.2168739,
              6.1544074
            ],
            [
              1.2167566,
              6.1545894
            ],
            [
              1.2166936,
              6.1549387
            ],
            [
              1.2165246,
              6.1558401
            ],
            [
              1.2164237,
              6.1562731
            ],
            [
              1.2163861,
              6.1563611
            ],
            [
              1.2163365,
              6.1564111
            ],
            [
              1.2162996,
              6.1565758
            ],
            [
              1.2156419,
              6.1564819
            ],
            [
              1.2144218,
              6.1563137
            ],
            [
              1.2141602,
              6.1562744
            ],
            [
              1.2138952,
              6.156213
            ],
            [
              1.2136306,
              6.1561401
            ],
            [
              1.2133809,
              6.156051
            ],
            [
              1.2131555,
              6.1559515
            ],
            [
              1.2128682,
              6.1557885
            ],
            [
              1.2125702,
              6.1555571
            ],
            [
              1.2123642,
              6.155381
            ],
            [
              1.2121848,
              6.1551798
            ],
            [
              1.2120208,
              6.1549693
            ],
            [
              1.2118738,
              6.1547501
            ],
            [
              1.2117398,
              6.1545244
            ],
            [
              1.2115844,
              6.1541617
            ],
            [
              1.2115283,
              6.153986
            ],
            [
              1.2114857,
              6.1537691
            ],
            [
              1.2114531,
              6.1535451
            ],
            [
              1.2114304,
              6.15333
            ],
            [
              1.2114204,
              6.1531336
            ],
            [
              1.2114227,
              6.15293
            ],
            [
              1.2114327,
              6.1527719
            ],
            [
              1.2114633,
              6.1525633
            ],
            [
              1.2115104,
              6.1523528
            ],
            [
              1.2116335,
              6.1518966
            ],
            [
              1.2118228,
              6.1514956
            ],
            [
              1.2131306,
              6.1486951
            ],
            [
              1.2131532,
              6.148693
            ],
            [
              1.2132971,
              6.1487165
            ],
            [
              1.2137894,
              6.1487825
            ],
            [
              1.2149495,
              6.1489418
            ],
            [
              1.2157113,
              6.1490486
            ],
            [
              1.216355,
              6.1491296
            ],
            [
              1.2170218,
              6.1492251
            ],
            [
              1.218095,
              6.1493721
            ],
            [
              1.2184244,
              6.1494224
            ]
          ]
        ]
      },
      "properties": {
        "record_type": "dagl_source_sublocality_geometry_candidate",
        "record_name": "Dogbéavou",
        "autonomous_parent_context_id": "tfd:official:autonomous-district:DAGL",
        "autonomous_parent_context_name": "District Autonome du Grand Lomé (DAGL)",
        "geographic_region": "Maritime",
        "geographic_prefecture": "Golfe",
        "geometry_status": "source_geometry_candidate_review_required",
        "publication_scope": "internal_reference_only",
        "non_authoritative_notice": "Reference context only; never an administrative, locality, cadastral, parcel, title, legal, or official boundary.",
        "generated_at": "2026-08-21T00:00:00Z",
        "source_ref": "tfd:source:TG_grand_lome_quartiers.geojson#feature:28",
        "source_place_type": "suburb",
        "source_role": "source_quartier",
        "hierarchy_level": "sublocality",
        "sublocality_class": "suburb",
        "parent_quarter_reference_id": null,
        "parent_quarter_name": null,
        "parent_quarter_relationship": "not_resolved",
        "boundary_replacement_allowed": false,
        "requires_geometry_review": true,
        "dagl_scope_geometry_ref": "official-admin-boundaries/layers/dagl.geojson#autonomous-district.DAGL",
        "dagl_geometry_authority": "derived_from_official_gouv_tg_communes",
        "district_and_capital_city_are_distinct": true
      }
    },
    {
      "type": "Feature",
      "id": "tfd:dagl:source_quartier:osm-rel-6613428",
      "geometry": {
        "type": "Polygon",
        "coordinates": [
          [
            [
              1.2219554,
              6.1372513
            ],
            [
              1.222092,
              6.1368907
            ],
            [
              1.2251137,
              6.1368788
            ],
            [
              1.2252619,
              6.1368622
            ],
            [
              1.2264912,
              6.1366433
            ],
            [
              1.2278971,
              6.1363483
            ],
            [
              1.2289805,
              6.1361522
            ],
            [
              1.2289922,
              6.1362152
            ],
            [
              1.2290022,
              6.1362932
            ],
            [
              1.2290854,
              6.1367132
            ],
            [
              1.2292135,
              6.1373166
            ],
            [
              1.2292665,
              6.1375646
            ],
            [
              1.2292967,
              6.1377071
            ],
            [
              1.2293167,
              6.137802
            ],
            [
              1.2293757,
              6.138114
            ],
            [
              1.2294019,
              6.138256
            ],
            [
              1.2294609,
              6.1385347
            ],
            [
              1.2295219,
              6.1388867
            ],
            [
              1.229593,
              6.1394241
            ],
            [
              1.2296648,
              6.1401501
            ],
            [
              1.2296862,
              6.1404421
            ],
            [
              1.2297227,
              6.1411522
            ],
            [
              1.2297505,
              6.1415178
            ],
            [
              1.2298003,
              6.1423535
            ],
            [
              1.2298493,
              6.1427492
            ],
            [
              1.2298621,
              6.1430929
            ],
            [
              1.2298648,
              6.143195
            ],
            [
              1.229878,
              6.1433833
            ],
            [
              1.2298881,
              6.143623
            ],
            [
              1.2298859,
              6.1440806
            ],
            [
              1.2292408,
              6.1439659
            ],
            [
              1.2278079,
              6.1435665
            ],
            [
              1.2275592,
              6.1434944
            ],
            [
              1.226752,
              6.1432708
            ],
            [
              1.2251711,
              6.1426671
            ],
            [
              1.2236283,
              6.142024
            ],
            [
              1.2217052,
              6.1411261
            ],
            [
              1.2215663,
              6.1410394
            ],
            [
              1.2214485,
              6.1409255
            ],
            [
              1.2211836,
              6.1406088
            ],
            [
              1.2211536,
              6.140578
            ],
            [
              1.2210224,
              6.1404433
            ],
            [
              1.2210486,
              6.1403081
            ],
            [
              1.2210902,
              6.1401859
            ],
            [
              1.221097,
              6.1401622
            ],
            [
              1.2212244,
              6.1398154
            ],
            [
              1.2212806,
              6.1396748
            ],
            [
              1.2213071,
              6.1395714
            ],
            [
              1.2214089,
              6.1392601
            ],
            [
              1.2215578,
              6.1387987
            ],
            [
              1.2216959,
              6.1382472
            ],
            [
              1.221834,
              6.1377253
            ],
            [
              1.2219491,
              6.1372814
            ],
            [
              1.2219502,
              6.1372765
            ],
            [
              1.2219554,
              6.1372513
            ]
          ]
        ]
      },
      "properties": {
        "record_type": "dagl_source_sublocality_geometry_candidate",
        "record_name": "Doulassamé",
        "autonomous_parent_context_id": "tfd:official:autonomous-district:DAGL",
        "autonomous_parent_context_name": "District Autonome du Grand Lomé (DAGL)",
        "geographic_region": "Maritime",
        "geographic_prefecture": "Golfe",
        "geometry_status": "source_geometry_candidate_review_required",
        "publication_scope": "internal_reference_only",
        "non_authoritative_notice": "Reference context only; never an administrative, locality, cadastral, parcel, title, legal, or official boundary.",
        "generated_at": "2026-08-21T00:00:00Z",
        "source_ref": "tfd:source:TG_grand_lome_quartiers.geojson#feature:29",
        "source_place_type": "suburb",
        "source_role": "source_quartier",
        "hierarchy_level": "sublocality",
        "sublocality_class": "suburb",
        "parent_quarter_reference_id": null,
        "parent_quarter_name": null,
        "parent_quarter_relationship": "not_resolved",
        "boundary_replacement_allowed": false,
        "requires_geometry_review": true,
        "dagl_scope_geometry_ref": "official-admin-boundaries/layers/dagl.geojson#autonomous-district.DAGL",
        "dagl_geometry_authority": "derived_from_official_gouv_tg_communes",
        "district_and_capital_city_are_distinct": true
      }
    },
    {
      "type": "Feature",
      "id": "tfd:dagl:source_quartier:osm-rel-6610609",
      "geometry": {
        "type": "Polygon",
        "coordinates": [
          [
            [
              1.2162996,
              6.1565758
            ],
            [
              1.2189137,
              6.1569156
            ],
            [
              1.2211485,
              6.1571921
            ],
            [
              1.2236993,
              6.1575161
            ],
            [
              1.2243314,
              6.1575919
            ],
            [
              1.2251658,
              6.1576928
            ],
            [
              1.2256445,
              6.157739
            ],
            [
              1.226342,
              6.1577402
            ],
            [
              1.2264164,
              6.1577423
            ],
            [
              1.2263857,
              6.1577997
            ],
            [
              1.2263514,
              6.1578622
            ],
            [
              1.2255757,
              6.1592782
            ],
            [
              1.224445,
              6.1613372
            ],
            [
              1.2241317,
              6.1619259
            ],
            [
              1.2240496,
              6.1620929
            ],
            [
              1.223894,
              6.1623796
            ],
            [
              1.2238048,
              6.1625769
            ],
            [
              1.2236673,
              6.1628763
            ],
            [
              1.2235252,
              6.1631949
            ],
            [
              1.2233419,
              6.1636309
            ],
            [
              1.2231731,
              6.1640249
            ],
            [
              1.2230759,
              6.1642596
            ],
            [
              1.2229968,
              6.164445
            ],
            [
              1.2229156,
              6.1646423
            ],
            [
              1.2228397,
              6.1648256
            ],
            [
              1.2227086,
              6.1651698
            ],
            [
              1.2183386,
              6.1651382
            ],
            [
              1.2087894,
              6.1651839
            ],
            [
              1.2090437,
              6.1634475
            ],
            [
              1.2092871,
              6.1618362
            ],
            [
              1.2094103,
              6.1615728
            ],
            [
              1.209549,
              6.1606323
            ],
            [
              1.209737,
              6.1593604
            ],
            [
              1.2097841,
              6.1591929
            ],
            [
              1.2098497,
              6.1589158
            ],
            [
              1.2099356,
              6.1586465
            ],
            [
              1.210059,
              6.1583798
            ],
            [
              1.2101898,
              6.158114
            ],
            [
              1.2103315,
              6.1578491
            ],
            [
              1.2105028,
              6.1575989
            ],
            [
              1.2107171,
              6.1573557
            ],
            [
              1.2109337,
              6.1571331
            ],
            [
              1.2113766,
              6.156794
            ],
            [
              1.2116321,
              6.1566444
            ],
            [
              1.2118866,
              6.1565149
            ],
            [
              1.2121511,
              6.156415
            ],
            [
              1.2124112,
              6.1563342
            ],
            [
              1.2127418,
              6.1562591
            ],
            [
              1.2130643,
              6.1562247
            ],
            [
              1.2133302,
              6.156217
            ],
            [
              1.2136085,
              6.1562212
            ],
            [
              1.2138818,
              6.1562437
            ],
            [
              1.2141602,
              6.1562744
            ],
            [
              1.2144218,
              6.1563137
            ],
            [
              1.2156419,
              6.1564819
            ],
            [
              1.2162996,
              6.1565758
            ]
          ]
        ]
      },
      "properties": {
        "record_type": "dagl_source_sublocality_geometry_candidate",
        "record_name": "Doumasséssé",
        "autonomous_parent_context_id": "tfd:official:autonomous-district:DAGL",
        "autonomous_parent_context_name": "District Autonome du Grand Lomé (DAGL)",
        "geographic_region": "Maritime",
        "geographic_prefecture": "Golfe",
        "geometry_status": "source_geometry_candidate_review_required",
        "publication_scope": "internal_reference_only",
        "non_authoritative_notice": "Reference context only; never an administrative, locality, cadastral, parcel, title, legal, or official boundary.",
        "generated_at": "2026-08-21T00:00:00Z",
        "source_ref": "tfd:source:TG_grand_lome_quartiers.geojson#feature:30",
        "source_place_type": "suburb",
        "source_role": "source_quartier",
        "hierarchy_level": "sublocality",
        "sublocality_class": "suburb",
        "parent_quarter_reference_id": null,
        "parent_quarter_name": null,
        "parent_quarter_relationship": "not_resolved",
        "boundary_replacement_allowed": false,
        "requires_geometry_review": true,
        "dagl_scope_geometry_ref": "official-admin-boundaries/layers/dagl.geojson#autonomous-district.DAGL",
        "dagl_geometry_authority": "derived_from_official_gouv_tg_communes",
        "district_and_capital_city_are_distinct": true
      }
    },
    {
      "type": "Feature",
      "id": "tfd:dagl:source_quartier:osm-rel-6609737",
      "geometry": {
        "type": "Polygon",
        "coordinates": [
          [
            [
              1.2271897,
              6.1325729
            ],
            [
              1.2257407,
              6.1328336
            ],
            [
              1.2250601,
              6.132985
            ],
            [
              1.2243823,
              6.1330792
            ],
            [
              1.2243208,
              6.1330873
            ],
            [
              1.2242396,
              6.1330928
            ],
            [
              1.2234717,
              6.1330799
            ],
            [
              1.2233536,
              6.1330617
            ],
            [
              1.2232893,
              6.1330333
            ],
            [
              1.2232456,
              6.1329996
            ],
            [
              1.2232015,
              6.1329653
            ],
            [
              1.2231552,
              6.1329274
            ],
            [
              1.2225837,
              6.1326502
            ],
            [
              1.2225398,
              6.1326266
            ],
            [
              1.222497,
              6.1325928
            ],
            [
              1.2220439,
              6.1320956
            ],
            [
              1.22238,
              6.1312487
            ],
            [
              1.2219259,
              6.1309755
            ],
            [
              1.2221331,
              6.1304494
            ],
            [
              1.2221513,
              6.1303842
            ],
            [
              1.2238502,
              6.1309583
            ],
            [
              1.224982,
              6.1313435
            ],
            [
              1.226259,
              6.1317708
            ],
            [
              1.2271221,
              6.1320676
            ],
            [
              1.2275934,
              6.1322329
            ],
            [
              1.22746,
              6.1323789
            ],
            [
              1.2273332,
              6.1325049
            ],
            [
              1.227289,
              6.1325376
            ],
            [
              1.2272474,
              6.1325616
            ],
            [
              1.2271897,
              6.1325729
            ]
          ]
        ]
      },
      "properties": {
        "record_type": "dagl_source_sublocality_geometry_candidate",
        "record_name": "Fréau-Jardin",
        "autonomous_parent_context_id": "tfd:official:autonomous-district:DAGL",
        "autonomous_parent_context_name": "District Autonome du Grand Lomé (DAGL)",
        "geographic_region": "Maritime",
        "geographic_prefecture": "Golfe",
        "geometry_status": "source_geometry_candidate_review_required",
        "publication_scope": "internal_reference_only",
        "non_authoritative_notice": "Reference context only; never an administrative, locality, cadastral, parcel, title, legal, or official boundary.",
        "generated_at": "2026-08-21T00:00:00Z",
        "source_ref": "tfd:source:TG_grand_lome_quartiers.geojson#feature:31",
        "source_place_type": "suburb",
        "source_role": "source_quartier",
        "hierarchy_level": "sublocality",
        "sublocality_class": "suburb",
        "parent_quarter_reference_id": null,
        "parent_quarter_name": null,
        "parent_quarter_relationship": "not_resolved",
        "boundary_replacement_allowed": false,
        "requires_geometry_review": true,
        "dagl_scope_geometry_ref": "official-admin-boundaries/layers/dagl.geojson#autonomous-district.DAGL",
        "dagl_geometry_authority": "derived_from_official_gouv_tg_communes",
        "district_and_capital_city_are_distinct": true
      }
    },
    {
      "type": "Feature",
      "id": "tfd:dagl:source_quartier:osm-rel-6610611",
      "geometry": {
        "type": "Polygon",
        "coordinates": [
          [
            [
              1.2183468,
              6.1498049
            ],
            [
              1.2184464,
              6.1499335
            ],
            [
              1.2186776,
              6.150104
            ],
            [
              1.2188768,
              6.1502522
            ],
            [
              1.219278,
              6.150595
            ],
            [
              1.2196768,
              6.150924
            ],
            [
              1.2200282,
              6.151228
            ],
            [
              1.2203984,
              6.1515906
            ],
            [
              1.2208107,
              6.1520021
            ],
            [
              1.2210984,
              6.1522893
            ],
            [
              1.2214015,
              6.152552
            ],
            [
              1.2225247,
              6.153646
            ],
            [
              1.2226917,
              6.1537907
            ],
            [
              1.2228426,
              6.1539274
            ],
            [
              1.2234521,
              6.1544907
            ],
            [
              1.2238189,
              6.1547647
            ],
            [
              1.223896,
              6.1548107
            ],
            [
              1.2241776,
              6.1549747
            ],
            [
              1.2244935,
              6.1550927
            ],
            [
              1.2274197,
              6.1559395
            ],
            [
              1.2271757,
              6.1563928
            ],
            [
              1.2270872,
              6.1565515
            ],
            [
              1.2267747,
              6.1570781
            ],
            [
              1.2265816,
              6.1574415
            ],
            [
              1.2264164,
              6.1577423
            ],
            [
              1.226342,
              6.1577402
            ],
            [
              1.2256445,
              6.157739
            ],
            [
              1.2251658,
              6.1576928
            ],
            [
              1.2243314,
              6.1575919
            ],
            [
              1.2236993,
              6.1575161
            ],
            [
              1.2211485,
              6.1571921
            ],
            [
              1.2189137,
              6.1569156
            ],
            [
              1.2162996,
              6.1565758
            ],
            [
              1.2163365,
              6.1564111
            ],
            [
              1.2163861,
              6.1563611
            ],
            [
              1.2164237,
              6.1562731
            ],
            [
              1.2165246,
              6.1558401
            ],
            [
              1.2166936,
              6.1549387
            ],
            [
              1.2167566,
              6.1545894
            ],
            [
              1.2168739,
              6.1544074
            ],
            [
              1.2170107,
              6.1542581
            ],
            [
              1.2170255,
              6.1541994
            ],
            [
              1.218142,
              6.1505446
            ],
            [
              1.2183468,
              6.1498049
            ]
          ]
        ]
      },
      "properties": {
        "record_type": "dagl_source_sublocality_geometry_candidate",
        "record_name": "Gbonvié",
        "autonomous_parent_context_id": "tfd:official:autonomous-district:DAGL",
        "autonomous_parent_context_name": "District Autonome du Grand Lomé (DAGL)",
        "geographic_region": "Maritime",
        "geographic_prefecture": "Golfe",
        "geometry_status": "source_geometry_candidate_review_required",
        "publication_scope": "internal_reference_only",
        "non_authoritative_notice": "Reference context only; never an administrative, locality, cadastral, parcel, title, legal, or official boundary.",
        "generated_at": "2026-08-21T00:00:00Z",
        "source_ref": "tfd:source:TG_grand_lome_quartiers.geojson#feature:32",
        "source_place_type": "suburb",
        "source_role": "source_quartier",
        "hierarchy_level": "sublocality",
        "sublocality_class": "suburb",
        "parent_quarter_reference_id": null,
        "parent_quarter_name": null,
        "parent_quarter_relationship": "not_resolved",
        "boundary_replacement_allowed": false,
        "requires_geometry_review": true,
        "dagl_scope_geometry_ref": "official-admin-boundaries/layers/dagl.geojson#autonomous-district.DAGL",
        "dagl_geometry_authority": "derived_from_official_gouv_tg_communes",
        "district_and_capital_city_are_distinct": true
      }
    },
    {
      "type": "Feature",
      "id": "tfd:dagl:source_quartier:osm-rel-6614573",
      "geometry": {
        "type": "Polygon",
        "coordinates": [
          [
            [
              1.258424,
              6.1488043
            ],
            [
              1.2584521,
              6.1488737
            ],
            [
              1.2583491,
              6.1492445
            ],
            [
              1.2583483,
              6.1493225
            ],
            [
              1.2582102,
              6.1498426
            ],
            [
              1.2581258,
              6.150105
            ],
            [
              1.2580614,
              6.1503604
            ],
            [
              1.257912,
              6.1508792
            ],
            [
              1.2577223,
              6.1508231
            ],
            [
              1.256828,
              6.1505715
            ],
            [
              1.2567642,
              6.1505494
            ],
            [
              1.2558343,
              6.1502919
            ],
            [
              1.2556342,
              6.1502345
            ],
            [
              1.2552985,
              6.1501516
            ],
            [
              1.2548728,
              6.1500319
            ],
            [
              1.2546945,
              6.1499774
            ],
            [
              1.2545495,
              6.1499386
            ],
            [
              1.2544551,
              6.1499146
            ],
            [
              1.2541829,
              6.1498331
            ],
            [
              1.2539555,
              6.1497719
            ],
            [
              1.2535621,
              6.1496496
            ],
            [
              1.2534713,
              6.1496235
            ],
            [
              1.2524054,
              6.1493428
            ],
            [
              1.251806,
              6.1491644
            ],
            [
              1.2513093,
              6.1490115
            ],
            [
              1.2510151,
              6.148888
            ],
            [
              1.2507522,
              6.1488052
            ],
            [
              1.2511349,
              6.1472759
            ],
            [
              1.2514121,
              6.145885
            ],
            [
              1.251512,
              6.1453657
            ],
            [
              1.2515388,
              6.1451684
            ],
            [
              1.2515754,
              6.1449661
            ],
            [
              1.2516093,
              6.1447977
            ],
            [
              1.2517287,
              6.144445
            ],
            [
              1.2521725,
              6.1433243
            ],
            [
              1.252326,
              6.1429416
            ],
            [
              1.2530295,
              6.1411682
            ],
            [
              1.2535378,
              6.1413422
            ],
            [
              1.2541057,
              6.1415788
            ],
            [
              1.2546495,
              6.1417875
            ],
            [
              1.2557043,
              6.1421415
            ],
            [
              1.2562729,
              6.1422622
            ],
            [
              1.2568221,
              6.1424542
            ],
            [
              1.2573612,
              6.1426336
            ],
            [
              1.2578172,
              6.1428122
            ],
            [
              1.2587715,
              6.1431337
            ],
            [
              1.2588936,
              6.1431588
            ],
            [
              1.2589583,
              6.1431605
            ],
            [
              1.2590191,
              6.1431495
            ],
            [
              1.2589956,
              6.1432177
            ],
            [
              1.2589856,
              6.1432759
            ],
            [
              1.2589827,
              6.1433451
            ],
            [
              1.2589902,
              6.1433948
            ],
            [
              1.2590048,
              6.1434376
            ],
            [
              1.259039,
              6.1434885
            ],
            [
              1.2590648,
              6.1435393
            ],
            [
              1.2590842,
              6.1435943
            ],
            [
              1.2591295,
              6.143809
            ],
            [
              1.2592373,
              6.1442472
            ],
            [
              1.2593394,
              6.144729
            ],
            [
              1.259385,
              6.1450444
            ],
            [
              1.2593639,
              6.145481
            ],
            [
              1.2593555,
              6.1455037
            ],
            [
              1.2593343,
              6.1455507
            ],
            [
              1.2593166,
              6.1455967
            ],
            [
              1.2592985,
              6.1456527
            ],
            [
              1.2592975,
              6.1456821
            ],
            [
              1.2592975,
              6.1457084
            ],
            [
              1.2592921,
              6.1457394
            ],
            [
              1.2592274,
              6.1459757
            ],
            [
              1.259104,
              6.1463784
            ],
            [
              1.2589888,
              6.1467893
            ],
            [
              1.2587228,
              6.1477314
            ],
            [
              1.2587085,
              6.1477825
            ],
            [
              1.2584958,
              6.1485445
            ],
            [
              1.258424,
              6.1488043
            ]
          ]
        ]
      },
      "properties": {
        "record_type": "dagl_source_sublocality_geometry_candidate",
        "record_name": "Gbényédji",
        "autonomous_parent_context_id": "tfd:official:autonomous-district:DAGL",
        "autonomous_parent_context_name": "District Autonome du Grand Lomé (DAGL)",
        "geographic_region": "Maritime",
        "geographic_prefecture": "Golfe",
        "geometry_status": "source_geometry_candidate_review_required",
        "publication_scope": "internal_reference_only",
        "non_authoritative_notice": "Reference context only; never an administrative, locality, cadastral, parcel, title, legal, or official boundary.",
        "generated_at": "2026-08-21T00:00:00Z",
        "source_ref": "tfd:source:TG_grand_lome_quartiers.geojson#feature:33",
        "source_place_type": "suburb",
        "source_role": "source_quartier",
        "hierarchy_level": "sublocality",
        "sublocality_class": "suburb",
        "parent_quarter_reference_id": null,
        "parent_quarter_name": null,
        "parent_quarter_relationship": "not_resolved",
        "boundary_replacement_allowed": false,
        "requires_geometry_review": true,
        "dagl_scope_geometry_ref": "official-admin-boundaries/layers/dagl.geojson#autonomous-district.DAGL",
        "dagl_geometry_authority": "derived_from_official_gouv_tg_communes",
        "district_and_capital_city_are_distinct": true
      }
    },
    {
      "type": "Feature",
      "id": "tfd:dagl:source_quartier:osm-rel-6609738",
      "geometry": {
        "type": "Polygon",
        "coordinates": [
          [
            [
              1.222092,
              6.1368907
            ],
            [
              1.2219554,
              6.1372513
            ],
            [
              1.2219502,
              6.1372765
            ],
            [
              1.2219491,
              6.1372814
            ],
            [
              1.221834,
              6.1377253
            ],
            [
              1.2216959,
              6.1382472
            ],
            [
              1.2215578,
              6.1387987
            ],
            [
              1.2214089,
              6.1392601
            ],
            [
              1.2213071,
              6.1395714
            ],
            [
              1.2212806,
              6.1396748
            ],
            [
              1.2212244,
              6.1398154
            ],
            [
              1.221097,
              6.1401622
            ],
            [
              1.2210902,
              6.1401859
            ],
            [
              1.2210486,
              6.1403081
            ],
            [
              1.2210224,
              6.1404433
            ],
            [
              1.2180943,
              6.1396766
            ],
            [
              1.2171024,
              6.1393083
            ],
            [
              1.2165936,
              6.1391299
            ],
            [
              1.2166475,
              6.1389775
            ],
            [
              1.216767,
              6.1385371
            ],
            [
              1.2168689,
              6.1379585
            ],
            [
              1.2169986,
              6.1374332
            ],
            [
              1.217088,
              6.1368896
            ],
            [
              1.2172021,
              6.1364189
            ],
            [
              1.2173169,
              6.1359449
            ],
            [
              1.2175193,
              6.1351063
            ],
            [
              1.2180651,
              6.1354789
            ],
            [
              1.2181531,
              6.135526
            ],
            [
              1.2183672,
              6.1356215
            ],
            [
              1.2191447,
              6.135905
            ],
            [
              1.2203399,
              6.1363407
            ],
            [
              1.221065,
              6.136616
            ],
            [
              1.2216933,
              6.1368353
            ],
            [
              1.222092,
              6.1368907
            ]
          ]
        ]
      },
      "properties": {
        "record_type": "dagl_source_sublocality_geometry_candidate",
        "record_name": "Hanoukopé",
        "autonomous_parent_context_id": "tfd:official:autonomous-district:DAGL",
        "autonomous_parent_context_name": "District Autonome du Grand Lomé (DAGL)",
        "geographic_region": "Maritime",
        "geographic_prefecture": "Golfe",
        "geometry_status": "source_geometry_candidate_review_required",
        "publication_scope": "internal_reference_only",
        "non_authoritative_notice": "Reference context only; never an administrative, locality, cadastral, parcel, title, legal, or official boundary.",
        "generated_at": "2026-08-21T00:00:00Z",
        "source_ref": "tfd:source:TG_grand_lome_quartiers.geojson#feature:34",
        "source_place_type": "suburb",
        "source_role": "source_quartier",
        "hierarchy_level": "sublocality",
        "sublocality_class": "suburb",
        "parent_quarter_reference_id": null,
        "parent_quarter_name": null,
        "parent_quarter_relationship": "not_resolved",
        "boundary_replacement_allowed": false,
        "requires_geometry_review": true,
        "dagl_scope_geometry_ref": "official-admin-boundaries/layers/dagl.geojson#autonomous-district.DAGL",
        "dagl_geometry_authority": "derived_from_official_gouv_tg_communes",
        "district_and_capital_city_are_distinct": true
      }
    },
    {
      "type": "Feature",
      "id": "tfd:dagl:source_quartier:osm-rel-6609739",
      "geometry": {
        "type": "Polygon",
        "coordinates": [
          [
            [
              1.2092099,
              6.1262448
            ],
            [
              1.2080727,
              6.1259162
            ],
            [
              1.2075082,
              6.1257833
            ],
            [
              1.2068108,
              6.1255992
            ],
            [
              1.2061959,
              6.1254317
            ],
            [
              1.2055605,
              6.12524
            ],
            [
              1.2045781,
              6.1249305
            ],
            [
              1.1994194,
              6.1234668
            ],
            [
              1.1995024,
              6.1178808
            ],
            [
              1.199545,
              6.1152794
            ],
            [
              1.1995421,
              6.1148801
            ],
            [
              1.1995196,
              6.1143179
            ],
            [
              1.1995145,
              6.1141894
            ],
            [
              1.1994243,
              6.1141872
            ],
            [
              1.1993939,
              6.1134749
            ],
            [
              1.1993881,
              6.1131887
            ],
            [
              1.1994867,
              6.1128093
            ],
            [
              1.1996314,
              6.1123604
            ],
            [
              1.2002443,
              6.1125871
            ],
            [
              1.2008223,
              6.1127978
            ],
            [
              1.2013695,
              6.1129632
            ],
            [
              1.201922,
              6.1130832
            ],
            [
              1.2023941,
              6.1131818
            ],
            [
              1.2028339,
              6.1133125
            ],
            [
              1.2033731,
              6.1134832
            ],
            [
              1.203711,
              6.1136059
            ],
            [
              1.2044272,
              6.1139553
            ],
            [
              1.2047598,
              6.1141233
            ],
            [
              1.2056664,
              6.1144967
            ],
            [
              1.2062216,
              6.1146887
            ],
            [
              1.2067956,
              6.1149074
            ],
            [
              1.208311,
              6.1154514
            ],
            [
              1.2093195,
              6.1157741
            ],
            [
              1.2099297,
              6.1160048
            ],
            [
              1.2105802,
              6.1162942
            ],
            [
              1.2110603,
              6.1165129
            ],
            [
              1.2119374,
              6.1169289
            ],
            [
              1.211618,
              6.1177983
            ],
            [
              1.2115222,
              6.1180111
            ],
            [
              1.2114531,
              6.1181451
            ],
            [
              1.2111956,
              6.1190612
            ],
            [
              1.2105552,
              6.1213714
            ],
            [
              1.2103943,
              6.1219568
            ],
            [
              1.2103239,
              6.1221881
            ],
            [
              1.2098022,
              6.124099
            ],
            [
              1.209598,
              6.1248254
            ],
            [
              1.2092099,
              6.1262448
            ]
          ]
        ]
      },
      "properties": {
        "record_type": "dagl_source_sublocality_geometry_candidate",
        "record_name": "Kodjoviakopé",
        "autonomous_parent_context_id": "tfd:official:autonomous-district:DAGL",
        "autonomous_parent_context_name": "District Autonome du Grand Lomé (DAGL)",
        "geographic_region": "Maritime",
        "geographic_prefecture": "Golfe",
        "geometry_status": "source_geometry_candidate_review_required",
        "publication_scope": "internal_reference_only",
        "non_authoritative_notice": "Reference context only; never an administrative, locality, cadastral, parcel, title, legal, or official boundary.",
        "generated_at": "2026-08-21T00:00:00Z",
        "source_ref": "tfd:source:TG_grand_lome_quartiers.geojson#feature:37",
        "source_place_type": "suburb",
        "source_role": "source_quartier",
        "hierarchy_level": "sublocality",
        "sublocality_class": "suburb",
        "parent_quarter_reference_id": null,
        "parent_quarter_name": null,
        "parent_quarter_relationship": "not_resolved",
        "boundary_replacement_allowed": false,
        "requires_geometry_review": true,
        "dagl_scope_geometry_ref": "official-admin-boundaries/layers/dagl.geojson#autonomous-district.DAGL",
        "dagl_geometry_authority": "derived_from_official_gouv_tg_communes",
        "district_and_capital_city_are_distinct": true
      }
    },
    {
      "type": "Feature",
      "id": "tfd:dagl:source_quartier:osm-rel-6609740",
      "geometry": {
        "type": "Polygon",
        "coordinates": [
          [
            [
              1.2286587,
              6.1280024
            ],
            [
              1.2284608,
              6.128743
            ],
            [
              1.2282696,
              6.1292968
            ],
            [
              1.2277004,
              6.1292008
            ],
            [
              1.2267577,
              6.1291166
            ],
            [
              1.2254556,
              6.1289922
            ],
            [
              1.2244789,
              6.1289018
            ],
            [
              1.221624,
              6.1286175
            ],
            [
              1.2199876,
              6.1284845
            ],
            [
              1.2205691,
              6.1268033
            ],
            [
              1.2206315,
              6.1266228
            ],
            [
              1.2212641,
              6.1247909
            ],
            [
              1.2221264,
              6.1251124
            ],
            [
              1.2220701,
              6.1253031
            ],
            [
              1.222293,
              6.1253787
            ],
            [
              1.2221842,
              6.1259381
            ],
            [
              1.2221694,
              6.1260184
            ],
            [
              1.2232109,
              6.1265104
            ],
            [
              1.224372,
              6.1268441
            ],
            [
              1.2250625,
              6.1270348
            ],
            [
              1.225827,
              6.1272516
            ],
            [
              1.2266154,
              6.1274731
            ],
            [
              1.2273738,
              6.1276808
            ],
            [
              1.227721,
              6.1277682
            ],
            [
              1.2286587,
              6.1280024
            ]
          ]
        ]
      },
      "properties": {
        "record_type": "dagl_source_sublocality_geometry_candidate",
        "record_name": "Kokétimé",
        "autonomous_parent_context_id": "tfd:official:autonomous-district:DAGL",
        "autonomous_parent_context_name": "District Autonome du Grand Lomé (DAGL)",
        "geographic_region": "Maritime",
        "geographic_prefecture": "Golfe",
        "geometry_status": "source_geometry_candidate_review_required",
        "publication_scope": "internal_reference_only",
        "non_authoritative_notice": "Reference context only; never an administrative, locality, cadastral, parcel, title, legal, or official boundary.",
        "generated_at": "2026-08-21T00:00:00Z",
        "source_ref": "tfd:source:TG_grand_lome_quartiers.geojson#feature:38",
        "source_place_type": "suburb",
        "source_role": "source_quartier",
        "hierarchy_level": "sublocality",
        "sublocality_class": "suburb",
        "parent_quarter_reference_id": null,
        "parent_quarter_name": null,
        "parent_quarter_relationship": "not_resolved",
        "boundary_replacement_allowed": false,
        "requires_geometry_review": true,
        "dagl_scope_geometry_ref": "official-admin-boundaries/layers/dagl.geojson#autonomous-district.DAGL",
        "dagl_geometry_authority": "derived_from_official_gouv_tg_communes",
        "district_and_capital_city_are_distinct": true
      }
    },
    {
      "type": "Feature",
      "id": "tfd:dagl:source_quartier:osm-rel-6614158",
      "geometry": {
        "type": "Polygon",
        "coordinates": [
          [
            [
              1.2328305,
              6.1350244
            ],
            [
              1.2327696,
              6.1349786
            ],
            [
              1.2334172,
              6.1345127
            ],
            [
              1.2339469,
              6.1341167
            ],
            [
              1.2345725,
              6.1336503
            ],
            [
              1.2346235,
              6.133707
            ],
            [
              1.2347107,
              6.1338042
            ],
            [
              1.2347349,
              6.1338312
            ],
            [
              1.2348196,
              6.1339255
            ],
            [
              1.2351857,
              6.1343187
            ],
            [
              1.2352465,
              6.1344036
            ],
            [
              1.2357775,
              6.1350144
            ],
            [
              1.2357938,
              6.1350334
            ],
            [
              1.2360728,
              6.1353566
            ],
            [
              1.2365054,
              6.1358426
            ],
            [
              1.2369859,
              6.1363869
            ],
            [
              1.2373611,
              6.1368197
            ],
            [
              1.2375317,
              6.1369977
            ],
            [
              1.2376678,
              6.1371397
            ],
            [
              1.237896,
              6.1373778
            ],
            [
              1.2383947,
              6.1378982
            ],
            [
              1.2384419,
              6.1379599
            ],
            [
              1.2387779,
              6.1383082
            ],
            [
              1.2391691,
              6.1387072
            ],
            [
              1.2396487,
              6.1391921
            ],
            [
              1.2403377,
              6.1399003
            ],
            [
              1.2404342,
              6.1400206
            ],
            [
              1.2405604,
              6.1401279
            ],
            [
              1.2408803,
              6.140469
            ],
            [
              1.2411555,
              6.1407861
            ],
            [
              1.2415678,
              6.1411895
            ],
            [
              1.2421987,
              6.1419264
            ],
            [
              1.2429154,
              6.1426176
            ],
            [
              1.2428517,
              6.1427182
            ],
            [
              1.2420964,
              6.1421317
            ],
            [
              1.241321,
              6.1415201
            ],
            [
              1.2408497,
              6.1411738
            ],
            [
              1.2405374,
              6.1409155
            ],
            [
              1.2402303,
              6.1409075
            ],
            [
              1.2399161,
              6.1408979
            ],
            [
              1.2396197,
              6.1409039
            ],
            [
              1.239557,
              6.1413632
            ],
            [
              1.2389916,
              6.1413298
            ],
            [
              1.2384428,
              6.1413117
            ],
            [
              1.2380053,
              6.1412959
            ],
            [
              1.2375529,
              6.1413014
            ],
            [
              1.2372871,
              6.1413294
            ],
            [
              1.2368627,
              6.1414953
            ],
            [
              1.2364024,
              6.1417076
            ],
            [
              1.2359747,
              6.1418878
            ],
            [
              1.2355162,
              6.1420783
            ],
            [
              1.2355348,
              6.1416239
            ],
            [
              1.2355662,
              6.1412014
            ],
            [
              1.2355387,
              6.1407959
            ],
            [
              1.2353561,
              6.1404103
            ],
            [
              1.235204,
              6.140056
            ],
            [
              1.2350278,
              6.1396654
            ],
            [
              1.2348754,
              6.1393088
            ],
            [
              1.2347257,
              6.1389467
            ],
            [
              1.2345772,
              6.1385947
            ],
            [
              1.234421,
              6.1382446
            ],
            [
              1.2342527,
              6.1378546
            ],
            [
              1.2340958,
              6.1374906
            ],
            [
              1.2339469,
              6.1371266
            ],
            [
              1.233796,
              6.1367726
            ],
            [
              1.2336366,
              6.1363943
            ],
            [
              1.2334774,
              6.1360366
            ],
            [
              1.233434,
              6.1359227
            ],
            [
              1.2334051,
              6.1358218
            ],
            [
              1.2333957,
              6.1357398
            ],
            [
              1.2333984,
              6.1356511
            ],
            [
              1.2334111,
              6.1355358
            ],
            [
              1.2334387,
              6.1354787
            ],
            [
              1.2333539,
              6.1354002
            ],
            [
              1.232958,
              6.1351192
            ],
            [
              1.232942,
              6.1351075
            ],
            [
              1.2328819,
              6.1350631
            ],
            [
              1.2328305,
              6.1350244
            ]
          ]
        ]
      },
      "properties": {
        "record_type": "dagl_source_sublocality_geometry_candidate",
        "record_name": "Kpéhénou",
        "autonomous_parent_context_id": "tfd:official:autonomous-district:DAGL",
        "autonomous_parent_context_name": "District Autonome du Grand Lomé (DAGL)",
        "geographic_region": "Maritime",
        "geographic_prefecture": "Golfe",
        "geometry_status": "source_geometry_candidate_review_required",
        "publication_scope": "internal_reference_only",
        "non_authoritative_notice": "Reference context only; never an administrative, locality, cadastral, parcel, title, legal, or official boundary.",
        "generated_at": "2026-08-21T00:00:00Z",
        "source_ref": "tfd:source:TG_grand_lome_quartiers.geojson#feature:40",
        "source_place_type": "suburb",
        "source_role": "source_quartier",
        "hierarchy_level": "sublocality",
        "sublocality_class": "suburb",
        "parent_quarter_reference_id": null,
        "parent_quarter_name": null,
        "parent_quarter_relationship": "not_resolved",
        "boundary_replacement_allowed": false,
        "requires_geometry_review": true,
        "dagl_scope_geometry_ref": "official-admin-boundaries/layers/dagl.geojson#autonomous-district.DAGL",
        "dagl_geometry_authority": "derived_from_official_gouv_tg_communes",
        "district_and_capital_city_are_distinct": true
      }
    },
    {
      "type": "Feature",
      "id": "tfd:dagl:source_quartier:osm-rel-6614152",
      "geometry": {
        "type": "Polygon",
        "coordinates": [
          [
            [
              1.233803,
              6.1427859
            ],
            [
              1.2332989,
              6.1426314
            ],
            [
              1.2328785,
              6.1424928
            ],
            [
              1.2327772,
              6.1424544
            ],
            [
              1.2327116,
              6.1419948
            ],
            [
              1.2326158,
              6.1416446
            ],
            [
              1.2324784,
              6.1412139
            ],
            [
              1.2323596,
              6.1408312
            ],
            [
              1.2322564,
              6.1404625
            ],
            [
              1.2321533,
              6.1400937
            ],
            [
              1.2320457,
              6.1397081
            ],
            [
              1.2319324,
              6.1393024
            ],
            [
              1.2318286,
              6.1389088
            ],
            [
              1.2317142,
              6.1385212
            ],
            [
              1.2316099,
              6.138148
            ],
            [
              1.2315099,
              6.1377739
            ],
            [
              1.2314182,
              6.1374733
            ],
            [
              1.2312816,
              6.136986
            ],
            [
              1.2311004,
              6.1363865
            ],
            [
              1.230975,
              6.1359949
            ],
            [
              1.230947,
              6.1358867
            ],
            [
              1.230929,
              6.1358172
            ],
            [
              1.2318196,
              6.1354725
            ],
            [
              1.2324098,
              6.1352205
            ],
            [
              1.2325002,
              6.1351725
            ],
            [
              1.2326154,
              6.1350925
            ],
            [
              1.2327696,
              6.1349786
            ],
            [
              1.2328305,
              6.1350244
            ],
            [
              1.2328819,
              6.1350631
            ],
            [
              1.232942,
              6.1351075
            ],
            [
              1.232958,
              6.1351192
            ],
            [
              1.2333539,
              6.1354002
            ],
            [
              1.2334387,
              6.1354787
            ],
            [
              1.2334111,
              6.1355358
            ],
            [
              1.2333984,
              6.1356511
            ],
            [
              1.2333957,
              6.1357398
            ],
            [
              1.2334051,
              6.1358218
            ],
            [
              1.233434,
              6.1359227
            ],
            [
              1.2334774,
              6.1360366
            ],
            [
              1.2336366,
              6.1363943
            ],
            [
              1.233796,
              6.1367726
            ],
            [
              1.2339469,
              6.1371266
            ],
            [
              1.2340958,
              6.1374906
            ],
            [
              1.2342527,
              6.1378546
            ],
            [
              1.234421,
              6.1382446
            ],
            [
              1.2345772,
              6.1385947
            ],
            [
              1.2347257,
              6.1389467
            ],
            [
              1.2348754,
              6.1393088
            ],
            [
              1.2350278,
              6.1396654
            ],
            [
              1.235204,
              6.140056
            ],
            [
              1.2353561,
              6.1404103
            ],
            [
              1.2355387,
              6.1407959
            ],
            [
              1.2355662,
              6.1412014
            ],
            [
              1.2355348,
              6.1416239
            ],
            [
              1.2355162,
              6.1420783
            ],
            [
              1.2347207,
              6.1424033
            ],
            [
              1.233803,
              6.1427859
            ]
          ]
        ]
      },
      "properties": {
        "record_type": "dagl_source_sublocality_geometry_candidate",
        "record_name": "Lom-Nava",
        "autonomous_parent_context_id": "tfd:official:autonomous-district:DAGL",
        "autonomous_parent_context_name": "District Autonome du Grand Lomé (DAGL)",
        "geographic_region": "Maritime",
        "geographic_prefecture": "Golfe",
        "geometry_status": "source_geometry_candidate_review_required",
        "publication_scope": "internal_reference_only",
        "non_authoritative_notice": "Reference context only; never an administrative, locality, cadastral, parcel, title, legal, or official boundary.",
        "generated_at": "2026-08-21T00:00:00Z",
        "source_ref": "tfd:source:TG_grand_lome_quartiers.geojson#feature:42",
        "source_place_type": "suburb",
        "source_role": "source_quartier",
        "hierarchy_level": "sublocality",
        "sublocality_class": "suburb",
        "parent_quarter_reference_id": null,
        "parent_quarter_name": null,
        "parent_quarter_relationship": "not_resolved",
        "boundary_replacement_allowed": false,
        "requires_geometry_review": true,
        "dagl_scope_geometry_ref": "official-admin-boundaries/layers/dagl.geojson#autonomous-district.DAGL",
        "dagl_geometry_authority": "derived_from_official_gouv_tg_communes",
        "district_and_capital_city_are_distinct": true
      }
    },
    {
      "type": "Feature",
      "id": "tfd:dagl:source_quartier:osm-rel-6612114",
      "geometry": {
        "type": "Polygon",
        "coordinates": [
          [
            [
              1.2317982,
              6.1495546
            ],
            [
              1.2312898,
              6.1495517
            ],
            [
              1.2310921,
              6.1495488
            ],
            [
              1.2308585,
              6.1495442
            ],
            [
              1.230579,
              6.1495389
            ],
            [
              1.2300517,
              6.1494855
            ],
            [
              1.2300483,
              6.1493175
            ],
            [
              1.230047,
              6.1490761
            ],
            [
              1.2300346,
              6.1489278
            ],
            [
              1.2299612,
              6.1461942
            ],
            [
              1.2310837,
              6.1467492
            ],
            [
              1.2315594,
              6.1469578
            ],
            [
              1.2324634,
              6.1473072
            ],
            [
              1.2354688,
              6.1480032
            ],
            [
              1.2394622,
              6.149041
            ],
            [
              1.2422084,
              6.149834
            ],
            [
              1.2442047,
              6.1502713
            ],
            [
              1.2445107,
              6.1503347
            ],
            [
              1.2445379,
              6.1505601
            ],
            [
              1.2445558,
              6.1506941
            ],
            [
              1.244718,
              6.1513653
            ],
            [
              1.2447542,
              6.15161
            ],
            [
              1.2447515,
              6.1517026
            ],
            [
              1.2447502,
              6.1517253
            ],
            [
              1.2447401,
              6.15202
            ],
            [
              1.2446522,
              6.1523324
            ],
            [
              1.2443713,
              6.1523344
            ],
            [
              1.2442578,
              6.1523594
            ],
            [
              1.2440081,
              6.1524234
            ],
            [
              1.2439246,
              6.1524581
            ],
            [
              1.2438429,
              6.1525038
            ],
            [
              1.2436999,
              6.1525941
            ],
            [
              1.2435502,
              6.1526811
            ],
            [
              1.2433095,
              6.1528201
            ],
            [
              1.2431179,
              6.1529168
            ],
            [
              1.2428187,
              6.15301
            ],
            [
              1.242643,
              6.1530473
            ],
            [
              1.2423325,
              6.1531057
            ],
            [
              1.2422443,
              6.1531412
            ],
            [
              1.2422064,
              6.153152
            ],
            [
              1.2421974,
              6.1531307
            ],
            [
              1.242178,
              6.153098
            ],
            [
              1.2421429,
              6.1530513
            ],
            [
              1.2421089,
              6.1530247
            ],
            [
              1.2420197,
              6.1529727
            ],
            [
              1.2419298,
              6.15292
            ],
            [
              1.241842,
              6.152868
            ],
            [
              1.2417669,
              6.152902
            ],
            [
              1.241671,
              6.152858
            ],
            [
              1.2414913,
              6.152794
            ],
            [
              1.2409833,
              6.1526034
            ],
            [
              1.2408167,
              6.1525393
            ],
            [
              1.2401744,
              6.1522975
            ],
            [
              1.2398522,
              6.1521487
            ],
            [
              1.2397754,
              6.1521162
            ],
            [
              1.239719,
              6.1520924
            ],
            [
              1.2394357,
              6.151996
            ],
            [
              1.2389452,
              6.151811
            ],
            [
              1.2377369,
              6.1513553
            ],
            [
              1.2371307,
              6.1511277
            ],
            [
              1.2365091,
              6.1508726
            ],
            [
              1.2363844,
              6.1508233
            ],
            [
              1.2358828,
              6.1506046
            ],
            [
              1.2353598,
              6.1503713
            ],
            [
              1.2346557,
              6.1500366
            ],
            [
              1.2343499,
              6.1499086
            ],
            [
              1.2340146,
              6.1497819
            ],
            [
              1.2338229,
              6.1497219
            ],
            [
              1.2336176,
              6.1496592
            ],
            [
              1.2333903,
              6.1496158
            ],
            [
              1.2331292,
              6.1495692
            ],
            [
              1.2329499,
              6.1495585
            ],
            [
              1.2327387,
              6.1495519
            ],
            [
              1.2319517,
              6.1495599
            ],
            [
              1.2319156,
              6.1495583
            ],
            [
              1.2317982,
              6.1495546
            ]
          ]
        ]
      },
      "properties": {
        "record_type": "dagl_source_sublocality_geometry_candidate",
        "record_name": "N'tifafakomé",
        "autonomous_parent_context_id": "tfd:official:autonomous-district:DAGL",
        "autonomous_parent_context_name": "District Autonome du Grand Lomé (DAGL)",
        "geographic_region": "Maritime",
        "geographic_prefecture": "Golfe",
        "geometry_status": "source_geometry_candidate_review_required",
        "publication_scope": "internal_reference_only",
        "non_authoritative_notice": "Reference context only; never an administrative, locality, cadastral, parcel, title, legal, or official boundary.",
        "generated_at": "2026-08-21T00:00:00Z",
        "source_ref": "tfd:source:TG_grand_lome_quartiers.geojson#feature:44",
        "source_place_type": "suburb",
        "source_role": "source_quartier",
        "hierarchy_level": "sublocality",
        "sublocality_class": "suburb",
        "parent_quarter_reference_id": null,
        "parent_quarter_name": null,
        "parent_quarter_relationship": "not_resolved",
        "boundary_replacement_allowed": false,
        "requires_geometry_review": true,
        "dagl_scope_geometry_ref": "official-admin-boundaries/layers/dagl.geojson#autonomous-district.DAGL",
        "dagl_geometry_authority": "derived_from_official_gouv_tg_communes",
        "district_and_capital_city_are_distinct": true
      }
    },
    {
      "type": "Feature",
      "id": "tfd:dagl:source_quartier:osm-rel-6609741",
      "geometry": {
        "type": "Polygon",
        "coordinates": [
          [
            [
              1.2108055,
              6.1371775
            ],
            [
              1.2092553,
              6.1368115
            ],
            [
              1.208106,
              6.1365252
            ],
            [
              1.2058896,
              6.1359529
            ],
            [
              1.201593,
              6.1347494
            ],
            [
              1.199519,
              6.1341899
            ],
            [
              1.1995367,
              6.1292601
            ],
            [
              1.1994166,
              6.1244307
            ],
            [
              1.1994194,
              6.1234668
            ],
            [
              1.2045781,
              6.1249305
            ],
            [
              1.2055605,
              6.12524
            ],
            [
              1.2061959,
              6.1254317
            ],
            [
              1.2068108,
              6.1255992
            ],
            [
              1.2075082,
              6.1257833
            ],
            [
              1.2080727,
              6.1259162
            ],
            [
              1.2092099,
              6.1262448
            ],
            [
              1.2092266,
              6.1267239
            ],
            [
              1.209354,
              6.1270617
            ],
            [
              1.2098071,
              6.1278359
            ],
            [
              1.210069,
              6.1281807
            ],
            [
              1.2103981,
              6.1285185
            ],
            [
              1.2112581,
              6.1293948
            ],
            [
              1.2118569,
              6.1299914
            ],
            [
              1.2122487,
              6.1303838
            ],
            [
              1.2122053,
              6.1305896
            ],
            [
              1.2121892,
              6.1306698
            ],
            [
              1.2121641,
              6.130829
            ],
            [
              1.2121418,
              6.1309053
            ],
            [
              1.2120379,
              6.1313922
            ],
            [
              1.211918,
              6.132013
            ],
            [
              1.2117893,
              6.1325959
            ],
            [
              1.2116804,
              6.1331355
            ],
            [
              1.2115649,
              6.1337546
            ],
            [
              1.2113982,
              6.1344804
            ],
            [
              1.211303,
              6.1349264
            ],
            [
              1.2111863,
              6.1353224
            ],
            [
              1.2108055,
              6.1371775
            ]
          ]
        ]
      },
      "properties": {
        "record_type": "dagl_source_sublocality_geometry_candidate",
        "record_name": "Nyékonakpoé",
        "autonomous_parent_context_id": "tfd:official:autonomous-district:DAGL",
        "autonomous_parent_context_name": "District Autonome du Grand Lomé (DAGL)",
        "geographic_region": "Maritime",
        "geographic_prefecture": "Golfe",
        "geometry_status": "source_geometry_candidate_review_required",
        "publication_scope": "internal_reference_only",
        "non_authoritative_notice": "Reference context only; never an administrative, locality, cadastral, parcel, title, legal, or official boundary.",
        "generated_at": "2026-08-21T00:00:00Z",
        "source_ref": "tfd:source:TG_grand_lome_quartiers.geojson#feature:45",
        "source_place_type": "suburb",
        "source_role": "source_quartier",
        "hierarchy_level": "sublocality",
        "sublocality_class": "suburb",
        "parent_quarter_reference_id": null,
        "parent_quarter_name": null,
        "parent_quarter_relationship": "not_resolved",
        "boundary_replacement_allowed": false,
        "requires_geometry_review": true,
        "dagl_scope_geometry_ref": "official-admin-boundaries/layers/dagl.geojson#autonomous-district.DAGL",
        "dagl_geometry_authority": "derived_from_official_gouv_tg_communes",
        "district_and_capital_city_are_distinct": true
      }
    },
    {
      "type": "Feature",
      "id": "tfd:dagl:source_quartier:osm-rel-6609742",
      "geometry": {
        "type": "Polygon",
        "coordinates": [
          [
            [
              1.2122487,
              6.1303838
            ],
            [
              1.2136475,
              6.1318093
            ],
            [
              1.2141499,
              6.1323431
            ],
            [
              1.2147781,
              6.1329411
            ],
            [
              1.2151122,
              6.1332756
            ],
            [
              1.2155556,
              6.1337097
            ],
            [
              1.2175193,
              6.1351063
            ],
            [
              1.2173169,
              6.1359449
            ],
            [
              1.2172021,
              6.1364189
            ],
            [
              1.217088,
              6.1368896
            ],
            [
              1.2169986,
              6.1374332
            ],
            [
              1.2168689,
              6.1379585
            ],
            [
              1.216767,
              6.1385371
            ],
            [
              1.2166475,
              6.1389775
            ],
            [
              1.2165936,
              6.1391299
            ],
            [
              1.2157636,
              6.1388493
            ],
            [
              1.2138828,
              6.1381821
            ],
            [
              1.212745,
              6.1378265
            ],
            [
              1.2110831,
              6.1372307
            ],
            [
              1.2108055,
              6.1371775
            ],
            [
              1.2111863,
              6.1353224
            ],
            [
              1.211303,
              6.1349264
            ],
            [
              1.2113982,
              6.1344804
            ],
            [
              1.2115649,
              6.1337546
            ],
            [
              1.2116804,
              6.1331355
            ],
            [
              1.2117893,
              6.1325959
            ],
            [
              1.211918,
              6.132013
            ],
            [
              1.2120379,
              6.1313922
            ],
            [
              1.2121418,
              6.1309053
            ],
            [
              1.2121641,
              6.130829
            ],
            [
              1.2121892,
              6.1306698
            ],
            [
              1.2122053,
              6.1305896
            ],
            [
              1.2122487,
              6.1303838
            ]
          ]
        ]
      },
      "properties": {
        "record_type": "dagl_source_sublocality_geometry_candidate",
        "record_name": "Octaviano-Nétimé",
        "autonomous_parent_context_id": "tfd:official:autonomous-district:DAGL",
        "autonomous_parent_context_name": "District Autonome du Grand Lomé (DAGL)",
        "geographic_region": "Maritime",
        "geographic_prefecture": "Golfe",
        "geometry_status": "source_geometry_candidate_review_required",
        "publication_scope": "internal_reference_only",
        "non_authoritative_notice": "Reference context only; never an administrative, locality, cadastral, parcel, title, legal, or official boundary.",
        "generated_at": "2026-08-21T00:00:00Z",
        "source_ref": "tfd:source:TG_grand_lome_quartiers.geojson#feature:46",
        "source_place_type": "suburb",
        "source_role": "source_quartier",
        "hierarchy_level": "sublocality",
        "sublocality_class": "suburb",
        "parent_quarter_reference_id": null,
        "parent_quarter_name": null,
        "parent_quarter_relationship": "not_resolved",
        "boundary_replacement_allowed": false,
        "requires_geometry_review": true,
        "dagl_scope_geometry_ref": "official-admin-boundaries/layers/dagl.geojson#autonomous-district.DAGL",
        "dagl_geometry_authority": "derived_from_official_gouv_tg_communes",
        "district_and_capital_city_are_distinct": true
      }
    },
    {
      "type": "Feature",
      "id": "tfd:dagl:source_quartier:osm-rel-6609743",
      "geometry": {
        "type": "Polygon",
        "coordinates": [
          [
            [
              1.2092099,
              6.1262448
            ],
            [
              1.209598,
              6.1248254
            ],
            [
              1.2098022,
              6.124099
            ],
            [
              1.2103239,
              6.1221881
            ],
            [
              1.2103943,
              6.1219568
            ],
            [
              1.2105552,
              6.1213714
            ],
            [
              1.2111956,
              6.1190612
            ],
            [
              1.2114531,
              6.1181451
            ],
            [
              1.2115222,
              6.1180111
            ],
            [
              1.211618,
              6.1177983
            ],
            [
              1.2119374,
              6.1169289
            ],
            [
              1.2132114,
              6.1174196
            ],
            [
              1.2133241,
              6.1174516
            ],
            [
              1.2135869,
              6.1175343
            ],
            [
              1.21389,
              6.1176223
            ],
            [
              1.2151802,
              6.118073
            ],
            [
              1.2159553,
              6.1183344
            ],
            [
              1.2166098,
              6.1185264
            ],
            [
              1.217173,
              6.1186571
            ],
            [
              1.2181735,
              6.1188864
            ],
            [
              1.2190184,
              6.1191371
            ],
            [
              1.2205687,
              6.1197332
            ],
            [
              1.2223128,
              6.1204475
            ],
            [
              1.2226287,
              6.1205826
            ],
            [
              1.222158,
              6.1220892
            ],
            [
              1.2219904,
              6.1226181
            ],
            [
              1.2216981,
              6.1235438
            ],
            [
              1.2216384,
              6.1237079
            ],
            [
              1.221429,
              6.1243148
            ],
            [
              1.22142,
              6.1243408
            ],
            [
              1.2214159,
              6.1243525
            ],
            [
              1.2212641,
              6.1247909
            ],
            [
              1.2206315,
              6.1266228
            ],
            [
              1.2205691,
              6.1268033
            ],
            [
              1.2199876,
              6.1284845
            ],
            [
              1.2196179,
              6.1295039
            ],
            [
              1.2194597,
              6.130065
            ],
            [
              1.2192837,
              6.1305833
            ],
            [
              1.2191211,
              6.1309089
            ],
            [
              1.2189963,
              6.1310617
            ],
            [
              1.2186443,
              6.1321515
            ],
            [
              1.2184227,
              6.1326399
            ],
            [
              1.218338,
              6.133774
            ],
            [
              1.2178942,
              6.1337522
            ],
            [
              1.2175193,
              6.1351063
            ],
            [
              1.2155556,
              6.1337097
            ],
            [
              1.2151122,
              6.1332756
            ],
            [
              1.2147781,
              6.1329411
            ],
            [
              1.2141499,
              6.1323431
            ],
            [
              1.2136475,
              6.1318093
            ],
            [
              1.2122487,
              6.1303838
            ],
            [
              1.2118569,
              6.1299914
            ],
            [
              1.2112581,
              6.1293948
            ],
            [
              1.2103981,
              6.1285185
            ],
            [
              1.210069,
              6.1281807
            ],
            [
              1.2098071,
              6.1278359
            ],
            [
              1.209354,
              6.1270617
            ],
            [
              1.2092266,
              6.1267239
            ],
            [
              1.2092099,
              6.1262448
            ]
          ]
        ]
      },
      "properties": {
        "record_type": "dagl_source_sublocality_geometry_candidate",
        "record_name": "Quartier Administratif",
        "autonomous_parent_context_id": "tfd:official:autonomous-district:DAGL",
        "autonomous_parent_context_name": "District Autonome du Grand Lomé (DAGL)",
        "geographic_region": "Maritime",
        "geographic_prefecture": "Golfe",
        "geometry_status": "source_geometry_candidate_review_required",
        "publication_scope": "internal_reference_only",
        "non_authoritative_notice": "Reference context only; never an administrative, locality, cadastral, parcel, title, legal, or official boundary.",
        "generated_at": "2026-08-21T00:00:00Z",
        "source_ref": "tfd:source:TG_grand_lome_quartiers.geojson#feature:47",
        "source_place_type": "suburb",
        "source_role": "source_quartier",
        "hierarchy_level": "sublocality",
        "sublocality_class": "suburb",
        "parent_quarter_reference_id": null,
        "parent_quarter_name": null,
        "parent_quarter_relationship": "not_resolved",
        "boundary_replacement_allowed": false,
        "requires_geometry_review": true,
        "dagl_scope_geometry_ref": "official-admin-boundaries/layers/dagl.geojson#autonomous-district.DAGL",
        "dagl_geometry_authority": "derived_from_official_gouv_tg_communes",
        "district_and_capital_city_are_distinct": true
      }
    },
    {
      "type": "Feature",
      "id": "tfd:dagl:source_quartier:osm-rel-6610758",
      "geometry": {
        "type": "Polygon",
        "coordinates": [
          [
            [
              1.2341653,
              6.1792955
            ],
            [
              1.2337615,
              6.1791956
            ],
            [
              1.2285291,
              6.1777356
            ],
            [
              1.2246721,
              6.1766743
            ],
            [
              1.2242289,
              6.1765503
            ],
            [
              1.2232573,
              6.1762889
            ],
            [
              1.22223,
              6.1760169
            ],
            [
              1.2202579,
              6.1754943
            ],
            [
              1.2182952,
              6.1749583
            ],
            [
              1.2180935,
              6.1748841
            ],
            [
              1.218148,
              6.1747636
            ],
            [
              1.2183445,
              6.174391
            ],
            [
              1.218437,
              6.1742157
            ],
            [
              1.2185403,
              6.1740237
            ],
            [
              1.2186483,
              6.1738223
            ],
            [
              1.2188206,
              6.173479
            ],
            [
              1.2189453,
              6.173221
            ],
            [
              1.2191277,
              6.172861
            ],
            [
              1.2192866,
              6.1725677
            ],
            [
              1.2194543,
              6.172253
            ],
            [
              1.2195669,
              6.1720437
            ],
            [
              1.2197937,
              6.1715759
            ],
            [
              1.2200799,
              6.1710297
            ],
            [
              1.220208,
              6.1707963
            ],
            [
              1.2204058,
              6.1704477
            ],
            [
              1.2205707,
              6.170123
            ],
            [
              1.2207055,
              6.1698563
            ],
            [
              1.2208101,
              6.1696397
            ],
            [
              1.2209526,
              6.169341
            ],
            [
              1.2210388,
              6.1691517
            ],
            [
              1.2212232,
              6.1687257
            ],
            [
              1.2214015,
              6.1683357
            ],
            [
              1.2215625,
              6.167932
            ],
            [
              1.2216129,
              6.1679495
            ],
            [
              1.2230064,
              6.168336
            ],
            [
              1.2234108,
              6.1684491
            ],
            [
              1.223631,
              6.1685047
            ],
            [
              1.2242504,
              6.1686649
            ],
            [
              1.2248567,
              6.1688144
            ],
            [
              1.2255291,
              6.1690102
            ],
            [
              1.2261364,
              6.1691782
            ],
            [
              1.2261815,
              6.1691852
            ],
            [
              1.2262105,
              6.1691895
            ],
            [
              1.2268064,
              6.1693529
            ],
            [
              1.2275906,
              6.1695716
            ],
            [
              1.2282102,
              6.1697585
            ],
            [
              1.2285128,
              6.1698465
            ],
            [
              1.228843,
              6.1699423
            ],
            [
              1.229588,
              6.1701671
            ],
            [
              1.2296279,
              6.1701811
            ],
            [
              1.2296973,
              6.1702037
            ],
            [
              1.2302857,
              6.170371
            ],
            [
              1.2307906,
              6.170513
            ],
            [
              1.2313446,
              6.1706735
            ],
            [
              1.2315778,
              6.170741
            ],
            [
              1.2321746,
              6.170913
            ],
            [
              1.2327661,
              6.1710703
            ],
            [
              1.2329819,
              6.1711345
            ],
            [
              1.2332985,
              6.1712264
            ],
            [
              1.2337746,
              6.1713657
            ],
            [
              1.2340488,
              6.1714484
            ],
            [
              1.2343358,
              6.1715183
            ],
            [
              1.234532,
              6.1715574
            ],
            [
              1.2345861,
              6.17161
            ],
            [
              1.2345831,
              6.1716851
            ],
            [
              1.2345216,
              6.1727717
            ],
            [
              1.2344954,
              6.1734377
            ],
            [
              1.2344236,
              6.1747037
            ],
            [
              1.234372,
              6.1756723
            ],
            [
              1.2343231,
              6.1765996
            ],
            [
              1.2342819,
              6.1771816
            ],
            [
              1.2342614,
              6.1774983
            ],
            [
              1.2342547,
              6.1779749
            ],
            [
              1.2342239,
              6.1785349
            ],
            [
              1.2341661,
              6.1792266
            ],
            [
              1.2341653,
              6.1792955
            ]
          ]
        ]
      },
      "properties": {
        "record_type": "dagl_source_sublocality_geometry_candidate",
        "record_name": "Résidence du Bénin",
        "autonomous_parent_context_id": "tfd:official:autonomous-district:DAGL",
        "autonomous_parent_context_name": "District Autonome du Grand Lomé (DAGL)",
        "geographic_region": "Maritime",
        "geographic_prefecture": "Golfe",
        "geometry_status": "source_geometry_candidate_review_required",
        "publication_scope": "internal_reference_only",
        "non_authoritative_notice": "Reference context only; never an administrative, locality, cadastral, parcel, title, legal, or official boundary.",
        "generated_at": "2026-08-21T00:00:00Z",
        "source_ref": "tfd:source:TG_grand_lome_quartiers.geojson#feature:48",
        "source_place_type": "suburb",
        "source_role": "source_quartier",
        "hierarchy_level": "sublocality",
        "sublocality_class": "suburb",
        "parent_quarter_reference_id": null,
        "parent_quarter_name": null,
        "parent_quarter_relationship": "not_resolved",
        "boundary_replacement_allowed": false,
        "requires_geometry_review": true,
        "dagl_scope_geometry_ref": "official-admin-boundaries/layers/dagl.geojson#autonomous-district.DAGL",
        "dagl_geometry_authority": "derived_from_official_gouv_tg_communes",
        "district_and_capital_city_are_distinct": true
      }
    },
    {
      "type": "Feature",
      "id": "tfd:dagl:source_quartier:osm-rel-6611973",
      "geometry": {
        "type": "Polygon",
        "coordinates": [
          [
            [
              1.2300517,
              6.1494855
            ],
            [
              1.230579,
              6.1495389
            ],
            [
              1.2308585,
              6.1495442
            ],
            [
              1.2310921,
              6.1495488
            ],
            [
              1.2312898,
              6.1495517
            ],
            [
              1.2317982,
              6.1495546
            ],
            [
              1.2319156,
              6.1495583
            ],
            [
              1.2319517,
              6.1495599
            ],
            [
              1.2327387,
              6.1495519
            ],
            [
              1.2329499,
              6.1495585
            ],
            [
              1.2331292,
              6.1495692
            ],
            [
              1.2333903,
              6.1496158
            ],
            [
              1.2336176,
              6.1496592
            ],
            [
              1.2338229,
              6.1497219
            ],
            [
              1.2340146,
              6.1497819
            ],
            [
              1.2343499,
              6.1499086
            ],
            [
              1.2346557,
              6.1500366
            ],
            [
              1.2353598,
              6.1503713
            ],
            [
              1.2358828,
              6.1506046
            ],
            [
              1.2363844,
              6.1508233
            ],
            [
              1.2365091,
              6.1508726
            ],
            [
              1.2371307,
              6.1511277
            ],
            [
              1.2377369,
              6.1513553
            ],
            [
              1.2389452,
              6.151811
            ],
            [
              1.2394357,
              6.151996
            ],
            [
              1.239719,
              6.1520924
            ],
            [
              1.2397754,
              6.1521162
            ],
            [
              1.2394799,
              6.1522691
            ],
            [
              1.2390221,
              6.152491
            ],
            [
              1.2384852,
              6.152756
            ],
            [
              1.2378701,
              6.1530476
            ],
            [
              1.2374238,
              6.1532634
            ],
            [
              1.2361594,
              6.1538748
            ],
            [
              1.2356034,
              6.1541437
            ],
            [
              1.2350556,
              6.1544086
            ],
            [
              1.2329649,
              6.1554196
            ],
            [
              1.2329132,
              6.1554347
            ],
            [
              1.2327627,
              6.1555201
            ],
            [
              1.23187,
              6.1559604
            ],
            [
              1.2302234,
              6.1567486
            ],
            [
              1.2295473,
              6.1570722
            ],
            [
              1.2286158,
              6.1573909
            ],
            [
              1.2282158,
              6.1574957
            ],
            [
              1.2277191,
              6.1576053
            ],
            [
              1.2271781,
              6.1576756
            ],
            [
              1.2268496,
              6.1577108
            ],
            [
              1.2266664,
              6.1577286
            ],
            [
              1.2264656,
              6.1577401
            ],
            [
              1.2264344,
              6.1577429
            ],
            [
              1.2264164,
              6.1577423
            ],
            [
              1.2265816,
              6.1574415
            ],
            [
              1.2267747,
              6.1570781
            ],
            [
              1.2270872,
              6.1565515
            ],
            [
              1.2271757,
              6.1563928
            ],
            [
              1.2274197,
              6.1559395
            ],
            [
              1.2274653,
              6.1558121
            ],
            [
              1.2275411,
              6.1556654
            ],
            [
              1.2277007,
              6.1553548
            ],
            [
              1.2278663,
              6.1550574
            ],
            [
              1.2281808,
              6.1544841
            ],
            [
              1.2285724,
              6.1537947
            ],
            [
              1.2292198,
              6.1525943
            ],
            [
              1.2298508,
              6.1514536
            ],
            [
              1.2299756,
              6.151187
            ],
            [
              1.230046,
              6.1509129
            ],
            [
              1.2300835,
              6.1506596
            ],
            [
              1.2300654,
              6.1496826
            ],
            [
              1.2300517,
              6.1494855
            ]
          ]
        ]
      },
      "properties": {
        "record_type": "dagl_source_sublocality_geometry_candidate",
        "record_name": "Saint-Joseph",
        "autonomous_parent_context_id": "tfd:official:autonomous-district:DAGL",
        "autonomous_parent_context_name": "District Autonome du Grand Lomé (DAGL)",
        "geographic_region": "Maritime",
        "geographic_prefecture": "Golfe",
        "geometry_status": "source_geometry_candidate_review_required",
        "publication_scope": "internal_reference_only",
        "non_authoritative_notice": "Reference context only; never an administrative, locality, cadastral, parcel, title, legal, or official boundary.",
        "generated_at": "2026-08-21T00:00:00Z",
        "source_ref": "tfd:source:TG_grand_lome_quartiers.geojson#feature:49",
        "source_place_type": "suburb",
        "source_role": "source_quartier",
        "hierarchy_level": "sublocality",
        "sublocality_class": "suburb",
        "parent_quarter_reference_id": null,
        "parent_quarter_name": null,
        "parent_quarter_relationship": "not_resolved",
        "boundary_replacement_allowed": false,
        "requires_geometry_review": true,
        "dagl_scope_geometry_ref": "official-admin-boundaries/layers/dagl.geojson#autonomous-district.DAGL",
        "dagl_geometry_authority": "derived_from_official_gouv_tg_communes",
        "district_and_capital_city_are_distinct": true
      }
    },
    {
      "type": "Feature",
      "id": "tfd:dagl:source_quartier:osm-rel-6609744",
      "geometry": {
        "type": "Polygon",
        "coordinates": [
          [
            [
              1.2199876,
              6.1284845
            ],
            [
              1.221624,
              6.1286175
            ],
            [
              1.2244789,
              6.1289018
            ],
            [
              1.2254556,
              6.1289922
            ],
            [
              1.2267577,
              6.1291166
            ],
            [
              1.2277004,
              6.1292008
            ],
            [
              1.2282696,
              6.1292968
            ],
            [
              1.228142,
              6.1297567
            ],
            [
              1.2280192,
              6.1302821
            ],
            [
              1.2279475,
              6.1305474
            ],
            [
              1.2280612,
              6.1311309
            ],
            [
              1.2281017,
              6.1313328
            ],
            [
              1.2282002,
              6.1319092
            ],
            [
              1.2283022,
              6.1324823
            ],
            [
              1.2281875,
              6.1324316
            ],
            [
              1.2280608,
              6.1323903
            ],
            [
              1.2275934,
              6.1322329
            ],
            [
              1.2271221,
              6.1320676
            ],
            [
              1.226259,
              6.1317708
            ],
            [
              1.224982,
              6.1313435
            ],
            [
              1.2238502,
              6.1309583
            ],
            [
              1.2221513,
              6.1303842
            ],
            [
              1.2220743,
              6.1303593
            ],
            [
              1.2212536,
              6.1300819
            ],
            [
              1.221136,
              6.1300387
            ],
            [
              1.2210048,
              6.1299976
            ],
            [
              1.220672,
              6.1298811
            ],
            [
              1.2197914,
              6.1295741
            ],
            [
              1.2196507,
              6.1295363
            ],
            [
              1.2196179,
              6.1295039
            ],
            [
              1.2199876,
              6.1284845
            ]
          ]
        ]
      },
      "properties": {
        "record_type": "dagl_source_sublocality_geometry_candidate",
        "record_name": "Sanguéra",
        "autonomous_parent_context_id": "tfd:official:autonomous-district:DAGL",
        "autonomous_parent_context_name": "District Autonome du Grand Lomé (DAGL)",
        "geographic_region": "Maritime",
        "geographic_prefecture": "Golfe",
        "geometry_status": "source_geometry_candidate_review_required",
        "publication_scope": "internal_reference_only",
        "non_authoritative_notice": "Reference context only; never an administrative, locality, cadastral, parcel, title, legal, or official boundary.",
        "generated_at": "2026-08-21T00:00:00Z",
        "source_ref": "tfd:source:TG_grand_lome_quartiers.geojson#feature:50",
        "source_place_type": "suburb",
        "source_role": "source_quartier",
        "hierarchy_level": "sublocality",
        "sublocality_class": "suburb",
        "parent_quarter_reference_id": null,
        "parent_quarter_name": null,
        "parent_quarter_relationship": "not_resolved",
        "boundary_replacement_allowed": false,
        "requires_geometry_review": true,
        "dagl_scope_geometry_ref": "official-admin-boundaries/layers/dagl.geojson#autonomous-district.DAGL",
        "dagl_geometry_authority": "derived_from_official_gouv_tg_communes",
        "district_and_capital_city_are_distinct": true
      }
    },
    {
      "type": "Feature",
      "id": "tfd:dagl:source_quartier:osm-rel-6614216",
      "geometry": {
        "type": "Polygon",
        "coordinates": [
          [
            [
              1.2372038,
              6.1306714
            ],
            [
              1.2391462,
              6.1314007
            ],
            [
              1.2403966,
              6.1318699
            ],
            [
              1.2415894,
              6.1323073
            ],
            [
              1.2427583,
              6.1327479
            ],
            [
              1.2434096,
              6.1329771
            ],
            [
              1.2437598,
              6.1331023
            ],
            [
              1.2443384,
              6.1333127
            ],
            [
              1.2447409,
              6.133461
            ],
            [
              1.2453733,
              6.1337123
            ],
            [
              1.2461598,
              6.134005
            ],
            [
              1.2462782,
              6.1340528
            ],
            [
              1.2469368,
              6.1343024
            ],
            [
              1.2489993,
              6.1350462
            ],
            [
              1.2489689,
              6.1352779
            ],
            [
              1.2489927,
              6.1358143
            ],
            [
              1.2489911,
              6.1360063
            ],
            [
              1.2489726,
              6.136738
            ],
            [
              1.249,
              6.1368431
            ],
            [
              1.2489895,
              6.1369317
            ],
            [
              1.2489713,
              6.1369929
            ],
            [
              1.2487492,
              6.1372642
            ],
            [
              1.2484021,
              6.1376837
            ],
            [
              1.2480585,
              6.1381497
            ],
            [
              1.2477536,
              6.138592
            ],
            [
              1.2474183,
              6.1390267
            ],
            [
              1.2470692,
              6.1394739
            ],
            [
              1.2467398,
              6.1398976
            ],
            [
              1.2463907,
              6.1403521
            ],
            [
              1.2460506,
              6.1407855
            ],
            [
              1.2457177,
              6.141175
            ],
            [
              1.2456781,
              6.141211
            ],
            [
              1.2456756,
              6.1412136
            ],
            [
              1.2454011,
              6.1415512
            ],
            [
              1.2453227,
              6.1416488
            ],
            [
              1.2449834,
              6.1420944
            ],
            [
              1.2446175,
              6.1425479
            ],
            [
              1.2442951,
              6.1429781
            ],
            [
              1.243959,
              6.1434434
            ],
            [
              1.2439113,
              6.143506
            ],
            [
              1.2434684,
              6.1431932
            ],
            [
              1.2430455,
              6.1428678
            ],
            [
              1.2430129,
              6.1428432
            ],
            [
              1.2428517,
              6.1427182
            ],
            [
              1.2429154,
              6.1426176
            ],
            [
              1.2421987,
              6.1419264
            ],
            [
              1.2415678,
              6.1411895
            ],
            [
              1.2411555,
              6.1407861
            ],
            [
              1.2408803,
              6.140469
            ],
            [
              1.2405604,
              6.1401279
            ],
            [
              1.2404342,
              6.1400206
            ],
            [
              1.2403377,
              6.1399003
            ],
            [
              1.2396487,
              6.1391921
            ],
            [
              1.2391691,
              6.1387072
            ],
            [
              1.2387779,
              6.1383082
            ],
            [
              1.2384419,
              6.1379599
            ],
            [
              1.2383947,
              6.1378982
            ],
            [
              1.237896,
              6.1373778
            ],
            [
              1.2376678,
              6.1371397
            ],
            [
              1.2375317,
              6.1369977
            ],
            [
              1.2373611,
              6.1368197
            ],
            [
              1.2369859,
              6.1363869
            ],
            [
              1.2365054,
              6.1358426
            ],
            [
              1.2360728,
              6.1353566
            ],
            [
              1.2357938,
              6.1350334
            ],
            [
              1.2357775,
              6.1350144
            ],
            [
              1.2352465,
              6.1344036
            ],
            [
              1.2351857,
              6.1343187
            ],
            [
              1.2348196,
              6.1339255
            ],
            [
              1.2347349,
              6.1338312
            ],
            [
              1.2347107,
              6.1338042
            ],
            [
              1.2346235,
              6.133707
            ],
            [
              1.2345725,
              6.1336503
            ],
            [
              1.2351945,
              6.133184
            ],
            [
              1.2358597,
              6.1326906
            ],
            [
              1.2361319,
              6.1324659
            ],
            [
              1.2363217,
              6.1322379
            ],
            [
              1.2371304,
              6.1306416
            ],
            [
              1.2372038,
              6.1306714
            ]
          ]
        ]
      },
      "properties": {
        "record_type": "dagl_source_sublocality_geometry_candidate",
        "record_name": "Souza-Nétimé",
        "autonomous_parent_context_id": "tfd:official:autonomous-district:DAGL",
        "autonomous_parent_context_name": "District Autonome du Grand Lomé (DAGL)",
        "geographic_region": "Maritime",
        "geographic_prefecture": "Golfe",
        "geometry_status": "source_geometry_candidate_review_required",
        "publication_scope": "internal_reference_only",
        "non_authoritative_notice": "Reference context only; never an administrative, locality, cadastral, parcel, title, legal, or official boundary.",
        "generated_at": "2026-08-21T00:00:00Z",
        "source_ref": "tfd:source:TG_grand_lome_quartiers.geojson#feature:51",
        "source_place_type": "suburb",
        "source_role": "source_quartier",
        "hierarchy_level": "sublocality",
        "sublocality_class": "suburb",
        "parent_quarter_reference_id": null,
        "parent_quarter_name": null,
        "parent_quarter_relationship": "not_resolved",
        "boundary_replacement_allowed": false,
        "requires_geometry_review": true,
        "dagl_scope_geometry_ref": "official-admin-boundaries/layers/dagl.geojson#autonomous-district.DAGL",
        "dagl_geometry_authority": "derived_from_official_gouv_tg_communes",
        "district_and_capital_city_are_distinct": true
      }
    },
    {
      "type": "Feature",
      "id": "tfd:dagl:source_quartier:osm-rel-6612256",
      "geometry": {
        "type": "Polygon",
        "coordinates": [
          [
            [
              1.2714301,
              6.1846688
            ],
            [
              1.2713993,
              6.1847695
            ],
            [
              1.2713376,
              6.1849475
            ],
            [
              1.2712383,
              6.1851661
            ],
            [
              1.2711377,
              6.1853208
            ],
            [
              1.2709849,
              6.1854875
            ],
            [
              1.2708018,
              6.1856475
            ],
            [
              1.2705282,
              6.1858808
            ],
            [
              1.2704216,
              6.1859621
            ],
            [
              1.2702727,
              6.1861055
            ],
            [
              1.2701468,
              6.1861975
            ],
            [
              1.2699589,
              6.1863434
            ],
            [
              1.2698301,
              6.1864283
            ],
            [
              1.2695861,
              6.1866281
            ],
            [
              1.2694258,
              6.1867468
            ],
            [
              1.2692012,
              6.1868721
            ],
            [
              1.2690101,
              6.1869321
            ],
            [
              1.2688988,
              6.1869534
            ],
            [
              1.2687948,
              6.1869654
            ],
            [
              1.2686473,
              6.1869681
            ],
            [
              1.2684347,
              6.1869714
            ],
            [
              1.2681873,
              6.1869541
            ],
            [
              1.2680157,
              6.1869454
            ],
            [
              1.2677119,
              6.1869408
            ],
            [
              1.2674309,
              6.1869441
            ],
            [
              1.2673518,
              6.1869534
            ],
            [
              1.2672905,
              6.1869644
            ],
            [
              1.2669495,
              6.1870381
            ],
            [
              1.2665404,
              6.1871527
            ],
            [
              1.2664258,
              6.1871787
            ],
            [
              1.2659946,
              6.1872806
            ],
            [
              1.2652979,
              6.1874601
            ],
            [
              1.2646186,
              6.1876274
            ],
            [
              1.2635913,
              6.1879074
            ],
            [
              1.2633546,
              6.1879734
            ],
            [
              1.2630428,
              6.1880387
            ],
            [
              1.2628323,
              6.1880567
            ],
            [
              1.2626861,
              6.1880507
            ],
            [
              1.2625379,
              6.1880354
            ],
            [
              1.262375,
              6.1880101
            ],
            [
              1.262159,
              6.1879434
            ],
            [
              1.2620209,
              6.1878754
            ],
            [
              1.2615951,
              6.1875887
            ],
            [
              1.261353,
              6.1874707
            ],
            [
              1.2611091,
              6.1873699
            ],
            [
              1.2610535,
              6.1872183
            ],
            [
              1.260649,
              6.1859049
            ],
            [
              1.2606148,
              6.1858328
            ],
            [
              1.2605681,
              6.1857634
            ],
            [
              1.2605086,
              6.1857189
            ],
            [
              1.2604599,
              6.1857091
            ],
            [
              1.2604075,
              6.1857075
            ],
            [
              1.259972,
              6.1858016
            ],
            [
              1.2592534,
              6.185986
            ],
            [
              1.2585749,
              6.1861641
            ],
            [
              1.2583121,
              6.1862311
            ],
            [
              1.2578319,
              6.1863565
            ],
            [
              1.2567392,
              6.186678
            ],
            [
              1.2565781,
              6.186725
            ],
            [
              1.2565326,
              6.1867383
            ],
            [
              1.2563122,
              6.1859024
            ],
            [
              1.2562539,
              6.1856848
            ],
            [
              1.2561009,
              6.1850871
            ],
            [
              1.255973,
              6.1845893
            ],
            [
              1.2559248,
              6.1844033
            ],
            [
              1.2556241,
              6.1832618
            ],
            [
              1.2554084,
              6.1823783
            ],
            [
              1.2550997,
              6.1812148
            ],
            [
              1.2550767,
              6.1812216
            ],
            [
              1.2544946,
              6.1816356
            ],
            [
              1.2544323,
              6.1815516
            ],
            [
              1.2541352,
              6.1811866
            ],
            [
              1.2540216,
              6.1810689
            ],
            [
              1.2539884,
              6.1810539
            ],
            [
              1.2539029,
              6.1810332
            ],
            [
              1.2538657,
              6.1810102
            ],
            [
              1.2534955,
              6.1805696
            ],
            [
              1.2530925,
              6.1800339
            ],
            [
              1.2530352,
              6.1799649
            ],
            [
              1.2527142,
              6.1795413
            ],
            [
              1.252547,
              6.1793392
            ],
            [
              1.2523146,
              6.1790237
            ],
            [
              1.2521464,
              6.1788214
            ],
            [
              1.2520769,
              6.178728
            ],
            [
              1.2520085,
              6.178636
            ],
            [
              1.2514558,
              6.1779185
            ],
            [
              1.2513702,
              6.1778074
            ],
            [
              1.2508714,
              6.1771598
            ],
            [
              1.2505259,
              6.1767113
            ],
            [
              1.251296,
              6.17652
            ],
            [
              1.2508447,
              6.1759516
            ],
            [
              1.2504434,
              6.1754461
            ],
            [
              1.2502935,
              6.1752529
            ],
            [
              1.2502363,
              6.1752004
            ],
            [
              1.2501756,
              6.1751551
            ],
            [
              1.2501123,
              6.1751231
            ],
            [
              1.2500485,
              6.175099
            ],
            [
              1.2499434,
              6.1750972
            ],
            [
              1.249582,
              6.1751447
            ],
            [
              1.2494128,
              6.1751586
            ],
            [
              1.2493409,
              6.1751299
            ],
            [
              1.249217,
              6.1750181
            ],
            [
              1.2491273,
              6.1749076
            ],
            [
              1.2488655,
              6.1745953
            ],
            [
              1.2488389,
              6.1745563
            ],
            [
              1.2488151,
              6.1745054
            ],
            [
              1.2487905,
              6.1744292
            ],
            [
              1.2487744,
              6.1743495
            ],
            [
              1.2487712,
              6.1742569
            ],
            [
              1.2487821,
              6.1741665
            ],
            [
              1.2488422,
              6.1738797
            ],
            [
              1.2488505,
              6.1738275
            ],
            [
              1.248857,
              6.1737862
            ],
            [
              1.2488712,
              6.1736968
            ],
            [
              1.2488706,
              6.1736519
            ],
            [
              1.2488626,
              6.1735919
            ],
            [
              1.2488535,
              6.1735409
            ],
            [
              1.2488428,
              6.1734856
            ],
            [
              1.2488022,
              6.1731486
            ],
            [
              1.2487852,
              6.1727838
            ],
            [
              1.2487918,
              6.1727271
            ],
            [
              1.2488086,
              6.1725819
            ],
            [
              1.24887,
              6.1720531
            ],
            [
              1.2488976,
              6.1718219
            ],
            [
              1.2488824,
              6.171733
            ],
            [
              1.2488436,
              6.1716515
            ],
            [
              1.2487841,
              6.1715835
            ],
            [
              1.248039,
              6.1706838
            ],
            [
              1.2473599,
              6.1698237
            ],
            [
              1.2467914,
              6.1690863
            ],
            [
              1.2463045,
              6.168437
            ],
            [
              1.245878,
              6.1679461
            ],
            [
              1.2457117,
              6.1677298
            ],
            [
              1.2454996,
              6.167454
            ],
            [
              1.2453126,
              6.1672352
            ],
            [
              1.2451128,
              6.1670014
            ],
            [
              1.2447392,
              6.1665303
            ],
            [
              1.2445181,
              6.1662451
            ],
            [
              1.2443548,
              6.1660167
            ],
            [
              1.2441223,
              6.1657251
            ],
            [
              1.2439926,
              6.165553
            ],
            [
              1.2435763,
              6.1650674
            ],
            [
              1.2432273,
              6.1645617
            ],
            [
              1.2428359,
              6.1641039
            ],
            [
              1.2422438,
              6.1632915
            ],
            [
              1.2421757,
              6.1632158
            ],
            [
              1.2418567,
              6.1627853
            ],
            [
              1.2418545,
              6.1626696
            ],
            [
              1.2405764,
              6.161039
            ],
            [
              1.2409613,
              6.1608523
            ],
            [
              1.2414179,
              6.1606036
            ],
            [
              1.2415621,
              6.1605216
            ],
            [
              1.2415004,
              6.1601949
            ],
            [
              1.241942,
              6.1597596
            ],
            [
              1.2423711,
              6.1592229
            ],
            [
              1.2428811,
              6.158725
            ],
            [
              1.2429226,
              6.1586788
            ],
            [
              1.2427999,
              6.1581562
            ],
            [
              1.2427757,
              6.1580322
            ],
            [
              1.2426671,
              6.1574561
            ],
            [
              1.242655,
              6.1573961
            ],
            [
              1.2426001,
              6.1568721
            ],
            [
              1.242536,
              6.1562808
            ],
            [
              1.2423945,
              6.1548081
            ],
            [
              1.2423389,
              6.1542627
            ],
            [
              1.2422852,
              6.1537307
            ],
            [
              1.2422544,
              6.1533894
            ],
            [
              1.2422329,
              6.1532404
            ],
            [
              1.2422205,
              6.153195
            ],
            [
              1.2422064,
              6.153152
            ],
            [
              1.2422443,
              6.1531412
            ],
            [
              1.2423325,
              6.1531057
            ],
            [
              1.242643,
              6.1530473
            ],
            [
              1.2428187,
              6.15301
            ],
            [
              1.2431179,
              6.1529168
            ],
            [
              1.2433095,
              6.1528201
            ],
            [
              1.2435502,
              6.1526811
            ],
            [
              1.2436999,
              6.1525941
            ],
            [
              1.2438429,
              6.1525038
            ],
            [
              1.2439246,
              6.1524581
            ],
            [
              1.2440081,
              6.1524234
            ],
            [
              1.2442578,
              6.1523594
            ],
            [
              1.2443713,
              6.1523344
            ],
            [
              1.2446522,
              6.1523324
            ],
            [
              1.2447568,
              6.1524805
            ],
            [
              1.2447728,
              6.1525308
            ],
            [
              1.2448513,
              6.1528015
            ],
            [
              1.2448915,
              6.1529295
            ],
            [
              1.2449405,
              6.1530428
            ],
            [
              1.2450031,
              6.1531688
            ],
            [
              1.2450434,
              6.1532262
            ],
            [
              1.2450967,
              6.1532782
            ],
            [
              1.2453746,
              6.1535142
            ],
            [
              1.2455979,
              6.1536788
            ],
            [
              1.2458029,
              6.1538335
            ],
            [
              1.2463238,
              6.1542075
            ],
            [
              1.2464631,
              6.1542999
            ],
            [
              1.2465407,
              6.1543482
            ],
            [
              1.2466212,
              6.1543855
            ],
            [
              1.2467352,
              6.1544322
            ],
            [
              1.2468629,
              6.1544749
            ],
            [
              1.2471389,
              6.1545655
            ],
            [
              1.24739,
              6.1546535
            ],
            [
              1.2483888,
              6.1550779
            ],
            [
              1.2488264,
              6.1552962
            ],
            [
              1.2488734,
              6.1553888
            ],
            [
              1.2489223,
              6.1554954
            ],
            [
              1.2489767,
              6.1555928
            ],
            [
              1.2490899,
              6.1557554
            ],
            [
              1.2492583,
              6.1559635
            ],
            [
              1.2495017,
              6.1562708
            ],
            [
              1.2498718,
              6.1567061
            ],
            [
              1.2501749,
              6.1570888
            ],
            [
              1.2508225,
              6.1579302
            ],
            [
              1.2509127,
              6.1580365
            ],
            [
              1.2514036,
              6.1586254
            ],
            [
              1.2517864,
              6.1591331
            ],
            [
              1.2522046,
              6.159682
            ],
            [
              1.2526251,
              6.1601692
            ],
            [
              1.2528852,
              6.1604739
            ],
            [
              1.2530363,
              6.1606418
            ],
            [
              1.253796,
              6.1616055
            ],
            [
              1.2543357,
              6.1622723
            ],
            [
              1.2546681,
              6.1627053
            ],
            [
              1.2553121,
              6.1634253
            ],
            [
              1.2555512,
              6.1637187
            ],
            [
              1.2558928,
              6.1641726
            ],
            [
              1.2576354,
              6.1663253
            ],
            [
              1.2576777,
              6.1663846
            ],
            [
              1.2582489,
              6.1671016
            ],
            [
              1.2587848,
              6.1677924
            ],
            [
              1.2592539,
              6.1683957
            ],
            [
              1.2595693,
              6.168815
            ],
            [
              1.2598978,
              6.1691921
            ],
            [
              1.260383,
              6.1698424
            ],
            [
              1.260891,
              6.1704755
            ],
            [
              1.2614045,
              6.1711208
            ],
            [
              1.2622158,
              6.1721083
            ],
            [
              1.2626252,
              6.1726379
            ],
            [
              1.263049,
              6.1731664
            ],
            [
              1.2635575,
              6.1738265
            ],
            [
              1.2640104,
              6.1744036
            ],
            [
              1.2649925,
              6.175619
            ],
            [
              1.2655356,
              6.1763272
            ],
            [
              1.2660687,
              6.1769833
            ],
            [
              1.2662947,
              6.1772656
            ],
            [
              1.2668736,
              6.177989
            ],
            [
              1.2676312,
              6.1789433
            ],
            [
              1.2676737,
              6.1789786
            ],
            [
              1.2677204,
              6.1790136
            ],
            [
              1.2678347,
              6.1791211
            ],
            [
              1.2680751,
              6.1793099
            ],
            [
              1.2692858,
              6.1808322
            ],
            [
              1.2695677,
              6.181176
            ],
            [
              1.2697924,
              6.1814719
            ],
            [
              1.2700158,
              6.1817575
            ],
            [
              1.2706684,
              6.1825629
            ],
            [
              1.2709688,
              6.1829675
            ],
            [
              1.2711123,
              6.1831276
            ],
            [
              1.2712316,
              6.1833236
            ],
            [
              1.2713236,
              6.1835322
            ],
            [
              1.2713839,
              6.1836675
            ],
            [
              1.2714235,
              6.1837995
            ],
            [
              1.2714456,
              6.1839349
            ],
            [
              1.2714637,
              6.1840322
            ],
            [
              1.2714704,
              6.1841362
            ],
            [
              1.2714771,
              6.1843248
            ],
            [
              1.271461,
              6.1845289
            ],
            [
              1.2714542,
              6.1845782
            ],
            [
              1.2714301,
              6.1846688
            ]
          ]
        ]
      },
      "properties": {
        "record_type": "dagl_source_sublocality_geometry_candidate",
        "record_name": "Tokoin-Aéroport",
        "autonomous_parent_context_id": "tfd:official:autonomous-district:DAGL",
        "autonomous_parent_context_name": "District Autonome du Grand Lomé (DAGL)",
        "geographic_region": "Maritime",
        "geographic_prefecture": "Golfe",
        "geometry_status": "source_geometry_candidate_review_required",
        "publication_scope": "internal_reference_only",
        "non_authoritative_notice": "Reference context only; never an administrative, locality, cadastral, parcel, title, legal, or official boundary.",
        "generated_at": "2026-08-21T00:00:00Z",
        "source_ref": "tfd:source:TG_grand_lome_quartiers.geojson#feature:53",
        "source_place_type": "suburb",
        "source_role": "source_quartier",
        "hierarchy_level": "sublocality",
        "sublocality_class": "suburb",
        "parent_quarter_reference_id": null,
        "parent_quarter_name": null,
        "parent_quarter_relationship": "not_resolved",
        "boundary_replacement_allowed": false,
        "requires_geometry_review": true,
        "dagl_scope_geometry_ref": "official-admin-boundaries/layers/dagl.geojson#autonomous-district.DAGL",
        "dagl_geometry_authority": "derived_from_official_gouv_tg_communes",
        "district_and_capital_city_are_distinct": true
      }
    },
    {
      "type": "Feature",
      "id": "tfd:dagl:source_quartier:osm-rel-6610996",
      "geometry": {
        "type": "Polygon",
        "coordinates": [
          [
            [
              1.2265774,
              6.1595581
            ],
            [
              1.225799,
              6.1593562
            ],
            [
              1.2255757,
              6.1592782
            ],
            [
              1.2263514,
              6.1578622
            ],
            [
              1.2263857,
              6.1577997
            ],
            [
              1.2264164,
              6.1577423
            ],
            [
              1.2264344,
              6.1577429
            ],
            [
              1.2264656,
              6.1577401
            ],
            [
              1.2266664,
              6.1577286
            ],
            [
              1.2268496,
              6.1577108
            ],
            [
              1.2271781,
              6.1576756
            ],
            [
              1.2277191,
              6.1576053
            ],
            [
              1.2282158,
              6.1574957
            ],
            [
              1.2286158,
              6.1573909
            ],
            [
              1.2295473,
              6.1570722
            ],
            [
              1.2302234,
              6.1567486
            ],
            [
              1.23187,
              6.1559604
            ],
            [
              1.2327627,
              6.1555201
            ],
            [
              1.2329132,
              6.1554347
            ],
            [
              1.2329649,
              6.1554196
            ],
            [
              1.2329907,
              6.1555601
            ],
            [
              1.2329986,
              6.155603
            ],
            [
              1.2330153,
              6.1556939
            ],
            [
              1.2331068,
              6.1561919
            ],
            [
              1.2332733,
              6.1567811
            ],
            [
              1.2334483,
              6.157635
            ],
            [
              1.2337586,
              6.159476
            ],
            [
              1.2337966,
              6.1596696
            ],
            [
              1.2337994,
              6.1596837
            ],
            [
              1.2340236,
              6.1609825
            ],
            [
              1.2340884,
              6.1613956
            ],
            [
              1.2341011,
              6.1614929
            ],
            [
              1.2337501,
              6.1614761
            ],
            [
              1.2334979,
              6.1614722
            ],
            [
              1.2331612,
              6.161395
            ],
            [
              1.2329688,
              6.1613189
            ],
            [
              1.2318267,
              6.1609826
            ],
            [
              1.2308373,
              6.1607396
            ],
            [
              1.2300619,
              6.1604953
            ],
            [
              1.2299527,
              6.1604677
            ],
            [
              1.2286359,
              6.1601113
            ],
            [
              1.2283258,
              6.1600384
            ],
            [
              1.2270148,
              6.1596841
            ],
            [
              1.2265774,
              6.1595581
            ]
          ]
        ]
      },
      "properties": {
        "record_type": "dagl_source_sublocality_geometry_candidate",
        "record_name": "Tokoin-Forever",
        "autonomous_parent_context_id": "tfd:official:autonomous-district:DAGL",
        "autonomous_parent_context_name": "District Autonome du Grand Lomé (DAGL)",
        "geographic_region": "Maritime",
        "geographic_prefecture": "Golfe",
        "geometry_status": "source_geometry_candidate_review_required",
        "publication_scope": "internal_reference_only",
        "non_authoritative_notice": "Reference context only; never an administrative, locality, cadastral, parcel, title, legal, or official boundary.",
        "generated_at": "2026-08-21T00:00:00Z",
        "source_ref": "tfd:source:TG_grand_lome_quartiers.geojson#feature:54",
        "source_place_type": "suburb",
        "source_role": "source_quartier",
        "hierarchy_level": "sublocality",
        "sublocality_class": "suburb",
        "parent_quarter_reference_id": null,
        "parent_quarter_name": null,
        "parent_quarter_relationship": "not_resolved",
        "boundary_replacement_allowed": false,
        "requires_geometry_review": true,
        "dagl_scope_geometry_ref": "official-admin-boundaries/layers/dagl.geojson#autonomous-district.DAGL",
        "dagl_geometry_authority": "derived_from_official_gouv_tg_communes",
        "district_and_capital_city_are_distinct": true
      }
    },
    {
      "type": "Feature",
      "id": "tfd:dagl:source_quartier:osm-rel-6610103",
      "geometry": {
        "type": "Polygon",
        "coordinates": [
          [
            [
              1.2131306,
              6.1486951
            ],
            [
              1.2141029,
              6.146529
            ],
            [
              1.2144385,
              6.1458266
            ],
            [
              1.2146058,
              6.145407
            ],
            [
              1.21481,
              6.1448966
            ],
            [
              1.2150746,
              6.1441389
            ],
            [
              1.2155959,
              6.1426612
            ],
            [
              1.2158521,
              6.1419291
            ],
            [
              1.2159197,
              6.1419424
            ],
            [
              1.2164435,
              6.1420451
            ],
            [
              1.2164904,
              6.1420558
            ],
            [
              1.2171108,
              6.142185
            ],
            [
              1.2172522,
              6.1422145
            ],
            [
              1.2176987,
              6.1423562
            ],
            [
              1.2182728,
              6.1425385
            ],
            [
              1.2193993,
              6.1428905
            ],
            [
              1.2198848,
              6.1430612
            ],
            [
              1.2201624,
              6.1431718
            ],
            [
              1.2202643,
              6.1432292
            ],
            [
              1.2204286,
              6.1432792
            ],
            [
              1.2206606,
              6.1433605
            ],
            [
              1.2205486,
              6.1438879
            ],
            [
              1.2204038,
              6.1445119
            ],
            [
              1.220208,
              6.1453327
            ],
            [
              1.2198734,
              6.1463487
            ],
            [
              1.219581,
              6.1473701
            ],
            [
              1.2200343,
              6.1475501
            ],
            [
              1.2201734,
              6.1485271
            ],
            [
              1.2202519,
              6.1490571
            ],
            [
              1.2203588,
              6.1497021
            ],
            [
              1.2184244,
              6.1494224
            ],
            [
              1.218095,
              6.1493721
            ],
            [
              1.2170218,
              6.1492251
            ],
            [
              1.216355,
              6.1491296
            ],
            [
              1.2157113,
              6.1490486
            ],
            [
              1.2149495,
              6.1489418
            ],
            [
              1.2137894,
              6.1487825
            ],
            [
              1.2132971,
              6.1487165
            ],
            [
              1.2131532,
              6.148693
            ],
            [
              1.2131306,
              6.1486951
            ]
          ]
        ]
      },
      "properties": {
        "record_type": "dagl_source_sublocality_geometry_candidate",
        "record_name": "Tokoin-Gbadago",
        "autonomous_parent_context_id": "tfd:official:autonomous-district:DAGL",
        "autonomous_parent_context_name": "District Autonome du Grand Lomé (DAGL)",
        "geographic_region": "Maritime",
        "geographic_prefecture": "Golfe",
        "geometry_status": "source_geometry_candidate_review_required",
        "publication_scope": "internal_reference_only",
        "non_authoritative_notice": "Reference context only; never an administrative, locality, cadastral, parcel, title, legal, or official boundary.",
        "generated_at": "2026-08-21T00:00:00Z",
        "source_ref": "tfd:source:TG_grand_lome_quartiers.geojson#feature:55",
        "source_place_type": "suburb",
        "source_role": "source_quartier",
        "hierarchy_level": "sublocality",
        "sublocality_class": "suburb",
        "parent_quarter_reference_id": null,
        "parent_quarter_name": null,
        "parent_quarter_relationship": "not_resolved",
        "boundary_replacement_allowed": false,
        "requires_geometry_review": true,
        "dagl_scope_geometry_ref": "official-admin-boundaries/layers/dagl.geojson#autonomous-district.DAGL",
        "dagl_geometry_authority": "derived_from_official_gouv_tg_communes",
        "district_and_capital_city_are_distinct": true
      }
    },
    {
      "type": "Feature",
      "id": "tfd:dagl:source_quartier:osm-rel-6610104",
      "geometry": {
        "type": "Polygon",
        "coordinates": [
          [
            [
              1.2047172,
              6.1456667
            ],
            [
              1.2051112,
              6.1452871
            ],
            [
              1.2055074,
              6.1448456
            ],
            [
              1.2058917,
              6.1444457
            ],
            [
              1.2061679,
              6.1441329
            ],
            [
              1.2067037,
              6.1435689
            ],
            [
              1.2070235,
              6.1431989
            ],
            [
              1.2073595,
              6.1428455
            ],
            [
              1.2076787,
              6.1424869
            ],
            [
              1.2079489,
              6.1421609
            ],
            [
              1.208138,
              6.1418855
            ],
            [
              1.2088294,
              6.1412555
            ],
            [
              1.2092665,
              6.140803
            ],
            [
              1.2094121,
              6.1405748
            ],
            [
              1.2095014,
              6.1404304
            ],
            [
              1.2097086,
              6.1400133
            ],
            [
              1.2099049,
              6.1396163
            ],
            [
              1.2104304,
              6.1398262
            ],
            [
              1.2115592,
              6.140277
            ],
            [
              1.2127608,
              6.1407357
            ],
            [
              1.2132305,
              6.1408668
            ],
            [
              1.2128932,
              6.141736
            ],
            [
              1.2155959,
              6.1426612
            ],
            [
              1.2150746,
              6.1441389
            ],
            [
              1.21481,
              6.1448966
            ],
            [
              1.2146058,
              6.145407
            ],
            [
              1.2144385,
              6.1458266
            ],
            [
              1.2141029,
              6.146529
            ],
            [
              1.2131306,
              6.1486951
            ],
            [
              1.2117506,
              6.1484971
            ],
            [
              1.209165,
              6.1481024
            ],
            [
              1.2089987,
              6.1480491
            ],
            [
              1.207674,
              6.1473179
            ],
            [
              1.2047172,
              6.1456667
            ]
          ]
        ]
      },
      "properties": {
        "record_type": "dagl_source_sublocality_geometry_candidate",
        "record_name": "Tokoin-Hôpital",
        "autonomous_parent_context_id": "tfd:official:autonomous-district:DAGL",
        "autonomous_parent_context_name": "District Autonome du Grand Lomé (DAGL)",
        "geographic_region": "Maritime",
        "geographic_prefecture": "Golfe",
        "geometry_status": "source_geometry_candidate_review_required",
        "publication_scope": "internal_reference_only",
        "non_authoritative_notice": "Reference context only; never an administrative, locality, cadastral, parcel, title, legal, or official boundary.",
        "generated_at": "2026-08-21T00:00:00Z",
        "source_ref": "tfd:source:TG_grand_lome_quartiers.geojson#feature:56",
        "source_place_type": "suburb",
        "source_role": "source_quartier",
        "hierarchy_level": "sublocality",
        "sublocality_class": "suburb",
        "parent_quarter_reference_id": null,
        "parent_quarter_name": null,
        "parent_quarter_relationship": "not_resolved",
        "boundary_replacement_allowed": false,
        "requires_geometry_review": true,
        "dagl_scope_geometry_ref": "official-admin-boundaries/layers/dagl.geojson#autonomous-district.DAGL",
        "dagl_geometry_authority": "derived_from_official_gouv_tg_communes",
        "district_and_capital_city_are_distinct": true
      }
    },
    {
      "type": "Feature",
      "id": "tfd:dagl:source_quartier:osm-rel-6610105",
      "geometry": {
        "type": "Polygon",
        "coordinates": [
          [
            [
              1.2209543,
              6.1497748
            ],
            [
              1.2226655,
              6.1497642
            ],
            [
              1.223033,
              6.1497482
            ],
            [
              1.2249843,
              6.1496988
            ],
            [
              1.2255576,
              6.1496728
            ],
            [
              1.2261236,
              6.1496435
            ],
            [
              1.2266305,
              6.1496221
            ],
            [
              1.2283203,
              6.1495528
            ],
            [
              1.2298565,
              6.1494908
            ],
            [
              1.2300517,
              6.1494855
            ],
            [
              1.2300654,
              6.1496826
            ],
            [
              1.2300835,
              6.1506596
            ],
            [
              1.230046,
              6.1509129
            ],
            [
              1.2299756,
              6.151187
            ],
            [
              1.2298508,
              6.1514536
            ],
            [
              1.2292198,
              6.1525943
            ],
            [
              1.2285724,
              6.1537947
            ],
            [
              1.2281808,
              6.1544841
            ],
            [
              1.2278663,
              6.1550574
            ],
            [
              1.2277007,
              6.1553548
            ],
            [
              1.2275411,
              6.1556654
            ],
            [
              1.2274653,
              6.1558121
            ],
            [
              1.2274197,
              6.1559395
            ],
            [
              1.2244935,
              6.1550927
            ],
            [
              1.2241776,
              6.1549747
            ],
            [
              1.223896,
              6.1548107
            ],
            [
              1.2238189,
              6.1547647
            ],
            [
              1.2234521,
              6.1544907
            ],
            [
              1.2228426,
              6.1539274
            ],
            [
              1.2226917,
              6.1537907
            ],
            [
              1.2225247,
              6.153646
            ],
            [
              1.2214015,
              6.152552
            ],
            [
              1.2210984,
              6.1522893
            ],
            [
              1.2208107,
              6.1520021
            ],
            [
              1.2203984,
              6.1515906
            ],
            [
              1.2200282,
              6.151228
            ],
            [
              1.2196768,
              6.150924
            ],
            [
              1.219278,
              6.150595
            ],
            [
              1.2188768,
              6.1502522
            ],
            [
              1.2186776,
              6.150104
            ],
            [
              1.2184464,
              6.1499335
            ],
            [
              1.2183468,
              6.1498049
            ],
            [
              1.2184244,
              6.1494224
            ],
            [
              1.2203588,
              6.1497021
            ],
            [
              1.2209543,
              6.1497748
            ]
          ]
        ]
      },
      "properties": {
        "record_type": "dagl_source_sublocality_geometry_candidate",
        "record_name": "Tokoin-Lycée",
        "autonomous_parent_context_id": "tfd:official:autonomous-district:DAGL",
        "autonomous_parent_context_name": "District Autonome du Grand Lomé (DAGL)",
        "geographic_region": "Maritime",
        "geographic_prefecture": "Golfe",
        "geometry_status": "source_geometry_candidate_review_required",
        "publication_scope": "internal_reference_only",
        "non_authoritative_notice": "Reference context only; never an administrative, locality, cadastral, parcel, title, legal, or official boundary.",
        "generated_at": "2026-08-21T00:00:00Z",
        "source_ref": "tfd:source:TG_grand_lome_quartiers.geojson#feature:57",
        "source_place_type": "suburb",
        "source_role": "source_quartier",
        "hierarchy_level": "sublocality",
        "sublocality_class": "suburb",
        "parent_quarter_reference_id": null,
        "parent_quarter_name": null,
        "parent_quarter_relationship": "not_resolved",
        "boundary_replacement_allowed": false,
        "requires_geometry_review": true,
        "dagl_scope_geometry_ref": "official-admin-boundaries/layers/dagl.geojson#autonomous-district.DAGL",
        "dagl_geometry_authority": "derived_from_official_gouv_tg_communes",
        "district_and_capital_city_are_distinct": true
      }
    },
    {
      "type": "Feature",
      "id": "tfd:dagl:source_quartier:osm-rel-6611974",
      "geometry": {
        "type": "Polygon",
        "coordinates": [
          [
            [
              1.2342214,
              6.1620873
            ],
            [
              1.2341011,
              6.1614929
            ],
            [
              1.2340884,
              6.1613956
            ],
            [
              1.2340236,
              6.1609825
            ],
            [
              1.2337994,
              6.1596837
            ],
            [
              1.2337966,
              6.1596696
            ],
            [
              1.2337586,
              6.159476
            ],
            [
              1.2334483,
              6.157635
            ],
            [
              1.2332733,
              6.1567811
            ],
            [
              1.2331068,
              6.1561919
            ],
            [
              1.2330153,
              6.1556939
            ],
            [
              1.2329986,
              6.155603
            ],
            [
              1.2329907,
              6.1555601
            ],
            [
              1.2329649,
              6.1554196
            ],
            [
              1.2350556,
              6.1544086
            ],
            [
              1.2356034,
              6.1541437
            ],
            [
              1.2361594,
              6.1538748
            ],
            [
              1.2374238,
              6.1532634
            ],
            [
              1.2378701,
              6.1530476
            ],
            [
              1.2384852,
              6.152756
            ],
            [
              1.2390221,
              6.152491
            ],
            [
              1.2394799,
              6.1522691
            ],
            [
              1.2397754,
              6.1521162
            ],
            [
              1.2398522,
              6.1521487
            ],
            [
              1.2401744,
              6.1522975
            ],
            [
              1.2408167,
              6.1525393
            ],
            [
              1.2409833,
              6.1526034
            ],
            [
              1.2414913,
              6.152794
            ],
            [
              1.241671,
              6.152858
            ],
            [
              1.2417669,
              6.152902
            ],
            [
              1.241842,
              6.152868
            ],
            [
              1.2419298,
              6.15292
            ],
            [
              1.2420197,
              6.1529727
            ],
            [
              1.2421089,
              6.1530247
            ],
            [
              1.2421429,
              6.1530513
            ],
            [
              1.242178,
              6.153098
            ],
            [
              1.2421974,
              6.1531307
            ],
            [
              1.2422064,
              6.153152
            ],
            [
              1.2422205,
              6.153195
            ],
            [
              1.2422329,
              6.1532404
            ],
            [
              1.2422544,
              6.1533894
            ],
            [
              1.2422852,
              6.1537307
            ],
            [
              1.2423389,
              6.1542627
            ],
            [
              1.2423945,
              6.1548081
            ],
            [
              1.242536,
              6.1562808
            ],
            [
              1.2426001,
              6.1568721
            ],
            [
              1.242655,
              6.1573961
            ],
            [
              1.2426671,
              6.1574561
            ],
            [
              1.2427757,
              6.1580322
            ],
            [
              1.2427999,
              6.1581562
            ],
            [
              1.2429226,
              6.1586788
            ],
            [
              1.2428811,
              6.158725
            ],
            [
              1.2423711,
              6.1592229
            ],
            [
              1.241942,
              6.1597596
            ],
            [
              1.2415004,
              6.1601949
            ],
            [
              1.2415621,
              6.1605216
            ],
            [
              1.2414179,
              6.1606036
            ],
            [
              1.2409613,
              6.1608523
            ],
            [
              1.2405764,
              6.161039
            ],
            [
              1.2405311,
              6.1610149
            ],
            [
              1.2403755,
              6.1610889
            ],
            [
              1.2398146,
              6.1613296
            ],
            [
              1.2397511,
              6.1612086
            ],
            [
              1.2394021,
              6.1612632
            ],
            [
              1.2387631,
              6.1613712
            ],
            [
              1.2383916,
              6.1614214
            ],
            [
              1.2381016,
              6.1614595
            ],
            [
              1.2377364,
              6.1615086
            ],
            [
              1.2373981,
              6.1615627
            ],
            [
              1.2368868,
              6.1616478
            ],
            [
              1.2362291,
              6.1617555
            ],
            [
              1.2358526,
              6.1618172
            ],
            [
              1.2353067,
              6.16191
            ],
            [
              1.2347695,
              6.161994
            ],
            [
              1.2342214,
              6.1620873
            ]
          ]
        ]
      },
      "properties": {
        "record_type": "dagl_source_sublocality_geometry_candidate",
        "record_name": "Tokoin-N'kafu",
        "autonomous_parent_context_id": "tfd:official:autonomous-district:DAGL",
        "autonomous_parent_context_name": "District Autonome du Grand Lomé (DAGL)",
        "geographic_region": "Maritime",
        "geographic_prefecture": "Golfe",
        "geometry_status": "source_geometry_candidate_review_required",
        "publication_scope": "internal_reference_only",
        "non_authoritative_notice": "Reference context only; never an administrative, locality, cadastral, parcel, title, legal, or official boundary.",
        "generated_at": "2026-08-21T00:00:00Z",
        "source_ref": "tfd:source:TG_grand_lome_quartiers.geojson#feature:58",
        "source_place_type": "suburb",
        "source_role": "source_quartier",
        "hierarchy_level": "sublocality",
        "sublocality_class": "suburb",
        "parent_quarter_reference_id": null,
        "parent_quarter_name": null,
        "parent_quarter_relationship": "not_resolved",
        "boundary_replacement_allowed": false,
        "requires_geometry_review": true,
        "dagl_scope_geometry_ref": "official-admin-boundaries/layers/dagl.geojson#autonomous-district.DAGL",
        "dagl_geometry_authority": "derived_from_official_gouv_tg_communes",
        "district_and_capital_city_are_distinct": true
      }
    },
    {
      "type": "Feature",
      "id": "tfd:dagl:source_quartier:osm-rel-6610106",
      "geometry": {
        "type": "Polygon",
        "coordinates": [
          [
            [
              1.2047172,
              6.1456667
            ],
            [
              1.2039581,
              6.1463906
            ],
            [
              1.2036332,
              6.1467768
            ],
            [
              1.203596,
              6.1468168
            ],
            [
              1.2033798,
              6.1470578
            ],
            [
              1.2030288,
              6.1474524
            ],
            [
              1.2029651,
              6.147526
            ],
            [
              1.2026321,
              6.1478878
            ],
            [
              1.2022794,
              6.1482752
            ],
            [
              1.2019274,
              6.1487152
            ],
            [
              1.2018194,
              6.1488965
            ],
            [
              1.2016907,
              6.1491361
            ],
            [
              1.2016172,
              6.1493205
            ],
            [
              1.2015168,
              6.1495917
            ],
            [
              1.2012731,
              6.1495007
            ],
            [
              1.2012103,
              6.1494644
            ],
            [
              1.2010338,
              6.1495822
            ],
            [
              1.2005887,
              6.1500457
            ],
            [
              1.2004533,
              6.1502191
            ],
            [
              1.2003943,
              6.1502818
            ],
            [
              1.2000376,
              6.1506871
            ],
            [
              1.1996996,
              6.1510698
            ],
            [
              1.1995673,
              6.151197
            ],
            [
              1.1995503,
              6.1445792
            ],
            [
              1.1993867,
              6.137636
            ],
            [
              1.1994256,
              6.1366238
            ],
            [
              1.1997803,
              6.1367261
            ],
            [
              1.2026073,
              6.1375955
            ],
            [
              1.2039162,
              6.1380009
            ],
            [
              1.2058635,
              6.1385929
            ],
            [
              1.2071724,
              6.1391476
            ],
            [
              1.2097086,
              6.1400133
            ],
            [
              1.2095014,
              6.1404304
            ],
            [
              1.2094121,
              6.1405748
            ],
            [
              1.2092665,
              6.140803
            ],
            [
              1.2088294,
              6.1412555
            ],
            [
              1.208138,
              6.1418855
            ],
            [
              1.2079489,
              6.1421609
            ],
            [
              1.2076787,
              6.1424869
            ],
            [
              1.2073595,
              6.1428455
            ],
            [
              1.2070235,
              6.1431989
            ],
            [
              1.2067037,
              6.1435689
            ],
            [
              1.2061679,
              6.1441329
            ],
            [
              1.2058917,
              6.1444457
            ],
            [
              1.2055074,
              6.1448456
            ],
            [
              1.2051112,
              6.1452871
            ],
            [
              1.2047172,
              6.1456667
            ]
          ]
        ]
      },
      "properties": {
        "record_type": "dagl_source_sublocality_geometry_candidate",
        "record_name": "Tokoin-Ouest",
        "autonomous_parent_context_id": "tfd:official:autonomous-district:DAGL",
        "autonomous_parent_context_name": "District Autonome du Grand Lomé (DAGL)",
        "geographic_region": "Maritime",
        "geographic_prefecture": "Golfe",
        "geometry_status": "source_geometry_candidate_review_required",
        "publication_scope": "internal_reference_only",
        "non_authoritative_notice": "Reference context only; never an administrative, locality, cadastral, parcel, title, legal, or official boundary.",
        "generated_at": "2026-08-21T00:00:00Z",
        "source_ref": "tfd:source:TG_grand_lome_quartiers.geojson#feature:59",
        "source_place_type": "suburb",
        "source_role": "source_quartier",
        "hierarchy_level": "sublocality",
        "sublocality_class": "suburb",
        "parent_quarter_reference_id": null,
        "parent_quarter_name": null,
        "parent_quarter_relationship": "not_resolved",
        "boundary_replacement_allowed": false,
        "requires_geometry_review": true,
        "dagl_scope_geometry_ref": "official-admin-boundaries/layers/dagl.geojson#autonomous-district.DAGL",
        "dagl_geometry_authority": "derived_from_official_gouv_tg_communes",
        "district_and_capital_city_are_distinct": true
      }
    },
    {
      "type": "Feature",
      "id": "tfd:dagl:source_quartier:osm-rel-6610107",
      "geometry": {
        "type": "Polygon",
        "coordinates": [
          [
            [
              1.2116335,
              6.1518966
            ],
            [
              1.2111674,
              6.1529209
            ],
            [
              1.2104989,
              6.1549177
            ],
            [
              1.2100538,
              6.1547911
            ],
            [
              1.2097404,
              6.1554703
            ],
            [
              1.2091001,
              6.1552083
            ],
            [
              1.208472,
              6.1550076
            ],
            [
              1.2078475,
              6.154795
            ],
            [
              1.2075015,
              6.154687
            ],
            [
              1.2063501,
              6.1543049
            ],
            [
              1.2044045,
              6.1536673
            ],
            [
              1.2037605,
              6.1536076
            ],
            [
              1.2023315,
              6.1534803
            ],
            [
              1.2015089,
              6.1534448
            ],
            [
              1.2014844,
              6.152959
            ],
            [
              1.2014566,
              6.152178
            ],
            [
              1.2014353,
              6.1516835
            ],
            [
              1.201412,
              6.1511163
            ],
            [
              1.2014053,
              6.1502036
            ],
            [
              1.2014593,
              6.1498546
            ],
            [
              1.2015168,
              6.1495917
            ],
            [
              1.2016172,
              6.1493205
            ],
            [
              1.2016907,
              6.1491361
            ],
            [
              1.2018194,
              6.1488965
            ],
            [
              1.2019274,
              6.1487152
            ],
            [
              1.2022794,
              6.1482752
            ],
            [
              1.2026321,
              6.1478878
            ],
            [
              1.2029651,
              6.147526
            ],
            [
              1.2030288,
              6.1474524
            ],
            [
              1.2033798,
              6.1470578
            ],
            [
              1.203596,
              6.1468168
            ],
            [
              1.2036332,
              6.1467768
            ],
            [
              1.2039581,
              6.1463906
            ],
            [
              1.2047172,
              6.1456667
            ],
            [
              1.207674,
              6.1473179
            ],
            [
              1.2089987,
              6.1480491
            ],
            [
              1.209165,
              6.1481024
            ],
            [
              1.2117506,
              6.1484971
            ],
            [
              1.2131306,
              6.1486951
            ],
            [
              1.2118228,
              6.1514956
            ],
            [
              1.2116335,
              6.1518966
            ]
          ]
        ]
      },
      "properties": {
        "record_type": "dagl_source_sublocality_geometry_candidate",
        "record_name": "Tokoin-Solidarité",
        "autonomous_parent_context_id": "tfd:official:autonomous-district:DAGL",
        "autonomous_parent_context_name": "District Autonome du Grand Lomé (DAGL)",
        "geographic_region": "Maritime",
        "geographic_prefecture": "Golfe",
        "geometry_status": "source_geometry_candidate_review_required",
        "publication_scope": "internal_reference_only",
        "non_authoritative_notice": "Reference context only; never an administrative, locality, cadastral, parcel, title, legal, or official boundary.",
        "generated_at": "2026-08-21T00:00:00Z",
        "source_ref": "tfd:source:TG_grand_lome_quartiers.geojson#feature:60",
        "source_place_type": "suburb",
        "source_role": "source_quartier",
        "hierarchy_level": "sublocality",
        "sublocality_class": "suburb",
        "parent_quarter_reference_id": null,
        "parent_quarter_name": null,
        "parent_quarter_relationship": "not_resolved",
        "boundary_replacement_allowed": false,
        "requires_geometry_review": true,
        "dagl_scope_geometry_ref": "official-admin-boundaries/layers/dagl.geojson#autonomous-district.DAGL",
        "dagl_geometry_authority": "derived_from_official_gouv_tg_communes",
        "district_and_capital_city_are_distinct": true
      }
    },
    {
      "type": "Feature",
      "id": "tfd:dagl:source_quartier:osm-rel-6610997",
      "geometry": {
        "type": "Polygon",
        "coordinates": [
          [
            [
              1.2268064,
              6.1693529
            ],
            [
              1.2262105,
              6.1691895
            ],
            [
              1.2261815,
              6.1691852
            ],
            [
              1.2261364,
              6.1691782
            ],
            [
              1.2255291,
              6.1690102
            ],
            [
              1.2248567,
              6.1688144
            ],
            [
              1.2242504,
              6.1686649
            ],
            [
              1.223631,
              6.1685047
            ],
            [
              1.2234108,
              6.1684491
            ],
            [
              1.2230064,
              6.168336
            ],
            [
              1.2216129,
              6.1679495
            ],
            [
              1.2215625,
              6.167932
            ],
            [
              1.2220775,
              6.166709
            ],
            [
              1.2224221,
              6.165853
            ],
            [
              1.2225433,
              6.1655415
            ],
            [
              1.2227086,
              6.1651698
            ],
            [
              1.2228397,
              6.1648256
            ],
            [
              1.2229156,
              6.1646423
            ],
            [
              1.2229968,
              6.164445
            ],
            [
              1.2230759,
              6.1642596
            ],
            [
              1.2231731,
              6.1640249
            ],
            [
              1.2233419,
              6.1636309
            ],
            [
              1.2235252,
              6.1631949
            ],
            [
              1.2236673,
              6.1628763
            ],
            [
              1.2238048,
              6.1625769
            ],
            [
              1.223894,
              6.1623796
            ],
            [
              1.2240496,
              6.1620929
            ],
            [
              1.2241317,
              6.1619259
            ],
            [
              1.224445,
              6.1613372
            ],
            [
              1.2255757,
              6.1592782
            ],
            [
              1.225799,
              6.1593562
            ],
            [
              1.2265774,
              6.1595581
            ],
            [
              1.2270148,
              6.1596841
            ],
            [
              1.2283258,
              6.1600384
            ],
            [
              1.2286359,
              6.1601113
            ],
            [
              1.2299527,
              6.1604677
            ],
            [
              1.229937,
              6.1605509
            ],
            [
              1.2298479,
              6.160977
            ],
            [
              1.2296058,
              6.16195
            ],
            [
              1.2293081,
              6.1630182
            ],
            [
              1.229006,
              6.1640842
            ],
            [
              1.2288486,
              6.1646791
            ],
            [
              1.2285034,
              6.1659269
            ],
            [
              1.2283192,
              6.1665926
            ],
            [
              1.2283088,
              6.1666295
            ],
            [
              1.2276275,
              6.1664602
            ],
            [
              1.2276181,
              6.1664987
            ],
            [
              1.2274314,
              6.1671617
            ],
            [
              1.2274002,
              6.1672935
            ],
            [
              1.2271161,
              6.1682853
            ],
            [
              1.226975,
              6.1687782
            ],
            [
              1.2269657,
              6.1688162
            ],
            [
              1.2269575,
              6.168859
            ],
            [
              1.2268064,
              6.1693529
            ]
          ]
        ]
      },
      "properties": {
        "record_type": "dagl_source_sublocality_geometry_candidate",
        "record_name": "Tokoin-Tamé",
        "autonomous_parent_context_id": "tfd:official:autonomous-district:DAGL",
        "autonomous_parent_context_name": "District Autonome du Grand Lomé (DAGL)",
        "geographic_region": "Maritime",
        "geographic_prefecture": "Golfe",
        "geometry_status": "source_geometry_candidate_review_required",
        "publication_scope": "internal_reference_only",
        "non_authoritative_notice": "Reference context only; never an administrative, locality, cadastral, parcel, title, legal, or official boundary.",
        "generated_at": "2026-08-21T00:00:00Z",
        "source_ref": "tfd:source:TG_grand_lome_quartiers.geojson#feature:61",
        "source_place_type": "suburb",
        "source_role": "source_quartier",
        "hierarchy_level": "sublocality",
        "sublocality_class": "suburb",
        "parent_quarter_reference_id": null,
        "parent_quarter_name": null,
        "parent_quarter_relationship": "not_resolved",
        "boundary_replacement_allowed": false,
        "requires_geometry_review": true,
        "dagl_scope_geometry_ref": "official-admin-boundaries/layers/dagl.geojson#autonomous-district.DAGL",
        "dagl_geometry_authority": "derived_from_official_gouv_tg_communes",
        "district_and_capital_city_are_distinct": true
      }
    },
    {
      "type": "Feature",
      "id": "tfd:dagl:source_quartier:osm-rel-6611897",
      "geometry": {
        "type": "Polygon",
        "coordinates": [
          [
            [
              1.2413378,
              6.1724356
            ],
            [
              1.2412966,
              6.1724627
            ],
            [
              1.2412185,
              6.1725164
            ],
            [
              1.2409982,
              6.1726831
            ],
            [
              1.2409222,
              6.1726145
            ],
            [
              1.2404756,
              6.1722844
            ],
            [
              1.2400178,
              6.171963
            ],
            [
              1.2397451,
              6.1717664
            ],
            [
              1.2390886,
              6.1713164
            ],
            [
              1.2390162,
              6.1712717
            ],
            [
              1.2389598,
              6.1712404
            ],
            [
              1.2388847,
              6.1712064
            ],
            [
              1.2387929,
              6.1711824
            ],
            [
              1.2387037,
              6.171181
            ],
            [
              1.2380435,
              6.171253
            ],
            [
              1.237374,
              6.1713274
            ],
            [
              1.2345861,
              6.17161
            ],
            [
              1.234532,
              6.1715574
            ],
            [
              1.2343358,
              6.1715183
            ],
            [
              1.2340488,
              6.1714484
            ],
            [
              1.2337746,
              6.1713657
            ],
            [
              1.2332985,
              6.1712264
            ],
            [
              1.2329819,
              6.1711345
            ],
            [
              1.2327661,
              6.1710703
            ],
            [
              1.2321746,
              6.170913
            ],
            [
              1.2315778,
              6.170741
            ],
            [
              1.2313446,
              6.1706735
            ],
            [
              1.2307906,
              6.170513
            ],
            [
              1.2302857,
              6.170371
            ],
            [
              1.2296973,
              6.1702037
            ],
            [
              1.2296279,
              6.1701811
            ],
            [
              1.229588,
              6.1701671
            ],
            [
              1.228843,
              6.1699423
            ],
            [
              1.2285128,
              6.1698465
            ],
            [
              1.2282102,
              6.1697585
            ],
            [
              1.2275906,
              6.1695716
            ],
            [
              1.2268064,
              6.1693529
            ],
            [
              1.2269575,
              6.168859
            ],
            [
              1.2269657,
              6.1688162
            ],
            [
              1.226975,
              6.1687782
            ],
            [
              1.2271161,
              6.1682853
            ],
            [
              1.2274002,
              6.1672935
            ],
            [
              1.2274314,
              6.1671617
            ],
            [
              1.2276181,
              6.1664987
            ],
            [
              1.2276275,
              6.1664602
            ],
            [
              1.2283088,
              6.1666295
            ],
            [
              1.2283192,
              6.1665926
            ],
            [
              1.2285034,
              6.1659269
            ],
            [
              1.2288486,
              6.1646791
            ],
            [
              1.229006,
              6.1640842
            ],
            [
              1.2293081,
              6.1630182
            ],
            [
              1.2296058,
              6.16195
            ],
            [
              1.2298479,
              6.160977
            ],
            [
              1.229937,
              6.1605509
            ],
            [
              1.2299527,
              6.1604677
            ],
            [
              1.2300619,
              6.1604953
            ],
            [
              1.2308373,
              6.1607396
            ],
            [
              1.2318267,
              6.1609826
            ],
            [
              1.2329688,
              6.1613189
            ],
            [
              1.2331612,
              6.161395
            ],
            [
              1.2334979,
              6.1614722
            ],
            [
              1.2337501,
              6.1614761
            ],
            [
              1.2341011,
              6.1614929
            ],
            [
              1.2342214,
              6.1620873
            ],
            [
              1.2347695,
              6.161994
            ],
            [
              1.2353067,
              6.16191
            ],
            [
              1.2358526,
              6.1618172
            ],
            [
              1.2362291,
              6.1617555
            ],
            [
              1.2368868,
              6.1616478
            ],
            [
              1.2373981,
              6.1615627
            ],
            [
              1.2377364,
              6.1615086
            ],
            [
              1.2381016,
              6.1614595
            ],
            [
              1.2383916,
              6.1614214
            ],
            [
              1.2387631,
              6.1613712
            ],
            [
              1.2394021,
              6.1612632
            ],
            [
              1.2397511,
              6.1612086
            ],
            [
              1.2398146,
              6.1613296
            ],
            [
              1.2403755,
              6.1610889
            ],
            [
              1.2405311,
              6.1610149
            ],
            [
              1.2405764,
              6.161039
            ],
            [
              1.2418545,
              6.1626696
            ],
            [
              1.2418567,
              6.1627853
            ],
            [
              1.2421757,
              6.1632158
            ],
            [
              1.2422438,
              6.1632915
            ],
            [
              1.2428359,
              6.1641039
            ],
            [
              1.2432273,
              6.1645617
            ],
            [
              1.2435763,
              6.1650674
            ],
            [
              1.2439926,
              6.165553
            ],
            [
              1.2441223,
              6.1657251
            ],
            [
              1.2443548,
              6.1660167
            ],
            [
              1.2445181,
              6.1662451
            ],
            [
              1.2447392,
              6.1665303
            ],
            [
              1.2451128,
              6.1670014
            ],
            [
              1.2453126,
              6.1672352
            ],
            [
              1.2454996,
              6.167454
            ],
            [
              1.2457117,
              6.1677298
            ],
            [
              1.245878,
              6.1679461
            ],
            [
              1.2463045,
              6.168437
            ],
            [
              1.2461059,
              6.1686112
            ],
            [
              1.2459231,
              6.1687714
            ],
            [
              1.2452954,
              6.1693006
            ],
            [
              1.2451099,
              6.1694535
            ],
            [
              1.2449507,
              6.1695819
            ],
            [
              1.2438918,
              6.1704429
            ],
            [
              1.2428428,
              6.171204
            ],
            [
              1.2423945,
              6.1715809
            ],
            [
              1.2421039,
              6.1718197
            ],
            [
              1.2417888,
              6.1720743
            ],
            [
              1.2416425,
              6.1721961
            ],
            [
              1.2414399,
              6.1723626
            ],
            [
              1.2413378,
              6.1724356
            ]
          ]
        ]
      },
      "properties": {
        "record_type": "dagl_source_sublocality_geometry_candidate",
        "record_name": "Tokoin-Wuiti",
        "autonomous_parent_context_id": "tfd:official:autonomous-district:DAGL",
        "autonomous_parent_context_name": "District Autonome du Grand Lomé (DAGL)",
        "geographic_region": "Maritime",
        "geographic_prefecture": "Golfe",
        "geometry_status": "source_geometry_candidate_review_required",
        "publication_scope": "internal_reference_only",
        "non_authoritative_notice": "Reference context only; never an administrative, locality, cadastral, parcel, title, legal, or official boundary.",
        "generated_at": "2026-08-21T00:00:00Z",
        "source_ref": "tfd:source:TG_grand_lome_quartiers.geojson#feature:62",
        "source_place_type": "suburb",
        "source_role": "source_quartier",
        "hierarchy_level": "sublocality",
        "sublocality_class": "suburb",
        "parent_quarter_reference_id": null,
        "parent_quarter_name": null,
        "parent_quarter_relationship": "not_resolved",
        "boundary_replacement_allowed": false,
        "requires_geometry_review": true,
        "dagl_scope_geometry_ref": "official-admin-boundaries/layers/dagl.geojson#autonomous-district.DAGL",
        "dagl_geometry_authority": "derived_from_official_gouv_tg_communes",
        "district_and_capital_city_are_distinct": true
      }
    },
    {
      "type": "Feature",
      "id": "tfd:dagl:source_quartier:osm-rel-6610108",
      "geometry": {
        "type": "Polygon",
        "coordinates": [
          [
            [
              1.2209543,
              6.1497748
            ],
            [
              1.2203588,
              6.1497021
            ],
            [
              1.2202519,
              6.1490571
            ],
            [
              1.2201734,
              6.1485271
            ],
            [
              1.2200343,
              6.1475501
            ],
            [
              1.219581,
              6.1473701
            ],
            [
              1.2198734,
              6.1463487
            ],
            [
              1.220208,
              6.1453327
            ],
            [
              1.2204038,
              6.1445119
            ],
            [
              1.2205486,
              6.1438879
            ],
            [
              1.2206606,
              6.1433605
            ],
            [
              1.2207444,
              6.1434065
            ],
            [
              1.2207632,
              6.1433185
            ],
            [
              1.22263,
              6.1440359
            ],
            [
              1.2233757,
              6.1442786
            ],
            [
              1.2248992,
              6.1448119
            ],
            [
              1.225449,
              6.1448999
            ],
            [
              1.2280896,
              6.145416
            ],
            [
              1.2279998,
              6.145883
            ],
            [
              1.2298274,
              6.1461372
            ],
            [
              1.2299612,
              6.1461942
            ],
            [
              1.2300346,
              6.1489278
            ],
            [
              1.230047,
              6.1490761
            ],
            [
              1.2300483,
              6.1493175
            ],
            [
              1.2300517,
              6.1494855
            ],
            [
              1.2298565,
              6.1494908
            ],
            [
              1.2283203,
              6.1495528
            ],
            [
              1.2266305,
              6.1496221
            ],
            [
              1.2261236,
              6.1496435
            ],
            [
              1.2255576,
              6.1496728
            ],
            [
              1.2249843,
              6.1496988
            ],
            [
              1.223033,
              6.1497482
            ],
            [
              1.2226655,
              6.1497642
            ],
            [
              1.2209543,
              6.1497748
            ]
          ]
        ]
      },
      "properties": {
        "record_type": "dagl_source_sublocality_geometry_candidate",
        "record_name": "Tokoin-Élavagnon",
        "autonomous_parent_context_id": "tfd:official:autonomous-district:DAGL",
        "autonomous_parent_context_name": "District Autonome du Grand Lomé (DAGL)",
        "geographic_region": "Maritime",
        "geographic_prefecture": "Golfe",
        "geometry_status": "source_geometry_candidate_review_required",
        "publication_scope": "internal_reference_only",
        "non_authoritative_notice": "Reference context only; never an administrative, locality, cadastral, parcel, title, legal, or official boundary.",
        "generated_at": "2026-08-21T00:00:00Z",
        "source_ref": "tfd:source:TG_grand_lome_quartiers.geojson#feature:63",
        "source_place_type": "suburb",
        "source_role": "source_quartier",
        "hierarchy_level": "sublocality",
        "sublocality_class": "suburb",
        "parent_quarter_reference_id": null,
        "parent_quarter_name": null,
        "parent_quarter_relationship": "not_resolved",
        "boundary_replacement_allowed": false,
        "requires_geometry_review": true,
        "dagl_scope_geometry_ref": "official-admin-boundaries/layers/dagl.geojson#autonomous-district.DAGL",
        "dagl_geometry_authority": "derived_from_official_gouv_tg_communes",
        "district_and_capital_city_are_distinct": true
      }
    },
    {
      "type": "Feature",
      "id": "tfd:dagl:source_quartier:osm-rel-6610613",
      "geometry": {
        "type": "Polygon",
        "coordinates": [
          [
            [
              1.2087894,
              6.1651839
            ],
            [
              1.2183386,
              6.1651382
            ],
            [
              1.2227086,
              6.1651698
            ],
            [
              1.2225433,
              6.1655415
            ],
            [
              1.2224221,
              6.165853
            ],
            [
              1.2220775,
              6.166709
            ],
            [
              1.2215625,
              6.167932
            ],
            [
              1.2214015,
              6.1683357
            ],
            [
              1.2212232,
              6.1687257
            ],
            [
              1.2210388,
              6.1691517
            ],
            [
              1.2209526,
              6.169341
            ],
            [
              1.2208101,
              6.1696397
            ],
            [
              1.2207055,
              6.1698563
            ],
            [
              1.2205707,
              6.170123
            ],
            [
              1.2204058,
              6.1704477
            ],
            [
              1.220208,
              6.1707963
            ],
            [
              1.2200799,
              6.1710297
            ],
            [
              1.2197937,
              6.1715759
            ],
            [
              1.2195669,
              6.1720437
            ],
            [
              1.2194543,
              6.172253
            ],
            [
              1.2192866,
              6.1725677
            ],
            [
              1.2191277,
              6.172861
            ],
            [
              1.2189453,
              6.173221
            ],
            [
              1.2188206,
              6.173479
            ],
            [
              1.2186483,
              6.1738223
            ],
            [
              1.2185403,
              6.1740237
            ],
            [
              1.218437,
              6.1742157
            ],
            [
              1.2183445,
              6.174391
            ],
            [
              1.218148,
              6.1747636
            ],
            [
              1.2180935,
              6.1748841
            ],
            [
              1.2178858,
              6.175302
            ],
            [
              1.2178111,
              6.175439
            ],
            [
              1.2177266,
              6.1756
            ],
            [
              1.2176347,
              6.1757856
            ],
            [
              1.2175744,
              6.1759163
            ],
            [
              1.2175066,
              6.1760493
            ],
            [
              1.2174372,
              6.176182
            ],
            [
              1.2173558,
              6.1763346
            ],
            [
              1.217222,
              6.1765926
            ],
            [
              1.2171198,
              6.1768037
            ],
            [
              1.2167886,
              6.1774224
            ],
            [
              1.2167316,
              6.1775324
            ],
            [
              1.2165321,
              6.1779134
            ],
            [
              1.2163369,
              6.1782954
            ],
            [
              1.2159611,
              6.1790404
            ],
            [
              1.2155836,
              6.179787
            ],
            [
              1.2154112,
              6.1801239
            ],
            [
              1.2152439,
              6.1804687
            ],
            [
              1.2148909,
              6.1811623
            ],
            [
              1.2143949,
              6.1821502
            ],
            [
              1.2143209,
              6.1823516
            ],
            [
              1.2141281,
              6.1827649
            ],
            [
              1.2139758,
              6.1830795
            ],
            [
              1.2138885,
              6.183266
            ],
            [
              1.2135628,
              6.1839168
            ],
            [
              1.2134436,
              6.1841969
            ],
            [
              1.2131717,
              6.184756
            ],
            [
              1.2121949,
              6.1867914
            ],
            [
              1.2116249,
              6.1879827
            ],
            [
              1.2113151,
              6.1886113
            ],
            [
              1.2112702,
              6.1887064
            ],
            [
              1.211226,
              6.1886841
            ],
            [
              1.2111842,
              6.1886635
            ],
            [
              1.2110308,
              6.1885821
            ],
            [
              1.210969,
              6.1885441
            ],
            [
              1.2108088,
              6.1884701
            ],
            [
              1.2097552,
              6.1879301
            ],
            [
              1.2096076,
              6.1878488
            ],
            [
              1.2094487,
              6.1877575
            ],
            [
              1.2089662,
              6.1875034
            ],
            [
              1.2086139,
              6.1872908
            ],
            [
              1.2084315,
              6.1871602
            ],
            [
              1.2082464,
              6.1870162
            ],
            [
              1.2080888,
              6.1868528
            ],
            [
              1.2078005,
              6.1865529
            ],
            [
              1.2075463,
              6.1862389
            ],
            [
              1.2073143,
              6.1858642
            ],
            [
              1.2071722,
              6.1855849
            ],
            [
              1.207075,
              6.1854122
            ],
            [
              1.2069965,
              6.1852696
            ],
            [
              1.2069361,
              6.1850856
            ],
            [
              1.206733,
              6.1844262
            ],
            [
              1.206168,
              6.1820557
            ],
            [
              1.2066141,
              6.1792335
            ],
            [
              1.2069746,
              6.176878
            ],
            [
              1.2071135,
              6.1759785
            ],
            [
              1.2072883,
              6.1748272
            ],
            [
              1.207486,
              6.1735667
            ],
            [
              1.2081084,
              6.1696458
            ],
            [
              1.208586,
              6.1664999
            ],
            [
              1.2087894,
              6.1651839
            ]
          ]
        ]
      },
      "properties": {
        "record_type": "dagl_source_sublocality_geometry_candidate",
        "record_name": "Université de Lomé",
        "autonomous_parent_context_id": "tfd:official:autonomous-district:DAGL",
        "autonomous_parent_context_name": "District Autonome du Grand Lomé (DAGL)",
        "geographic_region": "Maritime",
        "geographic_prefecture": "Golfe",
        "geometry_status": "source_geometry_candidate_review_required",
        "publication_scope": "internal_reference_only",
        "non_authoritative_notice": "Reference context only; never an administrative, locality, cadastral, parcel, title, legal, or official boundary.",
        "generated_at": "2026-08-21T00:00:00Z",
        "source_ref": "tfd:source:TG_grand_lome_quartiers.geojson#feature:65",
        "source_place_type": "suburb",
        "source_role": "source_quartier",
        "hierarchy_level": "sublocality",
        "sublocality_class": "suburb",
        "parent_quarter_reference_id": null,
        "parent_quarter_name": null,
        "parent_quarter_relationship": "not_resolved",
        "boundary_replacement_allowed": false,
        "requires_geometry_review": true,
        "dagl_scope_geometry_ref": "official-admin-boundaries/layers/dagl.geojson#autonomous-district.DAGL",
        "dagl_geometry_authority": "derived_from_official_gouv_tg_communes",
        "district_and_capital_city_are_distinct": true
      }
    },
    {
      "type": "Feature",
      "id": "tfd:dagl:source_quartier:osm-rel-6609746",
      "geometry": {
        "type": "Polygon",
        "coordinates": [
          [
            [
              1.2196507,
              6.1295363
            ],
            [
              1.2197914,
              6.1295741
            ],
            [
              1.220672,
              6.1298811
            ],
            [
              1.2210048,
              6.1299976
            ],
            [
              1.221136,
              6.1300387
            ],
            [
              1.2212536,
              6.1300819
            ],
            [
              1.2220743,
              6.1303593
            ],
            [
              1.2221513,
              6.1303842
            ],
            [
              1.2221331,
              6.1304494
            ],
            [
              1.2219259,
              6.1309755
            ],
            [
              1.22238,
              6.1312487
            ],
            [
              1.2220439,
              6.1320956
            ],
            [
              1.222497,
              6.1325928
            ],
            [
              1.2225398,
              6.1326266
            ],
            [
              1.2225837,
              6.1326502
            ],
            [
              1.2231552,
              6.1329274
            ],
            [
              1.2232015,
              6.1329653
            ],
            [
              1.2232456,
              6.1329996
            ],
            [
              1.2230933,
              6.1335297
            ],
            [
              1.222978,
              6.1339224
            ],
            [
              1.2228533,
              6.1344857
            ],
            [
              1.2226724,
              6.1349492
            ],
            [
              1.2226672,
              6.1349669
            ],
            [
              1.2226568,
              6.1350018
            ],
            [
              1.2226471,
              6.1350362
            ],
            [
              1.2226428,
              6.1350517
            ],
            [
              1.2225167,
              6.1354918
            ],
            [
              1.222461,
              6.1356731
            ],
            [
              1.2223759,
              6.1359878
            ],
            [
              1.2222231,
              6.1365193
            ],
            [
              1.2222189,
              6.1365338
            ],
            [
              1.2222143,
              6.1365499
            ],
            [
              1.222092,
              6.1368907
            ],
            [
              1.2216933,
              6.1368353
            ],
            [
              1.221065,
              6.136616
            ],
            [
              1.2203399,
              6.1363407
            ],
            [
              1.2191447,
              6.135905
            ],
            [
              1.2183672,
              6.1356215
            ],
            [
              1.2181531,
              6.135526
            ],
            [
              1.2180651,
              6.1354789
            ],
            [
              1.2175193,
              6.1351063
            ],
            [
              1.2178942,
              6.1337522
            ],
            [
              1.218338,
              6.133774
            ],
            [
              1.2184227,
              6.1326399
            ],
            [
              1.2186443,
              6.1321515
            ],
            [
              1.2189963,
              6.1310617
            ],
            [
              1.2191211,
              6.1309089
            ],
            [
              1.2192837,
              6.1305833
            ],
            [
              1.2194597,
              6.130065
            ],
            [
              1.2196179,
              6.1295039
            ],
            [
              1.2196507,
              6.1295363
            ]
          ]
        ]
      },
      "properties": {
        "record_type": "dagl_source_sublocality_geometry_candidate",
        "record_name": "Wétrivi-Kondji",
        "autonomous_parent_context_id": "tfd:official:autonomous-district:DAGL",
        "autonomous_parent_context_name": "District Autonome du Grand Lomé (DAGL)",
        "geographic_region": "Maritime",
        "geographic_prefecture": "Golfe",
        "geometry_status": "source_geometry_candidate_review_required",
        "publication_scope": "internal_reference_only",
        "non_authoritative_notice": "Reference context only; never an administrative, locality, cadastral, parcel, title, legal, or official boundary.",
        "generated_at": "2026-08-21T00:00:00Z",
        "source_ref": "tfd:source:TG_grand_lome_quartiers.geojson#feature:66",
        "source_place_type": "suburb",
        "source_role": "source_quartier",
        "hierarchy_level": "sublocality",
        "sublocality_class": "suburb",
        "parent_quarter_reference_id": null,
        "parent_quarter_name": null,
        "parent_quarter_relationship": "not_resolved",
        "boundary_replacement_allowed": false,
        "requires_geometry_review": true,
        "dagl_scope_geometry_ref": "official-admin-boundaries/layers/dagl.geojson#autonomous-district.DAGL",
        "dagl_geometry_authority": "derived_from_official_gouv_tg_communes",
        "district_and_capital_city_are_distinct": true
      }
    },
    {
      "type": "Feature",
      "id": "tfd:dagl:source_quartier:osm-rel-6614574",
      "geometry": {
        "type": "Polygon",
        "coordinates": [
          [
            [
              1.2591065,
              6.1430955
            ],
            [
              1.2591746,
              6.1430863
            ],
            [
              1.2593126,
              6.1431089
            ],
            [
              1.2594188,
              6.1431417
            ],
            [
              1.2598579,
              6.1431961
            ],
            [
              1.2605982,
              6.1433027
            ],
            [
              1.2614778,
              6.1434176
            ],
            [
              1.2621877,
              6.1435175
            ],
            [
              1.262589,
              6.1435625
            ],
            [
              1.2628776,
              6.143594
            ],
            [
              1.2634083,
              6.1436515
            ],
            [
              1.2635759,
              6.1436716
            ],
            [
              1.2642753,
              6.143811
            ],
            [
              1.2640165,
              6.144785
            ],
            [
              1.2638514,
              6.1454467
            ],
            [
              1.2637939,
              6.1456831
            ],
            [
              1.26348,
              6.1467044
            ],
            [
              1.2632495,
              6.1475613
            ],
            [
              1.2629865,
              6.1484632
            ],
            [
              1.2626392,
              6.1497392
            ],
            [
              1.2624367,
              6.1504553
            ],
            [
              1.262025,
              6.1520866
            ],
            [
              1.2618079,
              6.1520159
            ],
            [
              1.2613952,
              6.1518812
            ],
            [
              1.2607552,
              6.1516903
            ],
            [
              1.2601101,
              6.1515001
            ],
            [
              1.2599184,
              6.1514415
            ],
            [
              1.2593142,
              6.1513156
            ],
            [
              1.2588722,
              6.1511858
            ],
            [
              1.2588312,
              6.1511738
            ],
            [
              1.2583677,
              6.1510309
            ],
            [
              1.257912,
              6.1508792
            ],
            [
              1.2580614,
              6.1503604
            ],
            [
              1.2581258,
              6.150105
            ],
            [
              1.2582102,
              6.1498426
            ],
            [
              1.2583483,
              6.1493225
            ],
            [
              1.2583491,
              6.1492445
            ],
            [
              1.2584521,
              6.1488737
            ],
            [
              1.258424,
              6.1488043
            ],
            [
              1.2584958,
              6.1485445
            ],
            [
              1.2587085,
              6.1477825
            ],
            [
              1.2587228,
              6.1477314
            ],
            [
              1.2589888,
              6.1467893
            ],
            [
              1.259104,
              6.1463784
            ],
            [
              1.2592274,
              6.1459757
            ],
            [
              1.2592921,
              6.1457394
            ],
            [
              1.2592975,
              6.1457084
            ],
            [
              1.2592975,
              6.1456821
            ],
            [
              1.2592985,
              6.1456527
            ],
            [
              1.2593166,
              6.1455967
            ],
            [
              1.2593343,
              6.1455507
            ],
            [
              1.2593555,
              6.1455037
            ],
            [
              1.2593639,
              6.145481
            ],
            [
              1.259385,
              6.1450444
            ],
            [
              1.2593394,
              6.144729
            ],
            [
              1.2592373,
              6.1442472
            ],
            [
              1.2591295,
              6.143809
            ],
            [
              1.2590842,
              6.1435943
            ],
            [
              1.2590648,
              6.1435393
            ],
            [
              1.259039,
              6.1434885
            ],
            [
              1.2590048,
              6.1434376
            ],
            [
              1.2589902,
              6.1433948
            ],
            [
              1.2589827,
              6.1433451
            ],
            [
              1.2589856,
              6.1432759
            ],
            [
              1.2589956,
              6.1432177
            ],
            [
              1.2590191,
              6.1431495
            ],
            [
              1.2590732,
              6.1431126
            ],
            [
              1.2591065,
              6.1430955
            ]
          ]
        ]
      },
      "properties": {
        "record_type": "dagl_source_sublocality_geometry_candidate",
        "record_name": "Wété",
        "autonomous_parent_context_id": "tfd:official:autonomous-district:DAGL",
        "autonomous_parent_context_name": "District Autonome du Grand Lomé (DAGL)",
        "geographic_region": "Maritime",
        "geographic_prefecture": "Golfe",
        "geometry_status": "source_geometry_candidate_review_required",
        "publication_scope": "internal_reference_only",
        "non_authoritative_notice": "Reference context only; never an administrative, locality, cadastral, parcel, title, legal, or official boundary.",
        "generated_at": "2026-08-21T00:00:00Z",
        "source_ref": "tfd:source:TG_grand_lome_quartiers.geojson#feature:67",
        "source_place_type": "suburb",
        "source_role": "source_quartier",
        "hierarchy_level": "sublocality",
        "sublocality_class": "suburb",
        "parent_quarter_reference_id": null,
        "parent_quarter_name": null,
        "parent_quarter_relationship": "not_resolved",
        "boundary_replacement_allowed": false,
        "requires_geometry_review": true,
        "dagl_scope_geometry_ref": "official-admin-boundaries/layers/dagl.geojson#autonomous-district.DAGL",
        "dagl_geometry_authority": "derived_from_official_gouv_tg_communes",
        "district_and_capital_city_are_distinct": true
      }
    }
  ]
}
