{"type": "FeatureCollection", "name": "TFD urbanism infrastructure Lom\u00e9", "features": [{"type": "Feature", "properties": {"name": "For\u00eat Sacr\u00e9e de B\u00e8", "infra_class": "place_of_worship", "infra_group": "poi"}, "geometry": {"type": "Polygon", "coordinates": [[[1.239634, 6.1423522], [1.2396218, 6.142251], [1.2403463, 6.1425073], [1.2404699, 6.1424843], [1.2407976, 6.1425027], [1.2413364, 6.1425615], [1.2422085, 6.1429386], [1.2418379, 6.1436859], [1.2417472, 6.1438211], [1.2417681, 6.1439829], [1.2415682, 6.1439773], [1.2408076, 6.1443469], [1.2406497, 6.1444437], [1.2406182, 6.1444877], [1.2404814, 6.144431], [1.2403825, 6.1444023], [1.2403621, 6.1446697], [1.2398122, 6.1445656], [1.2398761, 6.1440813], [1.2398673, 6.1436487], [1.2398936, 6.1427313], [1.239634, 6.1423522]]]}}, {"type": "Feature", "properties": {"name": "Stade de K\u00e9gu\u00e9", "infra_class": "stadium", "infra_group": "leisure"}, "geometry": {"type": "Polygon", "coordinates": [[[1.2399966, 6.2031489], [1.239876, 6.2031814], [1.23974, 6.2031936], [1.2396508, 6.2031901], [1.2395643, 6.2031745], [1.2394159, 6.2031288], [1.2393184, 6.2030794], [1.2392228, 6.2030263], [1.2392086, 6.2031833], [1.239051, 6.203186], [1.2390392, 6.2030746], [1.2390364, 6.2028365], [1.2389453, 6.2027734], [1.2388519, 6.2028056], [1.2387696, 6.2026584], [1.2387027, 6.2024829], [1.2386786, 6.2023366], [1.2386707, 6.2021931], [1.2386878, 6.2020149], [1.2387319, 6.201861], [1.238813, 6.2016932], [1.238899, 6.2015587], [1.2389816, 6.2014635], [1.2390765, 6.201374], [1.2391591, 6.2014271], [1.239274, 6.2013449], [1.2393178, 6.2011779], [1.2393352, 6.2011156], [1.2393766, 6.2010033], [1.2395307, 6.201053], [1.2395027, 6.2012184], [1.2396242, 6.2011958], [1.2397474, 6.2011852], [1.239876, 6.2011956], [1.240009, 6.2012189], [1.2401371, 6.2012752], [1.2402598, 6.2013453], [1.2402906, 6.2011671], [1.2404555, 6.2011666], [1.2404497, 6.2015271], [1.240497, 6.2016024], [1.2405269, 6.2015845], [1.2405865, 6.201687], [1.2406457, 6.2018349], [1.2406756, 6.2019809], [1.2406894, 6.2021404], [1.2406812, 6.2022914], [1.2406507, 6.2024317], [1.2406047, 6.2025855], [1.2405294, 6.2027376], [1.2404294, 6.2028864], [1.2403144, 6.2030055], [1.240279, 6.2029731], [1.2402272, 6.2030084], [1.2401268, 6.2033499], [1.239978, 6.203302], [1.2399966, 6.2031489]]]}}, {"type": "Feature", "properties": {"name": null, "infra_class": "pitch", "infra_group": "leisure"}, "geometry": {"type": "Polygon", "coordinates": [[[1.2392915, 6.2025731], [1.2394349, 6.2016351], [1.2400585, 6.2017294], [1.2399151, 6.2026674], [1.2392915, 6.2025731]]]}}, {"type": "Feature", "properties": {"name": "Coll\u00e8ge Saint-Joseph", "infra_class": "school", "infra_group": "education"}, "geometry": {"type": "Polygon", "coordinates": [[[1.2320149, 6.1496993], [1.2320733, 6.1496483], [1.2334152, 6.1497298], [1.2339589, 6.1499055], [1.2339769, 6.1499289], [1.2340773, 6.1511044], [1.2335387, 6.1511703], [1.2322964, 6.1513199], [1.2320149, 6.1496993]]]}}, {"type": "Feature", "properties": {"name": "Coll\u00e8ge Notre-Dame des Ap\u00f4tres", "infra_class": "school", "infra_group": "education"}, "geometry": {"type": "Polygon", "coordinates": [[[1.2266578, 6.1379934], [1.2266777, 6.1380207], [1.2267392, 6.138137], [1.2268234, 6.1393278], [1.226107, 6.1393881], [1.2253796, 6.1381267], [1.2251581, 6.1371075], [1.2258718, 6.1369417], [1.2260417, 6.1374733], [1.2260686, 6.1376306], [1.2261068, 6.1377819], [1.2261008, 6.13792], [1.226054, 6.1380333], [1.2260864, 6.1381113], [1.2266578, 6.1379934]]]}}, {"type": "Feature", "properties": {"name": "\u00c9glise Saint-Antoine de Padoue", "infra_class": "place_of_worship", "infra_group": "poi"}, "geometry": {"type": "Polygon", "coordinates": [[[1.2159155, 6.1357542], [1.2159254, 6.1357401], [1.2159421, 6.135716], [1.2160125, 6.1356155], [1.2162199, 6.1357529], [1.2161011, 6.1359036], [1.2160937, 6.1360014], [1.2158775, 6.1360057], [1.215829, 6.135811], [1.2159155, 6.1357542]]]}}, {"type": "Feature", "properties": {"name": "Cath\u00e9drale du Sacr\u00e9 C\u0153ur", "infra_class": "place_of_worship", "infra_group": "poi"}, "geometry": {"type": "Polygon", "coordinates": [[[1.2264628, 6.1247569], [1.2264756, 6.1247718], [1.2264785, 6.1247808], [1.2264745, 6.1248001], [1.2264943, 6.1248065], [1.2265097, 6.1248216], [1.2265045, 6.1248371], [1.2264926, 6.1248425], [1.2263985, 6.1251175], [1.226271, 6.1250733], [1.2263653, 6.1247981], [1.2263602, 6.124784], [1.2263664, 6.1247713], [1.2263829, 6.1247703], [1.2264086, 6.1247786], [1.2264111, 6.1247667], [1.2264211, 6.1247567], [1.2264348, 6.1247511], [1.2264628, 6.1247569]]]}}, {"type": "Feature", "properties": {"name": "Palais de Justice", "infra_class": "public_building", "infra_group": "poi"}, "geometry": {"type": "Polygon", "coordinates": [[[1.2194891, 6.1221147], [1.2195927, 6.1221494], [1.2194703, 6.1224731], [1.2196977, 6.1223715], [1.2198053, 6.1225908], [1.2195631, 6.1226979], [1.2198187, 6.1227835], [1.2197891, 6.1228717], [1.2194421, 6.1227607], [1.2194004, 6.1227794], [1.2193667, 6.1227112], [1.219325, 6.1227286], [1.2192779, 6.122639], [1.2193196, 6.1226149], [1.2192914, 6.1225628], [1.2193546, 6.1225253], [1.2194891, 6.1221147]]]}}, {"type": "Feature", "properties": {"name": "SUN Petrol Station", "infra_class": "fuel", "infra_group": "utility"}, "geometry": {"type": "Polygon", "coordinates": [[[1.2667785, 6.1385049], [1.2668486, 6.1385304], [1.2668046, 6.1386499], [1.2667345, 6.1386244], [1.2667785, 6.1385049]]]}}, {"type": "Feature", "properties": {"name": "Poste Centrale", "infra_class": "post_office", "infra_group": "poi"}, "geometry": {"type": "Polygon", "coordinates": [[[1.2230989, 6.1339029], [1.2230654, 6.1338186], [1.2231993, 6.1332513], [1.2232732, 6.133359], [1.2236563, 6.1331792], [1.2236384, 6.1331289], [1.2239926, 6.1331183], [1.2241504, 6.1331128], [1.224244, 6.1331712], [1.2242553, 6.1331689], [1.2244142, 6.1339327], [1.2243577, 6.1340009], [1.2230981, 6.1339146], [1.2230989, 6.1339029]]]}}, {"type": "Feature", "properties": {"name": "\u00c9glise C\u00e9leste", "infra_class": "place_of_worship", "infra_group": "poi"}, "geometry": {"type": "Polygon", "coordinates": [[[1.2393852, 6.1708241], [1.2394549, 6.1707146], [1.2396592, 6.1708467], [1.2395894, 6.170949], [1.2393852, 6.1708241]]]}}, {"type": "Feature", "properties": {"name": "Parking supermarch\u00e9 Ramco", "infra_class": "parking", "infra_group": "poi"}, "geometry": {"type": "Polygon", "coordinates": [[[1.2215737, 6.1243216], [1.2217703, 6.1236914], [1.2225552, 6.1239335], [1.2224586, 6.1242429], [1.2223931, 6.1244529], [1.2223586, 6.1245637], [1.2215737, 6.1243216]]]}}, {"type": "Feature", "properties": {"name": "Eglise des Saints Martyrs de l'Uganda", "infra_class": "place_of_worship", "infra_group": "poi"}, "geometry": {"type": "Polygon", "coordinates": [[[1.2106041, 6.1486944], [1.2108267, 6.148719], [1.2107874, 6.1490097], [1.210834, 6.1491218], [1.2107671, 6.1491572], [1.2107067, 6.1491681], [1.2106601, 6.1491652], [1.2106056, 6.1491493], [1.2105409, 6.1491218], [1.2104965, 6.1490849], [1.2105801, 6.1489743], [1.2106041, 6.1486944]]]}}, {"type": "Feature", "properties": {"name": "Colombo", "infra_class": "nightclub", "infra_group": "poi"}, "geometry": {"type": "Polygon", "coordinates": [[[1.2155103, 6.1337979], [1.2157139, 6.1339483], [1.2155068, 6.1342276], [1.215257, 6.1339986], [1.2155103, 6.1337979]]]}}, {"type": "Feature", "properties": {"name": "Temple Baptiste", "infra_class": "place_of_worship", "infra_group": "poi"}, "geometry": {"type": "Polygon", "coordinates": [[[1.2159945, 6.1341336], [1.2161096, 6.1342119], [1.2159778, 6.1344032], [1.2158627, 6.1343248], [1.2159945, 6.1341336]]]}}, {"type": "Feature", "properties": {"name": "CyberCaf\u00e9 El-Elyon", "infra_class": "hifi", "infra_group": "commerce"}, "geometry": {"type": "Polygon", "coordinates": [[[1.2535265, 6.137945], [1.2534392, 6.1379184], [1.2534483, 6.1378888], [1.2535356, 6.1379154], [1.2535265, 6.137945]]]}}, {"type": "Feature", "properties": {"name": "\u00c9glise \u00e9vang\u00e9lique presbyt\u00e9rienne du Togo", "infra_class": "place_of_worship", "infra_group": "poi"}, "geometry": {"type": "Polygon", "coordinates": [[[1.1752677, 6.1946932], [1.1752461, 6.1946771], [1.1752588, 6.1946471], [1.1752769, 6.1946031], [1.1753091, 6.1945565], [1.1753554, 6.1944905], [1.1753909, 6.1944585], [1.1754204, 6.1944211], [1.1754419, 6.1944185], [1.175611, 6.1945135], [1.1756095, 6.1945345], [1.175637, 6.1945598], [1.1756015, 6.1946011], [1.1755975, 6.1946225], [1.1755934, 6.1946778], [1.1755753, 6.1947178], [1.1755532, 6.1947585], [1.175508, 6.1948007], [1.1754945, 6.1947945], [1.1754779, 6.1948196], [1.1754435, 6.1948549], [1.1754136, 6.1948657], [1.1753716, 6.1948557], [1.1753449, 6.1948618], [1.1753175, 6.1948602], [1.1752917, 6.1948511], [1.1752683, 6.194834], [1.175251, 6.1948108], [1.1752414, 6.1947836], [1.1752404, 6.1947547], [1.1752481, 6.1947268], [1.1752677, 6.1946932]]]}}, {"type": "Feature", "properties": {"name": "Chapelle du Petit Seminaire", "infra_class": "place_of_worship", "infra_group": "poi"}, "geometry": {"type": "Polygon", "coordinates": [[[1.2029988, 6.2251274], [1.2029687, 6.2250954], [1.2029404, 6.225048], [1.2029288, 6.2249835], [1.202926, 6.224924], [1.2029252, 6.2248699], [1.202946, 6.224823], [1.2030108, 6.2247894], [1.2030074, 6.2247765], [1.2030527, 6.2247669], [1.2030549, 6.2247787], [1.2031053, 6.224777], [1.2031336, 6.224808], [1.2031635, 6.2248501], [1.2031856, 6.2249007], [1.2031924, 6.224962], [1.2031924, 6.2250317], [1.2031794, 6.2250857], [1.2031234, 6.2250891], [1.2031211, 6.2251071], [1.2030623, 6.2251234], [1.2030549, 6.2251065], [1.2029988, 6.2251274]]]}}, {"type": "Feature", "properties": {"name": "\u00c9glise des Assembl\u00e9es Chr\u00e9tiennes", "infra_class": "place_of_worship", "infra_group": "poi"}, "geometry": {"type": "Polygon", "coordinates": [[[1.1749558, 6.1830896], [1.1750575, 6.1832187], [1.1748, 6.1834192], [1.1746983, 6.1832901], [1.1749558, 6.1830896]]]}}, {"type": "Feature", "properties": {"name": "Chapelle Saint-Fran\u00e7ois", "infra_class": "place_of_worship", "infra_group": "poi"}, "geometry": {"type": "Polygon", "coordinates": [[[1.1759118, 6.1829892], [1.1759828, 6.1829355], [1.1760494, 6.1828851], [1.1760972, 6.1829475], [1.1761481, 6.1830139], [1.1760105, 6.183118], [1.1759118, 6.1829892]]]}}, {"type": "Feature", "properties": {"name": null, "infra_class": "pitch", "infra_group": "leisure"}, "geometry": {"type": "Polygon", "coordinates": [[[1.1777084, 6.1847052], [1.1771986, 6.1851036], [1.1766203, 6.1843723], [1.1771301, 6.1839739], [1.1777084, 6.1847052]]]}}, {"type": "Feature", "properties": {"name": "Mosqu\u00e9e Campus UL", "infra_class": "place_of_worship", "infra_group": "poi"}, "geometry": {"type": "Polygon", "coordinates": [[[1.2115464, 6.1717209], [1.2115473, 6.1717081], [1.211645, 6.1717153], [1.2116441, 6.1717278], [1.2116574, 6.1717288], [1.2116552, 6.1717589], [1.2116703, 6.17176], [1.2116668, 6.1718072], [1.2116519, 6.1718061], [1.2116496, 6.1718366], [1.2116371, 6.1718357], [1.2116359, 6.1718515], [1.2115867, 6.1718478], [1.2115382, 6.1718443], [1.2115394, 6.1718289], [1.211495, 6.1718256], [1.2114975, 6.1717916], [1.2114861, 6.1717908], [1.2114896, 6.1717436], [1.2115008, 6.1717444], [1.2115028, 6.1717177], [1.2115464, 6.1717209]]]}}, {"type": "Feature", "properties": {"name": null, "infra_class": "pitch", "infra_group": "leisure"}, "geometry": {"type": "Polygon", "coordinates": [[[1.2164604, 6.1705216], [1.2171345, 6.1705272], [1.217126, 6.1715214], [1.2164519, 6.1715157], [1.2164562, 6.1710187], [1.2164604, 6.1705216]]]}}, {"type": "Feature", "properties": {"name": "March\u00e9 d'Ago\u00e8-Assiy\u00e9y\u00e9", "infra_class": "marketplace", "infra_group": "commerce"}, "geometry": {"type": "Polygon", "coordinates": [[[1.1959103, 6.230506], [1.1962303, 6.2303637], [1.196251, 6.2304058], [1.1968099, 6.2301509], [1.1968001, 6.2301177], [1.197152, 6.2299462], [1.1971826, 6.2299775], [1.1971363, 6.2299991], [1.1971678, 6.2300706], [1.1972209, 6.2300155], [1.1984962, 6.2312973], [1.1975353, 6.2322812], [1.1960627, 6.2308114], [1.1959103, 6.230506]]]}}, {"type": "Feature", "properties": {"name": "La Concorde", "infra_class": "mall", "infra_group": "commerce"}, "geometry": {"type": "Polygon", "coordinates": [[[1.2023816, 6.1662777], [1.2023562, 6.1660585], [1.2026394, 6.1660555], [1.2026142, 6.1662512], [1.2023816, 6.1662777]]]}}, {"type": "Feature", "properties": {"name": "Fusion", "infra_class": "tailor", "infra_group": "commerce"}, "geometry": {"type": "Polygon", "coordinates": [[[1.1984232, 6.1744741], [1.1983034, 6.1744891], [1.1982952, 6.1744239], [1.198415, 6.174409], [1.1984232, 6.1744741]]]}}, {"type": "Feature", "properties": {"name": "Le Parrain", "infra_class": "bar", "infra_group": "poi"}, "geometry": {"type": "Polygon", "coordinates": [[[1.1990747, 6.1743054], [1.1990822, 6.1742715], [1.1991321, 6.1742824], [1.1991246, 6.1743163], [1.1990747, 6.1743054]]]}}, {"type": "Feature", "properties": {"name": "Mawubedzro", "infra_class": "clinic", "infra_group": "health"}, "geometry": {"type": "Polygon", "coordinates": [[[1.2008776, 6.1731963], [1.2009012, 6.1731256], [1.200969, 6.1731481], [1.2009454, 6.1732188], [1.2008776, 6.1731963]]]}}, {"type": "Feature", "properties": {"name": "Logokpame", "infra_class": "pitch", "infra_group": "leisure"}, "geometry": {"type": "Polygon", "coordinates": [[[1.1840648, 6.1778313], [1.183843, 6.1773394], [1.183978, 6.177276], [1.1843278, 6.177123], [1.1845489, 6.1776171], [1.1840648, 6.1778313]]]}}, {"type": "Feature", "properties": {"name": null, "infra_class": "pitch", "infra_group": "leisure"}, "geometry": {"type": "Polygon", "coordinates": [[[1.1925951, 6.1762256], [1.1931794, 6.1759562], [1.1935011, 6.1766459], [1.1929168, 6.1769153], [1.1925951, 6.1762256]]]}}, {"type": "Feature", "properties": {"name": "CEG Djidjole", "infra_class": "school", "infra_group": "education"}, "geometry": {"type": "Polygon", "coordinates": [[[1.1919839, 6.1766525], [1.1931243, 6.1757609], [1.1936099, 6.1767565], [1.1923059, 6.1771215], [1.1919839, 6.1766525]]]}}, {"type": "Feature", "properties": {"name": "Cyber Conso", "infra_class": "computer", "infra_group": "commerce"}, "geometry": {"type": "Polygon", "coordinates": [[[1.1898892, 6.1766666], [1.1898654, 6.1765839], [1.1899605, 6.1765188], [1.1899975, 6.176602], [1.1898892, 6.1766666]]]}}, {"type": "Feature", "properties": {"name": "\u00c9glise \u00c9vang\u00e9lique Presbyt\u00e9rienne du Togo ( EEPT) Avenou", "infra_class": "place_of_worship", "infra_group": "poi"}, "geometry": {"type": "Polygon", "coordinates": [[[1.1851202, 6.1790125], [1.185466, 6.1784347], [1.1855968, 6.1781867], [1.185873, 6.1781726], [1.1861398, 6.1780099], [1.1860363, 6.1788427], [1.1852717, 6.1793884], [1.1852373, 6.1793889], [1.1850871, 6.1790783], [1.1851202, 6.1790125]]]}}, {"type": "Feature", "properties": {"name": "\u00c9cole Priv\u00e9e La\u00eeque Montaigne II", "infra_class": "school", "infra_group": "education"}, "geometry": {"type": "Polygon", "coordinates": [[[1.1963247, 6.1753395], [1.1964194, 6.1751632], [1.1967821, 6.1753578], [1.1966995, 6.1755234], [1.1963247, 6.1753395]]]}}, {"type": "Feature", "properties": {"name": "GG BAR", "infra_class": "bar", "infra_group": "poi"}, "geometry": {"type": "Polygon", "coordinates": [[[1.1998764, 6.1772416], [1.1998937, 6.1773175], [1.1996876, 6.177364], [1.1996703, 6.1772881], [1.1998764, 6.1772416]]]}}, {"type": "Feature", "properties": {"name": "H\u00f4tel Le Guide", "infra_class": "hotel", "infra_group": "leisure"}, "geometry": {"type": "Polygon", "coordinates": [[[1.2021461, 6.1821513], [1.2021129, 6.181822], [1.2023347, 6.1818], [1.2023678, 6.1821293], [1.2021461, 6.1821513]]]}}, {"type": "Feature", "properties": {"name": "caisse de retraite du Togo", "infra_class": "bureau_de_change", "infra_group": "poi"}, "geometry": {"type": "Polygon", "coordinates": [[[1.2041082, 6.1732341], [1.2040683, 6.1730705], [1.2042549, 6.1730255], [1.2042948, 6.1731892], [1.2041082, 6.1732341]]]}}, {"type": "Feature", "properties": {"name": "March\u00e9 de Djidjol\u00e9", "infra_class": "marketplace", "infra_group": "commerce"}, "geometry": {"type": "Polygon", "coordinates": [[[1.2006849, 6.1767773], [1.200544, 6.176186], [1.2006145, 6.1761298], [1.2011376, 6.1760563], [1.2012801, 6.1769188], [1.2012, 6.1769863], [1.2006849, 6.1767773]]]}}, {"type": "Feature", "properties": {"name": "Eglise de Pentec\u00f4te du Togo Paroisse Aflao-Gakli", "infra_class": "place_of_worship", "infra_group": "poi"}, "geometry": {"type": "Polygon", "coordinates": [[[1.1995101, 6.1775885], [1.1994538, 6.1773826], [1.1994836, 6.1773746], [1.1994753, 6.1773444], [1.1995816, 6.1773157], [1.1996461, 6.1775517], [1.1995101, 6.1775885]]]}}, {"type": "Feature", "properties": {"name": "ntic land", "infra_class": "computer", "infra_group": "commerce"}, "geometry": {"type": "Polygon", "coordinates": [[[1.2034586, 6.1824184], [1.2034522, 6.1823619], [1.203484, 6.1823624], [1.2034887, 6.1824181], [1.2034586, 6.1824184]]]}}, {"type": "Feature", "properties": {"name": "Terrain de basket Attikoum\u00e9", "infra_class": "pitch", "infra_group": "leisure"}, "geometry": {"type": "Polygon", "coordinates": [[[1.1984179, 6.1700182], [1.1986455, 6.1699158], [1.1987113, 6.1700603], [1.1984837, 6.1701627], [1.1984179, 6.1700182]]]}}, {"type": "Feature", "properties": {"name": "COLLEGE PROTESTANT LOME AGBALEPEDOGAN", "infra_class": "school", "infra_group": "education"}, "geometry": {"type": "Polygon", "coordinates": [[[1.1930734, 6.1953258], [1.1931757, 6.1945561], [1.1932977, 6.1945722], [1.1931954, 6.1953418], [1.1930734, 6.1953258]]]}}, {"type": "Feature", "properties": {"name": null, "infra_class": "pitch", "infra_group": "leisure"}, "geometry": {"type": "Polygon", "coordinates": [[[1.2694551, 6.1666387], [1.2694161, 6.1660291], [1.2704116, 6.1659662], [1.2704506, 6.1665758], [1.2694551, 6.1666387]]]}}, {"type": "Feature", "properties": {"name": "Hopital Bon S\u00e9cours de Kegu\u00e9", "infra_class": "hospital", "infra_group": "health"}, "geometry": {"type": "Polygon", "coordinates": [[[1.2349067, 6.1913846], [1.2368361, 6.1909622], [1.2370283, 6.1915765], [1.2372041, 6.1921381], [1.2354353, 6.1926568], [1.2349067, 6.1913846]]]}}, {"type": "Feature", "properties": {"name": "Terrain de basket Swallows", "infra_class": "pitch", "infra_group": "leisure"}, "geometry": {"type": "Polygon", "coordinates": [[[1.2435343, 6.192148], [1.2436841, 6.1925409], [1.2434852, 6.1926102], [1.2434981, 6.1926333], [1.2434723, 6.1926693], [1.2433362, 6.1927451], [1.2433174, 6.1925569], [1.2432734, 6.1925486], [1.2432528, 6.1925229], [1.2432295, 6.1924459], [1.2432528, 6.1924176], [1.2431804, 6.1922687], [1.2432011, 6.1922481], [1.2432863, 6.1922302], [1.2433199, 6.1922327], [1.2435343, 6.192148]]]}}, {"type": "Feature", "properties": {"name": "trerrain de football Swallows", "infra_class": "pitch", "infra_group": "leisure"}, "geometry": {"type": "Polygon", "coordinates": [[[1.2427557, 6.1929309], [1.2425467, 6.1923698], [1.2429833, 6.1922091], [1.2431923, 6.1927702], [1.2427557, 6.1929309]]]}}, {"type": "Feature", "properties": {"name": "\u00c9cole Primaire Publique Aflao-Gakli", "infra_class": "school", "infra_group": "education"}, "geometry": {"type": "Polygon", "coordinates": [[[1.1988848, 6.1752389], [1.1979224, 6.175407], [1.1979128, 6.1753892], [1.1979129, 6.1753591], [1.1981703, 6.1746869], [1.19878, 6.1745879], [1.1988848, 6.1752389]]]}}, {"type": "Feature", "properties": {"name": "Centre Catholique Universitaire (CCU)", "infra_class": "place_of_worship", "infra_group": "poi"}, "geometry": {"type": "Polygon", "coordinates": [[[1.2119307, 6.1743358], [1.2119432, 6.1743408], [1.2119244, 6.1744595], [1.2118087, 6.1744458], [1.2118075, 6.174407], [1.2117936, 6.1743983], [1.2116591, 6.1743908], [1.2116667, 6.1742921], [1.2118012, 6.1743096], [1.2118213, 6.1741621], [1.2118301, 6.1741283], [1.211849, 6.1741158], [1.2118829, 6.1741083], [1.2119181, 6.1741171], [1.2119382, 6.1741371], [1.2119174, 6.1743232], [1.2119307, 6.1743358]]]}}, {"type": "Feature", "properties": {"name": null, "infra_class": "pitch", "infra_group": "leisure"}, "geometry": {"type": "Polygon", "coordinates": [[[1.2176666, 6.1717738], [1.2175783, 6.1707761], [1.2182412, 6.1707232], [1.218281, 6.1712169], [1.2183316, 6.1717065], [1.2176666, 6.1717738]]]}}, {"type": "Feature", "properties": {"name": "Temple Bethlehem Be-Klikam\u00e9", "infra_class": "place_of_worship", "infra_group": "poi"}, "geometry": {"type": "Polygon", "coordinates": [[[1.2069545, 6.1701597], [1.2069028, 6.170131], [1.2069199, 6.1701007], [1.2069044, 6.1700921], [1.2068874, 6.1701224], [1.2068588, 6.1701065], [1.2069026, 6.1700287], [1.2069562, 6.1700585], [1.206964, 6.1700446], [1.2070061, 6.170068], [1.2069545, 6.1701597]]]}}, {"type": "Feature", "properties": {"name": "Institut N.D.E.", "infra_class": "school", "infra_group": "education"}, "geometry": {"type": "Polygon", "coordinates": [[[1.210355, 6.1493448], [1.2103835, 6.1492487], [1.2107437, 6.1493545], [1.2107151, 6.1494506], [1.210355, 6.1493448]]]}}, {"type": "Feature", "properties": {"name": "principalis", "infra_class": "computer", "infra_group": "commerce"}, "geometry": {"type": "Polygon", "coordinates": [[[1.191501, 6.1728437], [1.1913482, 6.1729034], [1.1913211, 6.1728315], [1.1914684, 6.1727632], [1.191501, 6.1728437]]]}}, {"type": "Feature", "properties": {"name": null, "infra_class": "pitch", "infra_group": "leisure"}, "geometry": {"type": "Polygon", "coordinates": [[[1.1950155, 6.1938756], [1.1950175, 6.1935983], [1.1952026, 6.1935997], [1.1952006, 6.1938769], [1.1950155, 6.1938756]]]}}, {"type": "Feature", "properties": {"name": "Lonato", "infra_class": "gambling", "infra_group": "poi"}, "geometry": {"type": "Polygon", "coordinates": [[[1.2045913, 6.1799875], [1.2046228, 6.1799656], [1.204678, 6.1800439], [1.2046465, 6.1800658], [1.2045913, 6.1799875]]]}}, {"type": "Feature", "properties": {"name": "Ecole Saint-esprit", "infra_class": "school", "infra_group": "education"}, "geometry": {"type": "Polygon", "coordinates": [[[1.207766, 6.1662691], [1.2081474, 6.1663875], [1.2082133, 6.166408], [1.208108, 6.1665683], [1.2076695, 6.1664351], [1.207766, 6.1662691]]]}}, {"type": "Feature", "properties": {"name": "ACROPOLISE GUEST HOUSE", "infra_class": "hotel", "infra_group": "leisure"}, "geometry": {"type": "Polygon", "coordinates": [[[1.1914178, 6.1896704], [1.1915005, 6.1895035], [1.1915531, 6.189511], [1.1915607, 6.1895508], [1.1916333, 6.1895135], [1.1915807, 6.1894985], [1.1915907, 6.1894536], [1.1916434, 6.1894786], [1.1916684, 6.1893714], [1.1919065, 6.1894412], [1.1918464, 6.1895608], [1.1914178, 6.1896704]]]}}, {"type": "Feature", "properties": {"name": "ALMA", "infra_class": "hotel", "infra_group": "leisure"}, "geometry": {"type": "Polygon", "coordinates": [[[1.1861758, 6.1880899], [1.1861595, 6.1880859], [1.1861771, 6.1880143], [1.186196, 6.1880189], [1.1862071, 6.1879741], [1.1863671, 6.1880131], [1.1863386, 6.1881286], [1.1862818, 6.1881147], [1.1862877, 6.1880907], [1.1862635, 6.1880847], [1.1862573, 6.1881098], [1.1861758, 6.1880899]]]}}, {"type": "Feature", "properties": {"name": "Pharmacie des \u00e9coles", "infra_class": "pharmacy", "infra_group": "health"}, "geometry": {"type": "Polygon", "coordinates": [[[1.1583429, 6.1920691], [1.1582776, 6.1919896], [1.1584158, 6.1918773], [1.1584812, 6.1919568], [1.1583429, 6.1920691]]]}}, {"type": "Feature", "properties": {"name": "Ets Famous", "infra_class": "hairdresser", "infra_group": "commerce"}, "geometry": {"type": "Polygon", "coordinates": [[[1.1883056, 6.1903375], [1.1883216, 6.1902869], [1.1883349, 6.1902911], [1.1883547, 6.1902288], [1.1883698, 6.1902335], [1.1883795, 6.1902029], [1.1884783, 6.1902339], [1.1884327, 6.1903774], [1.1883447, 6.1903498], [1.1883056, 6.1903375]]]}}, {"type": "Feature", "properties": {"name": "Mosqu\u00e9e Oumar Bno Abdoul Aziz", "infra_class": "place_of_worship", "infra_group": "poi"}, "geometry": {"type": "Polygon", "coordinates": [[[1.1840706, 6.186578], [1.1839618, 6.186573], [1.1839602, 6.1864216], [1.1841911, 6.1864316], [1.1841895, 6.1865597], [1.184161, 6.1865714], [1.1840706, 6.186578]]]}}, {"type": "Feature", "properties": {"name": "Centre islamique Ghadafi", "infra_class": "college", "infra_group": "education"}, "geometry": {"type": "Polygon", "coordinates": [[[1.2271314, 6.1903561], [1.227411, 6.1902874], [1.2276991, 6.1902873], [1.2279788, 6.1903557], [1.2282339, 6.1904887], [1.2284496, 6.1906784], [1.2286134, 6.1909141], [1.2287157, 6.1911818], [1.2287506, 6.191466], [1.228716, 6.1917504], [1.228614, 6.1920182], [1.2284505, 6.1922539], [1.2282349, 6.192444], [1.2279799, 6.1925772], [1.2277003, 6.1926459], [1.2274122, 6.192646], [1.2271325, 6.1925776], [1.2268774, 6.1924447], [1.2266617, 6.1922549], [1.2264979, 6.1920193], [1.2263956, 6.1917515], [1.2263607, 6.1914673], [1.2263953, 6.191183], [1.2264973, 6.1909151], [1.2266608, 6.1906794], [1.2268764, 6.1904893], [1.2271314, 6.1903561]]]}}, {"type": "Feature", "properties": {"name": null, "infra_class": "parking", "infra_group": "poi"}, "geometry": {"type": "Polygon", "coordinates": [[[1.2118226, 6.1931931], [1.2118094, 6.1933407], [1.211695, 6.1944763], [1.2115336, 6.194459], [1.2115482, 6.194308], [1.2115704, 6.1940814], [1.2115734, 6.1940477], [1.2115776, 6.1939951], [1.2116079, 6.1935799], [1.2116285, 6.1933237], [1.2116439, 6.1931748], [1.2118226, 6.1931931]]]}}, {"type": "Feature", "properties": {"name": "March\u00e9 de Totsi", "infra_class": "marketplace", "infra_group": "commerce"}, "geometry": {"type": "Polygon", "coordinates": [[[1.1882917, 6.1948543], [1.1877848, 6.1951502], [1.1872998, 6.1945124], [1.1873881, 6.1940218], [1.1884291, 6.1938784], [1.1882917, 6.1948543]]]}}, {"type": "Feature", "properties": {"name": "Atikpodji", "infra_class": "marketplace", "infra_group": "commerce"}, "geometry": {"type": "Polygon", "coordinates": [[[1.2304265, 6.1288447], [1.2305334, 6.1285076], [1.2305976, 6.128305], [1.2306541, 6.1281271], [1.2311602, 6.1285678], [1.2315695, 6.1289006], [1.2314977, 6.1293397], [1.231476, 6.129471], [1.2311419, 6.1297504], [1.2308451, 6.129335], [1.2304265, 6.1288447]]]}}, {"type": "Feature", "properties": {"name": "Cimeti\u00e8re de la Plage", "infra_class": "grave_yard", "infra_group": "poi"}, "geometry": {"type": "Polygon", "coordinates": [[[1.231667, 6.1288303], [1.2318202, 6.1278117], [1.2323833, 6.127931], [1.2327465, 6.1280096], [1.2331512, 6.1281062], [1.2333638, 6.1281592], [1.2341207, 6.1283408], [1.2337914, 6.1293689], [1.231667, 6.1288303]]]}}, {"type": "Feature", "properties": {"name": "Cimeti\u00e8re de la Plage", "infra_class": "grave_yard", "infra_group": "poi"}, "geometry": {"type": "Polygon", "coordinates": [[[1.2316414, 6.128936], [1.233763, 6.1294614], [1.2332664, 6.1303416], [1.2328647, 6.1301167], [1.2322986, 6.1298528], [1.2319336, 6.1294539], [1.2315216, 6.1295608], [1.2316414, 6.128936]]]}}, {"type": "Feature", "properties": {"name": "EPP Lom\u00e9 Ouest", "infra_class": "school", "infra_group": "education"}, "geometry": {"type": "Polygon", "coordinates": [[[1.2073575, 6.1393236], [1.2082224, 6.1396377], [1.2080412, 6.1401372], [1.2071788, 6.1398206], [1.2073575, 6.1393236]]]}}, {"type": "Feature", "properties": {"name": "Lyc\u00e9e technique publique de Atti\u00e9qou", "infra_class": "school", "infra_group": "education"}, "geometry": {"type": "Polygon", "coordinates": [[[1.257555, 6.1965618], [1.258981, 6.1962529], [1.2592368, 6.1974202], [1.2578109, 6.1977291], [1.257555, 6.1965618]]]}}, {"type": "Feature", "properties": {"name": "Caf\u00e9taria Kaloum", "infra_class": "restaurant", "infra_group": "commerce"}, "geometry": {"type": "Polygon", "coordinates": [[[1.1965674, 6.1783182], [1.1966395, 6.1783455], [1.19662, 6.1783964], [1.1965479, 6.1783691], [1.1965674, 6.1783182]]]}}, {"type": "Feature", "properties": {"name": "Noviciat Freres Hospitaliers de Saint Jean de Dieu", "infra_class": "place_of_worship", "infra_group": "poi"}, "geometry": {"type": "Polygon", "coordinates": [[[1.1991722, 6.2238147], [1.1991678, 6.2236437], [1.1991319, 6.2222448], [1.2015341, 6.2217414], [1.201358, 6.2230998], [1.201342, 6.2231352], [1.2011972, 6.2233598], [1.2007824, 6.2240032], [1.2006922, 6.2239926], [1.1992572, 6.2238246], [1.1991722, 6.2238147]]]}}, {"type": "Feature", "properties": {"name": "Terrain La Source", "infra_class": "pitch", "infra_group": "leisure"}, "geometry": {"type": "Polygon", "coordinates": [[[1.1961699, 6.2239944], [1.1962057, 6.2233156], [1.1971329, 6.2233639], [1.1970891, 6.2240587], [1.1961699, 6.2239944]]]}}, {"type": "Feature", "properties": {"name": "Biblioth\u00e8que Tr\u00e9sor", "infra_class": "library", "infra_group": "poi"}, "geometry": {"type": "Polygon", "coordinates": [[[1.1629718, 6.1877946], [1.1630439, 6.1878754], [1.1630152, 6.1879036], [1.1629415, 6.1878233], [1.1629718, 6.1877946]]]}}, {"type": "Feature", "properties": {"name": "Caf\u00e8t", "infra_class": "cafe", "infra_group": "commerce"}, "geometry": {"type": "Polygon", "coordinates": [[[1.1630617, 6.1878656], [1.1630962, 6.1879047], [1.1630569, 6.1879431], [1.1630214, 6.1879047], [1.1630617, 6.1878656]]]}}, {"type": "Feature", "properties": {"name": "Temple de J\u00e9rusalem", "infra_class": "place_of_worship", "infra_group": "poi"}, "geometry": {"type": "Polygon", "coordinates": [[[1.1931222, 6.1961272], [1.1931554, 6.1958614], [1.1933396, 6.1958841], [1.1933065, 6.1961499], [1.1931222, 6.1961272]]]}}, {"type": "Feature", "properties": {"name": null, "infra_class": "pitch", "infra_group": "leisure"}, "geometry": {"type": "Polygon", "coordinates": [[[1.2165372, 6.1262763], [1.2167462, 6.1265577], [1.2165424, 6.1267072], [1.2163294, 6.1264316], [1.2165372, 6.1262763]]]}}, {"type": "Feature", "properties": {"name": "Terrain de tennis", "infra_class": "pitch", "infra_group": "leisure"}, "geometry": {"type": "Polygon", "coordinates": [[[1.2161266, 6.1264072], [1.2164794, 6.1268771], [1.2161973, 6.1270988], [1.2158479, 6.1266146], [1.2161266, 6.1264072]]]}}, {"type": "Feature", "properties": {"name": "Terrain de volleyball", "infra_class": "pitch", "infra_group": "leisure"}, "geometry": {"type": "Polygon", "coordinates": [[[1.2156201, 6.1263761], [1.215274, 6.1258519], [1.2155266, 6.1256846], [1.2158866, 6.1261873], [1.2156201, 6.1263761]]]}}, {"type": "Feature", "properties": {"name": "Terrain de handball", "infra_class": "pitch", "infra_group": "leisure"}, "geometry": {"type": "Polygon", "coordinates": [[[1.215896, 6.1261815], [1.2155401, 6.1256696], [1.2158687, 6.1254292], [1.2162396, 6.1259198], [1.2161191, 6.1260116], [1.215896, 6.1261815]]]}}, {"type": "Feature", "properties": {"name": "Agence MOOV Ago\u00e8-Nyiv\u00e9", "infra_class": "mobile_phone", "infra_group": "commerce"}, "geometry": {"type": "Polygon", "coordinates": [[[1.2092954, 6.2217835], [1.2092744, 6.221669], [1.2093792, 6.2216482], [1.2093975, 6.2217705], [1.2092954, 6.2217835]]]}}, {"type": "Feature", "properties": {"name": "EEPT Ago\u00e8-Nyiv\u00e9", "infra_class": "place_of_worship", "infra_group": "poi"}, "geometry": {"type": "Polygon", "coordinates": [[[1.2087356, 6.2219667], [1.208436, 6.2215475], [1.2083428, 6.2214172], [1.208151, 6.2211489], [1.2088051, 6.2209765], [1.2089074, 6.2213428], [1.2087793, 6.2213951], [1.2088421, 6.2216012], [1.2087952, 6.2218145], [1.2087356, 6.2219667]]]}}, {"type": "Feature", "properties": {"name": "Mach\u00e9 D'alambica", "infra_class": "marketplace", "infra_group": "commerce"}, "geometry": {"type": "Polygon", "coordinates": [[[1.2142137, 6.2270997], [1.2141947, 6.2264604], [1.2147339, 6.226424], [1.2147382, 6.2269794], [1.2142137, 6.2270997]]]}}, {"type": "Feature", "properties": {"name": "Stade d'Ago\u00e8-Nyiv\u00e9", "infra_class": "stadium", "infra_group": "leisure"}, "geometry": {"type": "Polygon", "coordinates": [[[1.2078161, 6.2206331], [1.2077271, 6.2192823], [1.208611, 6.2192342], [1.2087587, 6.2206071], [1.2078161, 6.2206331]]]}}, {"type": "Feature", "properties": {"name": "Terrain du CEG Ago\u00e8-Centre", "infra_class": "Terrain", "infra_group": "leisure"}, "geometry": {"type": "Polygon", "coordinates": [[[1.2041957, 6.2283363], [1.2040938, 6.2275263], [1.2052619, 6.2272697], [1.2052958, 6.2283228], [1.2041957, 6.2283363]]]}}, {"type": "Feature", "properties": {"name": "Petit S\u00e9minaire Pie d'X", "infra_class": "place_of_worship", "infra_group": "poi"}, "geometry": {"type": "Polygon", "coordinates": [[[1.2030568, 6.2264839], [1.2024637, 6.2263767], [1.2024644, 6.2263412], [1.2024728, 6.2259308], [1.2024876, 6.2252033], [1.2025895, 6.2241014], [1.2025236, 6.2240001], [1.200785, 6.2240043], [1.2011972, 6.2233598], [1.201342, 6.2231352], [1.2013631, 6.2231023], [1.2015397, 6.2217395], [1.2031587, 6.221427], [1.2038995, 6.2235146], [1.2046446, 6.2256143], [1.2032725, 6.2263658], [1.2030568, 6.2264839]]]}}, {"type": "Feature", "properties": {"name": "Ancienne place du march\u00e9 d'Atsanv\u00e9", "infra_class": "pitch", "infra_group": "leisure"}, "geometry": {"type": "Polygon", "coordinates": [[[1.2110581, 6.2280969], [1.2111252, 6.2278664], [1.2114985, 6.2278009], [1.2120156, 6.227672], [1.211999, 6.2281316], [1.2113257, 6.2281068], [1.2110581, 6.2280969]]]}}, {"type": "Feature", "properties": {"name": "EPP Evang\u00e9lique Ago\u00e8-Nyiv\u00e9", "infra_class": "school", "infra_group": "education"}, "geometry": {"type": "Polygon", "coordinates": [[[1.2087515, 6.221632], [1.2085983, 6.2212796], [1.2086749, 6.2212467], [1.2088281, 6.2215991], [1.2087515, 6.221632]]]}}, {"type": "Feature", "properties": {"name": "Ecole des Leader", "infra_class": "college", "infra_group": "education"}, "geometry": {"type": "Polygon", "coordinates": [[[1.2110245, 6.2254373], [1.2112336, 6.225346], [1.2112796, 6.2255286], [1.2110857, 6.2255945], [1.2110245, 6.2254373]]]}}, {"type": "Feature", "properties": {"name": "\u00c9glise Catholique Paroisse Sainte Marie Th\u00e9othokos d'Ago\u00e8-Nyiv\u00e9", "infra_class": "place_of_worship", "infra_group": "poi"}, "geometry": {"type": "Polygon", "coordinates": [[[1.2109694, 6.226475], [1.210919, 6.2262078], [1.2108499, 6.2258214], [1.2110043, 6.2257453], [1.2113325, 6.225614], [1.2117901, 6.2254309], [1.2120962, 6.2260446], [1.2118819, 6.2261663], [1.2117656, 6.2262151], [1.2116927, 6.2262457], [1.2112155, 6.2264365], [1.2111649, 6.2264488], [1.2109994, 6.2264891], [1.2109694, 6.226475]]]}}, {"type": "Feature", "properties": {"name": "\u00c9glise des Assembl\u00e9es de Dieu", "infra_class": "place_of_worship", "infra_group": "poi"}, "geometry": {"type": "Polygon", "coordinates": [[[1.2126091, 6.2249059], [1.212452, 6.2249944], [1.2124703, 6.2246743], [1.2124834, 6.2245259], [1.2127216, 6.2243776], [1.2128971, 6.2246847], [1.2126091, 6.2249059]]]}}, {"type": "Feature", "properties": {"name": "Ets Ma Co DI", "infra_class": "hardware", "infra_group": "commerce"}, "geometry": {"type": "Polygon", "coordinates": [[[1.2080521, 6.223372], [1.2081403, 6.2232541], [1.2082256, 6.2233171], [1.2081374, 6.223435], [1.2080521, 6.223372]]]}}, {"type": "Feature", "properties": {"name": "Pharmacie Ago\u00e8-Nyiv\u00e9", "infra_class": "pharmacy", "infra_group": "health"}, "geometry": {"type": "Polygon", "coordinates": [[[1.2104351, 6.2262498], [1.2104168, 6.2261951], [1.2104822, 6.2261743], [1.2105032, 6.2262316], [1.2104351, 6.2262498]]]}}, {"type": "Feature", "properties": {"name": "Bar Ma Dignit\u00e9", "infra_class": "bar", "infra_group": "poi"}, "geometry": {"type": "Polygon", "coordinates": [[[1.2075887, 6.2211216], [1.2075792, 6.2208643], [1.2077277, 6.2208583], [1.2077265, 6.2211049], [1.2075887, 6.2211216]]]}}, {"type": "Feature", "properties": {"name": "Club Social", "infra_class": "community_centre", "infra_group": "poi"}, "geometry": {"type": "Polygon", "coordinates": [[[1.2074151, 6.2204957], [1.2074151, 6.2202411], [1.2076973, 6.2202152], [1.2077016, 6.2204871], [1.2074151, 6.2204957]]]}}, {"type": "Feature", "properties": {"name": "LiMuSco Ago\u00e8-Nyiv\u00e9", "infra_class": "books", "infra_group": "commerce"}, "geometry": {"type": "Polygon", "coordinates": [[[1.2084093, 6.2190486], [1.2084052, 6.2188931], [1.2084941, 6.2188908], [1.2084983, 6.2190462], [1.2084093, 6.2190486]]]}}, {"type": "Feature", "properties": {"name": "Motel Mon Pays", "infra_class": "motel", "infra_group": "leisure"}, "geometry": {"type": "Polygon", "coordinates": [[[1.2117493, 6.2162323], [1.2117469, 6.2161006], [1.212079, 6.2160944], [1.2120815, 6.2162261], [1.2117493, 6.2162323]]]}}, {"type": "Feature", "properties": {"name": "T-Oil", "infra_class": "fuel", "infra_group": "utility"}, "geometry": {"type": "Polygon", "coordinates": [[[1.209067, 6.2176812], [1.2088744, 6.2177485], [1.2088513, 6.216987], [1.2090151, 6.216983], [1.2095261, 6.2169706], [1.2095331, 6.217651], [1.209067, 6.2176812]]]}}, {"type": "Feature", "properties": {"name": "Station d'essence", "infra_class": "fuel", "infra_group": "commerce"}, "geometry": {"type": "Polygon", "coordinates": [[[1.209099, 6.2202674], [1.2090878, 6.2199933], [1.2094074, 6.2199804], [1.2094186, 6.2202545], [1.209099, 6.2202674]]]}}, {"type": "Feature", "properties": {"name": "CIB-INTA Ago\u00e8-Cacaveli", "infra_class": "computer", "infra_group": "commerce"}, "geometry": {"type": "Polygon", "coordinates": [[[1.1980834, 6.2105244], [1.1977621, 6.2101316], [1.197849, 6.2100323], [1.198218, 6.210369], [1.1980834, 6.2105244]]]}}, {"type": "Feature", "properties": {"name": "Colombe de Dieu", "infra_class": "college", "infra_group": "education"}, "geometry": {"type": "Polygon", "coordinates": [[[1.1944572, 6.2253449], [1.1942, 6.2253111], [1.1942365, 6.2249099], [1.1944938, 6.2249327], [1.1944572, 6.2253449]]]}}, {"type": "Feature", "properties": {"name": "Pharmacie Ma\u00efna", "infra_class": "pharmacy", "infra_group": "health"}, "geometry": {"type": "Polygon", "coordinates": [[[1.19855, 6.2290853], [1.1984762, 6.2290033], [1.1985717, 6.2289634], [1.1985805, 6.2289754], [1.1986336, 6.2290475], [1.19855, 6.2290853]]]}}, {"type": "Feature", "properties": {"name": "Togo Grain", "infra_class": "pitch", "infra_group": "leisure"}, "geometry": {"type": "Polygon", "coordinates": [[[1.2001255, 6.2269693], [1.1999258, 6.2273836], [1.1992738, 6.2272916], [1.1990721, 6.2270335], [1.1991616, 6.2267103], [1.2001255, 6.2269693]]]}}, {"type": "Feature", "properties": {"name": "Parking H\u00f4tel Ibis", "infra_class": "parking", "infra_group": "poi"}, "geometry": {"type": "Polygon", "coordinates": [[[1.2173403, 6.1220371], [1.2175017, 6.1216389], [1.2180701, 6.1218628], [1.2178496, 6.1222277], [1.2173403, 6.1220371]]]}}, {"type": "Feature", "properties": {"name": "EPP Ago\u00e8-Assiy\u00e9y\u00e9", "infra_class": "school", "infra_group": "education"}, "geometry": {"type": "Polygon", "coordinates": [[[1.192769, 6.2273681], [1.1927249, 6.2264246], [1.192714, 6.2260875], [1.1931981, 6.2260901], [1.1938597, 6.2273851], [1.1936692, 6.2273963], [1.192769, 6.2273681]]]}}, {"type": "Feature", "properties": {"name": "\u00c9glise Catholique Paroisse Jesus Bon Pasteur", "infra_class": "place_of_worship", "infra_group": "poi"}, "geometry": {"type": "Polygon", "coordinates": [[[1.195676, 6.2279306], [1.1956728, 6.2278698], [1.1956882, 6.2278685], [1.1956741, 6.2277058], [1.1956567, 6.2277071], [1.19565, 6.2276589], [1.195764, 6.2276511], [1.1957646, 6.2276378], [1.1959986, 6.2276415], [1.196006, 6.2276631], [1.1960486, 6.2276737], [1.1960832, 6.2276838], [1.196106, 6.2277071], [1.1961216, 6.2277518], [1.1961174, 6.2277911], [1.196106, 6.2278151], [1.1960874, 6.2278366], [1.1960213, 6.2278563], [1.1960208, 6.2278811], [1.1957888, 6.2279211], [1.1957868, 6.2279124], [1.195676, 6.2279306]]]}}, {"type": "Feature", "properties": {"name": null, "infra_class": "pitch", "infra_group": "leisure"}, "geometry": {"type": "Polygon", "coordinates": [[[1.2172836, 6.1693569], [1.2173666, 6.1693222], [1.2174339, 6.1694812], [1.2173509, 6.169516], [1.2172836, 6.1693569]]]}}, {"type": "Feature", "properties": {"name": null, "infra_class": "pitch", "infra_group": "leisure"}, "geometry": {"type": "Polygon", "coordinates": [[[1.2171784, 6.169374], [1.2172697, 6.1696008], [1.2171365, 6.1696538], [1.2170452, 6.1694269], [1.2171784, 6.169374]]]}}, {"type": "Feature", "properties": {"name": "terrain de basket-ball de l'Universit\u00e9 de Lom\u00e9", "infra_class": "pitch", "infra_group": "leisure"}, "geometry": {"type": "Polygon", "coordinates": [[[1.2169216, 6.1674121], [1.217053, 6.1674083], [1.2170602, 6.1676528], [1.2169288, 6.1676566], [1.2169216, 6.1674121]]]}}, {"type": "Feature", "properties": {"name": "Parking ESA", "infra_class": "parking", "infra_group": "poi"}, "geometry": {"type": "Polygon", "coordinates": [[[1.2125795, 6.176068], [1.2125923, 6.1758927], [1.2128007, 6.1759077], [1.2127879, 6.1760829], [1.2125795, 6.176068]]]}}, {"type": "Feature", "properties": {"name": null, "infra_class": "pitch", "infra_group": "leisure"}, "geometry": {"type": "Polygon", "coordinates": [[[1.2175449, 6.1664731], [1.2175434, 6.1663716], [1.2177282, 6.1663688], [1.2177297, 6.1664703], [1.2175449, 6.1664731]]]}}, {"type": "Feature", "properties": {"name": "\u00c9cole primaire publique HEDZRANAWOE", "infra_class": "school", "infra_group": "education"}, "geometry": {"type": "Polygon", "coordinates": [[[1.2491231, 6.1801841], [1.2489475, 6.1798596], [1.2489348, 6.1798352], [1.2488408, 6.1796635], [1.2486011, 6.1792253], [1.2487781, 6.1791378], [1.2488464, 6.1791094], [1.2493736, 6.1789271], [1.2495737, 6.1792749], [1.249622, 6.1793718], [1.2496527, 6.1793829], [1.2497438, 6.1794222], [1.2500621, 6.1795361], [1.2499547, 6.1797941], [1.2491477, 6.180192], [1.2491231, 6.1801841]]]}}, {"type": "Feature", "properties": {"name": "NOTRE DAME DU LIBAN", "infra_class": "place_of_worship", "infra_group": "poi"}, "geometry": {"type": "Polygon", "coordinates": [[[1.2413199, 6.1729084], [1.2413695, 6.1727917], [1.2414507, 6.1727109], [1.2415049, 6.1727042], [1.2415297, 6.1727289], [1.2415816, 6.1728388], [1.2416967, 6.1729129], [1.2417012, 6.1729398], [1.2416087, 6.1730587], [1.2414891, 6.1729981], [1.2413605, 6.1729376], [1.2413244, 6.1729376], [1.2413199, 6.1729084]]]}}, {"type": "Feature", "properties": {"name": "Centre International de Recherche et d\u2019\u00c9tude des Langues du Village du B\u00e9nin", "infra_class": "university", "infra_group": "education"}, "geometry": {"type": "Polygon", "coordinates": [[[1.2192227, 6.1698335], [1.2189795, 6.1701306], [1.2186241, 6.1705604], [1.2185504, 6.1704585], [1.2184417, 6.1703335], [1.218334, 6.1702321], [1.2176973, 6.1698026], [1.2175835, 6.1696498], [1.217687, 6.1692044], [1.2180395, 6.1692194], [1.2181527, 6.1688567], [1.2183325, 6.1690162], [1.2189497, 6.1695831], [1.2192227, 6.1698335]]]}}, {"type": "Feature", "properties": {"name": "poste 327 bis UB", "infra_class": "generator", "infra_group": "utility"}, "geometry": {"type": "Polygon", "coordinates": [[[1.212401, 6.1763628], [1.2124026, 6.1763292], [1.2124385, 6.1763308], [1.2124369, 6.1763644], [1.212401, 6.1763628]]]}}, {"type": "Feature", "properties": {"name": null, "infra_class": "pitch", "infra_group": "leisure"}, "geometry": {"type": "Polygon", "coordinates": [[[1.2166495, 6.1694116], [1.2166085, 6.1697788], [1.2163972, 6.1697567], [1.2164381, 6.1693918], [1.2166495, 6.1694116]]]}}, {"type": "Feature", "properties": {"name": "\u00c9glise du Christianisme C\u00e9leste", "infra_class": "place_of_worship", "infra_group": "poi"}, "geometry": {"type": "Polygon", "coordinates": [[[1.2425143, 6.1838132], [1.2424644, 6.1836941], [1.2425562, 6.1836561], [1.2425525, 6.1836473], [1.2426778, 6.1835954], [1.2426981, 6.1836438], [1.2428181, 6.1835941], [1.2428473, 6.1836636], [1.2427833, 6.1836901], [1.2427874, 6.1837], [1.2425143, 6.1838132]]]}}, {"type": "Feature", "properties": {"name": "COSMOS", "infra_class": "bar", "infra_group": "poi"}, "geometry": {"type": "Polygon", "coordinates": [[[1.1882013, 6.1813261], [1.1881924, 6.1812276], [1.1882453, 6.1812229], [1.1882542, 6.1813214], [1.1882013, 6.1813261]]]}}, {"type": "Feature", "properties": {"name": "CMS Cacaveli", "infra_class": "hospital", "infra_group": "health"}, "geometry": {"type": "Polygon", "coordinates": [[[1.1962818, 6.2073016], [1.196193, 6.207277], [1.1961309, 6.2072598], [1.1960616, 6.2072407], [1.19601, 6.2072264], [1.1952927, 6.2070281], [1.1951659, 6.2066838], [1.1951019, 6.2062325], [1.1951198, 6.2062155], [1.1963177, 6.2060602], [1.1964233, 6.2060465], [1.1967293, 6.2060068], [1.1967516, 6.2060379], [1.1963082, 6.2072843], [1.1962818, 6.2073016]]]}}, {"type": "Feature", "properties": {"name": "March\u00e9 de Cacaveli", "infra_class": "marketplace", "infra_group": "commerce"}, "geometry": {"type": "Polygon", "coordinates": [[[1.1967446, 6.2059669], [1.1963332, 6.205965], [1.1963102, 6.205969], [1.1950478, 6.2061517], [1.1950896, 6.2054107], [1.1954979, 6.204519], [1.1956784, 6.2042649], [1.1957203, 6.2042046], [1.1958239, 6.2040469], [1.1958706, 6.2039962], [1.1958935, 6.2039637], [1.1959341, 6.203905], [1.1963853, 6.2036982], [1.1964074, 6.2037131], [1.1964808, 6.2039116], [1.1967174, 6.2044991], [1.1970523, 6.2052425], [1.1968345, 6.2057924], [1.1968169, 6.2058022], [1.1967446, 6.2059669]]]}}, {"type": "Feature", "properties": {"name": "C E G Ago\u00e8-Nord", "infra_class": "school", "infra_group": "education"}, "geometry": {"type": "Polygon", "coordinates": [[[1.1908944, 6.239107], [1.1902785, 6.2395952], [1.1902021, 6.2395192], [1.1901102, 6.2396053], [1.1900157, 6.2396765], [1.1897716, 6.2393872], [1.1891906, 6.2387796], [1.1893937, 6.238423], [1.1905593, 6.2386906], [1.1908944, 6.239107]]]}}, {"type": "Feature", "properties": {"name": "RL", "infra_class": "resort", "infra_group": "leisure"}, "geometry": {"type": "Polygon", "coordinates": [[[1.1550322, 6.2276605], [1.1552175, 6.2275122], [1.155448, 6.2277908], [1.1552718, 6.2279331], [1.1550322, 6.2276605]]]}}, {"type": "Feature", "properties": {"name": "Eglise des Assembl\u00e9es de Dieu du Togo(TempleSALEM NANEGBE)", "infra_class": "place_of_worship", "infra_group": "poi"}, "geometry": {"type": "Polygon", "coordinates": [[[1.1540038, 6.2244252], [1.153974, 6.2243133], [1.1541549, 6.2242837], [1.1541818, 6.2243965], [1.1540038, 6.2244252]]]}}, {"type": "Feature", "properties": {"name": "Mikafu Mawu", "infra_class": "tailor", "infra_group": "commerce"}, "geometry": {"type": "Polygon", "coordinates": [[[1.1541837, 6.2254879], [1.1541701, 6.2254311], [1.154234, 6.2254257], [1.1542476, 6.2254812], [1.1541837, 6.2254879]]]}}, {"type": "Feature", "properties": {"name": "Ecol\u00e9 priv\u00e9e laique La Meilleure", "infra_class": "school", "infra_group": "education"}, "geometry": {"type": "Polygon", "coordinates": [[[1.1537962, 6.2235033], [1.1537853, 6.2234478], [1.1540465, 6.2233599], [1.1540547, 6.2234167], [1.1537962, 6.2235033]]]}}, {"type": "Feature", "properties": {"name": "Terrain de golf", "infra_class": "pitch", "infra_group": "leisure"}, "geometry": {"type": "Polygon", "coordinates": [[[1.2094594, 6.2459425], [1.207404, 6.2455648], [1.2055531, 6.2453722], [1.2056429, 6.2440034], [1.2059272, 6.2426198], [1.2063463, 6.242228], [1.2072089, 6.2404988], [1.2086901, 6.2401707], [1.210068, 6.2406162], [1.2094594, 6.2459425]]]}}, {"type": "Feature", "properties": {"name": "Hotel Hez'ai", "infra_class": "hotel", "infra_group": "leisure"}, "geometry": {"type": "Polygon", "coordinates": [[[1.2128537, 6.2308786], [1.2126971, 6.2308811], [1.2127147, 6.2307731], [1.2128436, 6.2307756], [1.2128764, 6.2307781], [1.212884, 6.2308308], [1.2128537, 6.2308786]]]}}, {"type": "Feature", "properties": {"name": null, "infra_class": "pitch", "infra_group": "leisure"}, "geometry": {"type": "Polygon", "coordinates": [[[1.211592, 6.1861693], [1.2116743, 6.1859942], [1.2117732, 6.1860402], [1.2116909, 6.1862153], [1.211592, 6.1861693]]]}}, {"type": "Feature", "properties": {"name": null, "infra_class": "pitch", "infra_group": "leisure"}, "geometry": {"type": "Polygon", "coordinates": [[[1.2111888, 6.1860971], [1.2112525, 6.1859518], [1.2114462, 6.186036], [1.211376, 6.1861813], [1.2111888, 6.1860971]]]}}, {"type": "Feature", "properties": {"name": "terrain de football \u00e0 cage", "infra_class": "pitch", "infra_group": "leisure"}, "geometry": {"type": "Polygon", "coordinates": [[[1.2095155, 6.1861244], [1.2096378, 6.1858277], [1.2101255, 6.1860265], [1.2100031, 6.1863232], [1.2095155, 6.1861244]]]}}, {"type": "Feature", "properties": {"name": "Parking de la LONATO", "infra_class": "parking", "infra_group": "poi"}, "geometry": {"type": "Polygon", "coordinates": [[[1.2078345, 6.1865492], [1.2078809, 6.1864868], [1.2085514, 6.1871451], [1.2085157, 6.1871926], [1.2082554, 6.1869611], [1.2078345, 6.1865492]]]}}, {"type": "Feature", "properties": {"name": "Ecole Primaire Catholique Amandahom\u00e9", "infra_class": "school", "infra_group": "education"}, "geometry": {"type": "Polygon", "coordinates": [[[1.1582779, 6.2045244], [1.1582947, 6.2044181], [1.1586466, 6.2044785], [1.1586319, 6.2045806], [1.1582779, 6.2045244]]]}}, {"type": "Feature", "properties": {"name": "STEJ TOGO", "infra_class": "library", "infra_group": "poi"}, "geometry": {"type": "Polygon", "coordinates": [[[1.2044943, 6.2380867], [1.2043208, 6.2380086], [1.2043801, 6.2378785], [1.2045536, 6.2379566], [1.2044943, 6.2380867]]]}}, {"type": "Feature", "properties": {"name": "Parking du MTPT", "infra_class": "parking", "infra_group": "poi"}, "geometry": {"type": "Polygon", "coordinates": [[[1.2181459, 6.1276672], [1.2181212, 6.1276363], [1.2183889, 6.1274247], [1.2184136, 6.1274556], [1.2181459, 6.1276672]]]}}, {"type": "Feature", "properties": {"name": "Paroisse Universitaire Saint Jean Ap\u00f4tre", "infra_class": "school", "infra_group": "education"}, "geometry": {"type": "Polygon", "coordinates": [[[1.2339164, 6.1495484], [1.2344184, 6.1479693], [1.2354488, 6.14825], [1.235553, 6.1482789], [1.2362747, 6.148476], [1.2365326, 6.1485465], [1.2362038, 6.1493919], [1.2361297, 6.1493688], [1.236054, 6.1493753], [1.2357719, 6.149268], [1.2357274, 6.1492288], [1.2356616, 6.1492059], [1.2354451, 6.1491313], [1.2352395, 6.149057], [1.2352303, 6.1490823], [1.2351902, 6.1491851], [1.2351432, 6.1493058], [1.234997, 6.1496872], [1.2349014, 6.1499413], [1.2348815, 6.1499597], [1.2348166, 6.1499364], [1.234781, 6.149919], [1.2347132, 6.1498859], [1.2346684, 6.1498248], [1.2346158, 6.1497593], [1.2345503, 6.1497132], [1.2344812, 6.1496687], [1.2344236, 6.149646], [1.2343435, 6.1496254], [1.2342639, 6.1496201], [1.2341829, 6.1496147], [1.2341023, 6.1496226], [1.2339164, 6.1495484]]]}}, {"type": "Feature", "properties": {"name": "Alice coifure", "infra_class": "hairdresser", "infra_group": "commerce"}, "geometry": {"type": "Polygon", "coordinates": [[[1.2025056, 6.1827848], [1.202508, 6.182834], [1.2024525, 6.1828328], [1.2024561, 6.1827812], [1.2025056, 6.1827848]]]}}, {"type": "Feature", "properties": {"name": "Resto (com)", "infra_class": "food_court", "infra_group": "poi"}, "geometry": {"type": "Polygon", "coordinates": [[[1.2025095, 6.1825786], [1.2025103, 6.1826215], [1.20248, 6.1826245], [1.2024787, 6.1825795], [1.2025095, 6.1825786]]]}}, {"type": "Feature", "properties": {"name": "cafe-resto Dieu donn\u00e9e", "infra_class": "cafe", "infra_group": "commerce"}, "geometry": {"type": "Polygon", "coordinates": [[[1.2024152, 6.182695], [1.2024147, 6.1826532], [1.2024291, 6.1826525], [1.2024286, 6.1826952], [1.2024152, 6.182695]]]}}, {"type": "Feature", "properties": {"name": "MOAND", "infra_class": "computer", "infra_group": "commerce"}, "geometry": {"type": "Polygon", "coordinates": [[[1.1978439, 6.1850324], [1.1978439, 6.1850133], [1.1978755, 6.1850105], [1.1978755, 6.1850283], [1.1978439, 6.1850324]]]}}, {"type": "Feature", "properties": {"name": "Tokoin A\u00e9roport", "infra_class": "parking", "infra_group": "poi"}, "geometry": {"type": "Polygon", "coordinates": [[[1.2498657, 6.1676155], [1.2492892, 6.1668987], [1.2497566, 6.1669425], [1.2498252, 6.166954], [1.2506198, 6.1679448], [1.2505459, 6.1679987], [1.2504821, 6.1680545], [1.2504169, 6.1680869], [1.2503192, 6.1680966], [1.2502476, 6.1680771], [1.2498657, 6.1676155]]]}}, {"type": "Feature", "properties": {"name": "Airport Parking", "infra_class": "parking", "infra_group": "poi"}, "geometry": {"type": "Polygon", "coordinates": [[[1.2512511, 6.1684051], [1.2514639, 6.16824], [1.2514998, 6.1682804], [1.2515261, 6.1682602], [1.2516041, 6.1683503], [1.2516384, 6.1683896], [1.2516704, 6.1684232], [1.2516765, 6.1684451], [1.2517028, 6.1684921], [1.2517214, 6.1685251], [1.2517869, 6.1686098], [1.2517052, 6.1686823], [1.2517616, 6.1687556], [1.2516423, 6.1688445], [1.251608, 6.1688536], [1.2514777, 6.168724], [1.251397, 6.1686315], [1.2513341, 6.1685593], [1.2512236, 6.1684693], [1.2512312, 6.1684393], [1.2512511, 6.1684051]]]}}, {"type": "Feature", "properties": {"name": "Alimentation G\u00e9n\u00e9rale", "infra_class": "seafood", "infra_group": "commerce"}, "geometry": {"type": "Polygon", "coordinates": [[[1.1993235, 6.1823263], [1.1992854, 6.182328], [1.1992846, 6.1822969], [1.199321, 6.182296], [1.1993235, 6.1823263]]]}}, {"type": "Feature", "properties": {"name": "Calcuim Design", "infra_class": "seafood", "infra_group": "commerce"}, "geometry": {"type": "Polygon", "coordinates": [[[1.1991889, 6.1825165], [1.1992084, 6.1824913], [1.1992092, 6.1824753], [1.1992448, 6.1824753], [1.1992448, 6.1825174], [1.1991889, 6.1825165]]]}}, {"type": "Feature", "properties": {"name": "Ets WAFC", "infra_class": "seafood", "infra_group": "commerce"}, "geometry": {"type": "Polygon", "coordinates": [[[1.2009005, 6.1824204], [1.2009023, 6.1824724], [1.2008232, 6.1824864], [1.2008107, 6.1824204], [1.2009005, 6.1824204]]]}}, {"type": "Feature", "properties": {"name": "Main d'or", "infra_class": "clothes", "infra_group": "commerce"}, "geometry": {"type": "Polygon", "coordinates": [[[1.1992402, 6.1823016], [1.1992092, 6.182302], [1.1992109, 6.1822767], [1.1992402, 6.1822767], [1.1992402, 6.1823016]]]}}, {"type": "Feature", "properties": {"name": "Superette", "infra_class": "bar", "infra_group": "poi"}, "geometry": {"type": "Polygon", "coordinates": [[[1.2006659, 6.1824168], [1.2006527, 6.1824513], [1.2006347, 6.1824668], [1.2006431, 6.1825037], [1.2006072, 6.182512], [1.2006012, 6.1824584], [1.2006252, 6.1824477], [1.2006419, 6.1824168], [1.2006659, 6.1824168]]]}}, {"type": "Feature", "properties": {"name": "TASLY", "infra_class": "pharmacy", "infra_group": "health"}, "geometry": {"type": "Polygon", "coordinates": [[[1.2007133, 6.1829316], [1.2007113, 6.1829205], [1.2007378, 6.1829159], [1.2007465, 6.1829645], [1.2006892, 6.1829746], [1.2006825, 6.182937], [1.2007133, 6.1829316]]]}}, {"type": "Feature", "properties": {"name": "Poste de police d'Agbanlepedogan", "infra_class": "police", "infra_group": "utility"}, "geometry": {"type": "Polygon", "coordinates": [[[1.20134, 6.1981186], [1.2014438, 6.1980657], [1.2013882, 6.1979577], [1.2014614, 6.1979204], [1.2015215, 6.198037], [1.2015415, 6.1980268], [1.2015706, 6.1980833], [1.20147, 6.1981345], [1.2013735, 6.1981837], [1.20134, 6.1981186]]]}}, {"type": "Feature", "properties": {"name": "Agence Togocel Totsi", "infra_class": "mobile_phone", "infra_group": "commerce"}, "geometry": {"type": "Polygon", "coordinates": [[[1.1916939, 6.1905816], [1.191759, 6.1904565], [1.1918075, 6.1904833], [1.1917447, 6.1905976], [1.1916939, 6.1905816]]]}}, {"type": "Feature", "properties": {"name": "Bar 5\u00e9toiles", "infra_class": "alcohol", "infra_group": "commerce"}, "geometry": {"type": "Polygon", "coordinates": [[[1.19026, 6.1912361], [1.1901919, 6.1912173], [1.1902014, 6.1911853], [1.1902619, 6.1911929], [1.19026, 6.1912361]]]}}, {"type": "Feature", "properties": {"name": "Coiffure et tresse K\u00e9k\u00e9li", "infra_class": "hairdresser", "infra_group": "commerce"}, "geometry": {"type": "Polygon", "coordinates": [[[1.1891863, 6.1903321], [1.1892033, 6.1902814], [1.1892506, 6.1903021], [1.1892203, 6.1903453], [1.1891863, 6.1903321]]]}}, {"type": "Feature", "properties": {"name": "ETS IYKE MORME", "infra_class": "dry_cleaning", "infra_group": "commerce"}, "geometry": {"type": "Polygon", "coordinates": [[[1.1916886, 6.189997], [1.1917019, 6.1899518], [1.1917407, 6.1899651], [1.19173, 6.1900076], [1.1916886, 6.189997]]]}}, {"type": "Feature", "properties": {"name": "LA FIESTA", "infra_class": "cafe", "infra_group": "commerce"}, "geometry": {"type": "Polygon", "coordinates": [[[1.1912411, 6.1907982], [1.1912637, 6.1907625], [1.191328, 6.1907832], [1.191311, 6.1908245], [1.1912411, 6.1907982]]]}}, {"type": "Feature", "properties": {"name": "Lina shop", "infra_class": "supermarket", "infra_group": "commerce"}, "geometry": {"type": "Polygon", "coordinates": [[[1.188158, 6.1905163], [1.1882695, 6.1905483], [1.1882639, 6.1905708], [1.1881542, 6.1905407], [1.188158, 6.1905163]]]}}, {"type": "Feature", "properties": {"name": "Mawulolo", "infra_class": "jewelry", "infra_group": "commerce"}, "geometry": {"type": "Polygon", "coordinates": [[[1.1879406, 6.1902495], [1.1879538, 6.1902231], [1.1880219, 6.1902419], [1.1880106, 6.1902758], [1.1879406, 6.1902495]]]}}, {"type": "Feature", "properties": {"name": "Titi-com cyber", "infra_class": "mobile_phone", "infra_group": "commerce"}, "geometry": {"type": "Polygon", "coordinates": [[[1.1900294, 6.1911553], [1.1900407, 6.1911365], [1.1901296, 6.1911722], [1.1901144, 6.1911966], [1.1900294, 6.1911553]]]}}, {"type": "Feature", "properties": {"name": "Mercerie FIAT", "infra_class": "sewing", "infra_group": "commerce"}, "geometry": {"type": "Polygon", "coordinates": [[[1.1918035, 6.1897285], [1.1918276, 6.1896661], [1.191869, 6.1896807], [1.191849, 6.1897418], [1.1918035, 6.1897285]]]}}, {"type": "Feature", "properties": {"name": "\u00c9glise Centre de la Mission Chr\u00e9tienne", "infra_class": "place_of_worship", "infra_group": "poi"}, "geometry": {"type": "Polygon", "coordinates": [[[1.1882157, 6.1879011], [1.1884742, 6.1879963], [1.1883972, 6.1881495], [1.1881437, 6.1880605], [1.1882157, 6.1879011]]]}}, {"type": "Feature", "properties": {"name": "Cabinet M\u00e9dicale c\u0153ur de gr\u00e2ce", "infra_class": "clinic", "infra_group": "health"}, "geometry": {"type": "Polygon", "coordinates": [[[1.1848641, 6.1893677], [1.1848885, 6.1892965], [1.184998, 6.1893336], [1.1849736, 6.1894047], [1.1848641, 6.1893677]]]}}, {"type": "Feature", "properties": {"name": "La Casa", "infra_class": "restaurant", "infra_group": "commerce"}, "geometry": {"type": "Polygon", "coordinates": [[[1.2198602, 6.1359891], [1.2197462, 6.1359424], [1.219832, 6.1357877], [1.2199393, 6.1358424], [1.2198602, 6.1359891]]]}}, {"type": "Feature", "properties": {"name": "Ecobank", "infra_class": "bank", "infra_group": "commerce"}, "geometry": {"type": "Polygon", "coordinates": [[[1.2260994, 6.123882], [1.2262738, 6.1239699], [1.2262183, 6.1240751], [1.2263249, 6.1241374], [1.2262989, 6.1241784], [1.226281, 6.1241686], [1.2262649, 6.1241927], [1.2262263, 6.1241695], [1.2261623, 6.1242702], [1.2259663, 6.1241428], [1.2259955, 6.1240818], [1.2260012, 6.124051], [1.2260113, 6.1240239], [1.2260373, 6.123998], [1.2260994, 6.123882]]]}}, {"type": "Feature", "properties": {"name": null, "infra_class": "parking", "infra_group": "poi"}, "geometry": {"type": "Polygon", "coordinates": [[[1.2133257, 6.1265622], [1.213423, 6.1264608], [1.2141077, 6.1271104], [1.2139948, 6.1271981], [1.2136299, 6.1268508], [1.2133257, 6.1265622]]]}}, {"type": "Feature", "properties": {"name": "Centre R\u00e9gional du Volontariat", "infra_class": "college", "infra_group": "education"}, "geometry": {"type": "Polygon", "coordinates": [[[1.2199939, 6.1636566], [1.2200061, 6.1635809], [1.2200983, 6.1636008], [1.2200937, 6.1636218], [1.220171, 6.1636385], [1.2201567, 6.163704], [1.2200137, 6.1636794], [1.2199939, 6.1636566]]]}}, {"type": "Feature", "properties": {"name": "Cyber Cafe Soft Concept", "infra_class": "restaurant", "infra_group": "commerce"}, "geometry": {"type": "Polygon", "coordinates": [[[1.208486, 6.2234166], [1.2085183, 6.2234885], [1.2084055, 6.2235386], [1.2083808, 6.2234835], [1.2084383, 6.223458], [1.2084307, 6.2234411], [1.208486, 6.2234166]]]}}, {"type": "Feature", "properties": {"name": "Saint Combonien", "infra_class": "place_of_worship", "infra_group": "poi"}, "geometry": {"type": "Polygon", "coordinates": [[[1.2066451, 6.203763], [1.2066214, 6.2027131], [1.207391, 6.2026952], [1.207414, 6.2037472], [1.2066451, 6.203763]]]}}, {"type": "Feature", "properties": {"name": "GTA-C2A", "infra_class": "public_building", "infra_group": "poi"}, "geometry": {"type": "Polygon", "coordinates": [[[1.2090371, 6.1913362], [1.2090371, 6.1913097], [1.2090136, 6.1913081], [1.2090168, 6.19128], [1.2089893, 6.19128], [1.2089942, 6.1912349], [1.2089724, 6.1912148], [1.2089546, 6.1912124], [1.2089344, 6.1911811], [1.208936, 6.1911674], [1.2089796, 6.1911377], [1.2089869, 6.1911449], [1.2090144, 6.1911208], [1.2089999, 6.1911015], [1.2090031, 6.1910613], [1.2090322, 6.1910621], [1.2090322, 6.1910372], [1.2090597, 6.1910372], [1.2090605, 6.1910115], [1.209088, 6.191009], [1.209088, 6.1909897], [1.2092319, 6.1909962], [1.2092424, 6.1910155], [1.2092271, 6.1910315], [1.2092675, 6.191034], [1.2092578, 6.1910589], [1.2092934, 6.1910629], [1.2092764, 6.1910862], [1.2093031, 6.1910951], [1.2093031, 6.191128], [1.2092796, 6.1911473], [1.2093039, 6.1911722], [1.2093112, 6.1911666], [1.2093346, 6.1911955], [1.2093686, 6.1911931], [1.2093686, 6.1912084], [1.2093249, 6.1912446], [1.209291, 6.1912446], [1.209291, 6.191284], [1.2092716, 6.1912824], [1.2092716, 6.1912976], [1.2092586, 6.1913097], [1.2092441, 6.1913065], [1.2092416, 6.1913274], [1.2092158, 6.1913282], [1.2092093, 6.1913571], [1.2091955, 6.1913571], [1.2091955, 6.1913451], [1.2090371, 6.1913362]]]}}, {"type": "Feature", "properties": {"name": "Palais de Lom\u00e9 (Ancien Palais des Gouverneurs)", "infra_class": "park", "infra_group": "leisure"}, "geometry": {"type": "Polygon", "coordinates": [[[1.2139218, 6.1193093], [1.2130625, 6.1213756], [1.2124011, 6.1218119], [1.2116271, 6.1220511], [1.2116224, 6.1219104], [1.2106655, 6.1214507], [1.2112143, 6.1193538], [1.2114884, 6.1183772], [1.2126966, 6.1188378], [1.2139218, 6.1193093]]]}}, {"type": "Feature", "properties": {"name": "Place de la Lib\u00e9ration", "infra_class": "theme_park", "infra_group": "leisure"}, "geometry": {"type": "Polygon", "coordinates": [[[1.2231369, 6.1316302], [1.2234045, 6.1308848], [1.2234246, 6.1308801], [1.2237478, 6.1309955], [1.223761, 6.1310202], [1.2236587, 6.1314018], [1.223554, 6.1317642], [1.2235212, 6.1317902], [1.2231564, 6.1316582], [1.2231369, 6.1316302]]]}}, {"type": "Feature", "properties": {"name": "R\u00e9sidence Coindre", "infra_class": "monastery", "infra_group": "poi"}, "geometry": {"type": "Polygon", "coordinates": [[[1.1838313, 6.1842734], [1.1838622, 6.1842311], [1.1838933, 6.1841885], [1.1839136, 6.1841608], [1.1839354, 6.1841308], [1.184197, 6.1842845], [1.1842178, 6.1843535], [1.1840581, 6.1846051], [1.1840209, 6.1846638], [1.1839815, 6.1847297], [1.1839361, 6.1845863], [1.1838634, 6.1843644], [1.1838313, 6.1842734]]]}}, {"type": "Feature", "properties": {"name": "R\u00e9sidence Coindre", "infra_class": "monastery", "infra_group": "poi"}, "geometry": {"type": "Polygon", "coordinates": [[[1.1837858, 6.1836676], [1.1838429, 6.1837085], [1.1838218, 6.1837375], [1.1838687, 6.1837712], [1.1839791, 6.1838686], [1.1839477, 6.1839119], [1.1838331, 6.1840699], [1.1836424, 6.183972], [1.1835914, 6.1839355], [1.1837858, 6.1836676]]]}}, {"type": "Feature", "properties": {"name": "K & G Technologie", "infra_class": "computer", "infra_group": "commerce"}, "geometry": {"type": "Polygon", "coordinates": [[[1.1986706, 6.1733026], [1.1986927, 6.1732304], [1.1987409, 6.1732451], [1.1987187, 6.1733172], [1.1986706, 6.1733026]]]}}, {"type": "Feature", "properties": {"name": "\u00c9tablissement kern city", "infra_class": "computer", "infra_group": "commerce"}, "geometry": {"type": "Polygon", "coordinates": [[[1.1905631, 6.1738593], [1.1905126, 6.1738034], [1.1905837, 6.1737476], [1.1906268, 6.1737886], [1.1905631, 6.1738593]]]}}, {"type": "Feature", "properties": {"name": "christoms", "infra_class": "computer", "infra_group": "commerce"}, "geometry": {"type": "Polygon", "coordinates": [[[1.1972149, 6.1763711], [1.1970555, 6.1762988], [1.1970962, 6.1762102], [1.1971116, 6.1762173], [1.1971273, 6.1761832], [1.197156, 6.1761962], [1.1971899, 6.1761224], [1.1973051, 6.1761747], [1.1972149, 6.1763711]]]}}, {"type": "Feature", "properties": {"name": "Cyber Caf\u00e9 Fusion GSM", "infra_class": "computer", "infra_group": "commerce"}, "geometry": {"type": "Polygon", "coordinates": [[[1.1952754, 6.1815944], [1.1952381, 6.1815776], [1.1952463, 6.1815551], [1.1952808, 6.1815688], [1.1952754, 6.1815944]]]}}, {"type": "Feature", "properties": {"name": "grace plus", "infra_class": "computer", "infra_group": "commerce"}, "geometry": {"type": "Polygon", "coordinates": [[[1.2043927, 6.176919], [1.2045963, 6.1768666], [1.2046676, 6.1768483], [1.2047287, 6.1770237], [1.2046269, 6.1770495], [1.2046081, 6.176959], [1.2044152, 6.1769961], [1.2043927, 6.176919]]]}}, {"type": "Feature", "properties": {"name": "maison du pc", "infra_class": "computer", "infra_group": "commerce"}, "geometry": {"type": "Polygon", "coordinates": [[[1.2042994, 6.1739466], [1.2042363, 6.1737194], [1.204327, 6.1736945], [1.2043901, 6.1739218], [1.2042994, 6.1739466]]]}}, {"type": "Feature", "properties": {"name": "NTCI", "infra_class": "computer", "infra_group": "commerce"}, "geometry": {"type": "Polygon", "coordinates": [[[1.2055866, 6.1672255], [1.2056404, 6.1671314], [1.2057002, 6.1671652], [1.2056463, 6.1672593], [1.2055866, 6.1672255]]]}}, {"type": "Feature", "properties": {"name": "Cyber NTIC LAND", "infra_class": "computer", "infra_group": "commerce"}, "geometry": {"type": "Polygon", "coordinates": [[[1.2033797, 6.1824157], [1.2033755, 6.1823521], [1.2034144, 6.182351], [1.2034186, 6.1824157], [1.2033797, 6.1824157]]]}}, {"type": "Feature", "properties": {"name": "Cyber caf\u00e9 Maison du pc", "infra_class": "computer", "infra_group": "commerce"}, "geometry": {"type": "Polygon", "coordinates": [[[1.2042994, 6.1739466], [1.2042363, 6.1737194], [1.204327, 6.1736945], [1.2043901, 6.1739218], [1.2042994, 6.1739466]]]}}, {"type": "Feature", "properties": {"name": "AIPAC", "infra_class": "computer", "infra_group": "commerce"}, "geometry": {"type": "Polygon", "coordinates": [[[1.2053972, 6.1478224], [1.2054316, 6.1477835], [1.2054674, 6.1478147], [1.2054492, 6.1478353], [1.2054337, 6.1478218], [1.2054176, 6.1478401], [1.2053972, 6.1478224]]]}}, {"type": "Feature", "properties": {"name": "Boutchou,cr\u00e8che,garderie et centre de loisirs", "infra_class": "kindergarten", "infra_group": "education"}, "geometry": {"type": "Polygon", "coordinates": [[[1.2063499, 6.1468836], [1.2064637, 6.1469763], [1.2063754, 6.1470288], [1.2062974, 6.1469559], [1.2063499, 6.1468836]]]}}, {"type": "Feature", "properties": {"name": "Optique \u00e0 Dieu la Gloire", "infra_class": "doctors", "infra_group": "health"}, "geometry": {"type": "Polygon", "coordinates": [[[1.211044, 6.1483382], [1.2110546, 6.1481698], [1.2112393, 6.1481815], [1.2112282, 6.1483499], [1.211044, 6.1483382]]]}}, {"type": "Feature", "properties": {"name": "Technosys Afrique", "infra_class": "computer", "infra_group": "commerce"}, "geometry": {"type": "Polygon", "coordinates": [[[1.2058634, 6.1473232], [1.2057876, 6.1474005], [1.2056734, 6.1472896], [1.2057493, 6.1472122], [1.2058634, 6.1473232]]]}}, {"type": "Feature", "properties": {"name": "Terrain du Lyc\u00e9e d'Ago\u00e8", "infra_class": "pitch", "infra_group": "leisure"}, "geometry": {"type": "Polygon", "coordinates": [[[1.1914655, 6.2212371], [1.1914737, 6.2202168], [1.1920375, 6.2202213], [1.1920293, 6.2212416], [1.1914655, 6.2212371]]]}}, {"type": "Feature", "properties": {"name": "Total", "infra_class": "convenience", "infra_group": "commerce"}, "geometry": {"type": "Polygon", "coordinates": [[[1.207968, 6.2019185], [1.2079645, 6.2020694], [1.2078788, 6.2020674], [1.2078823, 6.2019166], [1.207968, 6.2019185]]]}}, {"type": "Feature", "properties": {"name": "Village Enchant\u00e9", "infra_class": "school", "infra_group": "education"}, "geometry": {"type": "Polygon", "coordinates": [[[1.2530485, 6.1846562], [1.2529892, 6.1843669], [1.2529806, 6.1843241], [1.2529787, 6.184316], [1.2530173, 6.184307], [1.2530748, 6.1842936], [1.2531003, 6.1842876], [1.2534181, 6.1842136], [1.2536132, 6.1844683], [1.2536615, 6.184532], [1.2530485, 6.1846562]]]}}, {"type": "Feature", "properties": {"name": "Terrain Bas Fond", "infra_class": "pitch", "infra_group": "leisure"}, "geometry": {"type": "Polygon", "coordinates": [[[1.2326963, 6.1490813], [1.2326753, 6.1485674], [1.2336839, 6.1487679], [1.2336839, 6.1492818], [1.2326963, 6.1490813]]]}}, {"type": "Feature", "properties": {"name": null, "infra_class": "pitch", "infra_group": "leisure"}, "geometry": {"type": "Polygon", "coordinates": [[[1.2346168, 6.1497138], [1.234679, 6.1495497], [1.2348029, 6.1495961], [1.2349951, 6.1496681], [1.234933, 6.1498321], [1.2346168, 6.1497138]]]}}, {"type": "Feature", "properties": {"name": null, "infra_class": "parking", "infra_group": "poi"}, "geometry": {"type": "Polygon", "coordinates": [[[1.2344213, 6.1496319], [1.2343254, 6.1496148], [1.234215, 6.149604], [1.233981, 6.1495192], [1.2340119, 6.1494095], [1.2340297, 6.1493445], [1.2345013, 6.1495118], [1.2346619, 6.1495663], [1.2346007, 6.1497284], [1.2344894, 6.1496628], [1.2344989, 6.149624], [1.2344373, 6.1495987], [1.2344213, 6.1496319]]]}}, {"type": "Feature", "properties": {"name": "ISPSH Don Bosco", "infra_class": "university", "infra_group": "education"}, "geometry": {"type": "Polygon", "coordinates": [[[1.2667319, 6.1478268], [1.2666626, 6.1471636], [1.2677976, 6.1471049], [1.2678714, 6.1477074], [1.2667319, 6.1478268]]]}}, {"type": "Feature", "properties": {"name": "Saint Dominique Savio", "infra_class": "place_of_worship", "infra_group": "poi"}, "geometry": {"type": "Polygon", "coordinates": [[[1.2749516, 6.1604872], [1.2751578, 6.1604701], [1.2751847, 6.1607905], [1.2749784, 6.1608076], [1.2749516, 6.1604872]]]}}, {"type": "Feature", "properties": {"name": "TERRAIN DE NAZOD", "infra_class": "pitch", "infra_group": "leisure"}, "geometry": {"type": "Polygon", "coordinates": [[[1.2370262, 6.2072149], [1.237592, 6.2072036], [1.2376112, 6.208149], [1.2370453, 6.2081603], [1.2370262, 6.2072149]]]}}, {"type": "Feature", "properties": {"name": "College chr\u00e9tien La Redemption", "infra_class": "school", "infra_group": "education"}, "geometry": {"type": "Polygon", "coordinates": [[[1.2011624, 6.1754196], [1.201156, 6.1753787], [1.2012529, 6.1753637], [1.2012593, 6.1754046], [1.2011624, 6.1754196]]]}}, {"type": "Feature", "properties": {"name": "Complexe scolaire la GARANDERIE", "infra_class": "school", "infra_group": "education"}, "geometry": {"type": "Polygon", "coordinates": [[[1.2042502, 6.1784084], [1.2039866, 6.1782266], [1.2039666, 6.1781014], [1.2042059, 6.1780319], [1.2042919, 6.1782771], [1.204266, 6.1783842], [1.2042502, 6.1784084]]]}}, {"type": "Feature", "properties": {"name": "Ecole Priv\u00e9e \"Les ANGES\"", "infra_class": "school", "infra_group": "education"}, "geometry": {"type": "Polygon", "coordinates": [[[1.2054589, 6.1725976], [1.2054456, 6.172551], [1.2055123, 6.1725322], [1.2055256, 6.1725789], [1.2054589, 6.1725976]]]}}, {"type": "Feature", "properties": {"name": "\u00c9cole primaire Catholique de Klikam\u00e9", "infra_class": "school", "infra_group": "education"}, "geometry": {"type": "Polygon", "coordinates": [[[1.2043618, 6.169553], [1.2048807, 6.1685839], [1.2059726, 6.169185], [1.2057436, 6.1695958], [1.2053927, 6.1701807], [1.2043618, 6.169553]]]}}, {"type": "Feature", "properties": {"name": "\u00c9cole Priv\u00e9e Everest", "infra_class": "school", "infra_group": "education"}, "geometry": {"type": "Polygon", "coordinates": [[[1.2056687, 6.1757178], [1.2057111, 6.1757046], [1.2057483, 6.175823], [1.205706, 6.1758362], [1.2056687, 6.1757178]]]}}, {"type": "Feature", "properties": {"name": "\u00c9cole priv\u00e9e laique COMPETENCE", "infra_class": "school", "infra_group": "education"}, "geometry": {"type": "Polygon", "coordinates": [[[1.2035281, 6.1814521], [1.2035414, 6.1812922], [1.2035514, 6.1811062], [1.2035783, 6.1810815], [1.2037537, 6.1810508], [1.2037727, 6.1811779], [1.2037982, 6.1814587], [1.2035281, 6.1814521]]]}}, {"type": "Feature", "properties": {"name": "Lyc\u00e9e de B\u00e8 Klikam\u00e9", "infra_class": "school", "infra_group": "education"}, "geometry": {"type": "Polygon", "coordinates": [[[1.2055808, 6.1753908], [1.2050195, 6.1733304], [1.2056723, 6.1731364], [1.2056882, 6.1731515], [1.2061421, 6.1750283], [1.2055808, 6.1753908]]]}}, {"type": "Feature", "properties": {"name": "Jardin d'enfant public MAIRIN", "infra_class": "kindergarten", "infra_group": "education"}, "geometry": {"type": "Polygon", "coordinates": [[[1.1960157, 6.1761859], [1.1963095, 6.1762761], [1.1961649, 6.176559], [1.1958695, 6.1764382], [1.1959665, 6.1762164], [1.1960157, 6.1761859]]]}}, {"type": "Feature", "properties": {"name": "HCBIS (Helen C. Bilingual International School", "infra_class": "school", "infra_group": "education"}, "geometry": {"type": "Polygon", "coordinates": [[[1.1992968, 6.170993], [1.1994402, 6.1704389], [1.1995948, 6.1704407], [1.199641, 6.1709766], [1.1992968, 6.170993]]]}}, {"type": "Feature", "properties": {"name": null, "infra_class": "pitch", "infra_group": "leisure"}, "geometry": {"type": "Polygon", "coordinates": [[[1.2275747, 6.1527319], [1.228191, 6.1528565], [1.228003, 6.1537704], [1.2274041, 6.1536492], [1.2275747, 6.1527319]]]}}, {"type": "Feature", "properties": {"name": "ECOBANK Ago\u00e9-Nyiv\u00e9", "infra_class": "bank", "infra_group": "commerce"}, "geometry": {"type": "Polygon", "coordinates": [[[1.2093288, 6.2171125], [1.2093165, 6.2170318], [1.2093998, 6.2170192], [1.2094122, 6.2170998], [1.2093288, 6.2171125]]]}}, {"type": "Feature", "properties": {"name": "Togo Moto Club", "infra_class": "pitch", "infra_group": "leisure"}, "geometry": {"type": "Polygon", "coordinates": [[[1.2116314, 6.2417361], [1.2102821, 6.2417004], [1.210615, 6.2401938], [1.2107545, 6.2397779], [1.2110549, 6.2396125], [1.2117523, 6.2397139], [1.2134957, 6.2403964], [1.2142199, 6.2406951], [1.2141878, 6.240762], [1.2138667, 6.2419867], [1.2116314, 6.2417361]]]}}, {"type": "Feature", "properties": {"name": "CMS Doumassesse", "infra_class": "hospital", "infra_group": "health"}, "geometry": {"type": "Polygon", "coordinates": [[[1.2173604, 6.1603509], [1.2173706, 6.1600641], [1.2173789, 6.1597432], [1.2179869, 6.1597426], [1.2179692, 6.1603669], [1.2173604, 6.1603509]]]}}, {"type": "Feature", "properties": {"name": "CNTS", "infra_class": "doctors", "infra_group": "health"}, "geometry": {"type": "Polygon", "coordinates": [[[1.2176124, 6.1593356], [1.2177192, 6.1593365], [1.2177227, 6.1594245], [1.2177742, 6.1594501], [1.2177957, 6.1595056], [1.2178669, 6.1595077], [1.2178651, 6.1596201], [1.2176822, 6.1596145], [1.2176686, 6.1595764], [1.2176408, 6.1595411], [1.2176152, 6.1595256], [1.2176124, 6.1593356]]]}}, {"type": "Feature", "properties": {"name": "Centre de Sant\u00e9 Jean Paul II", "infra_class": "clinic", "infra_group": "health"}, "geometry": {"type": "Polygon", "coordinates": [[[1.2103451, 6.1632321], [1.210404, 6.1630347], [1.2104437, 6.1628784], [1.2104783, 6.16286], [1.2110606, 6.1629973], [1.2109544, 6.1633798], [1.2103451, 6.1632321]]]}}, {"type": "Feature", "properties": {"name": "Exo-Resto", "infra_class": "restaurant", "infra_group": "commerce"}, "geometry": {"type": "Polygon", "coordinates": [[[1.2157822, 6.1635403], [1.2157602, 6.1636443], [1.2156259, 6.1636163], [1.2156479, 6.1635122], [1.2157822, 6.1635403]]]}}, {"type": "Feature", "properties": {"name": "La Poste", "infra_class": "post_office", "infra_group": "poi"}, "geometry": {"type": "Polygon", "coordinates": [[[1.2157679, 6.1632417], [1.2156682, 6.1632172], [1.2157051, 6.1630686], [1.2158049, 6.1630931], [1.2157679, 6.1632417]]]}}, {"type": "Feature", "properties": {"name": "Utb Agence Campus", "infra_class": "bank", "infra_group": "commerce"}, "geometry": {"type": "Polygon", "coordinates": [[[1.2132442, 6.1628554], [1.213296, 6.1628674], [1.2132613, 6.163016], [1.2132094, 6.163004], [1.2132442, 6.1628554]]]}}, {"type": "Feature", "properties": {"name": "Cyber caf\u00e9 la Saintete", "infra_class": "computer", "infra_group": "commerce"}, "geometry": {"type": "Polygon", "coordinates": [[[1.2031944, 6.1672288], [1.203224, 6.1671816], [1.2032878, 6.1672212], [1.2032582, 6.1672684], [1.2031944, 6.1672288]]]}}, {"type": "Feature", "properties": {"name": "Cyber caf\u00e9 Main de Dieu", "infra_class": "computer", "infra_group": "commerce"}, "geometry": {"type": "Polygon", "coordinates": [[[1.2064008, 6.1641259], [1.2063698, 6.1641102], [1.2063905, 6.1640697], [1.2064215, 6.1640854], [1.2064008, 6.1641259]]]}}, {"type": "Feature", "properties": {"name": "Cyber Caf\u00e9 Mediath\u00e9que", "infra_class": "computer", "infra_group": "commerce"}, "geometry": {"type": "Polygon", "coordinates": [[[1.2167457, 6.1606871], [1.216772, 6.1605543], [1.2169665, 6.1605923], [1.2169402, 6.1607252], [1.2167457, 6.1606871]]]}}, {"type": "Feature", "properties": {"name": "EPP CAMP GP", "infra_class": "school", "infra_group": "education"}, "geometry": {"type": "Polygon", "coordinates": [[[1.1683524, 6.2328222], [1.168333, 6.2327298], [1.168589, 6.2326766], [1.1686331, 6.2326674], [1.1686525, 6.2327599], [1.1683524, 6.2328222]]]}}, {"type": "Feature", "properties": {"name": "\u00d6 Kabou", "infra_class": "hotel", "infra_group": "leisure"}, "geometry": {"type": "Polygon", "coordinates": [[[1.2170724, 6.1594863], [1.2170611, 6.1592803], [1.2171782, 6.1592739], [1.2171896, 6.1594799], [1.2170724, 6.1594863]]]}}, {"type": "Feature", "properties": {"name": "Resto-Fast food", "infra_class": "restaurant", "infra_group": "commerce"}, "geometry": {"type": "Polygon", "coordinates": [[[1.2097723, 6.1616958], [1.2095233, 6.1616471], [1.2095454, 6.1615351], [1.2096895, 6.1615633], [1.209705, 6.1614848], [1.2097639, 6.1614963], [1.2097774, 6.161428], [1.2098234, 6.161437], [1.2097723, 6.1616958]]]}}, {"type": "Feature", "properties": {"name": "Convention Baptiste du Togo", "infra_class": "place_of_worship", "infra_group": "poi"}, "geometry": {"type": "Polygon", "coordinates": [[[1.2011439, 6.1752085], [1.2013922, 6.1751709], [1.2014208, 6.1753578], [1.2012652, 6.1753814], [1.2012579, 6.1753338], [1.2011652, 6.1753478], [1.2011439, 6.1752085]]]}}, {"type": "Feature", "properties": {"name": null, "infra_class": "parking", "infra_group": "poi"}, "geometry": {"type": "Polygon", "coordinates": [[[1.222942, 6.1357093], [1.2227816, 6.1358735], [1.2227488, 6.1358419], [1.2229092, 6.1356776], [1.222942, 6.1357093]]]}}, {"type": "Feature", "properties": {"name": "March\u00e9 des F\u00e9ticheurs", "infra_class": "marketplace", "infra_group": "commerce"}, "geometry": {"type": "Polygon", "coordinates": [[[1.266986, 6.1573274], [1.2670846, 6.1573532], [1.2671352, 6.1573664], [1.2671982, 6.1573829], [1.2673116, 6.1574125], [1.2673769, 6.1574296], [1.2674168, 6.15744], [1.2674663, 6.1575371], [1.2675103, 6.1576234], [1.2675746, 6.1577497], [1.2676647, 6.157923], [1.2676176, 6.1579206], [1.2675691, 6.1579159], [1.2675416, 6.1579132], [1.2675027, 6.1579094], [1.2674576, 6.1579051], [1.267417, 6.1579011], [1.2673924, 6.1578988], [1.2673469, 6.1578944], [1.2672992, 6.1578897], [1.2672585, 6.1578858], [1.2672445, 6.1578844], [1.2671943, 6.1578796], [1.2671232, 6.1578727], [1.2670629, 6.1578669], [1.2669855, 6.1578619], [1.2669856, 6.1577592], [1.2669856, 6.1577176], [1.2669857, 6.157624], [1.2669857, 6.1575557], [1.266987, 6.1573905], [1.266986, 6.1573274]]]}}, {"type": "Feature", "properties": {"name": "UTB", "infra_class": "bank", "infra_group": "commerce"}, "geometry": {"type": "Polygon", "coordinates": [[[1.2232092, 6.1707677], [1.2231804, 6.1707148], [1.2233055, 6.1706476], [1.2233343, 6.1707006], [1.2232092, 6.1707677]]]}}, {"type": "Feature", "properties": {"name": "\u00c9cole Catholique Christ Roi", "infra_class": "school", "infra_group": "education"}, "geometry": {"type": "Polygon", "coordinates": [[[1.2060043, 6.1202242], [1.2061564, 6.1199092], [1.2060785, 6.1198963], [1.2060784, 6.11986], [1.2060701, 6.1196528], [1.206567, 6.1198408], [1.2065838, 6.1198716], [1.206462, 6.1204172], [1.2060043, 6.1202242]]]}}, {"type": "Feature", "properties": {"name": "CEG Ny\u00e9konakpo\u00e8", "infra_class": "school", "infra_group": "education"}, "geometry": {"type": "Polygon", "coordinates": [[[1.2003825, 6.1326358], [1.2005451, 6.1319179], [1.2013196, 6.1321414], [1.2014726, 6.1316327], [1.2022865, 6.1318903], [1.2019207, 6.1330692], [1.2003825, 6.1326358]]]}}, {"type": "Feature", "properties": {"name": null, "infra_class": "parking", "infra_group": "poi"}, "geometry": {"type": "Polygon", "coordinates": [[[1.2145039, 6.1691], [1.2145044, 6.1692111], [1.214451, 6.1692122], [1.2144481, 6.1691007], [1.2144473, 6.1690857], [1.2144572, 6.1690854], [1.2144544, 6.168981], [1.2145023, 6.1689803], [1.2145039, 6.1691]]]}}, {"type": "Feature", "properties": {"name": "Parking du MAEP", "infra_class": "parking", "infra_group": "poi"}, "geometry": {"type": "Polygon", "coordinates": [[[1.2145308, 6.123951], [1.2145501, 6.1239121], [1.2148007, 6.1240348], [1.2147815, 6.1240737], [1.2145308, 6.123951]]]}}, {"type": "Feature", "properties": {"name": "Lyc\u00e9e de Ny\u00e9konakpo\u00e8", "infra_class": "school", "infra_group": "education"}, "geometry": {"type": "Polygon", "coordinates": [[[1.2037273, 6.1283959], [1.2037489, 6.1282545], [1.20352, 6.1281773], [1.2035258, 6.1281021], [1.2039778, 6.1281927], [1.2039446, 6.1284325], [1.2037273, 6.1283959]]]}}, {"type": "Feature", "properties": {"name": "Lyc\u00e9e Fran\u00e7ais de Lom\u00e9", "infra_class": "school", "infra_group": "education"}, "geometry": {"type": "Polygon", "coordinates": [[[1.2067229, 6.1270988], [1.2059431, 6.1269265], [1.2059654, 6.1268074], [1.2059933, 6.1268125], [1.206023, 6.1266539], [1.2059949, 6.1266487], [1.2060166, 6.1265329], [1.2066813, 6.1266917], [1.2067369, 6.1263994], [1.2068208, 6.1264047], [1.2068548, 6.1264122], [1.2067229, 6.1270988]]]}}, {"type": "Feature", "properties": {"name": "Coll\u00e8ge priv\u00e9 \"le PONT\"", "infra_class": "school", "infra_group": "education"}, "geometry": {"type": "Polygon", "coordinates": [[[1.2054876, 6.1730633], [1.2054184, 6.1727966], [1.2054696, 6.1727822], [1.2055713, 6.1727538], [1.2056317, 6.1730057], [1.2056189, 6.1730288], [1.2055423, 6.1730489], [1.2054876, 6.1730633]]]}}, {"type": "Feature", "properties": {"name": "Eglise Yesu l\u00e9 agb\u00e9", "infra_class": "place_of_worship", "infra_group": "poi"}, "geometry": {"type": "Polygon", "coordinates": [[[1.2091612, 6.1648797], [1.2091784, 6.1646792], [1.2092663, 6.1646878], [1.2092458, 6.1648878], [1.2092238, 6.1648857], [1.2091612, 6.1648797]]]}}, {"type": "Feature", "properties": {"name": "Eglise catholique N\u00f4tre Dame de la R\u00e9demption (NDR) de B\u00e8-Klikam\u00e9", "infra_class": "place_of_worship", "infra_group": "poi"}, "geometry": {"type": "Polygon", "coordinates": [[[1.2046802, 6.1703186], [1.2044958, 6.1703322], [1.2044133, 6.1702817], [1.2043672, 6.1702519], [1.2043491, 6.1702397], [1.2043664, 6.1702064], [1.2043433, 6.170193], [1.204352, 6.1701759], [1.2043184, 6.1701616], [1.2043635, 6.1700701], [1.2043433, 6.1700577], [1.2043655, 6.1700175], [1.2043865, 6.1699795], [1.2044124, 6.169989], [1.2044622, 6.169907], [1.204492, 6.1699223], [1.2045016, 6.1699042], [1.2045274, 6.1699185], [1.204538, 6.1698985], [1.2047173, 6.1699947], [1.2047844, 6.1701473], [1.2046802, 6.1703186]]]}}, {"type": "Feature", "properties": {"name": null, "infra_class": "pitch", "infra_group": "leisure"}, "geometry": {"type": "Polygon", "coordinates": [[[1.1577007, 6.2000868], [1.1581533, 6.1997894], [1.1587099, 6.2006268], [1.1582573, 6.2009241], [1.1577007, 6.2000868]]]}}, {"type": "Feature", "properties": {"name": "\u00c9glise adventiste du septi\u00e8me jour", "infra_class": "place_of_worship", "infra_group": "poi"}, "geometry": {"type": "Polygon", "coordinates": [[[1.173158, 6.1796038], [1.1730541, 6.1794143], [1.1730516, 6.1794022], [1.1730485, 6.1793931], [1.1730429, 6.1793835], [1.1730789, 6.1793604], [1.1730734, 6.1793483], [1.1731089, 6.1793256], [1.1731154, 6.1793402], [1.1731499, 6.1793205], [1.1731651, 6.1793437], [1.1731753, 6.1793457], [1.1732832, 6.1795347], [1.1732097, 6.17957], [1.173158, 6.1796038]]]}}, {"type": "Feature", "properties": {"name": "Complexe scolaire le Pont", "infra_class": "school", "infra_group": "education"}, "geometry": {"type": "Polygon", "coordinates": [[[1.2089156, 6.1612458], [1.2090144, 6.1611238], [1.2091341, 6.1612042], [1.2090952, 6.1613827], [1.2089156, 6.1612458]]]}}, {"type": "Feature", "properties": {"name": "Institut Technique Martin Luther King", "infra_class": "school", "infra_group": "education"}, "geometry": {"type": "Polygon", "coordinates": [[[1.2035971, 6.2371706], [1.2037124, 6.2369173], [1.2038707, 6.236992], [1.203982, 6.236748], [1.2041639, 6.2368414], [1.2039377, 6.2373226], [1.2035971, 6.2371706]]]}}, {"type": "Feature", "properties": {"name": "Deo gracias", "infra_class": "restaurant", "infra_group": "commerce"}, "geometry": {"type": "Polygon", "coordinates": [[[1.2062993, 6.1680222], [1.2063186, 6.1679743], [1.2063608, 6.1679911], [1.2063415, 6.168039], [1.2062993, 6.1680222]]]}}, {"type": "Feature", "properties": {"name": "bar le catimini", "infra_class": "bar", "infra_group": "poi"}, "geometry": {"type": "Polygon", "coordinates": [[[1.2047326, 6.1716634], [1.2047337, 6.1716043], [1.2047864, 6.1716053], [1.2047852, 6.1716644], [1.2047326, 6.1716634]]]}}, {"type": "Feature", "properties": {"name": "Lyc\u00e9e de Djagbl\u00e9", "infra_class": "kindergarten", "infra_group": "education"}, "geometry": {"type": "Polygon", "coordinates": [[[1.2832383, 6.2558555], [1.2834314, 6.2567787], [1.2807858, 6.2574361], [1.280551, 6.2565544], [1.282153, 6.2561563], [1.2832383, 6.2558555]]]}}, {"type": "Feature", "properties": {"name": "Star Librairie", "infra_class": "books", "infra_group": "commerce"}, "geometry": {"type": "Polygon", "coordinates": [[[1.2350242, 6.1276452], [1.2347533, 6.127647], [1.2347869, 6.1274323], [1.2350309, 6.1274892], [1.2350242, 6.1276452]]]}}, {"type": "Feature", "properties": {"name": "Boutique Peugeot", "infra_class": "anime", "infra_group": "commerce"}, "geometry": {"type": "Polygon", "coordinates": [[[1.2351114, 6.1278057], [1.2350577, 6.1279684], [1.2348364, 6.127891], [1.23487, 6.1277897], [1.2351114, 6.1278057]]]}}, {"type": "Feature", "properties": {"name": "H\u00f4tel Agni nefa", "infra_class": "hotel", "infra_group": "leisure"}, "geometry": {"type": "Polygon", "coordinates": [[[1.2367604, 6.1292695], [1.2368695, 6.1293079], [1.2368058, 6.1294868], [1.2366605, 6.1294356], [1.2366916, 6.1293484], [1.2367278, 6.129361], [1.2367604, 6.1292695]]]}}, {"type": "Feature", "properties": {"name": "Moto Apsonic", "infra_class": "yes", "infra_group": "commerce"}, "geometry": {"type": "Polygon", "coordinates": [[[1.2370557, 6.1294388], [1.2370765, 6.1293711], [1.2372866, 6.129435], [1.2372658, 6.1295028], [1.2370557, 6.1294388]]]}}, {"type": "Feature", "properties": {"name": "\u00c9cole primaire La Poudri\u00e8re", "infra_class": "school", "infra_group": "education"}, "geometry": {"type": "Polygon", "coordinates": [[[1.2378017, 6.1289112], [1.2384342, 6.1291517], [1.238403, 6.1292329], [1.2383775, 6.1292994], [1.2383293, 6.1294247], [1.2378674, 6.1292491], [1.2376967, 6.1291842], [1.2377396, 6.1290725], [1.2377704, 6.1289924], [1.2378017, 6.1289112]]]}}, {"type": "Feature", "properties": {"name": "Golden Crew Restaurant Chinois", "infra_class": "restaurant", "infra_group": "commerce"}, "geometry": {"type": "Polygon", "coordinates": [[[1.2384788, 6.1283829], [1.2385075, 6.1282952], [1.238665, 6.128346], [1.2386363, 6.1284337], [1.2384788, 6.1283829]]]}}, {"type": "Feature", "properties": {"name": "\u00c9glise Evang\u00e9lique", "infra_class": "place_of_worship", "infra_group": "poi"}, "geometry": {"type": "Polygon", "coordinates": [[[1.2165603, 6.160248], [1.216564, 6.1601817], [1.216614, 6.1601845], [1.2166104, 6.1602506], [1.2165603, 6.160248]]]}}, {"type": "Feature", "properties": {"name": "Etablissement Jean Jacques Rousseau", "infra_class": "school", "infra_group": "education"}, "geometry": {"type": "Polygon", "coordinates": [[[1.2200586, 6.1593203], [1.2202425, 6.1593283], [1.2202395, 6.1593975], [1.2200556, 6.1593896], [1.2200586, 6.1593203]]]}}, {"type": "Feature", "properties": {"name": "Universit\u00e9 Adonai", "infra_class": "university", "infra_group": "education"}, "geometry": {"type": "Polygon", "coordinates": [[[1.2200058, 6.1595673], [1.2200181, 6.1594695], [1.2202899, 6.1595031], [1.2202777, 6.159601], [1.2200058, 6.1595673]]]}}, {"type": "Feature", "properties": {"name": "\u00c9cole Priv\u00e9e La\u00efque Sylphides", "infra_class": "school", "infra_group": "education"}, "geometry": {"type": "Polygon", "coordinates": [[[1.2052857, 6.1610148], [1.2054682, 6.1610224], [1.2054782, 6.1610424], [1.2054682, 6.1611986], [1.2052795, 6.1611894], [1.2052813, 6.1611839], [1.2052857, 6.1610148]]]}}, {"type": "Feature", "properties": {"name": "Commune du Golfe 3 Lom\u00e9 mairie de B\u00e8-ouest", "infra_class": "townhall", "infra_group": "poi"}, "geometry": {"type": "Polygon", "coordinates": [[[1.2165985, 6.1569354], [1.2166029, 6.1568511], [1.2166882, 6.1568556], [1.2166837, 6.1569398], [1.2165985, 6.1569354]]]}}, {"type": "Feature", "properties": {"name": "MRS", "infra_class": "fuel", "infra_group": "utility"}, "geometry": {"type": "Polygon", "coordinates": [[[1.2343348, 6.1720396], [1.2343416, 6.1718864], [1.2344047, 6.1718891], [1.234398, 6.1720424], [1.2343348, 6.1720396]]]}}, {"type": "Feature", "properties": {"name": "CMS ATIKOUME", "infra_class": "hospital", "infra_group": "health"}, "geometry": {"type": "Polygon", "coordinates": [[[1.2068309, 6.166471], [1.2072189, 6.1657974], [1.2072703, 6.1658262], [1.2073461, 6.1657072], [1.2077269, 6.1659263], [1.2077441, 6.165969], [1.2073021, 6.1667627], [1.2070608, 6.1666176], [1.2071008, 6.1665267], [1.2068309, 6.166471]]]}}, {"type": "Feature", "properties": {"name": "Complexe scolaire Les Chandelles", "infra_class": "school", "infra_group": "education"}, "geometry": {"type": "Polygon", "coordinates": [[[1.2095821, 6.1642334], [1.2095958, 6.1641724], [1.2096792, 6.1641908], [1.2096655, 6.1642519], [1.2095821, 6.1642334]]]}}, {"type": "Feature", "properties": {"name": "Universit\u00e9 de Lom\u00e9", "infra_class": "university", "infra_group": "education"}, "geometry": {"type": "Polygon", "coordinates": [[[1.2208799, 6.1686107], [1.2195078, 6.1714332], [1.2191607, 6.1716071], [1.21921, 6.1717023], [1.2192464, 6.1717534], [1.219304, 6.1718342], [1.2192559, 6.1719173], [1.2191723, 6.1719547], [1.2186388, 6.1730054], [1.2156892, 6.1788145], [1.2153809, 6.1794216], [1.2147887, 6.1805878], [1.2145288, 6.1811111], [1.2144554, 6.181262], [1.2141488, 6.1818639], [1.2140879, 6.1818862], [1.2140322, 6.1819127], [1.2139762, 6.1819412], [1.2139816, 6.1819496], [1.2139098, 6.1819974], [1.2139995, 6.1821553], [1.2138144, 6.1825179], [1.2133191, 6.183488], [1.2126786, 6.1847162], [1.2124838, 6.185137], [1.2124216, 6.1852763], [1.2123462, 6.1854176], [1.2121018, 6.1859257], [1.2120415, 6.186045], [1.211021, 6.1880611], [1.2099567, 6.1876623], [1.2099144, 6.187645], [1.2098689, 6.1876263], [1.2097935, 6.1876053], [1.2096688, 6.1878655], [1.2088508, 6.1874335], [1.2085514, 6.1871451], [1.2078809, 6.1864868], [1.2077337, 6.1863289], [1.2071219, 6.1851048], [1.2070716, 6.1849025], [1.2066888, 6.1834377], [1.2065948, 6.1830224], [1.2065068, 6.1826733], [1.2065475, 6.1825859], [1.2074576, 6.182538], [1.2087057, 6.1824053], [1.2087128, 6.1823291], [1.2093011, 6.1775598], [1.2094475, 6.1764181], [1.2096181, 6.1750495], [1.2097229, 6.1741855], [1.2097726, 6.1738023], [1.2098411, 6.1731734], [1.2099297, 6.1725057], [1.210013, 6.1718354], [1.2102244, 6.1701528], [1.210377, 6.1690072], [1.210424, 6.1686794], [1.2104575, 6.1683783], [1.2104891, 6.1681065], [1.2108401, 6.1652719], [1.2108813, 6.165239], [1.2146792, 6.1652078], [1.2149186, 6.1652063], [1.2163761, 6.1651945], [1.2164468, 6.1651954], [1.2165591, 6.1651949], [1.2191382, 6.1651638], [1.2205637, 6.1651738], [1.221305, 6.1651623], [1.2220212, 6.165177], [1.2223635, 6.1652042], [1.2224152, 6.1652192], [1.2224594, 6.1652644], [1.222479, 6.1653078], [1.2224892, 6.1653454], [1.2224892, 6.1653791], [1.2219608, 6.1666823], [1.2212746, 6.1681854], [1.2211539, 6.16815], [1.2210462, 6.168325], [1.2208799, 6.1686107]]]}}, {"type": "Feature", "properties": {"name": "petit terrain de foot", "infra_class": "pitch", "infra_group": "leisure"}, "geometry": {"type": "Polygon", "coordinates": [[[1.2167805, 6.1720969], [1.2167332, 6.1717989], [1.2174854, 6.1716808], [1.2175327, 6.1719788], [1.2167805, 6.1720969]]]}}, {"type": "Feature", "properties": {"name": "Ecobank Nukafou", "infra_class": "bank", "infra_group": "commerce"}, "geometry": {"type": "Polygon", "coordinates": [[[1.2342582, 6.1615434], [1.2344666, 6.1615127], [1.2344937, 6.1616944], [1.2342853, 6.1617251], [1.2342582, 6.1615434]]]}}, {"type": "Feature", "properties": {"name": "\u00c9glise Catholique", "infra_class": "place_of_worship", "infra_group": "poi"}, "geometry": {"type": "Polygon", "coordinates": [[[1.2210403, 6.1355352], [1.2212364, 6.1356471], [1.2212146, 6.1356848], [1.2212397, 6.135699], [1.2212222, 6.1357291], [1.2213046, 6.1357761], [1.2212669, 6.1358412], [1.2211846, 6.1357943], [1.2211684, 6.1358224], [1.2209474, 6.1356962], [1.2210403, 6.1355352]]]}}, {"type": "Feature", "properties": {"name": null, "infra_class": "parking", "infra_group": "poi"}, "geometry": {"type": "Polygon", "coordinates": [[[1.2757614, 6.140959], [1.2757758, 6.1410264], [1.2757673, 6.1410947], [1.2757369, 6.1411566], [1.2751631, 6.1418741], [1.2750979, 6.1418883], [1.2750194, 6.1418832], [1.2749501, 6.1418518], [1.2740816, 6.1406124], [1.2738319, 6.1403459], [1.2737249, 6.1402415], [1.2737331, 6.140205], [1.2751537, 6.140582], [1.2756985, 6.1407239], [1.2757836, 6.1407675], [1.2757362, 6.1409043], [1.2757614, 6.140959]]]}}, {"type": "Feature", "properties": {"name": "\u00c9cole Le R\u00e9seau", "infra_class": "school", "infra_group": "education"}, "geometry": {"type": "Polygon", "coordinates": [[[1.2068596, 6.1628256], [1.2069438, 6.1626646], [1.2071513, 6.1627643], [1.2070816, 6.1629346], [1.2068596, 6.1628256]]]}}, {"type": "Feature", "properties": {"name": "Mosqu\u00e9e de Totsi", "infra_class": "place_of_worship", "infra_group": "poi"}, "geometry": {"type": "Polygon", "coordinates": [[[1.1889019, 6.1970874], [1.188788, 6.1970854], [1.1887901, 6.1970092], [1.1889019, 6.1970086], [1.1889019, 6.1970874]]]}}, {"type": "Feature", "properties": {"name": "Campus plage", "infra_class": "food_court", "infra_group": "poi"}, "geometry": {"type": "Polygon", "coordinates": [[[1.2185298, 6.1668978], [1.2179375, 6.1668119], [1.218006, 6.1663738], [1.2180476, 6.1663672], [1.2185044, 6.1666465], [1.2185718, 6.1667271], [1.2185298, 6.1668978]]]}}, {"type": "Feature", "properties": {"name": "CNTS", "infra_class": "hospital", "infra_group": "health"}, "geometry": {"type": "Polygon", "coordinates": [[[1.2174746, 6.1592374], [1.2175304, 6.1592375], [1.2176051, 6.1592377], [1.2176052, 6.159188], [1.2179204, 6.1591886], [1.2179192, 6.1597413], [1.2174004, 6.1597402], [1.217401, 6.159486], [1.2174302, 6.1594861], [1.2174307, 6.1592754], [1.2174746, 6.1592755], [1.2174746, 6.1592374]]]}}, {"type": "Feature", "properties": {"name": "Stade Tokoin Nord", "infra_class": "pitch", "infra_group": "leisure"}, "geometry": {"type": "Polygon", "coordinates": [[[1.2204012, 6.1607636], [1.2202383, 6.1618502], [1.2196839, 6.1617816], [1.2198608, 6.1607305], [1.2204012, 6.1607636]]]}}, {"type": "Feature", "properties": {"name": "Paroisse Saint-Kisito de Doumass\u00e9ss\u00e9", "infra_class": "place_of_worship", "infra_group": "poi"}, "geometry": {"type": "Polygon", "coordinates": [[[1.2191215, 6.1617092], [1.2194237, 6.1606388], [1.2197924, 6.1606827], [1.2198608, 6.1607305], [1.2196839, 6.1617816], [1.219382, 6.1617459], [1.2191215, 6.1617092]]]}}, {"type": "Feature", "properties": {"name": "Hotel Napoleon A\u00e9roport dit \"Impasse Napoleon\"", "infra_class": "hotel", "infra_group": "leisure"}, "geometry": {"type": "Polygon", "coordinates": [[[1.2416498, 6.1534903], [1.2415284, 6.1534979], [1.2415179, 6.1533311], [1.2416393, 6.1533235], [1.2416498, 6.1534903]]]}}, {"type": "Feature", "properties": {"name": "Pent\u00e9cote", "infra_class": "place_of_worship", "infra_group": "poi"}, "geometry": {"type": "Polygon", "coordinates": [[[1.2082965, 6.1636134], [1.2081646, 6.163537], [1.2081867, 6.1634992], [1.2082796, 6.1635531], [1.2083186, 6.1635757], [1.2083068, 6.1635958], [1.2082965, 6.1636134]]]}}, {"type": "Feature", "properties": {"name": "\u00c9cole Africaine des M\u00e9tiers de l\u2019Architecture et de l\u2019Urbanisme", "infra_class": "school", "infra_group": "education"}, "geometry": {"type": "Polygon", "coordinates": [[[1.2178839, 6.1614226], [1.218058, 6.1605692], [1.218084, 6.1605757], [1.2192976, 6.160623], [1.2190056, 6.1617054], [1.2178839, 6.1614226]]]}}, {"type": "Feature", "properties": {"name": "Divina Gracia", "infra_class": "hairdresser", "infra_group": "commerce"}, "geometry": {"type": "Polygon", "coordinates": [[[1.2153952, 6.1580108], [1.2154466, 6.1580116], [1.2154458, 6.1580593], [1.2153945, 6.1580585], [1.2153952, 6.1580108]]]}}, {"type": "Feature", "properties": {"name": "Mosqu\u00e9e de la Paix", "infra_class": "place_of_worship", "infra_group": "poi"}, "geometry": {"type": "Polygon", "coordinates": [[[1.1902113, 6.2226577], [1.1902909, 6.2226617], [1.1902892, 6.2226947], [1.1902096, 6.2226907], [1.1902113, 6.2226577]]]}}, {"type": "Feature", "properties": {"name": "Centre Culturel Loyola", "infra_class": "library", "infra_group": "poi"}, "geometry": {"type": "Polygon", "coordinates": [[[1.1868759, 6.2440103], [1.1869411, 6.2440103], [1.1871815, 6.2440105], [1.1871813, 6.2442277], [1.1868757, 6.2442275], [1.1868759, 6.2440103]]]}}, {"type": "Feature", "properties": {"name": null, "infra_class": "pitch", "infra_group": "leisure"}, "geometry": {"type": "Polygon", "coordinates": [[[1.1881642, 6.243714], [1.1880004, 6.2435154], [1.1881053, 6.24343], [1.1882691, 6.2436286], [1.1881642, 6.243714]]]}}, {"type": "Feature", "properties": {"name": "CSP Payarama", "infra_class": "school", "infra_group": "education"}, "geometry": {"type": "Polygon", "coordinates": [[[1.1960969, 6.2468771], [1.1958309, 6.2464018], [1.1962984, 6.246141], [1.1963225, 6.2461516], [1.1965712, 6.2465976], [1.1965585, 6.2466242], [1.1960969, 6.2468771]]]}}, {"type": "Feature", "properties": {"name": "Chapelle Notre Dame de Mis\u00e9ricorde", "infra_class": "place_of_worship", "infra_group": "poi"}, "geometry": {"type": "Polygon", "coordinates": [[[1.2310311, 6.1483325], [1.2310311, 6.1482743], [1.2310687, 6.1482317], [1.2311243, 6.1482339], [1.2311701, 6.1482758], [1.2311701, 6.148331], [1.2311333, 6.1483706], [1.2310942, 6.1483818], [1.2310311, 6.1483325]]]}}, {"type": "Feature", "properties": {"name": "Paroisse Saint Antoine de Padoue", "infra_class": "place_of_worship", "infra_group": "poi"}, "geometry": {"type": "Polygon", "coordinates": [[[1.2848596, 6.171472], [1.2846825, 6.1715001], [1.2846285, 6.171164], [1.2848056, 6.1711359], [1.2848596, 6.171472]]]}}, {"type": "Feature", "properties": {"name": "Bon Prix", "infra_class": "kiosk", "infra_group": "commerce"}, "geometry": {"type": "Polygon", "coordinates": [[[1.2774272, 6.1796341], [1.2774422, 6.1795942], [1.2774762, 6.1796068], [1.2774613, 6.1796467], [1.2774272, 6.1796341]]]}}, {"type": "Feature", "properties": {"name": "\u00c9cole Mati", "infra_class": "school", "infra_group": "education"}, "geometry": {"type": "Polygon", "coordinates": [[[1.2331222, 6.1522172], [1.2331045, 6.1519382], [1.2332024, 6.1519321], [1.2332201, 6.1522111], [1.2331222, 6.1522172]]]}}, {"type": "Feature", "properties": {"name": null, "infra_class": "pitch", "infra_group": "leisure"}, "geometry": {"type": "Polygon", "coordinates": [[[1.2392391, 6.2034571], [1.2391259, 6.2033735], [1.2392885, 6.2031562], [1.2394016, 6.2032398], [1.2392391, 6.2034571]]]}}, {"type": "Feature", "properties": {"name": "La Capitale Gita", "infra_class": "fast_food", "infra_group": "commerce"}, "geometry": {"type": "Polygon", "coordinates": [[[1.2117913, 6.1278039], [1.211801, 6.1277425], [1.2118378, 6.1277482], [1.2118281, 6.1278096], [1.2117913, 6.1278039]]]}}, {"type": "Feature", "properties": {"name": "Depot de Brasserie", "infra_class": "beverages", "infra_group": "commerce"}, "geometry": {"type": "Polygon", "coordinates": [[[1.2641331, 6.1531529], [1.2641682, 6.1530372], [1.2643037, 6.1530782], [1.2642686, 6.153194], [1.2641331, 6.1531529]]]}}, {"type": "Feature", "properties": {"name": "GALERIE Commerce General", "infra_class": "furniture", "infra_group": "commerce"}, "geometry": {"type": "Polygon", "coordinates": [[[1.2642979, 6.1526547], [1.2642739, 6.1525151], [1.2643918, 6.1525009], [1.2644092, 6.1526602], [1.2643852, 6.1526864], [1.2642979, 6.1526547]]]}}, {"type": "Feature", "properties": {"name": "MRS", "infra_class": "fuel", "infra_group": "utility"}, "geometry": {"type": "Polygon", "coordinates": [[[1.2479033, 6.1665805], [1.2479594, 6.1665318], [1.2479487, 6.1665172], [1.2480252, 6.1664602], [1.2480628, 6.1665101], [1.2480841, 6.1664953], [1.2480921, 6.1664846], [1.2480961, 6.1664718], [1.2480968, 6.1664567], [1.2480937, 6.1664405], [1.2480761, 6.1664092], [1.2480688, 6.1663854], [1.2480657, 6.166361], [1.2480645, 6.1663117], [1.2481672, 6.1664254], [1.2483083, 6.1665976], [1.248313, 6.1666155], [1.2483156, 6.1666289], [1.2483175, 6.1666419], [1.2483167, 6.1666581], [1.248313, 6.1666726], [1.2483048, 6.1666889], [1.2482803, 6.1667167], [1.2480614, 6.1668884], [1.2479411, 6.1669992], [1.2480123, 6.1667932], [1.248016, 6.1667774], [1.2480193, 6.1667607], [1.2480201, 6.1667435], [1.2480195, 6.1667333], [1.2480155, 6.1667216], [1.2480023, 6.166698], [1.2479854, 6.166676], [1.2479033, 6.1665805]]]}}, {"type": "Feature", "properties": {"name": "Parking Hotel Napoleon Lagune", "infra_class": "parking", "infra_group": "poi"}, "geometry": {"type": "Polygon", "coordinates": [[[1.2483105, 6.1519807], [1.248332, 6.151914], [1.2485784, 6.1519815], [1.2485265, 6.1520979], [1.2483387, 6.1520433], [1.2483548, 6.1519913], [1.2483105, 6.1519807]]]}}, {"type": "Feature", "properties": {"name": "Piscine Napoleon Lagune", "infra_class": "swimming_pool", "infra_group": "leisure"}, "geometry": {"type": "Polygon", "coordinates": [[[1.2487616, 6.1521006], [1.2487748, 6.1520756], [1.248831, 6.1520958], [1.2488353, 6.1520875], [1.2488559, 6.1520925], [1.2488401, 6.1521299], [1.2487616, 6.1521006]]]}}, {"type": "Feature", "properties": {"name": "napoleon Lagune", "infra_class": "garden", "infra_group": "leisure"}, "geometry": {"type": "Polygon", "coordinates": [[[1.2489062, 6.152081], [1.2488747, 6.1521637], [1.2487569, 6.1521279], [1.2487614, 6.1521057], [1.2488425, 6.152135], [1.24886, 6.1520877], [1.2488305, 6.1520817], [1.2488264, 6.1520877], [1.2487741, 6.1520717], [1.248748, 6.1521249], [1.2486844, 6.1521033], [1.2487145, 6.1520268], [1.2489062, 6.152081]]]}}, {"type": "Feature", "properties": {"name": "restaurant terrasse hotel aurore", "infra_class": "restaurant", "infra_group": "commerce"}, "geometry": {"type": "Polygon", "coordinates": [[[1.2496343, 6.1332011], [1.2496444, 6.1331651], [1.2497397, 6.1331904], [1.2497275, 6.1332278], [1.2496343, 6.1332011]]]}}, {"type": "Feature", "properties": {"name": null, "infra_class": "pitch", "infra_group": "leisure"}, "geometry": {"type": "Polygon", "coordinates": [[[1.1636323, 6.1929185], [1.1628564, 6.1935134], [1.1627241, 6.1935456], [1.1625886, 6.193532], [1.1624654, 6.1934744], [1.1623686, 6.1933792], [1.1623092, 6.1932573], [1.1622941, 6.1931227], [1.162325, 6.1929909], [1.1631342, 6.1923323], [1.1632877, 6.1923346], [1.1634316, 6.1923879], [1.1635491, 6.192486], [1.1636268, 6.1926177], [1.1636557, 6.1927676], [1.1636323, 6.1929185]]]}}, {"type": "Feature", "properties": {"name": null, "infra_class": "pitch", "infra_group": "leisure"}, "geometry": {"type": "Polygon", "coordinates": [[[1.1649432, 6.191941], [1.1641438, 6.1924878], [1.1640122, 6.192491], [1.1638863, 6.1924528], [1.1637789, 6.1923771], [1.1637009, 6.1922717], [1.1636604, 6.1921471], [1.1636614, 6.1920163], [1.1637038, 6.1918924], [1.1644543, 6.1913528], [1.1645773, 6.1913264], [1.1647024, 6.1913388], [1.1648177, 6.1913888], [1.164912, 6.1914717], [1.1649761, 6.1915793], [1.1650038, 6.1917013], [1.1649925, 6.1918259], [1.1649432, 6.191941]]]}}, {"type": "Feature", "properties": {"name": "Infirmerie", "infra_class": "dispensary", "infra_group": "poi"}, "geometry": {"type": "Polygon", "coordinates": [[[1.1629384, 6.1913469], [1.163056, 6.1914156], [1.1630063, 6.1914997], [1.1628888, 6.191431], [1.1629384, 6.1913469]]]}}, {"type": "Feature", "properties": {"name": null, "infra_class": "parking", "infra_group": "poi"}, "geometry": {"type": "Polygon", "coordinates": [[[1.2669938, 6.1483705], [1.2669884, 6.1483001], [1.2672328, 6.1482816], [1.2672382, 6.148352], [1.2669938, 6.1483705]]]}}, {"type": "Feature", "properties": {"name": "Paroisse Immacul\u00e9e Connection de Ny\u00e9konakpo\u00e9", "infra_class": "place_of_worship", "infra_group": "poi"}, "geometry": {"type": "Polygon", "coordinates": [[[1.2070884, 6.1304152], [1.2070424, 6.1312143], [1.2063843, 6.1309913], [1.2064023, 6.1309161], [1.2064235, 6.1308328], [1.2065347, 6.1302959], [1.2070884, 6.1304152]]]}}, {"type": "Feature", "properties": {"name": "\u00cbcole primaire catholique Immacul\u00e9e Conception", "infra_class": "school", "infra_group": "education"}, "geometry": {"type": "Polygon", "coordinates": [[[1.2057343, 6.1307636], [1.2059044, 6.13017], [1.2061846, 6.1302483], [1.2061918, 6.1302192], [1.206533, 6.1302955], [1.2064223, 6.130832], [1.2064013, 6.1309162], [1.2063819, 6.1309909], [1.2057343, 6.1307636]]]}}, {"type": "Feature", "properties": {"name": "March\u00e9 de B\u00e8", "infra_class": "marketplace", "infra_group": "commerce"}, "geometry": {"type": "Polygon", "coordinates": [[[1.2434014, 6.1429928], [1.2440063, 6.1421985], [1.2445646, 6.1425876], [1.2439315, 6.14338], [1.2434014, 6.1429928]]]}}, {"type": "Feature", "properties": {"name": "Espace VIP", "infra_class": "restaurant", "infra_group": "commerce"}, "geometry": {"type": "Polygon", "coordinates": [[[1.1918648, 6.2220037], [1.1917449, 6.2220026], [1.1917216, 6.2219555], [1.191864, 6.2219559], [1.1918648, 6.2220037]]]}}, {"type": "Feature", "properties": {"name": "Mama Fufu", "infra_class": "restaurant", "infra_group": "commerce"}, "geometry": {"type": "Polygon", "coordinates": [[[1.1990206, 6.2541723], [1.1991429, 6.2541441], [1.1991615, 6.2542238], [1.1990392, 6.254252], [1.1990206, 6.2541723]]]}}, {"type": "Feature", "properties": {"name": "H\u00f4pital de B\u00e8", "infra_class": "hospital", "infra_group": "health"}, "geometry": {"type": "Polygon", "coordinates": [[[1.2464786, 6.1411119], [1.2461091, 6.1408114], [1.246415, 6.1404398], [1.2466022, 6.140592], [1.2465038, 6.1407115], [1.2466861, 6.1408598], [1.2464786, 6.1411119]]]}}, {"type": "Feature", "properties": {"name": "Bar_dromadaire", "infra_class": "restaurant", "infra_group": "commerce"}, "geometry": {"type": "Polygon", "coordinates": [[[1.1856885, 6.2155496], [1.1857621, 6.2156186], [1.1857209, 6.2156621], [1.1856473, 6.2155932], [1.1856885, 6.2155496]]]}}, {"type": "Feature", "properties": {"name": null, "infra_class": "pitch", "infra_group": "leisure"}, "geometry": {"type": "Polygon", "coordinates": [[[1.2012095, 6.2391322], [1.2016063, 6.2389664], [1.2017078, 6.2392066], [1.201311, 6.2393723], [1.2012095, 6.2391322]]]}}, {"type": "Feature", "properties": {"name": "Samouray Stadium", "infra_class": "pitch", "infra_group": "leisure"}, "geometry": {"type": "Polygon", "coordinates": [[[1.1946409, 6.2460606], [1.1944992, 6.2457859], [1.19439, 6.2455318], [1.1942609, 6.2452791], [1.1947786, 6.2449724], [1.1951997, 6.245791], [1.1946409, 6.2460606]]]}}, {"type": "Feature", "properties": {"name": null, "infra_class": "pitch", "infra_group": "leisure"}, "geometry": {"type": "Polygon", "coordinates": [[[1.1877696, 6.2435822], [1.1878351, 6.2435367], [1.1879298, 6.2436712], [1.1878643, 6.2437167], [1.1877696, 6.2435822]]]}}, {"type": "Feature", "properties": {"name": null, "infra_class": "pitch", "infra_group": "leisure"}, "geometry": {"type": "Polygon", "coordinates": [[[1.1854695, 6.2440029], [1.1860192, 6.2435866], [1.1860543, 6.2435872], [1.1863059, 6.2438985], [1.1857749, 6.2442919], [1.1856736, 6.2442953], [1.1854695, 6.2440029]]]}}, {"type": "Feature", "properties": {"name": "Centre de Loisir Loyola", "infra_class": "sports_centre", "infra_group": "leisure"}, "geometry": {"type": "Polygon", "coordinates": [[[1.1850579, 6.2443129], [1.1860186, 6.2435845], [1.1860552, 6.2435848], [1.1865603, 6.2442098], [1.1866165, 6.2442763], [1.1865908, 6.2442979], [1.1861992, 6.2442895], [1.1850782, 6.2443389], [1.1850579, 6.2443129]]]}}, {"type": "Feature", "properties": {"name": "Terrain CEG Kossigan", "infra_class": "pitch", "infra_group": "leisure"}, "geometry": {"type": "Polygon", "coordinates": [[[1.1812965, 6.2343076], [1.1816072, 6.23402], [1.182207, 6.2346603], [1.1818963, 6.2349479], [1.1812965, 6.2343076]]]}}, {"type": "Feature", "properties": {"name": "Centre de m\u00e9ditation du,Raja Yota", "infra_class": "place_of_worship", "infra_group": "poi"}, "geometry": {"type": "Polygon", "coordinates": [[[1.2418067, 6.148014], [1.2418623, 6.1477498], [1.242446, 6.1479024], [1.2425299, 6.1479227], [1.2427518, 6.1479816], [1.2428235, 6.1480066], [1.2428548, 6.1480419], [1.2428702, 6.1480899], [1.242867, 6.148139], [1.2428331, 6.1482838], [1.2418067, 6.148014]]]}}, {"type": "Feature", "properties": {"name": "CEG Tokoin Nord", "infra_class": "school", "infra_group": "education"}, "geometry": {"type": "Polygon", "coordinates": [[[1.2204012, 6.1607636], [1.2209234, 6.1608494], [1.2207708, 6.1619303], [1.2202383, 6.1618502], [1.2204012, 6.1607636]]]}}, {"type": "Feature", "properties": {"name": "Terrain de Sport d'Ad\u00e9wui", "infra_class": "pitch", "infra_group": "leisure"}, "geometry": {"type": "Polygon", "coordinates": [[[1.2122791, 6.1607358], [1.2123822, 6.1603545], [1.2129847, 6.1605155], [1.2128816, 6.1608968], [1.2122791, 6.1607358]]]}}, {"type": "Feature", "properties": {"name": "Goethe-Institut", "infra_class": "arts_centre", "infra_group": "poi"}, "geometry": {"type": "Polygon", "coordinates": [[[1.2256106, 6.1280773], [1.2255784, 6.1282213], [1.2254276, 6.128188], [1.2254598, 6.128044], [1.2256106, 6.1280773]]]}}, {"type": "Feature", "properties": {"name": "Superette de la Station Service Total de Totsi", "infra_class": "supermarket", "infra_group": "commerce"}, "geometry": {"type": "Polygon", "coordinates": [[[1.1892089, 6.1957323], [1.1892688, 6.1955746], [1.1893181, 6.1955932], [1.1893315, 6.1955578], [1.1893937, 6.1955811], [1.1893817, 6.1956128], [1.1893536, 6.1956022], [1.1893152, 6.1957035], [1.189331, 6.1957094], [1.1893082, 6.1957695], [1.1892802, 6.195759], [1.1892089, 6.1957323]]]}}, {"type": "Feature", "properties": {"name": "Parking de la LONATO", "infra_class": "parking", "infra_group": "poi"}, "geometry": {"type": "Polygon", "coordinates": [[[1.2079507, 6.1869258], [1.2077062, 6.1866418], [1.2077694, 6.1866228], [1.2079875, 6.1868951], [1.2079507, 6.1869258]]]}}, {"type": "Feature", "properties": {"name": "Parking de la LONATO", "infra_class": "parking", "infra_group": "poi"}, "geometry": {"type": "Polygon", "coordinates": [[[1.2080242, 6.1869981], [1.2080712, 6.1869572], [1.2082878, 6.1871324], [1.2084581, 6.1872616], [1.2084089, 6.1873324], [1.208221, 6.1871755], [1.2080242, 6.1869981]]]}}, {"type": "Feature", "properties": {"name": null, "infra_class": "motorcycle_parking", "infra_group": "poi"}, "geometry": {"type": "Polygon", "coordinates": [[[1.2161143, 6.1678492], [1.2161731, 6.1679665], [1.2161286, 6.167997], [1.2160647, 6.1678745], [1.2161143, 6.1678492]]]}}, {"type": "Feature", "properties": {"name": "Cimeti\u00e8re Agbalop\u00e9do", "infra_class": "grave_yard", "infra_group": "poi"}, "geometry": {"type": "Polygon", "coordinates": [[[1.2037807, 6.1848896], [1.2031787, 6.1850026], [1.2032184, 6.184358], [1.2036874, 6.1843953], [1.2037807, 6.1848896]]]}}, {"type": "Feature", "properties": {"name": "Paroisse Marie M\u00e8re du R\u00e9dempteur d'Adidogom\u00e9", "infra_class": "place_of_worship", "infra_group": "poi"}, "geometry": {"type": "Polygon", "coordinates": [[[1.1680527, 6.1828596], [1.1679964, 6.1827782], [1.1679763, 6.182797], [1.1679113, 6.1826929], [1.1678224, 6.1826483], [1.1678761, 6.1825523], [1.1679465, 6.1825723], [1.1679827, 6.1825636], [1.1680162, 6.1825916], [1.1680373, 6.1825682], [1.1681468, 6.1826372], [1.1681276, 6.1826552], [1.1682103, 6.1827056], [1.1682036, 6.1827709], [1.168103, 6.1828682], [1.1680527, 6.1828596]]]}}, {"type": "Feature", "properties": {"name": "Allo Mamazi", "infra_class": "kiosk", "infra_group": "commerce"}, "geometry": {"type": "Polygon", "coordinates": [[[1.2054573, 6.1832103], [1.2054648, 6.1831675], [1.2054956, 6.1831729], [1.2054882, 6.1832156], [1.2054573, 6.1832103]]]}}, {"type": "Feature", "properties": {"name": "EGLISE CATHOLIQUE STE THERESE DE L'ENANT JESUS ET DE LA STE FACE DE KEGUE", "infra_class": "place_of_worship", "infra_group": "poi"}, "geometry": {"type": "Polygon", "coordinates": [[[1.2401281, 6.2126108], [1.2401236, 6.2117195], [1.2412887, 6.2117137], [1.2412895, 6.2118699], [1.2412932, 6.212605], [1.2401281, 6.2126108]]]}}, {"type": "Feature", "properties": {"name": "PHARMACIE KEGUE", "infra_class": "hospital", "infra_group": "health"}, "geometry": {"type": "Polygon", "coordinates": [[[1.2413852, 6.2094594], [1.2413764, 6.2092908], [1.2415273, 6.2092829], [1.2415361, 6.2094515], [1.2413852, 6.2094594]]]}}, {"type": "Feature", "properties": {"name": "Minist\u00e8re International de Pri\u00e8re du Changement", "infra_class": "place_of_worship", "infra_group": "poi"}, "geometry": {"type": "Polygon", "coordinates": [[[1.2156057, 6.2259292], [1.215662, 6.2257625], [1.2159346, 6.2258536], [1.2158783, 6.2260202], [1.2156057, 6.2259292]]]}}, {"type": "Feature", "properties": {"name": "Eglise LA PORTE CHRETIENNE DU TOGO", "infra_class": "place_of_worship", "infra_group": "poi"}, "geometry": {"type": "Polygon", "coordinates": [[[1.2153912, 6.2194762], [1.2153024, 6.2194214], [1.2153121, 6.2193937], [1.2152223, 6.219358], [1.2152643, 6.2192651], [1.2154529, 6.2193584], [1.2153912, 6.2194762]]]}}, {"type": "Feature", "properties": {"name": "lavage auto", "infra_class": "car_wash", "infra_group": "poi"}, "geometry": {"type": "Polygon", "coordinates": [[[1.1921316, 6.2225552], [1.192028, 6.2226065], [1.1919308, 6.2224358], [1.1920739, 6.2224078], [1.1921316, 6.2225552]]]}}, {"type": "Feature", "properties": {"name": "Complexe Scolaire La Volont\u00e9", "infra_class": "school", "infra_group": "education"}, "geometry": {"type": "Polygon", "coordinates": [[[1.178823, 6.2095849], [1.1789811, 6.2094552], [1.1790173, 6.2094988], [1.1790647, 6.2094599], [1.1791906, 6.2096115], [1.1791742, 6.209625], [1.1791809, 6.2096331], [1.1791185, 6.2096843], [1.1790653, 6.209728], [1.1789918, 6.2097883], [1.1789433, 6.2097298], [1.1788816, 6.2096554], [1.178823, 6.2095849]]]}}, {"type": "Feature", "properties": {"name": "Parking de la CNSS", "infra_class": "parking", "infra_group": "poi"}, "geometry": {"type": "Polygon", "coordinates": [[[1.2097704, 6.1881378], [1.2098165, 6.1880452], [1.2106555, 6.1884586], [1.2106093, 6.1885512], [1.2097704, 6.1881378]]]}}, {"type": "Feature", "properties": {"name": "Espace restauration", "infra_class": "restaurant", "infra_group": "commerce"}, "geometry": {"type": "Polygon", "coordinates": [[[1.211021, 6.1880611], [1.2108967, 6.1883793], [1.2098708, 6.1878941], [1.2099448, 6.1877299], [1.2099567, 6.1876623], [1.211021, 6.1880611]]]}}, {"type": "Feature", "properties": {"name": null, "infra_class": "parking", "infra_group": "poi"}, "geometry": {"type": "Polygon", "coordinates": [[[1.2178389, 6.1698737], [1.217873, 6.1698236], [1.2181641, 6.1700196], [1.2181299, 6.1700697], [1.2178389, 6.1698737]]]}}, {"type": "Feature", "properties": {"name": "Coll\u00e8ge d'Enseignement G\u00e9n\u00e9ral Adidogom\u00e9", "infra_class": "school", "infra_group": "education"}, "geometry": {"type": "Polygon", "coordinates": [[[1.1553823, 6.192923], [1.1556572, 6.1925362], [1.1567768, 6.190894], [1.1580821, 6.1922788], [1.1564929, 6.1936295], [1.1553823, 6.192923]]]}}, {"type": "Feature", "properties": {"name": "Le Cocotier", "infra_class": "school", "infra_group": "education"}, "geometry": {"type": "Polygon", "coordinates": [[[1.1597184, 6.1908911], [1.1596401, 6.1908132], [1.1594538, 6.1906281], [1.1595311, 6.1905537], [1.1595947, 6.1904926], [1.1598544, 6.1907654], [1.1597184, 6.1908911]]]}}, {"type": "Feature", "properties": {"name": "\u00c9glise \u00c9vang\u00e9lique des Coh\u00e9ritier du Christ du Togo", "infra_class": "place_of_worship", "infra_group": "poi"}, "geometry": {"type": "Polygon", "coordinates": [[[1.1668457, 6.1764596], [1.1669092, 6.1763721], [1.1670242, 6.1764544], [1.1669607, 6.176542], [1.1668457, 6.1764596]]]}}, {"type": "Feature", "properties": {"name": null, "infra_class": "parking", "infra_group": "poi"}, "geometry": {"type": "Polygon", "coordinates": [[[1.2293768, 6.1514751], [1.2293487, 6.1513464], [1.2293882, 6.1513379], [1.2293805, 6.1513026], [1.229421, 6.1512939], [1.2294131, 6.1512576], [1.229453, 6.151249], [1.2294457, 6.1512159], [1.229485, 6.1512074], [1.2294777, 6.1511737], [1.2295152, 6.1511656], [1.2295076, 6.151131], [1.2295409, 6.1511238], [1.2295342, 6.1510933], [1.2295709, 6.1510854], [1.2295641, 6.1510544], [1.2296203, 6.1510423], [1.2296466, 6.1511626], [1.2296071, 6.1511711], [1.2296148, 6.1512065], [1.2295726, 6.1512156], [1.2295803, 6.1512504], [1.2295405, 6.151259], [1.2295473, 6.1512902], [1.2295118, 6.1512979], [1.2295198, 6.1513342], [1.2294734, 6.1513442], [1.2294804, 6.1513763], [1.229442, 6.1513846], [1.2294486, 6.1514147], [1.2294196, 6.151421], [1.229429, 6.1514638], [1.2293768, 6.1514751]]]}}, {"type": "Feature", "properties": {"name": "CanalOlympia Mid\u00e9", "infra_class": "cinema", "infra_group": "poi"}, "geometry": {"type": "Polygon", "coordinates": [[[1.1974782, 6.2055524], [1.1975505, 6.2052177], [1.1977087, 6.2052514], [1.1976365, 6.2055862], [1.1974782, 6.2055524]]]}}, {"type": "Feature", "properties": {"name": null, "infra_class": "parking", "infra_group": "poi"}, "geometry": {"type": "Polygon", "coordinates": [[[1.2548438, 6.1454392], [1.2548641, 6.1453797], [1.2549114, 6.1453956], [1.2548911, 6.1454551], [1.2548438, 6.1454392]]]}}, {"type": "Feature", "properties": {"name": "Requin", "infra_class": "pitch", "infra_group": "leisure"}, "geometry": {"type": "Polygon", "coordinates": [[[1.258252, 6.1420527], [1.2583921, 6.1416816], [1.258639, 6.1417737], [1.258499, 6.1421448], [1.258252, 6.1420527]]]}}, {"type": "Feature", "properties": {"name": "March\u00e9 d'Awatam\u00e9", "infra_class": "marketplace", "infra_group": "commerce"}, "geometry": {"type": "Polygon", "coordinates": [[[1.1694995, 6.1783436], [1.1695008, 6.1786489], [1.1692205, 6.1786676], [1.1689898, 6.1786463], [1.1688074, 6.1786383], [1.1688128, 6.1785076], [1.1688437, 6.1782516], [1.1688785, 6.1779916], [1.1690623, 6.1779916], [1.1690716, 6.1783636], [1.1694995, 6.1783436]]]}}, {"type": "Feature", "properties": {"name": null, "infra_class": "pitch", "infra_group": "leisure"}, "geometry": {"type": "Polygon", "coordinates": [[[1.1582381, 6.207929], [1.1581602, 6.2075747], [1.1583342, 6.207537], [1.158412, 6.2078913], [1.1582381, 6.207929]]]}}, {"type": "Feature", "properties": {"name": null, "infra_class": "pitch", "infra_group": "leisure"}, "geometry": {"type": "Polygon", "coordinates": [[[1.1577737, 6.2078626], [1.1577403, 6.2076655], [1.1578553, 6.2076462], [1.1578887, 6.2078433], [1.1577737, 6.2078626]]]}}, {"type": "Feature", "properties": {"name": "H\u00f4tel Fridaous", "infra_class": "hotel", "infra_group": "leisure"}, "geometry": {"type": "Polygon", "coordinates": [[[1.2076976, 6.1960127], [1.2076291, 6.1960546], [1.2075448, 6.1959186], [1.2076134, 6.1958767], [1.2076976, 6.1960127]]]}}, {"type": "Feature", "properties": {"name": null, "infra_class": "pitch", "infra_group": "leisure"}, "geometry": {"type": "Polygon", "coordinates": [[[1.1580058, 6.2078734], [1.1579512, 6.2076156], [1.1580798, 6.2075887], [1.1581344, 6.2078465], [1.1580058, 6.2078734]]]}}, {"type": "Feature", "properties": {"name": "Cabinet de Cardiologie", "infra_class": "doctors", "infra_group": "health"}, "geometry": {"type": "Polygon", "coordinates": [[[1.176335, 6.1877002], [1.1764584, 6.1876027], [1.1766214, 6.1878401], [1.1764992, 6.1878967], [1.176335, 6.1877002]]]}}, {"type": "Feature", "properties": {"name": "\u00c9glise Baptiste Le Sauveur", "infra_class": "place_of_worship", "infra_group": "poi"}, "geometry": {"type": "Polygon", "coordinates": [[[1.1634755, 6.2113429], [1.1633583, 6.2112039], [1.1635481, 6.2110459], [1.1636652, 6.211185], [1.1634755, 6.2113429]]]}}, {"type": "Feature", "properties": {"name": "Serre", "infra_class": "shelter", "infra_group": "poi"}, "geometry": {"type": "Polygon", "coordinates": [[[1.2033082, 6.2077797], [1.203241, 6.2076956], [1.2032864, 6.2076597], [1.2033536, 6.2077439], [1.2033082, 6.2077797]]]}}, {"type": "Feature", "properties": {"name": "Prieur\u00e9 des Soeurs Apostoliques de Saint Jean", "infra_class": "place_of_worship", "infra_group": "poi"}, "geometry": {"type": "Polygon", "coordinates": [[[1.2308473, 6.1485918], [1.2308406, 6.1481465], [1.2311356, 6.1481358], [1.2312295, 6.1483678], [1.231314, 6.1483651], [1.2313341, 6.1485651], [1.2308473, 6.1485918]]]}}, {"type": "Feature", "properties": {"name": "Marthe et Fille", "infra_class": "yes", "infra_group": "commerce"}, "geometry": {"type": "Polygon", "coordinates": [[[1.2144178, 6.2201293], [1.2145903, 6.2201915], [1.2145284, 6.2203224], [1.2143655, 6.2202371], [1.2144178, 6.2201293]]]}}, {"type": "Feature", "properties": {"name": "Gare routi\u00e8re de BIA", "infra_class": "bus_station", "infra_group": "poi"}, "geometry": {"type": "Polygon", "coordinates": [[[1.2246502, 6.1241305], [1.2247501, 6.1238422], [1.2247803, 6.1238526], [1.2246803, 6.1241409], [1.2246502, 6.1241305]]]}}, {"type": "Feature", "properties": {"name": "Aire de restauration", "infra_class": "food_court", "infra_group": "poi"}, "geometry": {"type": "Polygon", "coordinates": [[[1.1610076, 6.1911486], [1.1608011, 6.1909353], [1.160789, 6.1908153], [1.1612409, 6.1904126], [1.1615092, 6.190714], [1.1610076, 6.1911486]]]}}, {"type": "Feature", "properties": {"name": null, "infra_class": "pitch", "infra_group": "leisure"}, "geometry": {"type": "Polygon", "coordinates": [[[1.2055389, 6.2545591], [1.2057907, 6.2544677], [1.205836, 6.2545911], [1.2055842, 6.2546824], [1.2055389, 6.2545591]]]}}, {"type": "Feature", "properties": {"name": "Djeton pas 2", "infra_class": "nightclub", "infra_group": "poi"}, "geometry": {"type": "Polygon", "coordinates": [[[1.1948335, 6.2257332], [1.1948603, 6.2255612], [1.1951178, 6.2255786], [1.1951339, 6.2256039], [1.1951071, 6.2257679], [1.1948335, 6.2257332]]]}}, {"type": "Feature", "properties": {"name": "BCEAO LOME", "infra_class": "bank", "infra_group": "commerce"}, "geometry": {"type": "Polygon", "coordinates": [[[1.2124744, 6.1274441], [1.2124381, 6.1274359], [1.2124024, 6.1273759], [1.212413, 6.1273339], [1.212442, 6.1273378], [1.2124552, 6.1272794], [1.2124321, 6.1272709], [1.2124433, 6.1272283], [1.2124961, 6.1271935], [1.2125437, 6.127202], [1.2125357, 6.1272302], [1.2125925, 6.1272473], [1.2126031, 6.1272217], [1.2126453, 6.1272329], [1.2126822, 6.127284], [1.2126651, 6.1273372], [1.2126374, 6.1273293], [1.2126202, 6.127391], [1.2126473, 6.1273969], [1.2126334, 6.1274448], [1.2125767, 6.1274724], [1.2125364, 6.1274625], [1.2125443, 6.1274336], [1.2124836, 6.1274179], [1.2124744, 6.1274441]]]}}, {"type": "Feature", "properties": {"name": "Universit\u00e9 des Sciences et Technologies du Togo", "infra_class": "college", "infra_group": "education"}, "geometry": {"type": "Polygon", "coordinates": [[[1.1729012, 6.1812115], [1.172871, 6.1811389], [1.17304, 6.1810556], [1.1731191, 6.1812149], [1.1730607, 6.1812422], [1.1730082, 6.1812652], [1.1729554, 6.1812882], [1.1729313, 6.1812795], [1.1729012, 6.1812115]]]}}, {"type": "Feature", "properties": {"name": null, "infra_class": "parking", "infra_group": "poi"}, "geometry": {"type": "Polygon", "coordinates": [[[1.2225351, 6.1362533], [1.2225129, 6.1362417], [1.2225456, 6.1361233], [1.2225748, 6.1361349], [1.2225351, 6.1362533]]]}}, {"type": "Feature", "properties": {"name": null, "infra_class": "parking", "infra_group": "poi"}, "geometry": {"type": "Polygon", "coordinates": [[[1.2224101, 6.1362673], [1.222472, 6.1360409], [1.2225187, 6.1360502], [1.2224592, 6.1362823], [1.2224101, 6.1362673]]]}}, {"type": "Feature", "properties": {"name": "Zion To", "infra_class": "place_of_worship", "infra_group": "poi"}, "geometry": {"type": "Polygon", "coordinates": [[[1.1639506, 6.1778085], [1.1639085, 6.1777744], [1.1638824, 6.177754], [1.1638544, 6.1777298], [1.1639093, 6.1776531], [1.1639757, 6.1775611], [1.1640389, 6.1776052], [1.1640762, 6.1776297], [1.1639772, 6.1777699], [1.1639506, 6.1778085]]]}}, {"type": "Feature", "properties": {"name": "Star Way", "infra_class": "bar", "infra_group": "poi"}, "geometry": {"type": "Polygon", "coordinates": [[[1.1974293, 6.2254469], [1.197672, 6.2254615], [1.1976586, 6.2255582], [1.1974219, 6.2255382], [1.1974293, 6.2254469]]]}}, {"type": "Feature", "properties": {"name": "Coopec-fi", "infra_class": "bank", "infra_group": "commerce"}, "geometry": {"type": "Polygon", "coordinates": [[[1.1975325, 6.2257863], [1.1976366, 6.2257907], [1.1976315, 6.2259087], [1.1975274, 6.2259043], [1.1975325, 6.2257863]]]}}, {"type": "Feature", "properties": {"name": "Ecole la Source", "infra_class": "school", "infra_group": "education"}, "geometry": {"type": "Polygon", "coordinates": [[[1.1974427, 6.2248276], [1.1974937, 6.2242756], [1.1977619, 6.2242943], [1.1977538, 6.2244183], [1.1976586, 6.224413], [1.1976613, 6.224369], [1.1975674, 6.2243636], [1.1975513, 6.2247209], [1.1976519, 6.2247303], [1.197668, 6.224481], [1.1977512, 6.2244903], [1.197719, 6.2248556], [1.1974427, 6.2248276]]]}}, {"type": "Feature", "properties": {"name": "\u00c9cole primaire publique Wuiti Atsati", "infra_class": "school", "infra_group": "education"}, "geometry": {"type": "Polygon", "coordinates": [[[1.2358343, 6.1683172], [1.2358283, 6.1677863], [1.2366339, 6.1679322], [1.236675, 6.1679471], [1.2366452, 6.1685254], [1.2358343, 6.1683172]]]}}, {"type": "Feature", "properties": {"name": "Buvette Fourchette des enduristes", "infra_class": "bar", "infra_group": "poi"}, "geometry": {"type": "Polygon", "coordinates": [[[1.2790861, 6.2488575], [1.2790933, 6.2488242], [1.2791678, 6.2488402], [1.2791606, 6.2488735], [1.2790861, 6.2488575]]]}}, {"type": "Feature", "properties": {"name": "Assigam\u00e9", "infra_class": "marketplace", "infra_group": "commerce"}, "geometry": {"type": "Polygon", "coordinates": [[[1.2223792, 6.124663], [1.2221784, 6.1258795], [1.2221048, 6.1262147], [1.221887, 6.1269932], [1.2206981, 6.1266291], [1.2214632, 6.1244349], [1.2215692, 6.1244043], [1.2223792, 6.124663]]]}}, {"type": "Feature", "properties": {"name": "Ecole Primaire Public de B\u00e8 Kpota", "infra_class": "school", "infra_group": "education"}, "geometry": {"type": "Polygon", "coordinates": [[[1.2556307, 6.158596], [1.2555642, 6.1581705], [1.2558625, 6.1582321], [1.2558572, 6.1582887], [1.2558592, 6.1583668], [1.2558314, 6.1583673], [1.255834, 6.15847], [1.2558798, 6.1584689], [1.2558908, 6.1586257], [1.2556307, 6.158596]]]}}, {"type": "Feature", "properties": {"name": "Filebleu-AREMA", "infra_class": "arts_centre", "infra_group": "poi"}, "geometry": {"type": "Polygon", "coordinates": [[[1.1923593, 6.1708277], [1.1923958, 6.1708212], [1.1924092, 6.1708966], [1.1923727, 6.170903], [1.1923593, 6.1708277]]]}}, {"type": "Feature", "properties": {"name": "Ets Soir au Village", "infra_class": "arts_centre", "infra_group": "poi"}, "geometry": {"type": "Polygon", "coordinates": [[[1.1977673, 6.1698717], [1.1977914, 6.169872], [1.19779, 6.169972], [1.1977659, 6.1699717], [1.1977673, 6.1698717]]]}}, {"type": "Feature", "properties": {"name": "Institut Africain d\u2019Administration et d\u2019Etudes Technologiques", "infra_class": "university", "infra_group": "education"}, "geometry": {"type": "Polygon", "coordinates": [[[1.2143273, 6.164727], [1.2144386, 6.164329], [1.2147041, 6.164399], [1.2149012, 6.164443], [1.2149295, 6.164487], [1.2148449, 6.1648644], [1.2148463, 6.164897], [1.2145918, 6.1648108], [1.2144006, 6.164744], [1.2143273, 6.164727]]]}}, {"type": "Feature", "properties": {"name": "DEFITECH II CAMPUS AWOUDJA", "infra_class": "university", "infra_group": "education"}, "geometry": {"type": "Polygon", "coordinates": [[[1.2515155, 6.1915589], [1.2513124, 6.1909533], [1.25197, 6.1907354], [1.2521731, 6.191341], [1.2515155, 6.1915589]]]}}, {"type": "Feature", "properties": {"name": null, "infra_class": "pitch", "infra_group": "leisure"}, "geometry": {"type": "Polygon", "coordinates": [[[1.2252384, 6.15199], [1.226027, 6.1514513], [1.2263161, 6.1518696], [1.2255275, 6.1524082], [1.2252384, 6.15199]]]}}, {"type": "Feature", "properties": {"name": "centre de formation et de perfectionnement proffessionel des routiers", "infra_class": "university", "infra_group": "education"}, "geometry": {"type": "Polygon", "coordinates": [[[1.2291131, 6.1389195], [1.2290848, 6.1387652], [1.2294191, 6.1387048], [1.2294474, 6.1388591], [1.2291131, 6.1389195]]]}}, {"type": "Feature", "properties": {"name": "Institut Confucius", "infra_class": "university", "infra_group": "education"}, "geometry": {"type": "Polygon", "coordinates": [[[1.2123868, 6.1705407], [1.2118599, 6.1700741], [1.2123021, 6.1695805], [1.2124329, 6.1696963], [1.2126579, 6.1694452], [1.2125319, 6.1693336], [1.2127676, 6.1690705], [1.2132897, 6.1695328], [1.2123868, 6.1705407]]]}}, {"type": "Feature", "properties": {"name": "\u00c9cole Sup\u00e9rieure de Technologie Biologique et Alimentaire", "infra_class": "university", "infra_group": "education"}, "geometry": {"type": "Polygon", "coordinates": [[[1.2129442, 6.1778023], [1.2129423, 6.177537], [1.2131112, 6.1775339], [1.2131145, 6.1778005], [1.2129442, 6.1778023]]]}}, {"type": "Feature", "properties": {"name": "\u00c9cole des Assistants M\u00e9dicaux", "infra_class": "university", "infra_group": "education"}, "geometry": {"type": "Polygon", "coordinates": [[[1.2122717, 6.1773446], [1.2125138, 6.1772056], [1.2125885, 6.177334], [1.2123463, 6.1774731], [1.2122717, 6.1773446]]]}}, {"type": "Feature", "properties": {"name": "Ecole Sup\u00e9rieure des Ponts et Chauss\u00e9es", "infra_class": "university", "infra_group": "education"}, "geometry": {"type": "Polygon", "coordinates": [[[1.2432488, 6.1741197], [1.2429933, 6.1735997], [1.2432321, 6.1734917], [1.2434775, 6.173989], [1.2434721, 6.174007], [1.2432488, 6.1741197]]]}}, {"type": "Feature", "properties": {"name": "ISM Adona\u00ef", "infra_class": "university", "infra_group": "education"}, "geometry": {"type": "Polygon", "coordinates": [[[1.2320912, 6.1547915], [1.2320892, 6.1547478], [1.2321651, 6.1547443], [1.2321672, 6.154788], [1.2320912, 6.1547915]]]}}, {"type": "Feature", "properties": {"name": "CMS centre medico-social", "infra_class": "hospital", "infra_group": "health"}, "geometry": {"type": "Polygon", "coordinates": [[[1.1933292, 6.2421094], [1.1931481, 6.2418266], [1.1937685, 6.2414338], [1.1939497, 6.2417168], [1.1933292, 6.2421094]]]}}, {"type": "Feature", "properties": {"name": "h\u00f4pitale du CAMP FIR", "infra_class": "hospital", "infra_group": "health"}, "geometry": {"type": "Polygon", "coordinates": [[[1.1895295, 6.2465826], [1.189575, 6.2458282], [1.1901371, 6.2458617], [1.1900916, 6.246616], [1.1895295, 6.2465826]]]}}, {"type": "Feature", "properties": {"name": "CMS", "infra_class": "hospital", "infra_group": "health"}, "geometry": {"type": "Polygon", "coordinates": [[[1.1792415, 6.1988846], [1.1792709, 6.1989161], [1.1791486, 6.1990286], [1.1791193, 6.1989971], [1.1792415, 6.1988846]]]}}, {"type": "Feature", "properties": {"name": "Cabinet m\u00e9dical la gr\u00e2ce", "infra_class": "hospital", "infra_group": "health"}, "geometry": {"type": "Polygon", "coordinates": [[[1.260459, 6.1523027], [1.2605465, 6.1519749], [1.2607208, 6.1520209], [1.2606333, 6.1523487], [1.260459, 6.1523027]]]}}, {"type": "Feature", "properties": {"name": "CHU Campus", "infra_class": "hospital", "infra_group": "health"}, "geometry": {"type": "Polygon", "coordinates": [[[1.2127118, 6.1815762], [1.2126507, 6.1816398], [1.2122725, 6.1814062], [1.2118927, 6.1812165], [1.2121325, 6.1808338], [1.211895, 6.1806963], [1.211566, 6.180927], [1.2113871, 6.1808056], [1.2114837, 6.1805007], [1.2111728, 6.1803383], [1.2110564, 6.1780173], [1.2116328, 6.1775968], [1.2122543, 6.1778311], [1.2126922, 6.1780966], [1.213001, 6.1783921], [1.2132234, 6.1787294], [1.2132841, 6.1790459], [1.2133295, 6.1795802], [1.2131854, 6.180147], [1.2130559, 6.1803682], [1.2132496, 6.1808242], [1.2131511, 6.1811776], [1.2127118, 6.1815762]]]}}, {"type": "Feature", "properties": {"name": "Clinique de gastro ent\u00e9rologie", "infra_class": "hospital", "infra_group": "health"}, "geometry": {"type": "Polygon", "coordinates": [[[1.2080054, 6.1928526], [1.2079637, 6.1926687], [1.2082411, 6.1926066], [1.2082828, 6.1927904], [1.2080054, 6.1928526]]]}}, {"type": "Feature", "properties": {"name": "Clinique Bien-\u00catre", "infra_class": "hospital", "infra_group": "health"}, "geometry": {"type": "Polygon", "coordinates": [[[1.1619657, 6.1884518], [1.1619183, 6.1880155], [1.162478, 6.1879457], [1.1625628, 6.1883804], [1.1619657, 6.1884518]]]}}, {"type": "Feature", "properties": {"name": "CLINIQUE MERE ET ENFANT", "infra_class": "hospital", "infra_group": "health"}, "geometry": {"type": "Polygon", "coordinates": [[[1.1986692, 6.1845401], [1.1986304, 6.1841891], [1.1995439, 6.1840894], [1.1995827, 6.1844403], [1.1986692, 6.1845401]]]}}, {"type": "Feature", "properties": {"name": "Clinique Anne -Marie Roue", "infra_class": "hospital", "infra_group": "health"}, "geometry": {"type": "Polygon", "coordinates": [[[1.1912139, 6.1825529], [1.1912618, 6.1823849], [1.1913903, 6.1824212], [1.1913972, 6.1823969], [1.1915207, 6.1824317], [1.1914659, 6.182624], [1.1912139, 6.1825529]]]}}, {"type": "Feature", "properties": {"name": "Clinique Biasa", "infra_class": "hospital", "infra_group": "health"}, "geometry": {"type": "Polygon", "coordinates": [[[1.2130743, 6.1337371], [1.2131564, 6.1335103], [1.2131953, 6.1333997], [1.2132575, 6.1333528], [1.2138196, 6.133911], [1.2137061, 6.1339942], [1.2134866, 6.1341318], [1.2134318, 6.1340786], [1.2132772, 6.1339286], [1.2131618, 6.1338069], [1.2130743, 6.1337371]]]}}, {"type": "Feature", "properties": {"name": "Clinique Sainte Trinit\u00e9", "infra_class": "hospital", "infra_group": "health"}, "geometry": {"type": "Polygon", "coordinates": [[[1.1719447, 6.1817678], [1.1717856, 6.1814576], [1.1719188, 6.1813901], [1.1720779, 6.1817004], [1.1719447, 6.1817678]]]}}, {"type": "Feature", "properties": {"name": "Blanc Blanc", "infra_class": "hospital", "infra_group": "health"}, "geometry": {"type": "Polygon", "coordinates": [[[1.2674256, 6.1617206], [1.2664278, 6.1617232], [1.2663769, 6.1612032], [1.2674417, 6.1612406], [1.2674256, 6.1617206]]]}}, {"type": "Feature", "properties": {"name": "H\u00f4pital des Soeurs Agatha Car\u00e9li", "infra_class": "hospital", "infra_group": "health"}, "geometry": {"type": "Polygon", "coordinates": [[[1.1632011, 6.2595805], [1.1631549, 6.2573957], [1.1631672, 6.2573526], [1.1652713, 6.2562683], [1.1652751, 6.2562686], [1.1653883, 6.2562783], [1.165414, 6.2562911], [1.1658866, 6.2579267], [1.1658826, 6.2579787], [1.1643603, 6.2588914], [1.1632281, 6.2595981], [1.1632011, 6.2595805]]]}}, {"type": "Feature", "properties": {"name": "Clinique Novissi", "infra_class": "hospital", "infra_group": "health"}, "geometry": {"type": "Polygon", "coordinates": [[[1.2535283, 6.1776709], [1.2534423, 6.1773412], [1.2536268, 6.1772936], [1.2537128, 6.1776233], [1.2535283, 6.1776709]]]}}, {"type": "Feature", "properties": {"name": "CHU Tokoin", "infra_class": "hospital", "infra_group": "health"}, "geometry": {"type": "Polygon", "coordinates": [[[1.2091297, 6.1480022], [1.2084478, 6.1476198], [1.2078207, 6.147257], [1.2082493, 6.1467579], [1.2082741, 6.1467264], [1.2080092, 6.1465438], [1.2071792, 6.1459526], [1.2070359, 6.1455794], [1.2064398, 6.1443571], [1.2063047, 6.1440923], [1.2068419, 6.1435101], [1.207057, 6.1433309], [1.2072982, 6.143208], [1.2074101, 6.1428892], [1.2079054, 6.142343], [1.2080052, 6.1422862], [1.2087868, 6.1438649], [1.2090372, 6.1444109], [1.2092712, 6.1448777], [1.2092193, 6.1462677], [1.2092015, 6.1468804], [1.2091813, 6.1474992], [1.2091297, 6.1480022]]]}}, {"type": "Feature", "properties": {"name": "OIDIF CMS Yayra", "infra_class": "hospital", "infra_group": "health"}, "geometry": {"type": "Polygon", "coordinates": [[[1.1501805, 6.2333765], [1.1501733, 6.2331301], [1.1503159, 6.2330814], [1.1503058, 6.2333736], [1.1501805, 6.2333765]]]}}, {"type": "Feature", "properties": {"name": "Clinique dentaire Nifa", "infra_class": "hospital", "infra_group": "health"}, "geometry": {"type": "Polygon", "coordinates": [[[1.2142817, 6.1339787], [1.2141734, 6.1341101], [1.2139719, 6.1339459], [1.2140802, 6.1338145], [1.2142817, 6.1339787]]]}}, {"type": "Feature", "properties": {"name": "Fauna Zoo", "infra_class": "zoo", "infra_group": "leisure"}, "geometry": {"type": "Polygon", "coordinates": [[[1.1661038, 6.1735423], [1.1656935, 6.173241], [1.1663372, 6.172785], [1.1665866, 6.1732116], [1.1661038, 6.1735423]]]}}, {"type": "Feature", "properties": {"name": "Espace Culturel MIDJO-Togo", "infra_class": "arts_centre", "infra_group": "poi"}, "geometry": {"type": "Polygon", "coordinates": [[[1.1912663, 6.1917489], [1.1912665, 6.1917078], [1.1913027, 6.191708], [1.1913026, 6.1917187], [1.191332, 6.1917189], [1.1913319, 6.1917336], [1.1913438, 6.1917337], [1.1913437, 6.1917494], [1.1912663, 6.1917489]]]}}, {"type": "Feature", "properties": {"name": "Gamessou art", "infra_class": "arts_centre", "infra_group": "poi"}, "geometry": {"type": "Polygon", "coordinates": [[[1.1866016, 6.1897261], [1.1866016, 6.1896575], [1.1866633, 6.1896575], [1.1866633, 6.1897261], [1.1866016, 6.1897261]]]}}, {"type": "Feature", "properties": {"name": "Institut Fran\u00e7ais du Togo", "infra_class": "arts_centre", "infra_group": "poi"}, "geometry": {"type": "Polygon", "coordinates": [[[1.2161006, 6.1244274], [1.2160188, 6.1243274], [1.2161421, 6.1242408], [1.2162105, 6.1243368], [1.2161006, 6.1244274]]]}}, {"type": "Feature", "properties": {"name": "Gare routi\u00e8re de REX", "infra_class": "bus_station", "infra_group": "poi"}, "geometry": {"type": "Polygon", "coordinates": [[[1.2273527, 6.1323803], [1.227411, 6.1322976], [1.2274566, 6.1323262], [1.2273916, 6.1324049], [1.2273527, 6.1323803]]]}}, {"type": "Feature", "properties": {"name": null, "infra_class": "pitch", "infra_group": "leisure"}, "geometry": {"type": "Polygon", "coordinates": [[[1.2024102, 6.1787209], [1.2023404, 6.1782196], [1.2026516, 6.1781476], [1.2027374, 6.1786569], [1.2024102, 6.1787209]]]}}, {"type": "Feature", "properties": {"name": "Lyc\u00e9e d'Ago\u00e9", "infra_class": "school", "infra_group": "education"}, "geometry": {"type": "Polygon", "coordinates": [[[1.1922436, 6.2201647], [1.192091, 6.2201767], [1.192085, 6.220146], [1.1920609, 6.220122], [1.1908904, 6.2201992], [1.1908683, 6.2201974], [1.1908146, 6.220217], [1.1906886, 6.2202857], [1.1900995, 6.2194767], [1.1901351, 6.2193654], [1.1904502, 6.2193415], [1.1912267, 6.2192601], [1.1922003, 6.2191442], [1.1922164, 6.2191735], [1.1922285, 6.2192935], [1.1922741, 6.2197707], [1.1922436, 6.2201647]]]}}, {"type": "Feature", "properties": {"name": null, "infra_class": "pitch", "infra_group": "leisure"}, "geometry": {"type": "Polygon", "coordinates": [[[1.1888677, 6.2105649], [1.189255, 6.2096017], [1.1898467, 6.2098369], [1.1894594, 6.2108], [1.1888677, 6.2105649]]]}}, {"type": "Feature", "properties": {"name": null, "infra_class": "parking", "infra_group": "poi"}, "geometry": {"type": "Polygon", "coordinates": [[[1.1832603, 6.1722931], [1.1837101, 6.1720876], [1.1840327, 6.171945], [1.1840484, 6.171978], [1.1832744, 6.1723193], [1.1832603, 6.1722931]]]}}, {"type": "Feature", "properties": {"name": null, "infra_class": "pitch", "infra_group": "leisure"}, "geometry": {"type": "Polygon", "coordinates": [[[1.1608011, 6.2061012], [1.1603558, 6.2055385], [1.1606766, 6.2052876], [1.1611218, 6.2058503], [1.1608011, 6.2061012]]]}}, {"type": "Feature", "properties": {"name": "Post Office Ago\u00e8 Atchanv\u00e9", "infra_class": "post_office", "infra_group": "poi"}, "geometry": {"type": "Polygon", "coordinates": [[[1.2126498, 6.2265905], [1.2125476, 6.2266101], [1.2124399, 6.2261906], [1.2126699, 6.2260693], [1.2126735, 6.2262683], [1.212601, 6.2263286], [1.2126498, 6.2265905]]]}}, {"type": "Feature", "properties": {"name": "Station Sanol", "infra_class": "fuel", "infra_group": "utility"}, "geometry": {"type": "Polygon", "coordinates": [[[1.2134336, 6.2258251], [1.2134084, 6.2255951], [1.2135652, 6.2255518], [1.2135743, 6.2257411], [1.2134336, 6.2258251]]]}}, {"type": "Feature", "properties": {"name": "March\u00e9 d'Atchanv\u00e9", "infra_class": "marketplace", "infra_group": "commerce"}, "geometry": {"type": "Polygon", "coordinates": [[[1.2141355, 6.2257898], [1.2141272, 6.2256317], [1.2143456, 6.2256168], [1.2143625, 6.2257732], [1.2141355, 6.2257898]]]}}, {"type": "Feature", "properties": {"name": "Hotel LGK2", "infra_class": "hotel", "infra_group": "leisure"}, "geometry": {"type": "Polygon", "coordinates": [[[1.2159135, 6.2245123], [1.215808, 6.2243291], [1.2160031, 6.2241348], [1.2161459, 6.2243777], [1.2159135, 6.2245123]]]}}, {"type": "Feature", "properties": {"name": "Lyc\u00e9e Avedji", "infra_class": "school", "infra_group": "education"}, "geometry": {"type": "Polygon", "coordinates": [[[1.1700949, 6.208501], [1.1692956, 6.2074877], [1.1703792, 6.2066291], [1.1712027, 6.2075304], [1.1700949, 6.208501]]]}}, {"type": "Feature", "properties": {"name": null, "infra_class": "pitch", "infra_group": "leisure"}, "geometry": {"type": "Polygon", "coordinates": [[[1.1697113, 6.2072481], [1.170377, 6.2067528], [1.170644, 6.2071074], [1.1699784, 6.2076027], [1.1697113, 6.2072481]]]}}, {"type": "Feature", "properties": {"name": null, "infra_class": "sports", "infra_group": "commerce"}, "geometry": {"type": "Polygon", "coordinates": [[[1.1794049, 6.2259448], [1.1796959, 6.2256902], [1.1797401, 6.2259208], [1.1798474, 6.2260461], [1.1796315, 6.2262328], [1.1794049, 6.2259448]]]}}, {"type": "Feature", "properties": {"name": null, "infra_class": "pitch", "infra_group": "leisure"}, "geometry": {"type": "Polygon", "coordinates": [[[1.1523333, 6.1904886], [1.1524544, 6.1909665], [1.151454, 6.1912171], [1.1513329, 6.1907393], [1.1523333, 6.1904886]]]}}, {"type": "Feature", "properties": {"name": null, "infra_class": "pitch", "infra_group": "leisure"}, "geometry": {"type": "Polygon", "coordinates": [[[1.1515313, 6.2301897], [1.1512524, 6.2297764], [1.1519363, 6.2294084], [1.1522368, 6.2298511], [1.1515313, 6.2301897]]]}}, {"type": "Feature", "properties": {"name": null, "infra_class": "pitch", "infra_group": "leisure"}, "geometry": {"type": "Polygon", "coordinates": [[[1.1947364, 6.1945178], [1.1941337, 6.1945501], [1.1940854, 6.1936595], [1.1946881, 6.1936272], [1.1947364, 6.1945178]]]}}, {"type": "Feature", "properties": {"name": "Afriklub", "infra_class": "pitch", "infra_group": "leisure"}, "geometry": {"type": "Polygon", "coordinates": [[[1.2372324, 6.1943724], [1.2367527, 6.1929932], [1.2376337, 6.1926903], [1.2381134, 6.1940695], [1.2372324, 6.1943724]]]}}, {"type": "Feature", "properties": {"name": "Saint Jean-Baptiste de La Salle", "infra_class": "place_of_worship", "infra_group": "poi"}, "geometry": {"type": "Polygon", "coordinates": [[[1.2016772, 6.2094668], [1.2014552, 6.2090578], [1.20174, 6.208905], [1.2019619, 6.209314], [1.2016772, 6.2094668]]]}}, {"type": "Feature", "properties": {"name": "Maison du parti", "infra_class": "school", "infra_group": "education"}, "geometry": {"type": "Polygon", "coordinates": [[[1.2217838, 6.1543327], [1.2217945, 6.1542541], [1.2218334, 6.1542647], [1.221824, 6.1543101], [1.2218414, 6.1543101], [1.2218414, 6.1543394], [1.2217838, 6.1543327]]]}}, {"type": "Feature", "properties": {"name": "Eglise Baptiste Vie Abondante", "infra_class": "place_of_worship", "infra_group": "poi"}, "geometry": {"type": "Polygon", "coordinates": [[[1.2707525, 6.1796557], [1.2706773, 6.1795341], [1.2707625, 6.1794893], [1.2707525, 6.1796557]]]}}, {"type": "Feature", "properties": {"name": null, "infra_class": "pitch", "infra_group": "leisure"}, "geometry": {"type": "Polygon", "coordinates": [[[1.2045576, 6.2548472], [1.2047363, 6.2553471], [1.2038496, 6.2556586], [1.203683, 6.2551561], [1.2045576, 6.2548472]]]}}, {"type": "Feature", "properties": {"name": "CEG KELEGOUGAN", "infra_class": "school", "infra_group": "education"}, "geometry": {"type": "Polygon", "coordinates": [[[1.237244, 6.2123354], [1.2372249, 6.2113214], [1.2378871, 6.2113467], [1.2379146, 6.2123034], [1.237244, 6.2123354]]]}}, {"type": "Feature", "properties": {"name": "\u00c9cole Primaire Catholique d'Adidogom\u00e9", "infra_class": "school", "infra_group": "education"}, "geometry": {"type": "Polygon", "coordinates": [[[1.1675679, 6.1832489], [1.167928, 6.1835442], [1.1678626, 6.1836049], [1.1678191, 6.1836435], [1.1676521, 6.1837988], [1.1674134, 6.1840142], [1.1673823, 6.1839852], [1.1670188, 6.1835719], [1.1668977, 6.1834395], [1.1668414, 6.1831209], [1.1668266, 6.1829262], [1.1670265, 6.1828742], [1.1671384, 6.1829603], [1.1671751, 6.1829172], [1.1675439, 6.1832279], [1.1675679, 6.1832489]]]}}, {"type": "Feature", "properties": {"name": "\u00c9glise Catholique d'Amandahom\u00e9", "infra_class": "place_of_worship", "infra_group": "poi"}, "geometry": {"type": "Polygon", "coordinates": [[[1.1581701, 6.2038194], [1.1584214, 6.2040017], [1.158315, 6.2041465], [1.1580638, 6.2039643], [1.1581701, 6.2038194]]]}}, {"type": "Feature", "properties": {"name": null, "infra_class": "pitch", "infra_group": "leisure"}, "geometry": {"type": "Polygon", "coordinates": [[[1.23299, 6.1853555], [1.2326574, 6.1843315], [1.2332307, 6.1841475], [1.2335633, 6.1851714], [1.23299, 6.1853555]]]}}, {"type": "Feature", "properties": {"name": null, "infra_class": "pitch", "infra_group": "leisure"}, "geometry": {"type": "Polygon", "coordinates": [[[1.2677757, 6.14983], [1.2677409, 6.1495829], [1.2679138, 6.1495588], [1.2679486, 6.149806], [1.2677757, 6.14983]]]}}, {"type": "Feature", "properties": {"name": null, "infra_class": "pitch", "infra_group": "leisure"}, "geometry": {"type": "Polygon", "coordinates": [[[1.2674745, 6.1497667], [1.2674462, 6.149554], [1.267561, 6.1495368], [1.2675964, 6.1497487], [1.2674745, 6.1497667]]]}}, {"type": "Feature", "properties": {"name": "Place publique Nyvem\u00e9", "infra_class": "food_court", "infra_group": "poi"}, "geometry": {"type": "Polygon", "coordinates": [[[1.2022828, 6.212782], [1.2022988, 6.2126194], [1.2024169, 6.2124327], [1.2024946, 6.2124754], [1.2026288, 6.2126727], [1.2024155, 6.2127847], [1.2022828, 6.212782]]]}}, {"type": "Feature", "properties": {"name": "La HuQQa", "infra_class": "restaurant", "infra_group": "commerce"}, "geometry": {"type": "Polygon", "coordinates": [[[1.2297094, 6.1672707], [1.2297498, 6.1671856], [1.2298845, 6.1672519], [1.2298333, 6.167349], [1.2297094, 6.1672707]]]}}, {"type": "Feature", "properties": {"name": "Centre Hippique Du Togo", "infra_class": "horse_riding", "infra_group": "leisure"}, "geometry": {"type": "Polygon", "coordinates": [[[1.2521576, 6.1724212], [1.2524258, 6.1725614], [1.2526781, 6.1725774], [1.2528414, 6.1729934], [1.2531939, 6.1742174], [1.2529197, 6.1742381], [1.2513883, 6.1730398], [1.2521576, 6.1724212]]]}}, {"type": "Feature", "properties": {"name": null, "infra_class": "parking", "infra_group": "poi"}, "geometry": {"type": "Polygon", "coordinates": [[[1.2522147, 6.1723981], [1.2525307, 6.1721516], [1.2526975, 6.1725286], [1.2524103, 6.1725053], [1.2522147, 6.1723981]]]}}, {"type": "Feature", "properties": {"name": "Tinga", "infra_class": "park", "infra_group": "leisure"}, "geometry": {"type": "Polygon", "coordinates": [[[1.2487534, 6.2020989], [1.2487156, 6.2021132], [1.2486753, 6.2021152], [1.2486363, 6.2021048], [1.2485996, 6.2020804], [1.2485732, 6.2020453], [1.2485602, 6.2020033], [1.248562, 6.2019595], [1.2485786, 6.2019188], [1.2486079, 6.2018859], [1.2486465, 6.2018647], [1.2486901, 6.2018576], [1.2487335, 6.2018655], [1.2487718, 6.2018873], [1.2488006, 6.2019206], [1.2488164, 6.2019616], [1.248818, 6.2020017], [1.2488072, 6.2020404], [1.2487849, 6.2020739], [1.2487534, 6.2020989]]]}}, {"type": "Feature", "properties": {"name": "STS (Soci\u00e9t\u00e9 de Transport des Savanes)", "infra_class": "travel_agency", "infra_group": "commerce"}, "geometry": {"type": "Polygon", "coordinates": [[[1.230977, 6.1402054], [1.2309341, 6.1399868], [1.2310588, 6.1399794], [1.2310575, 6.1399961], [1.2311234, 6.1399973], [1.2311194, 6.1402], [1.230977, 6.1402054]]]}}, {"type": "Feature", "properties": {"name": "Ecole Primaire Lom-Nava", "infra_class": "prep_school", "infra_group": "poi"}, "geometry": {"type": "Polygon", "coordinates": [[[1.232471, 6.1401654], [1.232414, 6.1400428], [1.2325998, 6.1399574], [1.2326568, 6.1400801], [1.232471, 6.1401654]]]}}, {"type": "Feature", "properties": {"name": "William Pointy", "infra_class": "prep_school", "infra_group": "poi"}, "geometry": {"type": "Polygon", "coordinates": [[[1.2332153, 6.1391534], [1.2331919, 6.1391017], [1.2333266, 6.1390414], [1.2333501, 6.139093], [1.2332153, 6.1391534]]]}}, {"type": "Feature", "properties": {"name": null, "infra_class": "pitch", "infra_group": "leisure"}, "geometry": {"type": "Polygon", "coordinates": [[[1.1909851, 6.2204857], [1.1912346, 6.2204697], [1.1912403, 6.2205571], [1.1909908, 6.2205731], [1.1909851, 6.2204857]]]}}, {"type": "Feature", "properties": {"name": null, "infra_class": "pitch", "infra_group": "leisure"}, "geometry": {"type": "Polygon", "coordinates": [[[1.1909813, 6.2203747], [1.1912307, 6.2203587], [1.1912364, 6.2204462], [1.190987, 6.2204622], [1.1909813, 6.2203747]]]}}, {"type": "Feature", "properties": {"name": "NELL Delice", "infra_class": "restaurant", "infra_group": "commerce"}, "geometry": {"type": "Polygon", "coordinates": [[[1.1924559, 6.2018109], [1.1924479, 6.2017696], [1.192439, 6.2017371], [1.1924284, 6.2016922], [1.1924921, 6.2016579], [1.1925142, 6.2017802], [1.1924559, 6.2018109]]]}}, {"type": "Feature", "properties": {"name": "La licone", "infra_class": "bar", "infra_group": "poi"}, "geometry": {"type": "Polygon", "coordinates": [[[1.2059386, 6.2018274], [1.2060023, 6.2018154], [1.2060082, 6.2018465], [1.2059445, 6.2018585], [1.2059386, 6.2018274]]]}}, {"type": "Feature", "properties": {"name": "La licone", "infra_class": "bar", "infra_group": "poi"}, "geometry": {"type": "Polygon", "coordinates": [[[1.2061753, 6.2018268], [1.206173, 6.2018902], [1.20607, 6.2018914], [1.2060667, 6.2018628], [1.2060282, 6.2018629], [1.2060278, 6.2018214], [1.2061753, 6.2018268]]]}}, {"type": "Feature", "properties": {"name": "La licone", "infra_class": "bar", "infra_group": "poi"}, "geometry": {"type": "Polygon", "coordinates": [[[1.2059332, 6.2019021], [1.2060112, 6.201859], [1.206085, 6.201991], [1.206007, 6.2020341], [1.2059332, 6.2019021]]]}}, {"type": "Feature", "properties": {"name": "LaResh", "infra_class": "research_institute", "infra_group": "poi"}, "geometry": {"type": "Polygon", "coordinates": [[[1.2151413, 6.1762851], [1.2151718, 6.1760385], [1.2153934, 6.176087], [1.2153548, 6.1763275], [1.2152877, 6.1763174], [1.2151413, 6.1762851]]]}}, {"type": "Feature", "properties": {"name": "LTAG", "infra_class": "research_institute", "infra_group": "poi"}, "geometry": {"type": "Polygon", "coordinates": [[[1.2154341, 6.1763396], [1.2154645, 6.176178], [1.2157837, 6.1762507], [1.215741, 6.1764003], [1.2154341, 6.1763396]]]}}, {"type": "Feature", "properties": {"name": "Television Togolaise", "infra_class": "studio", "infra_group": "poi"}, "geometry": {"type": "Polygon", "coordinates": [[[1.2134216, 6.1247057], [1.2135345, 6.1246373], [1.2135529, 6.1246169], [1.2135221, 6.1245954], [1.2135653, 6.1245526], [1.2135848, 6.1245577], [1.2137347, 6.1244515], [1.2138661, 6.1243576], [1.2139348, 6.1244678], [1.2138086, 6.1245648], [1.213788, 6.1246077], [1.2138024, 6.1246393], [1.2137798, 6.1246699], [1.21375, 6.124625], [1.2137408, 6.1246383], [1.2137326, 6.1246291], [1.2136669, 6.1246679], [1.2136002, 6.1247057], [1.2136279, 6.1247536], [1.2135119, 6.1248231], [1.2134216, 6.1247057]]]}}, {"type": "Feature", "properties": {"name": "DYNAMIS Power Solutions Groupes \u00e9lectrog\u00e8nes", "infra_class": "electrical", "infra_group": "commerce"}, "geometry": {"type": "Polygon", "coordinates": [[[1.2505545, 6.155956], [1.2505715, 6.1559235], [1.2505778, 6.1558979], [1.2507039, 6.1559585], [1.2506866, 6.156008], [1.2505545, 6.155956]]]}}, {"type": "Feature", "properties": {"name": null, "infra_class": "parking", "infra_group": "poi"}, "geometry": {"type": "Polygon", "coordinates": [[[1.1962813, 6.2050546], [1.1962317, 6.2048013], [1.196634, 6.2046533], [1.1967883, 6.2049852], [1.19674, 6.2050092], [1.1962813, 6.2050546]]]}}, {"type": "Feature", "properties": {"name": null, "infra_class": "pitch", "infra_group": "leisure"}, "geometry": {"type": "Polygon", "coordinates": [[[1.1587974, 6.2083837], [1.1587277, 6.208005], [1.1590045, 6.2079546], [1.1590743, 6.2083333], [1.1587974, 6.2083837]]]}}, {"type": "Feature", "properties": {"name": null, "infra_class": "pitch", "infra_group": "leisure"}, "geometry": {"type": "Polygon", "coordinates": [[[1.158661, 6.2079419], [1.1585576, 6.2074081], [1.158891, 6.2073442], [1.1589944, 6.2078781], [1.158661, 6.2079419]]]}}, {"type": "Feature", "properties": {"name": null, "infra_class": "pitch", "infra_group": "leisure"}, "geometry": {"type": "Polygon", "coordinates": [[[1.1766663, 6.1849488], [1.1768178, 6.1848211], [1.1770566, 6.1851011], [1.176905, 6.1852288], [1.1766663, 6.1849488]]]}}, {"type": "Feature", "properties": {"name": null, "infra_class": "pitch", "infra_group": "leisure"}, "geometry": {"type": "Polygon", "coordinates": [[[1.1764276, 6.1846048], [1.17652, 6.1845326], [1.1766706, 6.1847229], [1.1765782, 6.1847951], [1.1764276, 6.1846048]]]}}, {"type": "Feature", "properties": {"name": null, "infra_class": "pitch", "infra_group": "leisure"}, "geometry": {"type": "Polygon", "coordinates": [[[1.1762439, 6.1843995], [1.1763196, 6.1843401], [1.1764148, 6.1844601], [1.1763391, 6.1845195], [1.1762439, 6.1843995]]]}}, {"type": "Feature", "properties": {"name": "Harmony Signature", "infra_class": "resort", "infra_group": "leisure"}, "geometry": {"type": "Polygon", "coordinates": [[[1.2231476, 6.1724184], [1.2222983, 6.1722037], [1.2221603, 6.1717081], [1.2224022, 6.1714595], [1.2233408, 6.1717016], [1.2231476, 6.1724184]]]}}, {"type": "Feature", "properties": {"name": "Bowling Lom\u00e9", "infra_class": "bowling_alley", "infra_group": "leisure"}, "geometry": {"type": "Polygon", "coordinates": [[[1.2223015, 6.1718986], [1.2222431, 6.1717275], [1.2223697, 6.1716968], [1.2224298, 6.1718631], [1.2223015, 6.1718986]]]}}, {"type": "Feature", "properties": {"name": "La Bruschetta", "infra_class": "restaurant", "infra_group": "commerce"}, "geometry": {"type": "Polygon", "coordinates": [[[1.2225808, 6.1717614], [1.2226036, 6.171658], [1.2227286, 6.1716871], [1.2226945, 6.1717904], [1.2225808, 6.1717614]]]}}, {"type": "Feature", "properties": {"name": "Chicha", "infra_class": "restaurant", "infra_group": "commerce"}, "geometry": {"type": "Polygon", "coordinates": [[[1.222698, 6.1730981], [1.2228098, 6.1730232], [1.2227755, 6.1731895], [1.222698, 6.1730981]]]}}, {"type": "Feature", "properties": {"name": "Cigare Lounge", "infra_class": "bar", "infra_group": "poi"}, "geometry": {"type": "Polygon", "coordinates": [[[1.2226072, 6.1731785], [1.2226913, 6.1731113], [1.22276, 6.1731895], [1.2226836, 6.1732478], [1.2226072, 6.1731785]]]}}]}